id,linha_id,transporte,degrau,ponte,quando,suspeito,presente,resultado,resultado_da_feature,observado_por,fonte,nota,linha_id_v1
lightbar-bt-1,luz.lightbar.cor@dualsense,radio,,,2026-08-03T17:48:24,0x08 VALID_FLAG1_RELEASE_LEDS na janela de ~3.4s após conectar,sim,não obedece,,olho-dela,LIGHTBAR-BT-CULPADO-01,branco — 0x08 no mesmo milissegundo,dualsense.lightbar_cor_rgb.bluetooth
lightbar-bt-2,luz.lightbar.cor@dualsense,radio,,,2026-08-03T17:48:36,0x08 VALID_FLAG1_RELEASE_LEDS na janela de ~3.4s após conectar,sim,não obedece,,olho-dela,LIGHTBAR-BT-CULPADO-01,roxo — 0x08 em 53 ms,dualsense.lightbar_cor_rgb.bluetooth
lightbar-bt-3,luz.lightbar.cor@dualsense,radio,,,2026-08-03T19:34:45,0x08 VALID_FLAG1_RELEASE_LEDS na janela de ~3.4s após conectar,sim,não obedece,,olho-dela,LIGHTBAR-BT-CULPADO-01,roxo — mesmo ms,dualsense.lightbar_cor_rgb.bluetooth
lightbar-bt-4,luz.lightbar.cor@dualsense,radio,,,2026-08-03T19:53:17,0x08 VALID_FLAG1_RELEASE_LEDS na janela de ~3.4s após conectar,sim,não obedece,,olho-dela,LIGHTBAR-BT-CULPADO-01,roxo,dualsense.lightbar_cor_rgb.bluetooth
lightbar-bt-5,luz.lightbar.cor@dualsense,radio,,,2026-08-03T19:56:08,0x08 VALID_FLAG1_RELEASE_LEDS na janela de ~3.4s após conectar,sim,não obedece,,olho-dela,LIGHTBAR-BT-CULPADO-01,roxo — 695 ms,dualsense.lightbar_cor_rgb.bluetooth
lightbar-bt-6,luz.lightbar.cor@dualsense,radio,,,2026-08-03T20:03:56,0x08 VALID_FLAG1_RELEASE_LEDS na janela de ~3.4s após conectar,não,obedece,,olho-dela,LIGHTBAR-BT-CULPADO-01,O ENSAIO QUE DISCRIMINOU — handle reaproveitado; adopt_candidates não disparou e o 0x08 não saiu,dualsense.lightbar_cor_rgb.bluetooth
lightbar-bt-7,luz.lightbar.cor@dualsense,radio,,,2026-08-03T20:04:20,0x08 VALID_FLAG1_RELEASE_LEDS na janela de ~3.4s após conectar,sim,não obedece,,olho-dela,LIGHTBAR-BT-CULPADO-01,branco — 515 ms,dualsense.lightbar_cor_rgb.bluetooth
lightbar-bt-neg,luz.lightbar.cor@dualsense,radio,,,2026-08-03T20:10:00,0x08 FORA da janela (controle conectado há dez minutos),sim,obedece,,olho-dela,LIGHTBAR-BT-CULPADO-01,CONTROLE NEGATIVO — o mesmo report fora da janela não trava; é a janela que discrimina,dualsense.lightbar_cor_rgb.bluetooth
lightbar-usb-1,luz.lightbar.cor@dualsense,cabo,,,2026-08-03T20:15:00,0x08 VALID_FLAG1_RELEASE_LEDS na janela de ~3.4s após conectar,sim,obedece,,olho-dela,LIGHTBAR-BT-CULPADO-01,o report 0x02 do cabo não tem janela nem máquina de estados — explica o que JÁ funcionava,dualsense.lightbar_cor_rgb.usb
rumble-bt-1,vibracao.rumble.esquerdo@dualsense,radio,,,2026-08-10T22:40:00,o byte common[3] (strong) chegando ao motor por Bluetooth,sim,obedece,,olho-dela,"bancada 10/08 — DualSense em BT, daemon ativo","weak=0 strong=200 -> vibrou SO o motor esquerdo, confirmado por ela no aparelho",dualsense.rumble_motor_esquerdo_strong.bluetooth
rumble-bt-2,vibracao.rumble.esquerdo@dualsense,radio,,,2026-08-10T22:40:00,o byte common[3] (strong) chegando ao motor por Bluetooth,não,não obedece,,olho-dela,"bancada 10/08 — DualSense em BT, daemon ativo",weak=200 strong=0 -> o esquerdo ficou parado; so o direito vibrou,dualsense.rumble_motor_esquerdo_strong.bluetooth
rumble-bt-3,vibracao.rumble.direito@dualsense,radio,,,2026-08-10T22:40:00,o byte common[2] (weak) chegando ao motor por Bluetooth,sim,obedece,,olho-dela,"bancada 10/08 — DualSense em BT, daemon ativo","weak=200 strong=0 -> vibrou SO o motor direito, confirmado por ela",dualsense.rumble_motor_direito_weak.bluetooth
rumble-bt-4,vibracao.rumble.direito@dualsense,radio,,,2026-08-10T22:40:00,o byte common[2] (weak) chegando ao motor por Bluetooth,não,não obedece,,olho-dela,"bancada 10/08 — DualSense em BT, daemon ativo",weak=0 strong=200 -> o direito ficou parado; so o esquerdo vibrou,dualsense.rumble_motor_direito_weak.bluetooth
rumble-bt-5,vibracao.rumble.esquerdo@dualsense,radio,,,2026-08-10T22:40:00,o zero para o motor (não fica preso),sim,obedece,,olho-dela,"bancada 10/08 — DualSense em BT, daemon ativo","weak=0 strong=0 -> parou de fato, confirmado por ela. O 'trava sem fim' da ONDA-U não se reproduz aqui",dualsense.rumble_motor_esquerdo_strong.bluetooth
rumble-ff-par-vivo-1,vibracao.rumble.ff@dualsense,cabo,,,2026-08-11T21:40:00,"o keepalive PERPETUO reescrevendo common[2]/common[3] zerados a cada 0,5 s (antes da janela de confirmacao da RUMBLE-SEM-DONO-01, 12/08)",sim,não obedece,,olho-dela,"bancada 11/08 — quatro DualSense na mesa (2 cabo, 2 rádio), FF por evdev, scripts/ensaio_rumble_em_par.py","daemon VIVO, 40s de FF no motor esquerdo, P2 no cabo: NAO vibrou nada | REFINADO em 12/08/2026, com o aceite dela: o suspeito era formulado de forma AMPLA ('o daemon escrevendo output'). A dose-resposta de 11/08 (constante em 8,0 s -> vibracao de 8 s exatos) estreitou o mecanismo para o KEEPALIVE PERPETUO, e a bancada de 12/08 mediu o lado SEM com o daemon VIVO e a cura ativa. O nome amplo não estava errado, estava impreciso - manter os dois obrigaria a próxima pessoa a escolher entre eles.",
rumble-ff-par-vivo-2,vibracao.rumble.ff@dualsense,radio,,,2026-08-11T21:40:00,"o keepalive PERPETUO reescrevendo common[2]/common[3] zerados a cada 0,5 s (antes da janela de confirmacao da RUMBLE-SEM-DONO-01, 12/08)",sim,não obedece,,olho-dela,"bancada 11/08 — quatro DualSense na mesa (2 cabo, 2 rádio), FF por evdev, scripts/ensaio_rumble_em_par.py","daemon VIVO, 40s de FF, P4 no radio: vibrou UMA VEZ e parou. A assinatura e cancelamento logo apos o inicio, não pulsacao periodica | REFINADO em 12/08/2026, com o aceite dela: o suspeito era formulado de forma AMPLA ('o daemon escrevendo output'). A dose-resposta de 11/08 (constante em 8,0 s -> vibracao de 8 s exatos) estreitou o mecanismo para o KEEPALIVE PERPETUO, e a bancada de 12/08 mediu o lado SEM com o daemon VIVO e a cura ativa. O nome amplo não estava errado, estava impreciso - manter os dois obrigaria a próxima pessoa a escolher entre eles.",
rumble-ff-par-morto-1,vibracao.rumble.ff@dualsense,cabo,,,2026-08-11T21:45:00,"o keepalive PERPETUO reescrevendo common[2]/common[3] zerados a cada 0,5 s (antes da janela de confirmacao da RUMBLE-SEM-DONO-01, 12/08)",não,obedece,,olho-dela,"bancada 11/08 — quatro DualSense na mesa (2 cabo, 2 rádio), FF por evdev, scripts/ensaio_rumble_em_par.py","O ENSAIO QUE DISCRIMINOU — daemon PARADO, MESMO comando, MESMOS alvos: contínuo os 40 s | REFINADO em 12/08/2026, com o aceite dela: o suspeito era formulado de forma AMPLA ('o daemon escrevendo output'). A dose-resposta de 11/08 (constante em 8,0 s -> vibracao de 8 s exatos) estreitou o mecanismo para o KEEPALIVE PERPETUO, e a bancada de 12/08 mediu o lado SEM com o daemon VIVO e a cura ativa. O nome amplo não estava errado, estava impreciso - manter os dois obrigaria a próxima pessoa a escolher entre eles.",
rumble-ff-par-morto-2,vibracao.rumble.ff@dualsense,radio,,,2026-08-11T21:45:00,"o keepalive PERPETUO reescrevendo common[2]/common[3] zerados a cada 0,5 s (antes da janela de confirmacao da RUMBLE-SEM-DONO-01, 12/08)",não,obedece,,olho-dela,"bancada 11/08 — quatro DualSense na mesa (2 cabo, 2 rádio), FF por evdev, scripts/ensaio_rumble_em_par.py","daemon PARADO: contínuo os 40 s, literal dela: ""ambos vibraram sem parar de forma continua"" | REFINADO em 12/08/2026, com o aceite dela: o suspeito era formulado de forma AMPLA ('o daemon escrevendo output'). A dose-resposta de 11/08 (constante em 8,0 s -> vibracao de 8 s exatos) estreitou o mecanismo para o KEEPALIVE PERPETUO, e a bancada de 12/08 mediu o lado SEM com o daemon VIVO e a cura ativa. O nome amplo não estava errado, estava impreciso - manter os dois obrigaria a próxima pessoa a escolher entre eles.",
rumble-ff-quatro-morto,combinacao.rumble_simultaneo@dualsense,cabo,,,2026-08-11T21:30:00,"o keepalive PERPETUO reescrevendo common[2]/common[3] zerados a cada 0,5 s (antes da janela de confirmacao da RUMBLE-SEM-DONO-01, 12/08)",não,obedece,,olho-dela,"bancada 11/08 — quatro DualSense na mesa (2 cabo, 2 rádio), FF por evdev, scripts/ensaio_rumble_em_par.py","QUATRO controles (2 cabo + 2 radio) disparados na mesma janela de 0,0 ms, daemon parado: ""sim vibraram todos"". Duas rodadas | REFINADO em 12/08/2026, com o aceite dela: o suspeito era formulado de forma AMPLA ('o daemon escrevendo output'). A dose-resposta de 11/08 (constante em 8,0 s -> vibracao de 8 s exatos) estreitou o mecanismo para o KEEPALIVE PERPETUO, e a bancada de 12/08 mediu o lado SEM com o daemon VIVO e a cura ativa. O nome amplo não estava errado, estava impreciso - manter os dois obrigaria a próxima pessoa a escolher entre eles.",
rumble-ff-quatro-vivo,combinacao.rumble_simultaneo@dualsense,radio,,,2026-08-11T21:35:00,"o keepalive PERPETUO reescrevendo common[2]/common[3] zerados a cada 0,5 s (antes da janela de confirmacao da RUMBLE-SEM-DONO-01, 12/08)",sim,parcial,,olho-dela,"bancada 11/08 — quatro DualSense na mesa (2 cabo, 2 rádio), FF por evdev, scripts/ensaio_rumble_em_par.py","CONTRASTE HONESTO: com daemon VIVO e QUATRO alvos os quatro vibraram, porem ""por duracao diferente"". Com apenas DOIS alvos o cancelamento e total. Não explicado ainda | REFINADO em 12/08/2026, com o aceite dela: o suspeito era formulado de forma AMPLA ('o daemon escrevendo output'). A dose-resposta de 11/08 (constante em 8,0 s -> vibracao de 8 s exatos) estreitou o mecanismo para o KEEPALIVE PERPETUO, e a bancada de 12/08 mediu o lado SEM com o daemon VIVO e a cura ativa. O nome amplo não estava errado, estava impreciso - manter os dois obrigaria a próxima pessoa a escolher entre eles. | RESULTADO AJUSTADO de `obedece` para `parcial` em 12/08/2026, por decisão técnica minha (não dela): a OBSERVACAO não mudou - continua sendo a frase dela acima, 'vibraram, porem por duracao diferente'. O que mudou e o CAMPO que a codifica: `obedece` limpo não descreve 'vibrou com duracao desigual', e `parcial` e um dos valores que este caderno ja usa. A base para saber que a desigualdade era real veio dos ensaios `rumble-quatro-duracao-igual-r1/r2` (12/08, 22:24 e 22:26): mesma carga de QUATRO alvos, com a cura ativa, medidos duas mãos por vez - IGUAIS nas duas rodadas. Com `obedece` o julgador dizia NAO-E-A-CAUSA e quem lesse so o veredicto seria enganado.",
keepalive-dose-cabo,vibracao.rumble.ff@dualsense,cabo,,,2026-08-11T22:05:00,o keepalive do daemon (OUT_REPORT_KEEPALIVE_SEC) escrevendo common[2]=0 e common[3]=0,sim,não obedece,,olho-dela,"bancada 11/08 — dose-resposta: a constante mudada de 0,5 s para 8,0 s, daemon reiniciado, MESMO comando e MESMOS alvos","O ENSAIO QUE DISCRIMINOU, e discriminou COM NUMERO: com a constante em 8,0 s o motor de /dev/input/event23 (P2) vibrou por OITO SEGUNDOS e parou — a duracao seguiu o valor da constante. Com 0,5 s era um pulso instantaneo. Literal dela: ""cibrou ambos por 8 segundos"". Dose-resposta e relação causal, não correlação. A constante foi REVERTIDA para 0,5 e o daemon reiniciado.",
keepalive-dose-radio,vibracao.rumble.ff@dualsense,radio,,,2026-08-11T22:05:00,o keepalive do daemon (OUT_REPORT_KEEPALIVE_SEC) escrevendo common[2]=0 e common[3]=0,sim,não obedece,,olho-dela,"bancada 11/08 — dose-resposta: a constante mudada de 0,5 s para 8,0 s, daemon reiniciado, MESMO comando e MESMOS alvos","O ENSAIO QUE DISCRIMINOU, e discriminou COM NUMERO: com a constante em 8,0 s o motor de /dev/input/event30 (P4) vibrou por OITO SEGUNDOS e parou — a duracao seguiu o valor da constante. Com 0,5 s era um pulso instantaneo. Literal dela: ""cibrou ambos por 8 segundos"". Dose-resposta e relação causal, não correlação. A constante foi REVERTIDA para 0,5 e o daemon reiniciado.",
keepalive-premissa-troca-de-lado,vibracao.rumble.ff@dualsense,cabo,,,2026-08-11T22:40:00,o report de keepalive com os BITS de vibracao desligados mas os BYTES common[2]/common[3] preenchidos,sim,não obedece,,olho-dela,"bancada 11/08 — scripts/ensaio_o_keepalive_mata_o_rumble.py, fase troca-de-lado, P2 no cabo, daemon PARADO, report montado pelo _build_common do próprio produto","O ENSAIO QUE FECHOU A PREMISSA. Desenho sem cronômetro: o EV_FF liga o motor ESQUERDO; um único report com os bits de vibracao DESLIGADOS pede common[2]=200 (direito) e common[3]=0 (esquerdo). Literal dela: ""esquerda e senti que foi pra direita e la morreu"". O tremor TROCOU DE LADO — logo o report AGIU, e agiu pelos BYTES, com os bits desligados. A premissa da cura GUERRA-01 (desligar os bits basta para o firmware conservar o motor) esta DERRUBADA.",
keepalive-premissa-cronometro,vibracao.rumble.ff@dualsense,cabo,,,2026-08-11T22:40:00,o report de keepalive com os BITS de vibracao desligados mas os BYTES common[2]/common[3] preenchidos,sim,inconclusivo,,olho-dela,"bancada 11/08 — scripts/ensaio_o_keepalive_mata_o_rumble.py, fase troca-de-lado, P2 no cabo, daemon PARADO, report montado pelo _build_common do próprio produto","REGISTRADO PORQUE FOI DESCARTADO, e o motivo importa: as duas rodadas anteriores (fases `para` e `liga`) pediam que ela CRONOMETRASSE em que instante o motor mudou. Uma respondeu ""parou no meio"" e a outra ""6 segundos eu acho"", e as duas sao incompativeis entre si — na segunda o motor teria parado ANTES de o report sair. Não e erro dela: e instrumento mal desenhado, que pedia do humano uma precisão que a mão não da. Trocado pelo desenho de LADO, cuja leitura e sentida e não medida. NENHUMA das duas rodadas foi usada como prova.",
lightbar-daemon-fora-cabo,luz.lightbar.cor@dualsense,cabo,,,2026-08-11T23:00:00,o daemon do Hefesto reescrevendo cor por cima (lightbar_reassert_skip_cache),não,obedece,,olho-dela,"bancada 11/08 — escrita direta de 255 255 255 em multi_intensity dos QUATRO, daemon PARADO","Daemon PARADO, branco escrito por sysfs: os DOIS do cabo (P2, P3) ficaram brancos. O daemon esta INOCENTE no cabo.",
lightbar-daemon-fora-radio,luz.lightbar.cor@dualsense,radio,,,2026-08-11T23:00:00,o daemon do Hefesto reescrevendo cor por cima (lightbar_reassert_skip_cache),não,não obedece,,olho-dela,"bancada 11/08 — escrita direta de 255 255 255 em multi_intensity dos QUATRO, daemon PARADO","O ENSAIO QUE SEPAROU LIGHTBAR DE RUMBLE. Daemon PARADO, MESMA escrita, MESMO instante: os dois do radio (P1, P4) NAO ficaram brancos. Literal dela: ""só os cabo ficaram branco e o do bt não"". Diferente do rumble, onde parar o daemon curava: aqui parar o daemon NAO muda nada, logo a causa NAO e o daemon — e o `lightbar_reassert_skip_cache` visto no journal dela fica ELIMINADO como causa. Confirma LIGHTBAR-BT-ADOPT-01 e os oito ensaios de 03/08.",
lightbar-bt-sem-0x08-cinco-dias,luz.lightbar.cor@dualsense,radio,,,2026-08-08T00:00:00,0x08 VALID_FLAG1_RELEASE_LEDS na janela de ~3.4s após conectar,não,obedece,,olho-dela,cli/cmd_lightbar_reset.py:18-20 e core/backend_pydualsense.py:2277-2283 — o 0x08 foi REMOVIDO do caminho automático em 04/08 pelo commit 108b711,"CORRIGIDA em 11/08/2026, no mesmo dia em que foi escrita errada, e o erro foi meu. Eu registrei como MEDICAO uma afirmação que so existia em docstring (cli/cmd_lightbar_reset.py:18-20): ""cinco dias e vinte adoções sem 0x08 e a barra continuou morta"". E FALSA. Escavacao do journal e dos transcritos achou a barra ACESA no radio DENTRO desses cinco dias, quatro vezes, três delas com fala literal dela: 08/08 16:39 (""roxo ta com lightbar verde""), 08/08 21:35 (""roxo lightbar laranja""), 08/08 23:48 (""o branco ta conectado led player 1 e lightbar vermelho"", numa adoção BT sem 0x08, casando com `lightbar_reassert input1100 rgb=(255,0,0)` no journal) e 11/08 11:40, HOJE (""dualsense roxo aceso em azul (lightbar)"", com o roxo no radio). O SUSPEITO `0x08` continua ausente e a barra OBEDECEU — o que mantem o 0x08 fora do banco dos reus, mas pela razao oposta a que eu havia escrito.",
gatilho-keepalive-8s,gatilho.esquerdo.adaptativo@dualsense,cabo,,,2026-08-11T23:30:00,"o keepalive do daemon (0,5 s) apagando o efeito de gatilho de terceiro, como apaga o rumble",sim,obedece,,olho-dela,"bancada 11/08 — scripts/ensaio_o_keepalive_mata_o_rumble.py --fase gatilho, P2 no cabo, daemon VIVO com o código NAO curado (subiu 22:02:26; a cura da agente e de 22:05:32)","Report cru com rigid(3,8) no gatilho ESQUERDO escrito por FORA do daemon, com o daemon vivo. Aos 8 s o L2 estava DURO. O estado desejado do daemon era `Off` (ela confirmou ""soltou em todos"" minutos antes), entao o efeito medido e o do report cru, não o do perfil.",
gatilho-keepalive-30s,gatilho.esquerdo.adaptativo@dualsense,cabo,,,2026-08-11T23:30:00,"o keepalive do daemon (0,5 s) apagando o efeito de gatilho de terceiro, como apaga o rumble",sim,obedece,,olho-dela,"bancada 11/08 — scripts/ensaio_o_keepalive_mata_o_rumble.py --fase gatilho, P2 no cabo, daemon VIVO com o código NAO curado (subiu 22:02:26; a cura da agente e de 22:05:32)","MESMA coisa, com 30 s de espera: L2 DURO, e o R2 SOLTO. O R2 e o controle negativo — ele não recebeu bit de autorização no report, e o perfil Pragmata tem `Pulse` configurado nele; estar solto prova que o perfil NAO estava sendo reafirmado e que o ensaio não esta contaminado. Literal dela: ""l2 duro a todo momento e o r2 solto"".",
lightbar-bt-aceso-0808-1639,luz.lightbar.cor@dualsense,radio,,,2026-08-08T16:39:00,0x08 VALID_FLAG1_RELEASE_LEDS na janela de ~3.4s após conectar,não,obedece,,olho-dela,"escavacao 11/08 do journal do daemon e dos transcritos, com fala literal dela em cada um","Uso normal, sem gesto nenhum. Literal dela: ""roxo ta com lightbar verde, branco lightbar azul"". O roxo estava no radio.",
lightbar-bt-aceso-0808-2135,luz.lightbar.cor@dualsense,radio,,,2026-08-08T21:35:00,0x08 VALID_FLAG1_RELEASE_LEDS na janela de ~3.4s após conectar,não,obedece,,olho-dela,"escavacao 11/08 do journal do daemon e dos transcritos, com fala literal dela em cada um","Uso normal. Literal dela: ""roxo lightbar laranja player 1, branco lightbar vermelho player 2"".",
lightbar-bt-aceso-0808-2348,luz.lightbar.cor@dualsense,radio,,,2026-08-08T23:48:00,0x08 VALID_FLAG1_RELEASE_LEDS na janela de ~3.4s após conectar,não,obedece,,olho-dela,"escavacao 11/08 do journal do daemon e dos transcritos, com fala literal dela em cada um","O MAIS FORTE DOS QUATRO: adoção BT do branco as 23:47:42, SEM 0x08 (removido em 04/08), e a barra acendeu VERMELHO — não o azul (0,0,128) que o driver pinta sozinho na probe, entao a cor e NOSSA. Casa com `lightbar_reassert input1100 rgb=(255,0,0)` no journal as 23:48:37. Conexão de ~1 minuto.",
lightbar-bt-aceso-1108-1140,luz.lightbar.cor@dualsense,radio,,,2026-08-11T11:40:00,0x08 VALID_FLAG1_RELEASE_LEDS na janela de ~3.4s após conectar,não,obedece,,olho-dela,"escavacao 11/08 do journal do daemon e dos transcritos, com fala literal dela em cada um","HOJE, no boot de hoje e com o binário do driver de hoje. Literal dela, com foto: ""dualsense roxo aceso em azul (lightbar)"", e o roxo estava no RADIO (uhid 0005:054C:0CE6.0006, registrado as 10:25:24). RESSALVA HONESTA: ""azul"" não distingue a cor nossa (0,0,255) da que o driver pinta na probe (0,0,128) — isto prova que a barra NAO estava travada, não que a cor era nossa. Aquela instância de conexão durou mais de nove horas; caiu as 20:46:21 e a instância nova (.0016) e a que esta apagada agora.",
lightbar-bt-sem-0x08-hoje-2300,luz.lightbar.cor@dualsense,radio,,,2026-08-11T23:00:00,0x08 VALID_FLAG1_RELEASE_LEDS na janela de ~3.4s após conectar,não,não obedece,,olho-dela,"bancada 11/08 23:00 — daemon PARADO, 255 255 255 escrito em multi_intensity dos quatro","O CONTRAPONTO QUE MANTEM O CADERNO HONESTO. Sem 0x08 (removido do produto em 04/08), com o daemon PARADO e escrita direta: os dois do CABO acenderam branco e os dois do RADIO não. Literal dela: ""só os cabo ficaram branco e o do bt não"". Junto com os quatro acendimentos de 08/08 e 11/08, isto poe o mesmo lado (`sem o suspeito`) com resultados OPOSTOS — que e a definicao de variavel não isolada. O 0x08 não explica mais nada: ele esta ausente nos dois desfechos. A VARIAVEL QUE OS DADOS SUSTENTAM, apurada em 11/08, e A INSTANCIA DE CONEXAO: o mesmo controle roxo (a0:fa) esteve ACESO no radio na instância uhid .0006 (10:25:24 ate ~20:4x, mais de nove horas) e esta APAGADO na instância .0016 (20:46:21 em diante). Mesmo controle, mesmo dia, mesmo boot, mesmo driver, mesmo daemon. O que distingue e o ENTORNO DA PROBE: a .0006 subiu sozinha no radio com um USB na mesa; a .0015 e a .0016 subiram com 25 s de diferença uma da outra, com DOIS USB ja registrados — e as duas estao apagadas.",
gatilho-lado-nao-esta-invertido,gatilho.direito.adaptativo@dualsense,cabo,,,2026-08-11T23:55:00,o mapeamento de lado do produto estar invertido (esquerdo/direito trocados),sim,não obedece,obedece,olho-dela,"bancada 11/08 — scripts/ensaio_o_keepalive_mata_o_rumble.py --fase gatilho, P2 no cabo, daemon VIVO com o código não curado","SUSPEITA LEVANTADA E ELIMINADA na mesma rodada. Autorizando o DIREITO (flag0 0x04, bloco common[10..19]) o R2 endureceu e o L2 ficou solto. Literal dela: ""r2 duro, l2 solto"". O mapeamento do produto esta CERTO: common[10] e o triggerR, common[21] e o triggerL. A suspeita nasceu de uma rodada anterior em que, com o ESQUERDO autorizado, ela sentiu o R2 — e a explicação NAO e inversao. ACRESCENTADO EM 13/08/2026, sem tocar no `resultado` dela: este ensaio e o caso que fez nascer a coluna `resultado_da_feature`. O `resultado` aqui e do SUSPEITO (a inversao, que NAO se sustentou); o que a FEATURE fez esta na coluna nova, e e `obedece`. As duas leituras estao certas e sao opostas — por isso a regra 9 do portao passou a ler a coluna nova quando ela existe.",
gatilho-quem-apaga-nao-e-o-keepalive,gatilho.esquerdo.adaptativo@dualsense,cabo,,,2026-08-11T23:50:00,"o keepalive do daemon (0,5 s) apagando o efeito de gatilho de terceiro, como apaga o rumble",sim,obedece,,olho-dela,"bancada 11/08 — scripts/ensaio_o_keepalive_mata_o_rumble.py --fase gatilho, P2 no cabo, daemon VIVO com o código não curado","TRES RODADAS, MESMO COMANDO, SO O TEMPO MUDOU — e o resultado não e monotônico: aos 8 s L2 duro / R2 solto; aos 30 s L2 duro / R2 solto; aos 120 s L2 SOLTO e R2 VIVO. Literal dela: ""r2 vivo durante os dois minutos l2 não"". O keepalive de 0,5 s esta INOCENTADO: se fosse ele, o efeito morreria antes dos 8 s, como o rumble morria. A LEITURA, e ela e inferencia e não medição: o perfil ativo (Pragmata) tem `right: Pulse` e `left: SlopeFeedback`; `Pulse` e efeito de vibracao no gatilho, e ""vivo"" descreve exatamente isso. Entre 30 s e 120 s algo REAPLICOU O PERFIL, apagando o efeito de terceiro no esquerdo e ligando o do perfil no direito. QUEM reaplica, e com que período, NAO foi medido — candidatos no código sao o tick do daemon (30 s, fatiado em 2 s) e o `reassert_resolved_outputs`.",
lightbar-instancia-velha,luz.lightbar.cor@dualsense,radio,,,2026-08-12T00:20:00,um escritor de terceiro com o hidraw ABERTO no instante da PROBE (o Steam mantem os quatro em leitura+escrita),sim,não obedece,,olho-dela,"bancada 11/08 ~00h20 — reconexao pelo BlueZ (busctl Disconnect + botao PS dela), sem tocar em código","RECLASSIFICADO em 12/08: o suspeito não e `a instância de conexão` — isso e proxy, e a casa ja registrou `reconectar cura` como falso positivo recorrente, concluido e derrubado quatro vezes desde 17/07. O que a instância carregava era QUEM ESTAVA COM O HIDRAW ABERTO NA PROBE. Nas duas rodadas deste par o Steam estava vivo com hidraw4..7 em leitura+escrita, e eu não sabia. LINHA DE BASE, instância uhid .0016 (nascida 20:46:21): barra APAGADA. Escrita de 255 255 255 com o daemon PARADO não acendeu. Mesmo controle roxo (a0:fa), mesmo boot, mesmo driver, mesmo daemon, mesmo dia — e na instância .0006, das 10:25 as ~20:4x, a barra DESTE MESMO controle esteve acesa por mais de nove horas.",
lightbar-instancia-nova,luz.lightbar.cor@dualsense,radio,,,2026-08-12T00:20:00,um escritor de terceiro com o hidraw ABERTO no instante da PROBE (o Steam mantem os quatro em leitura+escrita),não,obedece,,olho-dela,"bancada 11/08 ~00h20 — reconexao pelo BlueZ (busctl Disconnect + botao PS dela), sem tocar em código","RECLASSIFICADO em 12/08: o suspeito não e `a instância de conexão` — isso e proxy, e a casa ja registrou `reconectar cura` como falso positivo recorrente, concluido e derrubado quatro vezes desde 17/07. O que a instância carregava era QUEM ESTAVA COM O HIDRAW ABERTO NA PROBE. Nas duas rodadas deste par o Steam estava vivo com hidraw4..7 em leitura+escrita, e eu não sabia. O ENSAIO QUE FECHOU. Derrubei o roxo pelo BlueZ (`busctl call org.bluez /org/bluez/hci0/dev_<MAC> org.bluez.Device1 Disconnect`); o Connect pelo D-Bus falhou com `br-connection-create-socket` e ela acordou o controle pelo botao PS. Ele voltou como instância .0017. Literal dela: ""controle roxo, quando voltou voltou como player 1, lighbar azul"" — a barra ACENDEU. Com o daemon PARADO, escrevi VERDE PURO (0 255 0) em multi_intensity e ela respondeu: ""verde"". A barra OBEDECE por Bluetooth nesta instância. A RECONEXAO CURA.",
lightbar-daemon-reafirma,luz.lightbar.cor@dualsense,radio,,,2026-08-12T00:20:00,o daemon reescrevendo a cor DELE por cima de uma escrita externa,sim,obedece,,olho-dela,"bancada 11/08 ~00h20 — reconexao pelo BlueZ (busctl Disconnect + botao PS dela), sem tocar em código","RECLASSIFICADO em 12/08: este ensaio não e sobre instância de conexão, e sobre o daemon sobrescrever. Ele estava com o suspeito errado e sozinho fazia o caderno devolver CONFUSO para a instância. ARMADILHA QUE QUASE INVERTEU A CONCLUSAO. Na primeira tentativa escrevi verde com o daemon VIVO e ela disse ""não ficou... ainda tá azul"". Eu quase registrei como `não obedece`. O cache tinha voltado para [0 0 255]: o daemon reescreveu a cor DELE por cima em menos de um minuto. E azul era justamente a cor que ele queria — ou seja, a barra ESTAVA obedecendo, so que a ele. So com o daemon parado o verde passou. Sem o teste de cor arbitraria com o daemon fora, este ensaio teria concluido o oposto do que e verdade.",
lightbar-probe-limpa,luz.lightbar.cor@dualsense,radio,,,2026-08-12T23:20:00,um escritor de terceiro com o hidraw ABERTO no instante da PROBE (o Steam mantem os quatro em leitura+escrita),não,obedece,,olho-dela,"bancada 12/08 ~23h17 — mesa comprovadamente vazia ANTES da conexão: steam com 0 processos, daemon parado, 0 descritores hidraw abertos por qualquer processo, 0 DualSense no radio","O ENSAIO MAIS LIMPO DA NOITE, e o primeiro em dezesseis dias feito com a mesa vazia ANTES da probe e não depois. Fechei o Steam e parei o daemon PRIMEIRO, conferi que nenhum processo tinha descritor de hidraw aberto, so ENTAO ela acordou os três controles. RESULTADO: os três nasceram ACESOS (""os 3 estao azuis"", que e o KERNEL_DEFAULT_BLUE que o driver pinta na probe) e os TRES obedeceram a VERDE PURO escrito por sysfs. Literal dela: ""todos verdes"". AS TRES REVISOES DE HARDWARE ESTAVAM REPRESENTADAS — 0x0710, 0x1111 e 0x0711 — entao a suspeita de revisão de hardware cai com prova, não por argumento.",
lightbar-probe-suja-steam,luz.lightbar.cor@dualsense,radio,,,2026-08-12T23:20:00,um escritor de terceiro com o hidraw ABERTO no instante da PROBE (o Steam mantem os quatro em leitura+escrita),sim,parcial,,olho-dela,"bancada 12/08 ~23h17 — mesa comprovadamente vazia ANTES da conexão: steam com 0 processos, daemon parado, 0 descritores hidraw abertos por qualquer processo, 0 DualSense no radio","O CONTRASTE, medido 6 minutos antes com os MESMOS três controles. Ali eu tinha fechado o Steam DEPOIS de eles subirem — a probe aconteceu com o Steam vivo e com hidraw4..7 abertos em LEITURA+ESCRITA. Resultado: so UM dos três obedeceu ao verde. O mesmo controle branco (hw 0x0711) que obedeceu naquela rodada NAO tinha obedecido ao magenta numa instância anterior — mesmo controle, mesma revisão, resultados opostos. E o que muda entre as duas rodadas não e o controle nem o transporte nem a ordem de subida: e QUEM ESTAVA COM O HIDRAW ABERTO NO INSTANTE DA PROBE.",
lightbar-steam-nunca-foi-suspeito,luz.lightbar.cor@dualsense,radio,,,2026-08-12T23:20:00,um escritor de terceiro com o hidraw ABERTO no instante da PROBE (o Steam mantem os quatro em leitura+escrita),sim,não obedece,,olho-dela,"bancada 12/08 ~23h17 — mesa comprovadamente vazia ANTES da conexão: steam com 0 processos, daemon parado, 0 descritores hidraw abertos por qualquer processo, 0 DualSense no radio","O SUSPEITO QUE NINGUEM TINHA OLHADO EM DEZESSEIS DIAS. Em 12/08, com o daemon PARADO, `readlink` em /proc/*/fd mostrou `steam` com /dev/hidraw4,5,6,7 abertos, e o /proc/PID/fdinfo confirmou LEITURA+ESCRITA nos quatro. O Steam Input tem suporte nativo a DualSense e pinta lightbar. Toda a investigacao anterior perseguiu 0x08, keepalive, adoção, cache, instância e revisão de hardware — e o Steam esteve com a caneta na mão o tempo todo, inclusive nas medições que concluiram cada uma daquelas hipoteses. ISTO CONTAMINA RETROATIVAMENTE toda leitura de lightbar feita com o Steam aberto, o que inclui a noite inteira de 11/08 ate 23h13.",
cor-rota-sysfs-com-steam,luz.lightbar.cor@dualsense,radio,,,2026-08-12T23:32:00,a ROTA de escrita: sysfs (multi_intensity) contra hidraw cru (report 0x31 montado pelo produto),sim,não obedece,,olho-dela,"bancada 12/08 ~23h30 — Steam ABERTA e pintando as cores dela, daemon PARADO, três DualSense no radio nascidos de probe LIMPA","Com a Steam ABERTA, escrever a cor por sysfs (`multi_intensity` + `brightness`) NAO muda a barra. Foi assim a noite inteira, e e a única rota que o produto usa por radio.",
cor-rota-hidraw-com-steam,luz.lightbar.cor@dualsense,radio,,,2026-08-12T23:32:00,a ROTA de escrita: sysfs (multi_intensity) contra hidraw cru (report 0x31 montado pelo produto),não,parcial,,olho-dela,"bancada 12/08 ~23h30 — Steam ABERTA e pintando as cores dela, daemon PARADO, três DualSense no radio nascidos de probe LIMPA","O CAMINHO QUE ELA PROCURAVA A NOITE INTEIRA. Com a Steam ABERTA, viva e pintando as cores dela, escrever o report 0x31 direto no /dev/hidraw* — montado por `ds_output_report.build_bt_report` do próprio produto, com valid_flag1 = LIGHTBAR_CONTROL_ENABLE e common[44..46] = R,G,B — PINTOU OS TRES de magenta. Literal dela: ""todos tao magenta"". O controle do cabo ficou de fora porque o instrumento so mira o radio; não e resultado, e o filtro. CONSEQUENCIA PARA O PRODUTO, e ela e grande: o Hefesto SUPRIME a rota hidraw por Bluetooth de forma incondicional (LIGHTBAR-BT-NEVER-01, core/backend_pydualsense.py:1976). O commit 108b711 (04/08) removeu o 0x08 mas deixou essa supressão de pe — desfez metade de bbfe74d. Hoje o radio tem UMA rota so, o sysfs, e e justamente a que perde para a Steam. O produto desligou a rota que funciona. CORRIGIDO MINUTOS DEPOIS, e a correcao importa: a escrita venceu nos TRES no instante, mas NAO durou nos três. Literal dela: ""dois dos controles ficaram magenta e o branco ta vermelho no player 2"" — vermelho e a cor de jogador 2 da Steam, entao ela REPINTOU um dos três e não os outros dois. Logo o hidraw cru vence a escrita mas não encerra a disputa, e o que decide qual controle a Steam repinta NAO foi medido. E ELA AVISOU, 12/08: esta e a SEGUNDA vez que a rota de escrita e apontada como causa nesta casa, não a primeira. Reincidencia sem saber o que derrubou a primeira conclusão e o mesmo erro das quatro anteriores desta frente.",
steam-pinta-e-nao-apaga,luz.lightbar.cor@dualsense,radio,,,2026-08-12T23:32:00,a Steam APAGAR a barra em regime (contra apenas repinta-la com as cores dela),sim,obedece,,olho-dela,"bancada 12/08 ~23h30 — Steam ABERTA e pintando as cores dela, daemon PARADO, três DualSense no radio nascidos de probe LIMPA","CORRECAO DE LEITURA, e importante: a Steam NAO apaga a barra em regime. Abrindo a Steam com as três barras ja acesas de uma probe limpa, elas MUDARAM para as cores padrão da Steam e CONTINUARAM ACESAS. Literal dela: ""fizeram a migração de cores padrão da steam. ainda ligados"". Ou seja, a barra estava obedecendo — a Steam. O que a Steam estraga e a PROBE (com ela viva no nascimento, os três nasceram apagados); em regime ela e apenas mais um escritor, e perde para quem escreve no hidraw.",
lightbar-sem-personalizacao,luz.lightbar.cor@dualsense,radio,,,2026-08-12T23:40:00,"a personalizacao por controle (cor fixa por MAC no perfil, padrão de player-LED travado, ordem por MAC)",não,não obedece,,olho-dela,"bancada 12/08 ~23h40 — config LIMPA (controllers.json com 0 MACs, 0 perfis com bloco por controle), daemon VIVO, Steam ABERTA","SUSPEITO ELIMINADO. A decisão dela de 12/08 — ""nada de macs, nada de personalizacao por controle; se eu conectar controle virgem ele tem que funcionar via produto"" — foi aplicada: esvaziei o `order` do controllers.json (9 MACs -> 0) e o bloco `controllers` de quatro perfis (cor de lightbar fixa para um MAC no `pragmata`, padrão de player-LED travado em `big_walk` e `dont_scream`, brilho por MAC em `navegacao`). Backup em ~/.config/hefesto-dualsense4unix/backup-limpeza-20260811-233704. COM A CONFIG LIMPA e a Steam viva na probe, dois dos três AINDA nasceram apagados. Literal dela: ""branco e roxo conectaram mas desligaram"". A personalizacao era variavel não controlada em toda medição da noite — e não e a causa. DE BRINDE: o produto numerou os três sozinho sem nenhum MAC conhecido (branco P2, roxo P3, azul P4), o que e a primeira evidência de que controle virgem recebe número.",
lightbar-firmware-guarda-a-cor,luz.lightbar.cor@dualsense,radio,,,2026-08-12T23:40:00,o firmware esquecer a cor entre conexões,sim,obedece,,olho-dela,"bancada 12/08 ~23h40 — config LIMPA (controllers.json com 0 MACs, 0 perfis com bloco por controle), daemon VIVO, Steam ABERTA","ACHADO NOVO, e muda a leitura de `apagado`. O controle azul voltou de uma desconexao completa exibindo MAGENTA — a cor que eu escrevi por hidraw cru vários minutos antes, atravessando um Disconnect pelo BlueZ e uma reconexao inteira. Literal dela: ""azul player 4 cor magenta"". LOGO: o firmware GUARDA a cor entre conexões, e uma barra apagada não e o aparelho esquecendo — e alguem mandando apagar, ou a cor sendo escrita como preto. Isso reabre a pergunta certa: QUEM manda apagar na probe, e com que report.",
btmon-probe-suja,luz.lightbar.cor@dualsense,radio,,,2026-08-12T23:50:00,"a Steam ESCREVER no fio durante a probe (contado por btmon, não inferido)",sim,não obedece,,olho-dela,"bancada 12/08 ~23h50 — duas capturas btmon de 45 s, uma por braco, mesmos três controles, mesma janela","MEDIDO NO FIO, com btmon: durante a probe com a Steam viva sairam 98 pacotes de saida (ACL Data TX de tamanho de output report) para os três controles. As três barras nasceram APAGADAS. Literal dela: ""todos ligados e todos apagados"".",
btmon-probe-limpa,luz.lightbar.cor@dualsense,radio,,,2026-08-12T23:50:00,"a Steam ESCREVER no fio durante a probe (contado por btmon, não inferido)",não,obedece,,olho-dela,"bancada 12/08 ~23h50 — duas capturas btmon de 45 s, uma por braco, mesmos três controles, mesma janela","O CONTRASTE, no mesmo instrumento: com ninguem no hidraw sairam SEIS pacotes de saida — dois por controle, que e o que o driver do kernel manda sozinho na probe (o reset de LED e a cor padrão). As três barras nasceram ACESAS. Literal dela: ""os 3 ligaram e os três azuis"". DEZESSEIS VEZES menos escrita, e o resultado inverso. LIMITE DESTA MEDICAO, dito porque não foi medido: eu contei os pacotes, NAO decodifiquei o conteúdo deles. Não sei QUE report a Steam manda nem se algum deles pede a barra apagada. Saber isso exige decodificar o payload dos 98, e o parser que escrevi não venceu o formato do btmon. As capturas ficaram em /tmp/hefesto-probe-lightbar/ para quem continuar.",
btmon-a-rajada-tem-hora,luz.lightbar.cor@dualsense,radio,,,2026-08-12T23:55:00,a Steam escrever CONTINUAMENTE (contra escrever em RAJADA so na probe),não,obedece,,bancada,bancada 12/08 — timestamps dos pacotes de saida nas duas capturas btmon de 45 s,"A PERGUNTA FOI DELA, e e a que destrava a cura: ""se medimos quando a steam pinta o lightbar e o player led entao sabemos quando sobrescrever o input da steam não?"". Sim. MEDIDO nos timestamps: no braco LIMPO sairam 6 reports de saida, todos nos primeiros 3,9 s, e depois SILENCIO — sao os dois por controle que o driver do kernel manda na probe. No braco SUJO sairam 98, e NAO de forma continua: em DUAS RAJADAS, t+0 a t+3 s (58 reports) e t+15 a t+18 s (40 reports), com silencio total de t+4 a t+14. As rajadas casam com as probes dos controles, que ela acordou um a um. A LEITURA: a Steam bombardeia durante a probe e depois CALA. Não e disputa permanente, e uma janela. POR QUE O PRODUTO PERDE: o Hefesto pinta a cor no priming, logo na descoberta do controle — dentro da rajada. Chega junto e a última palavra e da Steam. E por isso a barra NASCE apagada. POR QUE ESCREVER DEPOIS FUNCIONA: o magenta por hidraw cru que pegou em dois dos três foi escrito minutos depois de qualquer probe, no silencio. CONSEQUENCIA PARA A CURA, e ela agora tem forma: escrever a cor DEPOIS da rajada, pela rota hidraw, em vez de na descoberta pela rota sysfs. A janela e detectavel (o silencio apos ~4 s), entao não precisa de constante cronometrada.",
gatilho-1500ms-por-controle,luz.lightbar.cor@dualsense,radio,,,2026-08-12T23:57:00,o momento da escrita: durante a rajada da Steam (contra depois que a sequência de conexões sossega),sim,parcial,,olho-dela,"bancada 12/08 ~23h56 — protótipo do gatilho (scratchpad/gatilho_da_cor.py), Steam viva, daemon vivo, três controles","PRIMEIRA VERSAO DO GATILHO, e ela falhou de um jeito que ENSINA. O vigia detectou cada conexão nova e escreveu 1,5 s depois DAQUELA conexão: .0034 as 23:55:53, .0035 as 23:55:54, .0036 as 23:55:56. So o ULTIMO ficou magenta; os outros dois voltaram ao padrão da Steam. Literal dela: ""só o player 4 que é o controle azul o resto tá no padrão da steam"". A LEITURA: a rajada da Steam não e por controle, e por EVENTO — cada conexão nova faz ela repintar TODOS. Escrever 1,5 s depois do controle A não adianta se o B conecta depois. O .0036 sobreviveu apenas porque ninguem conectou depois dele.",
gatilho-escrever-no-silencio,luz.lightbar.cor@dualsense,radio,,,2026-08-12T23:57:00,o momento da escrita: durante a rajada da Steam (contra depois que a sequência de conexões sossega),não,obedece,,olho-dela,"bancada 12/08 ~23h56 — protótipo do gatilho (scratchpad/gatilho_da_cor.py), Steam viva, daemon vivo, três controles","A CORRECAO, e ela fecha o desenho. Com a sequência de conexões ja encerrada havia cerca de um minuto, UMA escrita por hidraw em cada um dos três pintou os três de magenta. Aceite dela: ""perfeito"". O DESENHO QUE SAI DISSO, e e uma linha a mais que a primeira versão: o gatilho ARMA a cada conexão, mas so DISPARA quando o radio sossega — e entao escreve em TODOS os controles, não so no que chegou. Ele não conta controles, conta o FIM DA SEQUENCIA. A formulacao e dela: ""não podemos colocar um gatilho pra sempre que a steam aloprar em sequência algo ativa a sobrescricao automática?"". REGRA DE PRODUTO, também dela: em Modo Nativo e em Conexão Nativa (Sony) o controle e da Steam e do jogo, e o gatilho NAO age; em todo o resto quem manda e o Hefesto. E entra no install sem flag, pela regra da casa.",
skip-cache-e-agravante-nao-causa,luz.lightbar.cor@dualsense,radio,,,2026-08-12T00:07:00,o `lightbar_reassert_skip_cache` IMPEDIR a cura de agir (distinto de ser a causa do defeito),sim,não obedece,,olho-dela,"bancada 12/08 00h07 — reinicio do daemon com as três barras ja apagadas pela Steam, journal da unit","AGRAVANTE MEDIDO, e ele NAO e a causa — a causa foi eliminada em ensaio próprio (com o daemon PARADO o defeito acontece igual). Com as três barras apagadas pela Steam, reiniciei o daemon e o journal registrou três vezes `lightbar_reassert_skip_cache` com as cores por slot (255,0,0), (255,0,128) e (0,255,0). Ele decidiu NAO REESCREVER porque o cache do sysfs ja mostrava a cor desejada. As barras continuaram apagadas. Literal dela: ""todas apagadas mas em nenhum momento os controles desligaram"" — ou seja, nada de reconexao, nada de aparelho sumindo: foi decisão de software, tomada sobre uma leitura que o próprio código documenta como mentirosa (o cache mostra o valor PEDIDO, nunca o ACESO — core/backend_pydualsense.py:1706-1713 e core/sysfs_leds.py:92-104). CONSEQUENCIA PARA A CURA: o gatilho tem de escrever INCONDICIONALMENTE quando dispara. Qualquer dedup por igualdade de estado nesse caminho reproduz este pulo justamente quando a escrita e necessaria. E ISSO TAMBEM MATA UM CONTORNO TENTADOR: reiniciar o daemon NAO repinta as barras. Não adianta oferecer isso a usuaria como solucao.",
coop-ignore-avaliado-cedo,combinacao.tres_na_mesa@dualsense,radio,,,2026-08-12T00:15:00,"a cura IGNORE (esconder os controles físicos do jogo) ser avaliada DURANTE a subida dos vpads, e nunca depois que a cobertura fica completa",sim,não obedece,,olho-dela,"bancada 12/08 00h15 — journal da unit, abertura do Sackboy com quatro DualSense na mesa","A PERGUNTA FOI DELA: no jogo, ""só o controle roxo é reconhecido como controle de jogador"", e ela apontou o caminho — ""deve ser algo relacionado aos gamepad virtuais ou coop"". Era. A linha do tempo do journal mostra o mecanismo: 00:15:31.430 vpad P1 sobe; 00:15:31.432 `launch_env_ignore_omitido_sem_cobertura físicos=4 motivo='um vpad por DualSense físico e requisito do IGNORE'`; 00:15:41.786 perfil Sackboy ativado pelo autoswitch (o jogo ja subindo); 00:15:42.218 vpad P2 -> IGNORE omitido de novo; 00:15:42.313 vpad P3 -> omitido; 00:15:42.401 vpad P4 sobe, e so AGORA a cobertura fica completa; 00:15:43.448 exceção de Steam Input ativada. O QUARTO VPAD FICOU PRONTO ONZE SEGUNDOS DEPOIS DO PRIMEIRO. O IGNORE foi avaliado TRES vezes durante a subida, sempre com cobertura incompleta, e NUNCA depois que ficou completa — entao o ambiente do jogo foi materializado sem ele. Resultado: o jogo enxerga os físicos E os virtuais ao mesmo tempo (17 nos de js na mesa, contando sensores de movimento e um DualSense Edge que não e aparelho dela), e so um vira controle de jogador. OS CONTROLES NAO CAIRAM — ela confirmou, e o kernel registra zero eventos de saida. Não e queda: e cura não aplicada. E O PADRAO E O MESMO DA LIGHTBAR: o produto decide durante a sequência em vez de esperar ela sossegar. Terceiro defeito de tempo do dia, mesma forma de cura.",
permissao-hidraw-do-radio-ausente,luz.lightbar.cor@dualsense,radio,,,2026-08-12T00:25:00,"o `udevadm trigger` dos instaladores casar ZERO dispositivos, deixando o hidraw do radio sem permissão de escrita",sim,não obedece,,bancada,bancada 12/08 00h25 — medido no aparelho dela e confirmado no fonte dos instaladores,"O QUE FALTAVA PARA A CURA FUNCIONAR, e ele apareceu por acidente. O gatilho v3 detectou todos os eventos certos (jogo abrindo, jogo fechando, relogio rearmando) e falhou em TODAS as escritas com `[Errno 13] Permission denied: /dev/hidraw4`. Medido em seguida: os três nos do RADIO estavam `crw-------` (sem grupo, sem ACL) enquanto o do CABO estava `crw-rw----+`. A CAUSA, achada no fonte: os instaladores rodavam `udevadm trigger --subsystem-match=hidraw --attr-match=idVendor=054c`, e isso casa ZERO dispositivos em qualquer maquina — um no `hidraw` não tem `idVendor` (ele mora no pai USB), e no Bluetooth NAO EXISTE pai USB nenhum, porque o BlueZ cria o HID por uhid em /sys/devices/virtual/misc/uhid/. Medição do fonte: 8 nos com o seletor correto, 0 com o antigo. CONSEQUENCIA: numa instalação limpa com o controle ja conectado no radio, a regra de permissão nunca era reaplicada, e o daemon subia sem poder ESCREVER naquele hidraw — sem lightbar, sem gatilho da cor. E a rota hidraw e justamente a única que vence a Steam.",
permissao-hidraw-corrigida,luz.lightbar.cor@dualsense,radio,,,2026-08-12T00:25:00,"o `udevadm trigger` dos instaladores casar ZERO dispositivos, deixando o hidraw do radio sem permissão de escrita",não,obedece,,bancada,bancada 12/08 00h25 — medido no aparelho dela e confirmado no fonte dos instaladores,"A CURA, provada no aparelho no mesmo minuto. Rodando o seletor correto — `udevadm trigger --action=change --subsystem-match=hidraw` — os três nos do radio passaram de `crw-------` para `crw-rw----+` e as três escritas de cor por hidraw foram aceitas. A correcao ja esta na arvore, em scripts/install_udev.sh e scripts/install-host-udev.sh, com portao novo em check_packaging_parity.sh que reprova qualquer trigger de hidraw filtrado por `--attr-match`. DETALHE QUE FECHA O DIAGNOSTICO: o `uninstall.sh` JA usava o seletor certo. A metade que desfaz sabia alcancar o hidraw; a que instala, não. Mesma familia do BUG-INSTALL-NAO-INSTALA-A-UNIT-DO-DAEMON-01. NENHUM ENSAIO DESTA NOITE FOI CONTAMINADO por isso: os instrumentos declaravam a falha de escrita (`except OSError -> FALHOU`), e em todos os ensaios registrados a escrita saiu confirmada. O único lugar onde a permissão mordeu foi o v3, que imprimiu o erro.",
uaccess-nao-gruda-em-device-virtual,luz.lightbar.cor@dualsense,radio,,,2026-08-12T00:40:00,"o broker de hidraw DO PROPRIO PRODUTO escondendo o no do uid da sessão (não o systemd-logind, como eu supus)",sim,obedece,,bancada,bancada 12/08 00h40 — udevadm trigger + udevadm monitor + observação da ACL a cada 3 s,"CORRIGIDO 40 minutos depois, e a correcao inverte a conclusão. Eu havia atribuido ao `systemd-logind` a retirada da permissão, com o argumento de que device virtual não tem seat. ERRADO. O journal do sistema mostra quem e, com nome e no: `hefesto-dualsense4unix[...]: hidraw_broker_hidden node=/dev/hidraw4` — o BROKER DE HIDRAW DO PROPRIO PRODUTO, que esconde o no do uid da sessão a cada ciclo, DE PROPOSITO. E como o Hefesto impede que jogos e a Steam mexam direto no controle, e ele fez isso 14.105 vezes em sete dias na maquina dela (contagem em daemon/battery_journal.py:55). O QUE ISSO MUDA: a permissão nunca foi defeito — era o produto trabalhando. Quem escreve por hidraw tem de ser o DAEMON, pelo handle que o broker abriu, e não um processo de fora abrindo /dev/hidrawN direto. O meu prototipo abria direto, e por isso perdia; a cura implementada usa `writeReport` do handle, que e o caminho certo. O QUE FIZ E DESFIZ: escrevi uma regra udev 99 para 'vencer' a disputa, e ela não venceu (o broker age depois do udev). Removi em vez de deixar peca sem defeito que a justifique. também acrescentei GROUP=input a regra 70 e revertí — o comentario que escrevi la atribuia ao logind o que era o broker, e documentação errada e pior que nenhuma. FICA A LICAO DE METODO: antes de culpar o sistema, procure o produto no journal do SISTEMA (não so no da unit). Duas horas teriam sido poupadas por um `journalctl | grep hidraw`.",
rumble-ff-cura-cabo-so,vibracao.rumble.ff@dualsense,cabo,,,2026-08-12T22:10:22,"o keepalive PERPETUO reescrevendo common[2]/common[3] zerados a cada 0,5 s (antes da janela de confirmacao da RUMBLE-SEM-DONO-01, 12/08)",não,obedece,,olho-dela,"bancada 12/08 noite - 4 DualSense na mesa (2 cabo, 2 radio), FF por evdev, scripts/ensaio_rumble_em_par.py com a regua de vpad corrigida no mesmo dia","daemon VIVO. Um controle so (azul, cabo, P4), 8,26 s medidos (22:10:22.942->22:10:31.206), dois motores a 45000. Ela: contínuo os 8 segundos, lightbar não apagou. Kernel silencioso na janela (nenhum usb/playstation).",
rumble-ff-cura-cabo-par,vibracao.rumble.ff@dualsense,cabo,,,2026-08-12T22:12:27,"o keepalive PERPETUO reescrevendo common[2]/common[3] zerados a cada 0,5 s (antes da janela de confirmacao da RUMBLE-SEM-DONO-01, 12/08)",não,obedece,,olho-dela,"bancada 12/08 noite - 4 DualSense na mesa (2 cabo, 2 radio), FF por evdev, scripts/ensaio_rumble_em_par.py com a regua de vpad corrigida no mesmo dia","daemon VIVO. Cabo e radio disparados na MESMA janela (0,0 ms), 8,28 s (22:12:27.862->22:12:36.141). Ela: funcionou em ambos, aparentemente iguais.",
rumble-ff-cura-radio-par,vibracao.rumble.ff@dualsense,radio,,,2026-08-12T22:12:27,"o keepalive PERPETUO reescrevendo common[2]/common[3] zerados a cada 0,5 s (antes da janela de confirmacao da RUMBLE-SEM-DONO-01, 12/08)",não,obedece,,olho-dela,"bancada 12/08 noite - 4 DualSense na mesa (2 cabo, 2 radio), FF por evdev, scripts/ensaio_rumble_em_par.py com a regua de vpad corrigida no mesmo dia","daemon VIVO. Primeira vez que o rumble por RADIO dura a janela inteira com o daemon vivo: em 11/08 o mesmo ensaio deu UM TRANCO e morreu. Ela: funcionou em ambos, aparentemente iguais. Kernel e daemon silenciosos na janela.",
rumble-simultaneo-cabo-e-radio,combinacao.rumble_simultaneo@dualsense,radio,,,2026-08-12T22:12:27,"o keepalive PERPETUO reescrevendo common[2]/common[3] zerados a cada 0,5 s (antes da janela de confirmacao da RUMBLE-SEM-DONO-01, 12/08)",não,obedece,,olho-dela,"bancada 12/08 noite - 4 DualSense na mesa (2 cabo, 2 radio), FF por evdev, scripts/ensaio_rumble_em_par.py com a regua de vpad corrigida no mesmo dia","Dois transportes vibrando ao mesmo tempo, disparados em janela de 0,0 ms, com o daemon vivo. E o ensaio de RADIO que faltava nesta linha - ate hoje so havia os dois de cabo de 11/08.",
gatilho-esq-radio-1216,gatilho.esquerdo.adaptativo@dualsense,radio,,,2026-08-12T22:16:53,o transporte Bluetooth não entregar o efeito de gatilho adaptativo (a rota do radio),sim,obedece,,olho-dela,"bancada 12/08 noite - 4 DualSense na mesa (2 cabo, 2 radio), efeito aplicado por IPC (`test trigger --side left --mode Rigid --params 0,8`, broadcast), sem disputa de hidraw","Rigid[0,8] aplicado SO no L2, as 22:16:53. Ela apertou L2 e R2 de cada um dos quatro: L2 DURO em todos, R2 normal em todos. O R2 intocado e o controle negativo do próprio ensaio - separa 'obedeceu' de 'achei que estava diferente' e reconfirma que o lado não esta invertido. PRIMEIRO ensaio de RADIO desta linha: ate hoje o grau O APARELHO OBEDECEU no radio não tinha um único ensaio que o sustentasse, e foi o portao grau-sem-ensaio (12/08) que flagrou.",
gatilho-esq-cabo-1216,gatilho.esquerdo.adaptativo@dualsense,cabo,,,2026-08-12T22:16:53,o transporte Bluetooth não entregar o efeito de gatilho adaptativo (a rota do radio),não,obedece,,olho-dela,"bancada 12/08 noite - 4 DualSense na mesa (2 cabo, 2 radio), efeito aplicado por IPC (`test trigger --side left --mode Rigid --params 0,8`, broadcast), sem disputa de hidraw","Rigid[0,8] aplicado SO no L2, as 22:16:53. Ela apertou L2 e R2 de cada um dos quatro: L2 DURO em todos, R2 normal em todos. O R2 intocado e o controle negativo do próprio ensaio - separa 'obedeceu' de 'achei que estava diferente' e reconfirma que o lado não esta invertido. Lado SEM o suspeito (cabo), medido na MESMA janela que o radio.",
gatilho-resumo-radio-1216,gatilho.adaptativo@dualsense,radio,,,2026-08-12T22:16:53,o transporte Bluetooth não entregar o efeito de gatilho adaptativo (a rota do radio),sim,obedece,,olho-dela,"bancada 12/08 noite - 4 DualSense na mesa (2 cabo, 2 radio), efeito aplicado por IPC (`test trigger --side left --mode Rigid --params 0,8`, broadcast), sem disputa de hidraw","Rigid[0,8] aplicado SO no L2, as 22:16:53. Ela apertou L2 e R2 de cada um dos quatro: L2 DURO em todos, R2 normal em todos. O R2 intocado e o controle negativo do próprio ensaio - separa 'obedeceu' de 'achei que estava diferente' e reconfirma que o lado não esta invertido. Linha-resumo ('os dois gatilhos'): o lado esquerdo respondeu por radio.",
gatilho-resumo-cabo-1216,gatilho.adaptativo@dualsense,cabo,,,2026-08-12T22:16:53,o transporte Bluetooth não entregar o efeito de gatilho adaptativo (a rota do radio),não,obedece,,olho-dela,"bancada 12/08 noite - 4 DualSense na mesa (2 cabo, 2 radio), efeito aplicado por IPC (`test trigger --side left --mode Rigid --params 0,8`, broadcast), sem disputa de hidraw","Rigid[0,8] aplicado SO no L2, as 22:16:53. Ela apertou L2 e R2 de cada um dos quatro: L2 DURO em todos, R2 normal em todos. O R2 intocado e o controle negativo do próprio ensaio - separa 'obedeceu' de 'achei que estava diferente' e reconfirma que o lado não esta invertido. Linha-resumo, lado SEM o suspeito (cabo).",
gatilho-dir-radio-isolado-2221,gatilho.direito.adaptativo@dualsense,radio,,,2026-08-12T22:21:06,o transporte Bluetooth não entregar o efeito de gatilho adaptativo (a rota do radio),sim,obedece,,olho-dela,"bancada 12/08 noite - Rigid[0,8] no R2 mandado por IPC DIRETO com `uniq` (alvo por MAC), porque o `test trigger` do CLI não expoe --uniq e so faz broadcast","ISOLADO NUM CONTROLE SO: aplicado apenas no vermelho (radio, P1). Ela conferiu os QUATRO: so o vermelho ficou com o R2 duro; nos outros três o R2 seguiu solto. O ensaio prova DUAS coisas na mesma janela - o gatilho direito obedece por radio, e o alvo por MAC (_apply_por_uniq, ipc_handlers.py:821) e respeitado no transporte Bluetooth. Os três R2 soltos sao o controle negativo, e eram o risco real: se o uniq fosse ignorado, viraria broadcast e o isolamento seria ilusao.",
rumble-quatro-duracao-igual-r1,combinacao.rumble_simultaneo@dualsense,cabo,,,2026-08-12T22:24:55,"o keepalive PERPETUO reescrevendo common[2]/common[3] zerados a cada 0,5 s (antes da janela de confirmacao da RUMBLE-SEM-DONO-01, 12/08)",não,obedece,,olho-dela,"bancada 12/08 noite - QUATRO DualSense disparados juntos (2 cabo + 2 radio), FF por evdev, duas rodadas de 8 s, daemon VIVO com a cura ativa","DESENHO CONTRA AMBIGUIDADE, a pedido dela ('nosso resultado não deve ser ambiguo'): os quatro recebem o efeito (a carga tem de ser a mesma de 11/08), mas ela mede DOIS por vez, um em cada mão - um do cabo e um do radio -, porque comparar duas mãos e inequivoco e olhar quatro na mesa não e. Rodada 1 (22:24:55.553->22:25:03.862): IGUAIS. Rodada 2, com os outros dois (22:26:01.472->22:26:09.757): IGUAIS. Kernel e daemon em silencio nas duas janelas - ninguem caiu, ninguem foi removido. Deixar os controles na MESA foi descartado antes de disparar: alem de ambiguo, segurar quatro mantinha vivo o suspeito 'PS apertado sem querer' da queda das 22:00. | Este registro e o lado CABO das duas rodadas.",
rumble-quatro-duracao-igual-r2,combinacao.rumble_simultaneo@dualsense,radio,,,2026-08-12T22:26:01,"o keepalive PERPETUO reescrevendo common[2]/common[3] zerados a cada 0,5 s (antes da janela de confirmacao da RUMBLE-SEM-DONO-01, 12/08)",não,obedece,,olho-dela,"bancada 12/08 noite - QUATRO DualSense disparados juntos (2 cabo + 2 radio), FF por evdev, duas rodadas de 8 s, daemon VIVO com a cura ativa","DESENHO CONTRA AMBIGUIDADE, a pedido dela ('nosso resultado não deve ser ambiguo'): os quatro recebem o efeito (a carga tem de ser a mesma de 11/08), mas ela mede DOIS por vez, um em cada mão - um do cabo e um do radio -, porque comparar duas mãos e inequivoco e olhar quatro na mesa não e. Rodada 1 (22:24:55.553->22:25:03.862): IGUAIS. Rodada 2, com os outros dois (22:26:01.472->22:26:09.757): IGUAIS. Kernel e daemon em silencio nas duas janelas - ninguem caiu, ninguem foi removido. Deixar os controles na MESA foi descartado antes de disparar: alem de ambiguo, segurar quatro mantinha vivo o suspeito 'PS apertado sem querer' da queda das 22:00. | Este registro e o lado RADIO das duas rodadas. Contraste com 11/08 (`rumble-ff-quatro-vivo`, keepalive perpetuo PRESENTE): la os quatro vibraram 'por duracao diferente'; aqui, com a cura, a duracao e IGUAL nas duas rodadas.",
lightbar-cabo-isolado-2229,luz.lightbar.cor@dualsense,cabo,,,2026-08-12T22:29:35,o transporte por CABO não entregar a cor arbitraria com o daemon vivo (a rota do fio),sim,obedece,,olho-dela,"bancada 12/08 noite - verde puro (0,255,0) por IPC `led.set` com `uniq` (alvo por MAC), daemon VIVO, Steam FECHADA, 4 controles na mesa","ISOLADO NUM CONTROLE SO: aplicado apenas no azul (cabo). O daemon confirmou o alvo na própria resposta - aplicado_em=[<MAC do azul>], contrato que o `trigger.set` NAO tem. Ela: 'verde inequivoco, os demais mostrando a cor de antes'. Os outros três sao o controle negativo e cobrem o risco real: se o uniq fosse ignorado viraria broadcast e o isolamento seria ilusao. Fecha a assimetria contraintuitiva do mapa - o radio tinha 37 ensaios e grau O APARELHO OBEDECEU enquanto o CABO, onde o defeito nunca apareceu, estava so em MONTOU.",
cor-rota-hidraw-sem-steam-2235,luz.lightbar.cor@dualsense,radio,,,2026-08-12T22:35:02,a ROTA de escrita: sysfs (multi_intensity) contra hidraw cru (report 0x31 montado pelo produto),sim,obedece,,olho-dela,"bancada 12/08 noite - scripts de bancada pintar_por_rota.py, DAEMON PARADO (22:34:53) e Steam FECHADA, 2 DualSense no radio + 2 no cabo na mesa","O LADO QUE FALTAVA: ate hoje esta rota so tinha ensaio COM a Steam viva, e la o resultado foi PARCIAL (venceu no instante e a Steam repintou um dos três depois). Aqui, sem nenhum outro escritor: magenta (255,0,255) escrito por 0x31 nos DOIS controles do radio as 22:35:02, e as barras continuavam magenta 136 s depois - o DOBRO do prazo de 60 s que o ensaio pedia. Ela: 'dois bt tao magenta... seguem iguais, nenhum mudou'. CONSEQUENCIA: o firmware GUARDA a cor sozinho, sem keepalive e sem reforco - a suspeita de que ele esquece entre escritas cai, e a disputa com a Steam passa a ser o problema inteiro, não sintoma.",
cor-rota-sysfs-sem-steam-2237,luz.lightbar.cor@dualsense,radio,,,2026-08-12T22:37:50,a ROTA de escrita: sysfs (multi_intensity) contra hidraw cru (report 0x31 montado pelo produto),não,obedece,,olho-dela,"bancada 12/08 noite - pintar_por_rota.py, DAEMON PARADO e Steam FECHADA, mesmos dois controles do radio e no mesmo minuto do ensaio cor-rota-hidraw-sem-steam-2235","CONTROLE do ensaio anterior, e o que separa duas coisas que estavam coladas. As barras saiam do MAGENTA escrito por 0x31 e viraram VERDE (0,255,0) pelo sysfs nos DOIS controles. Ela: 'todos os controles estao verdes'. CONSEQUENCIA: o sysfs funciona EM REGIME quando não ha outro escritor - ele não e rota morta. O que o derrubou em 12/08 foi a PROBE com a Steam viva (lightbar-probe-suja-steam), não a rota em si. A supressao da rota hidraw por radio e, portanto, ainda mais estreita do que a hipotese enunciada supunha.",
cor-rota-sysfs-cabo-sem-steam-2239,luz.lightbar.cor@dualsense,cabo,,,2026-08-12T22:39:30,a ROTA de escrita: sysfs (multi_intensity) contra hidraw cru (report 0x31 montado pelo produto),não,obedece,,olho-dela,"bancada 12/08 noite - escrita direta em multi_intensity+brightness dos quatro nos de LED, DAEMON PARADO e Steam FECHADA","Amarelo (255,255,0) escrito por SYSFS nos QUATRO controles (2 cabo + 2 radio) saindo do verde. Ela: 'todos amarelo'. Este registro e o lado CABO; completa a matriz rota x transporte sem outro escritor: hidraw+radio obedece, sysfs+radio obedece, sysfs+cabo obedece. Com a Steam viva (12/08) a mesma matriz dava sysfs+radio NAO obedece e hidraw+radio parcial - a diferença e o escritor de terceiro, não a rota.",
ps-nao-reconecta-daemon-parado-2242,combinacao.tres_na_mesa@dualsense,radio,,,2026-08-12T22:42:49,"o adaptador com Connectable=false, que RECUSA a conexão de entrada (o controle e quem inicia, ReconnectMode=device)",sim,obedece,,olho-dela,"bancada 12/08 noite - daemon PARADO desde 22:34:53 para os ensaios de rota; estado do BlueZ lido por busctl (org.bluez.Adapter1 e Device1), não por bluetoothctl","CORRIGIDO as 22:45 do mesmo dia, por ela: NAO E DEFEITO. A conexão automática do BlueZ esta desligada por PEDIDO DELA, decisão anterior, tomada por causa dos problemas que a reconexao automática trazia. O registro anterior julgava como 'não obedece' um comportamento INTENCIONAL - erro meu de interpretacao, não do aparelho. O que fica MEDIDO e o fato, não o julgamento: apertar PS várias vezes não reconecta; clicar em 'conectar' no painel do sistema conecta, porque inverte a direção (quem inicia passa a ser o HOST). No D-Bus: hci0 com Connectable=false; os dois controles Paired=true Bonded=true Trusted=true ReconnectMode=device. O bond esta INTACTO. O produto não escreve Connectable em lugar nenhum - mexe em FastConnectable do main.conf (bluez_config.sh) e no alias do adaptador (bt_active_mode.sh:60-62).",
comb-cabo-radio-saida-2212,combinacao.cabo_e_radio.saida@dualsense,cabo,,,2026-08-12T22:12:27,a SAIDA não chegar aos dois transportes quando ha um controle de cada na mesa,sim,obedece,,olho-dela,"bancada 12/08 noite - 4 DualSense na mesa (2 cabo + 2 radio), daemon VIVO salvo onde dito","Reaproveita o ensaio rumble-ff-cura-cabo-par/radio-par: FF disparado no cabo e no radio na MESMA janela (0,0 ms), daemon VIVO, 8,28 s. Ela: 'funcionou em ambos, aparentemente iguais'. E a resposta direta desta linha - a saida chega aos DOIS transportes ao mesmo tempo.",
comb-cabo-radio-saida-2212-r,combinacao.cabo_e_radio.saida@dualsense,radio,,,2026-08-12T22:12:27,a SAIDA não chegar aos dois transportes quando ha um controle de cada na mesa,sim,obedece,,olho-dela,"bancada 12/08 noite - 4 DualSense na mesa (2 cabo + 2 radio), daemon VIVO salvo onde dito",Lado RADIO do mesmo disparo simultaneo.,
comb-dois-no-radio-saida-2235,combinacao.dois_no_radio.saida@dualsense,radio,,,2026-08-12T22:35:02,a SAIDA não chegar aos DOIS controles do radio ao mesmo tempo,sim,obedece,,olho-dela,"bancada 12/08 noite - pintar_por_rota.py, daemon PARADO e Steam FECHADA","Reaproveita cor-rota-hidraw-sem-steam-2235 e cor-rota-sysfs-sem-steam-2237: magenta por 0x31 e depois verde por sysfs, os DOIS controles do radio obedecendo nas duas rotas. Ela: 'dois bt tao magenta' e depois 'todos os controles estao verdes'.",
comb-slot-jogador-2200,combinacao.slot_jogador.estabilidade@dualsense,cabo,,,2026-08-12T22:00:35,o numero de jogador NAO se manter quando outro controle sai da mesa,sim,parcial,,olho-dela,"bancada 12/08 noite - observado durante a queda espontanea de um controle do cabo, com numeracao lida pelo ensaio_rumble_em_par.py --listar antes e depois","PARCIAL, e o parcial e o dado: quando o controle do cabo caiu as 22:00:33 o daemon removeu o jogador (coop_player_removed, players=3) e RENUMEROU os que ficaram - o event29 era P4 e virou P3. Quando o controle voltou, o event29 voltou a P4. Ou seja: o numero NAO se mantem, mas a renumeracao e reversivel e simetrica. Se isso e o desejado e DECISAO DELA: num co-op em andamento, o jogador 4 virar 3 troca quem e quem no meio da partida.",
topologia-do-fio-0721,combinacao.adaptador_no_mesmo_controlador@dualsense,cabo,,,2026-08-15T07:21:15,"o adaptador de rádio viver num controlador xHCI SEPARADO do dos controles do cabo, o que tornaria a saturação compartilhada impossível por construção",não,obedece,,bancada,"E-1 da mesa 2+2, sem biblioteca nenhuma (`readlink -f` e `lsusb` do shell) e sem abrir hidraw nenhum; bruto em docs/data/ensaios-brutos/2026-08-15-E1-topologia-do-fio.txt","Os DOIS controles do cabo (`usb3/3-2` e `usb3/3-3`) saem do MESMO nó PCI de xHCI que o adaptador, `0000:0c:00.3`. A régua independente deste braço é o descritor: `bInterval = 4 ms` nos endpoints de interrupção HID (`ep_03` e `ep_84`), ou seja 250 Hz DECLARADOS — o mesmo número que o E-2 mediu entregue. O suspeito da separação está AUSENTE: eles dividem o controlador. Falta o outro lado, e ele é o ensaio com o dongle MOVIDO para outro xHCI, que ninguém fez.",
topologia-do-fio-0721-r,combinacao.adaptador_no_mesmo_controlador@dualsense,radio,,,2026-08-15T07:21:15,"o adaptador de rádio viver num controlador xHCI SEPARADO do dos controles do cabo, o que tornaria a saturação compartilhada impossível por construção",não,obedece,,bancada,"E-1 da mesa 2+2, lado do adaptador; bruto em docs/data/ensaios-brutos/2026-08-15-E1-topologia-do-fio.txt","O adaptador é `usb3/3-4` sob o mesmo `0000:0c:00.3`, driver `btusb`, 12 Mbit/s: `/sys/devices/pci0000:00/0000:00:08.1/0000:0c:00.3/usb3/3-4/3-4:1.0/bluetooth/hci0`. Contraste que o mesmo ensaio registra: os CONTROLES do rádio não ficam sob USB nenhum, e sim em `/sys/devices/virtual/misc/uhid/` (BlueZ >= 5.73). Quem divide o controlador é o ADAPTADOR, não eles.",
dose-companhia-0728-com,combinacao.adaptador_no_mesmo_controlador@dualsense,cabo,,,2026-08-15T07:28:26,a captura de microfone USB no MESMO controlador xHCI cobrar preço na taxa de entrada do CABO,sim,obedece,,bancada,"E-6 da mesa 2+2, patamares 1 e 2 (um e dois microfones capturando), 15 s por patamar, escada alternada em 4 rodadas; bruto em docs/data/ensaios-brutos/2026-08-15-E5-E6-microfone_no_cabo.txt","Com 1 microfone e com 2 microfones capturando, os dois controles do cabo ficaram em 250,0 Hz, mínimo 250 e máximo 250 nos dois patamares. Dispersão 0,0 Hz.",
dose-companhia-0728-sem,combinacao.adaptador_no_mesmo_controlador@dualsense,cabo,,,2026-08-15T07:28:09,a captura de microfone USB no MESMO controlador xHCI cobrar preço na taxa de entrada do CABO,não,obedece,,bancada,"E-6 da mesa 2+2, patamar 0 (nenhum microfone capturando), 4 janelas de 15 s; bruto em docs/data/ensaios-brutos/2026-08-15-E5-E6-microfone_no_cabo.txt","Sem carga nenhuma, os dois do cabo em 250,0 Hz — o MESMO número dos patamares com carga. É o lado SEM o suspeito, e é ele que fecha a eliminação: variação +0,0 Hz contra dispersão 0,0 Hz.",
dose-companhia-0728-r-com,combinacao.adaptador_no_mesmo_controlador@dualsense,radio,,,2026-08-15T07:28:26,a captura de microfone USB no MESMO controlador xHCI cobrar preço na taxa de entrada do RÁDIO,sim,obedece,,bancada,"E-6 da mesa 2+2, patamares 1 e 2, 15 s por patamar, escada alternada em 4 rodadas; bruto em docs/data/ensaios-brutos/2026-08-15-E5-E6-microfone_no_cabo.txt","Um controle do rádio: 358,0 Hz no patamar 1 e 358,0 no 2, contra 359,0 no patamar 0 — variação de +1,0 Hz contra dispersão de 11,9 Hz. O outro: 215,5 e 205,8 contra 203,2 — variação de -2,6 Hz contra dispersão de 43,7 Hz. Queda menor que a própria dispersão NÃO é dose-resposta. LIMITE: a mesa tem DOIS aparelhos por braço e nenhum trocou de braço, então ""rádio contra cabo"" está confundido com ""estas duas unidades contra aquelas duas"".",
dose-companhia-0728-r-sem,combinacao.adaptador_no_mesmo_controlador@dualsense,radio,,,2026-08-15T07:28:09,a captura de microfone USB no MESMO controlador xHCI cobrar preço na taxa de entrada do RÁDIO,não,obedece,,bancada,"E-6 da mesa 2+2, patamar 0 (nenhum microfone capturando), 4 janelas de 15 s; bruto em docs/data/ensaios-brutos/2026-08-15-E5-E6-microfone_no_cabo.txt","Sem carga: 359,0 Hz (355-367) num controle e 203,2 Hz (173-217) no outro. É o lado SEM o suspeito. As duas metades juntas dão o veredito do dia: a companhia no controlador compartilhado NÃO É A CAUSA de queda de taxa sob esta carga.",
taxa-oito-nos-0743,combinacao.cabo_e_radio.taxa@dualsense,cabo,,,2026-08-15T07:43:56,a taxa de entrada do CABO cair quando há um transporte diferente ocupando a mesa,sim,obedece,,bancada,"E-2 da mesa 2+2 — 8 nós de hidraw na MESMA janela de 20 s, físicos pelo broker (SCM_RIGHTS) e vpads por `open()`, sonda de captura de áudio em 0 processos; bruto em docs/data/ensaios-brutos/2026-08-15-E2-taxa-dos-oito-nos.txt","5000 e 5001 relatórios `0x01` de 64 B em 20,000 s = 250,0 Hz nos dois controles do cabo, com dois controles do rádio na mesma mesa. Na janela de 60 s do E-3: 15000 e 15000, 250,0 Hz de novo. Régua: 1 relatório = 1 `read()` que voltou no hidraw, nunca um `SYN_REPORT` do evdev. LIMITE: a mesa tem DOIS aparelhos por braço e nenhum trocou de braço, então ""rádio contra cabo"" está confundido com ""estas duas unidades contra aquelas duas"".",
taxa-oito-nos-0743-r,combinacao.cabo_e_radio.taxa@dualsense,radio,,,2026-08-15T07:43:56,"a taxa de entrada do RÁDIO ser um número estável, publicável como ponto, e não uma faixa",sim,não obedece,,bancada,"E-2, E-3, E-4 e E-6 da mesa 2+2 — 16 janelas ao todo no mesmo dia; brutos em docs/data/ensaios-brutos/2026-08-15-E2-taxa-dos-oito-nos.txt, docs/data/ensaios-brutos/2026-08-15-E3-crc-de-entrada.txt, docs/data/ensaios-brutos/2026-08-15-E4-imu_no_cabo.txt e docs/data/ensaios-brutos/2026-08-15-E5-E6-microfone_no_cabo.txt","`não obedece` aqui é sobre o SUSPEITO, e o suspeito era a estabilidade: ela caiu. Os dois do rádio entregaram `0x31` de 78 B a 381,5 e 191,4 Hz (20 s), 402,9 e 186,2 Hz (60 s), 375,6 e 196,4 Hz (E-4), e nas 12 janelas de 15 s do E-6 o envelope do dia ficou em 354,4-402,9 Hz num controle e 173,2-232,3 Hz no outro. A ENTREGA aconteceu em todas as janelas; o que não existe é o número único. LIMITE: a mesa tem DOIS aparelhos por braço e nenhum trocou de braço, então ""rádio contra cabo"" está confundido com ""estas duas unidades contra aquelas duas"".",
entrada-oito-nos-0743,combinacao.cabo_e_radio.entrada@dualsense,cabo,,,2026-08-15T07:43:56,"a ENTRADA do CABO parar de chegar, ou chegar deformada, quando há um transporte diferente ocupando a mesa",sim,obedece,,bancada,"E-2 e E-3 da mesa 2+2 — janelas de 20 s e de 60 s, 8 nós lidos ao mesmo tempo; brutos em docs/data/ensaios-brutos/2026-08-15-E2-taxa-dos-oito-nos.txt e docs/data/ensaios-brutos/2026-08-15-E3-crc-de-entrada.txt","Nenhum nó ficou mudo e nenhum quadro saiu fora do formato: 64 B em todos os 5000/5001 relatórios de 20 s e nos 15000/15000 de 60 s, sempre `0x01`. Os controles estavam PARADOS: isto mede a entrada de estado, não a de evento.",
entrada-oito-nos-0743-r,combinacao.cabo_e_radio.entrada@dualsense,radio,,,2026-08-15T07:43:56,"a ENTRADA do RÁDIO parar de chegar, ou chegar deformada, quando há um transporte diferente ocupando a mesa",sim,obedece,,bancada,"E-2 e E-3 da mesa 2+2 — janelas de 20 s e de 60 s, 8 nós lidos ao mesmo tempo; brutos em docs/data/ensaios-brutos/2026-08-15-E2-taxa-dos-oito-nos.txt e docs/data/ensaios-brutos/2026-08-15-E3-crc-de-entrada.txt","7631 e 3828 relatórios `0x31` de 78 B em 20 s; 24176 e 11175 em 60 s, todos com CRC de entrada conferido e 0 falhas. Chegar e chegar REGULARMENTE são duas perguntas: só a primeira está respondida com `obedece` (a segunda é `taxa-oito-nos-0743-r`).",
mesa-cheia-oito-nos-0743,combinacao.tres_na_mesa@dualsense,cabo,,,2026-08-15T07:43:56,a mesa cheia (quatro controles físicos mais os quatro vpads) derrubar ou emudecer algum nó do CABO,sim,obedece,,bancada,E-2 e E-3 da mesa 2+2 — QUATRO controles (mais que os três da pergunta) e oito nós de hidraw na mesma janela; brutos em docs/data/ensaios-brutos/2026-08-15-E2-taxa-dos-oito-nos.txt e docs/data/ensaios-brutos/2026-08-15-E3-crc-de-entrada.txt,"Os dois do cabo em 250,0 Hz nas duas janelas, sem um quadro fora do formato, com os dois do rádio e os quatro vpads sendo lidos ao mesmo tempo. MEDIDA A PRESENÇA, não a partida: sem Steam aberto, sem espelho do Steam Input e sem ninguém apertando nada.",
mesa-cheia-oito-nos-0743-r,combinacao.tres_na_mesa@dualsense,radio,,,2026-08-15T07:43:56,a mesa cheia (quatro controles físicos mais os quatro vpads) derrubar ou emudecer algum nó do RÁDIO,sim,obedece,,bancada,E-2 e E-3 da mesa 2+2 — quatro controles e oito nós na mesma janela; brutos em docs/data/ensaios-brutos/2026-08-15-E2-taxa-dos-oito-nos.txt e docs/data/ensaios-brutos/2026-08-15-E3-crc-de-entrada.txt,"Os dois do rádio entregaram nas duas janelas (381,5 e 191,4 Hz em 20 s; 402,9 e 186,2 Hz em 60 s) com 0 falhas de CRC nos 35.351 quadros do E-3. Os quatro vpads da mesma janela deram 159,4 / 158,4 / 174,2 / 26,0 Hz — o P4 a 26 Hz é o único número da mesa que ninguém explicou.",
crc-dois-no-radio-0747,combinacao.dois_no_radio.crc@dualsense,radio,,,2026-08-15T07:47:51,dois controles no rádio aumentarem as falhas de CRC de ENTRADA — a suspeita escrita em `core/backend_pydualsense.py:200-207`,sim,obedece,,bancada,"E-3 da mesa 2+2 — 60 s numa janela só, dois no rádio e dois no cabo, CRC-32 de entrada com semente 0xA1 de `core/ds_output_report`; bruto em docs/data/ensaios-brutos/2026-08-15-E3-crc-de-entrada.txt","35.351 quadros `0x31` conferidos e ZERO falhas: 24.176 conferem / 0 diferem num controle, 11.175 conferem / 0 diferem no outro. Com o suspeito PRESENTE (dois no rádio) a conferência não acusou nada, o que DERRUBA POR MEDIÇÃO a suspeita do comentário para a ENTRADA. Falta o outro lado — um só controle no rádio — para a eliminação fechar. Nada aqui fala da SAÍDA, que é a outra metade do mesmo comentário.",
crc-controle-positivo-0748,combinacao.dois_no_radio.crc@dualsense,radio,,,2026-08-15T07:48:51,"o instrumento contar 0 falhas por estar CEGO, isto é, por não conferir CRC nenhum",não,obedece,,bancada,"E-3 da mesa 2+2, bloco final — quadros SINTÉTICOS em memória, nenhum byte lido de aparelho nenhum; bruto em docs/data/ensaios-brutos/2026-08-15-E3-crc-de-entrada.txt","Quadro íntegro: confere=1, difere=0. Um bit trocado: confere=0, difere=1. Trailer corrompido: confere=0, difere=1. VEREDITO impresso pelo próprio instrumento: a conferência MORDE. É o que autoriza ler o zero do ensaio de cima como zero do produto, e não como cegueira do instrumento — a armadilha desta casa é justamente essa.",
imu-cabo-um-g-0727,movimento.acelerometro@dualsense,cabo,,,2026-08-15T07:27:28,"o acelerômetro do CABO entregar número não calibrado, isto é, módulo longe de 1 g com o controle parado na mesa",não,obedece,,bancada,"E-4 da mesa 2+2 — `scripts/ensaios/imu_no_cabo.py --segundos 20`, leitura pura pelo broker, sem escrever no aparelho e sem parar o daemon; bruto em docs/data/ensaios-brutos/2026-08-15-E4-imu_no_cabo.txt","|v| = 1,0095 g (+-0,0139) e 0,9777 g (+-0,0140) nos dois controles do cabo, 5000 e 5001 relatórios em 20 s — erro máximo de 2,2% contra 1 g. Régua `DS_ACC_RES_PER_G = 8192 LSB/g` do `hid-playstation.c`, CONFERIDA fora da conta contra o `EVIOCGABS` desta máquina (`event22` e `event26` publicam `resolution = 8192`). Offsets do cabo: `0x01`, 64 B, accel em 22..27 e giro em 16..21. Giroscópio parado como acompanhante: <= 0,02 graus/s. Isto mede o APARELHO — que o Hefesto não converta ABS_X/Y/Z para a interface continua valendo.",
imu-radio-controle-negativo-0727,movimento.acelerometro@dualsense,radio,,,2026-08-15T07:27:28,"a régua do E-4 estar errada, produzindo um 1 g convincente e falso em qualquer transporte",não,obedece,,bancada,"E-4 da mesa 2+2, braço do rádio como controle negativo; bruto em docs/data/ensaios-brutos/2026-08-15-E4-imu_no_cabo.txt","Na MESMA janela, os dois do rádio deram 0,9899 g (+-0,0012) e 0,9777 g (+-0,0015), com offsets diferentes (`0x31`, 78 B, accel em 23..28) — reproduzindo a medição de 14/08 dentro de 0,5%. Régua absoluta (o módulo da gravidade), nenhum braço comparado com o outro: é isto que autoriza acreditar no número do cabo.",
mic-cabo-capta-0727,audio.microfone@dualsense,cabo,,,2026-08-15T07:27:52,o microfone do CABO estar mudo (silêncio digital) apesar de a placa ALSA do controle existir,não,obedece,,bancada,"E-5 da mesa 2+2 — `arecord` externo nas duas placas do cabo (`hw:2,0` e `hw:3,0`); bruto em docs/data/ensaios-brutos/2026-08-15-E5-E6-microfone_no_cabo.txt","480.000 amostras por placa, com 474.078 e 476.620 NÃO-ZERO, pico 282 e 535, RMS 64,6 e 116,2 — piso de ruído, que é o que um microfone vivo entrega numa sala quieta. NEGATIVO DA RÉGUA, pelo mesmo `arecord`, numa fonte que se sabe muda (`alsa_output...iec958-stereo.monitor`): 288.000 amostras, 0 não-zero, pico 0 — zeros EXATOS. O que o aparelho diz de si no `status[1]` é `0x08` nos dois (jack sem fone, bit de mudo limpo), e isso é byte, não veredito: `DS_STATUS1_MIC_MUTE` é definido no driver e nunca lido por ele.",
mic-radio-sem-placa-alsa-0727,audio.microfone@dualsense,radio,,,2026-08-15T07:27:52,"a ROTA ALSA existir no rádio, isto é, os controles do rádio publicarem placa de captura como os do cabo publicam",não,não obedece,,bancada,E-5 da mesa 2+2 — placas ALSA amarradas ao controle pelo dispositivo USB em comum; bruto em docs/data/ensaios-brutos/2026-08-15-E5-E6-microfone_no_cabo.txt,"Os dois do cabo têm placa (`card2` `Controller` e `card3` `Controller_1`, 2 canais de captura cada). Os DOIS do rádio não têm NENHUMA. LEIA COM PRECISÃO, porque a formulação errada aqui vira fato falso amanhã: isto prova que a ROTA ALSA não existe no rádio, e NÃO prova que o aparelho não capta por rádio — que ele capta por rádio está medido desde 25/07, por outra rota (HID com Opus, `0x32` de saída e `0x31` de entrada). O `status[1]` dos dois do rádio é `0x40` (jack sem fone, bit de mudo limpo).",
taxa-giro-cabo-0743,movimento.giroscopio.taxa@dualsense,cabo,,,2026-08-15T07:43:56,a taxa ENTREGUE pelo cabo divergir dos 250 Hz que o descritor declara,não,obedece,,bancada,"E-1 (descritor), E-2, E-3, E-4 e E-6 da mesa 2+2 — 16 janelas no mesmo dia; brutos em docs/data/ensaios-brutos/2026-08-15-E1-topologia-do-fio.txt, docs/data/ensaios-brutos/2026-08-15-E2-taxa-dos-oito-nos.txt, docs/data/ensaios-brutos/2026-08-15-E3-crc-de-entrada.txt, docs/data/ensaios-brutos/2026-08-15-E4-imu_no_cabo.txt e docs/data/ensaios-brutos/2026-08-15-E5-E6-microfone_no_cabo.txt","250,0 Hz em todas as janelas e nos DOIS controles do cabo: 5000/5001 em 20 s, 15000/15000 em 60 s, e 250,0 Hz nas 24 janelas de 15 s do E-6, com dispersão 0,0 Hz. O descritor desta máquina diz `bInterval = 4 ms` nos endpoints de interrupção HID, que são os mesmos 250 Hz — declarado e entregue coincidem no cabo.",
taxa-giro-radio-0743,movimento.giroscopio.taxa@dualsense,radio,,,2026-08-15T07:43:56,o aparelho entregar por rádio os 1000 Hz que o SDL DECLARA para Bluetooth,não,não obedece,,bancada,"E-2, E-3, E-4 e E-6 da mesa 2+2 — 16 janelas no mesmo dia; brutos em docs/data/ensaios-brutos/2026-08-15-E2-taxa-dos-oito-nos.txt, docs/data/ensaios-brutos/2026-08-15-E3-crc-de-entrada.txt, docs/data/ensaios-brutos/2026-08-15-E4-imu_no_cabo.txt e docs/data/ensaios-brutos/2026-08-15-E5-E6-microfone_no_cabo.txt","O máximo já medido em janela nenhuma, de dia nenhum, foi 402,9 Hz. O envelope de 15/08 ficou em 354,4-402,9 Hz num controle e 173,2-232,3 Hz no outro. O 1000 Hz é DECLARAÇÃO DO SDL, e está registrado como tal para ninguém o reintroduzir como taxa do aparelho. O que continua por medir é o que o SDL DECLARA AO JOGO — só medível contra a SDL3 que a Steam distribui, nunca contra a libSDL2 do sistema. LIMITE: a mesa tem DOIS aparelhos por braço e nenhum trocou de braço, então ""rádio contra cabo"" está confundido com ""estas duas unidades contra aquelas duas"".",
cor-do-plastico-cabo-e7,identidade.cor_do_aparelho@dualsense,cabo,,,2026-08-15T14:47:52,"a cor do plástico é legível do APARELHO pelo par de features 0x80 (SET, base 1 / num 19) -> 0x81 (GET, 64 B), nos caracteres 5 e 6 do serial de fábrica (`serial[4:6]`)",sim,obedece,,bancada,"E7 — scripts/ensaios/cor_do_plastico.py, pela porta do broker (SCM_RIGHTS), daemon RODANDO, sem parar nada; brutos em docs/data/ensaios-brutos/2026-08-15-E7-cor-do-plastico.txt e no .csv tabular do mesmo ensaio","hidraw4 (d4:2f:4b:00:00:d8) devolveu o código 05 = Starlight Blue e hidraw5 (a0:fa:9c:00:00:f0) devolveu 04 = Galactic Purple, os dois pelo FIO, com a resposta validada por buf[1]==1, buf[2]==19 e buf[3]==2 antes de qualquer parse. A ÂNCORA BATEU: sem consultar a tabela da sprint UNIDADE-COR-01, o serial respondeu a mesma cor que ela já tinha associado ao hardware_version de cada um. PROVA DE VIDA antes e depois de cada escrita, em cada execução: feature 0x20 idêntico byte a byte, hardware_version idêntico, 3 de 3 reports de entrada. O comando foi enviado mais de uma vez a cada controle e todas as provas fecharam iguais. RESSALVA DE RELÓGIO: o bruto não carimba hora, só a data — o `quando` acima é o horário do arquivo bruto nesta árvore, e serve para ordenar, não para cronometrar.",
cor-do-plastico-radio-e7,identidade.cor_do_aparelho@dualsense,radio,,,2026-08-27T14:45:00,"a cor do plástico é legível do APARELHO pelo par de features 0x80 (SET, base 1 / num 19) -> 0x81 (GET, 64 B), nos caracteres 5 e 6 do serial de fábrica (`serial[4:6]`)",sim,sim,obedece,bancada,"E7 — scripts/ensaios/cor_do_plastico.py com as travas --exigir-mac e --sem-crc, pela porta do broker (SCM_RIGHTS), daemon RODANDO; bruto em docs/data/ensaios-brutos/2026-08-15-E7-cor-do-plastico.txt:81-129","MEDIDO EM 27/08/2026 — E O RESULTADO DE 15/08 CAIU. Alvo hidraw8 (44:46:48:00:00:03), no rádio: SET_FEATURE 0x80 [01 13] ACEITO, resposta 0x81 com serial F55602... -> código 02 -> Cosmic Red. FATO ERRADO, SUBSTITUIDO: a nota antiga dizia 'RESULTADO NEGATIVO (...) o CRC não é o discriminante'. Era exatamente ele. As sementes do CRC-32 são o byte de cabecalho da transacao HIDP, e há uma por sentido: 0xA3 é DATA|FEATURE (o feature que CHEGA), 0x53 é SET_REPORT|FEATURE (o que SAI). O ensaio de 15/08 e o de 23/08 assinaram um SET_REPORT com a semente de DATA. Experimento de 27/08, mesmo controle e mesmo comando, um byte diferente: --semente feature (0xA3) errno 5; --semente output (0xA2) errno 5; --semente set-feature (0x53) ACEITO. O 0x53 veio de pesquisa externa (pesquisa externa, 27/08) e esta bancada o mediu. Os dois controles seguiram sãos: 0x20 igual byte a byte antes e depois.",
troca-bracos-epipe-cabo,plataforma.declarado_sem_resposta@dualsense,cabo,,,2026-08-15T19:26:00,"o firmware implementar os 22 feature reports que o descritor do CABO declara — e, no contrário, as recusas serem artefato do instrumento (buffer chutado, lista de ids do outro transporte, daemon disputando o nó)",sim,não obedece,,bancada,"censo da TROCA DE BRAÇOS — scripts/ensaios/censo_features.py varrendo a UNIÃO dos dois descritores (24 ids), pela porta do broker (SCM_RIGHTS), daemon RODANDO, sem parar nada e sem escrever byte nenhum; bruto em docs/data/ensaios-brutos/2026-08-15-TROCA-DE-BRACOS-os-mesmos-quatro-nos-dois-transportes.txt","Dos 22 que o cabo declara, 12 responderam e DEZ devolveram EPIPE, os MESMOS dez nos dois aparelhos do fio: 0x08, 0x0A, 0x0C, 0x21, 0x80, 0x82, 0x84, 0xA0, 0xF0 e 0xF4. 44 leituras por cabo, todas na 1ª tentativa, todas em 0,21 s exatos — a recusa é imediata e determinística, não um timeout. O INSTRUMENTO ESTÁ DESCARTADO como causa por três vias: os tamanhos saíram do próprio report_descriptor e não de chute; os mesmos cinco ids (0x08, 0x80, 0x82, 0xF0, 0xF4) responderam por RÁDIO na MESMA corrida, com o mesmo instrumento e o mesmo daemon de pé; e o 0xF0/0xF4 já tinham dado EPIPE no cabo às 17h32 (D-32) em outras DUAS unidades. É resposta do aparelho.",
troca-bracos-epipe-radio,plataforma.declarado_sem_resposta@dualsense,radio,,,2026-08-15T19:26:00,o mesmo buraco existir por RÁDIO — algum dos 17 feature reports que o descritor do rádio declara ser recusado pelo firmware,não,obedece,,bancada,"censo da TROCA DE BRAÇOS — scripts/ensaios/censo_features.py, mesma corrida e mesmo instrumento do ensaio do cabo; bruto em docs/data/ensaios-brutos/2026-08-15-TROCA-DE-BRACOS-os-mesmos-quatro-nos-dois-transportes.txt","17 de 17 responderam nos dois aparelhos do ar: 34 leituras, todas na 1ª tentativa, entre 0,01 s e 0,05 s. Nenhum EPIPE. É o CONTROLE NEGATIVO do ensaio do cabo — o mesmo instrumento, o mesmo daemon, a mesma janela — e é ele que autoriza ler as dez recusas do fio como resposta do aparelho e não como defeito de medição. RESSALVA: voltar TODO ZERO (0x08, 0x80, 0x82, 0xF0, 0xF4, 0xF6) é entregar, não é recusar; são duas respostas diferentes e o mapa guarda as duas.",
troca-bracos-taxa-cabo,combinacao.cabo_e_radio.taxa@dualsense,cabo,,,2026-08-15T19:32:42,"os 250,0 Hz do cabo serem daquelas DUAS UNIDADES e não do transporte — o confundimento braço/unidade que a mesa 2+2 não conseguia separar",não,obedece,,bancada,"TROCA DE BRAÇOS, metade DEPOIS do E-2 — scripts/ensaios/taxa_no_hidraw.py, janela única de 20,000 s de relógio monotônico, oito nós, pela porta do broker (SCM_RIGHTS), daemon RODANDO; bruto em docs/data/ensaios-brutos/2026-08-15-TROCA-DE-BRACOS-taxa-e-0x22-depois.txt","Ela trocou os braços às 19h: os dois do fio foram para o rádio e os dois do rádio foram para o fio. Os dois que AGORA estão no cabo — 14:3a:9a e 44:46:48, que às 07h43 estavam no ar entregando 191,4 e 381,5 Hz — entregaram 5000 relatórios EXATOS cada um, 250,0 Hz, `0x01` de 64 B. Somando as duas corridas, QUATRO aparelhos diferentes deram 250,0 Hz no fio (5000, 5001, 5000, 5000 em 20,000 s). O suspeito CAIU: os 250,0 Hz são do CABO. Régua: 1 relatório = 1 read() que retornou no hidraw, nunca um SYN_REPORT. CONTROLE POSITIVO da inversão: o `hardware_version` continuou colado a cada unidade, então os rótulos não foram trocados pelo instrumento. O próprio instrumento imprimiu o alerta de que os dois do cabo contaram o MESMO número — os nós são hidraw8 e hidraw10, distintos.",
troca-bracos-taxa-radio,combinacao.cabo_e_radio.taxa@dualsense,radio,,,2026-08-15T19:32:42,"a variabilidade do rádio ser daquelas DUAS UNIDADES e não do transporte — e, junto, a desigualdade de quase o dobro entre os dois aparelhos do mesmo braço ser defeito de um deles",não,não obedece,,bancada,"TROCA DE BRAÇOS, metade DEPOIS do E-2 — mesma janela e mesmo instrumento do ensaio do cabo; bruto em docs/data/ensaios-brutos/2026-08-15-TROCA-DE-BRACOS-taxa-e-0x22-depois.txt","Os dois que AGORA estão no rádio — d4:2f:4b e a0:fa:9c, que às 07h43 davam 250,00 e 250,05 Hz cravados no fio — entregaram 279,1 Hz (5582/20,000 s) e 157,8 Hz (3157/20,000 s). Nenhuma unidade levou a sua taxa de um braço para o outro: a variabilidade é do RÁDIO. O suspeito da UNIDADE caiu. O que NÃO caiu, e é por isso que o resultado é `não obedece`: a desigualdade entre os dois aparelhos do mesmo braço ATRAVESSOU a troca — de manhã eram 381,5 contra 191,4 Hz, à noite 279,1 contra 157,8 Hz, sempre com um quase o dobro do outro, e com unidades diferentes nos dois casos. Continua sem explicação, e agora sem poder ser atribuída a um aparelho. Envelope do dia no rádio: 157,8 a 402,9 Hz.",
rumble-cabo-1,vibracao.rumble.direito@dualsense,cabo,,,2026-08-15T22:15:00,o byte common[2] (weak) chegando ao motor pelo CABO,sim,obedece,,olho-dela,"bancada 15/08 22h15 — mesa 2+2 com os braços TROCADOS (a troca das 19h). Instrumento scripts/ensaio_rumble_em_par.py, rota evdev FF (EVIOCSFF) -> hid_playstation. Daemon VIVO (keepalive 0,5 s corta o pulso; a pergunta é QUAL motor, não por quanto tempo). Teste CEGO: ela não sabia o que foi enviado antes de relatar.","pulso A: weak=50000 strong=0 -> ela relatou DIREITA, sem saber o que foi enviado",
rumble-cabo-2,vibracao.rumble.direito@dualsense,cabo,,,2026-08-15T22:15:00,o byte common[2] (weak) chegando ao motor pelo CABO,não,não obedece,,olho-dela,"bancada 15/08 22h15 — mesa 2+2 com os braços TROCADOS (a troca das 19h). Instrumento scripts/ensaio_rumble_em_par.py, rota evdev FF (EVIOCSFF) -> hid_playstation. Daemon VIVO (keepalive 0,5 s corta o pulso; a pergunta é QUAL motor, não por quanto tempo). Teste CEGO: ela não sabia o que foi enviado antes de relatar.",pulso B: weak=0 strong=50000 -> ela relatou ESQUERDA; o direito ficou parado,
rumble-cabo-3,vibracao.rumble.esquerdo@dualsense,cabo,,,2026-08-15T22:15:00,o byte common[3] (strong) chegando ao motor pelo CABO,sim,obedece,,olho-dela,"bancada 15/08 22h15 — mesa 2+2 com os braços TROCADOS (a troca das 19h). Instrumento scripts/ensaio_rumble_em_par.py, rota evdev FF (EVIOCSFF) -> hid_playstation. Daemon VIVO (keepalive 0,5 s corta o pulso; a pergunta é QUAL motor, não por quanto tempo). Teste CEGO: ela não sabia o que foi enviado antes de relatar.","pulso B: strong=50000 weak=0 -> ela relatou ESQUERDA, sem saber o que foi enviado",
rumble-cabo-4,vibracao.rumble.esquerdo@dualsense,cabo,,,2026-08-15T22:15:00,o byte common[3] (strong) chegando ao motor pelo CABO,não,não obedece,,olho-dela,"bancada 15/08 22h15 — mesa 2+2 com os braços TROCADOS (a troca das 19h). Instrumento scripts/ensaio_rumble_em_par.py, rota evdev FF (EVIOCSFF) -> hid_playstation. Daemon VIVO (keepalive 0,5 s corta o pulso; a pergunta é QUAL motor, não por quanto tempo). Teste CEGO: ela não sabia o que foi enviado antes de relatar.",pulso A: strong=0 weak=50000 -> ela relatou DIREITA; o esquerdo ficou parado,
rumble-cabo-5,vibracao.rumble.esquerdo@dualsense,cabo,,,2026-08-15T22:15:00,o CONTROLE NEGATIVO: zero nos dois bytes não vibra nada,sim,obedece,,olho-dela,"bancada 15/08 22h15 — mesa 2+2 com os braços TROCADOS (a troca das 19h). Instrumento scripts/ensaio_rumble_em_par.py, rota evdev FF (EVIOCSFF) -> hid_playstation. Daemon VIVO (keepalive 0,5 s corta o pulso; a pergunta é QUAL motor, não por quanto tempo). Teste CEGO: ela não sabia o que foi enviado antes de relatar.","pulso C: weak=0 strong=0 -> ela relatou 'não vibrou'. É o negativo que dá valor aos pulsos A e B: sem ele, qualquer escrita poderia estar movendo qualquer motor",
rumble-radio-u2-1,vibracao.rumble.esquerdo@dualsense,radio,,,2026-08-15T22:15:00,o byte common[3] (strong) chegando ao motor por Bluetooth,sim,obedece,,olho-dela,"bancada 15/08 22h15 — mesa 2+2 com os braços TROCADOS (a troca das 19h). Instrumento scripts/ensaio_rumble_em_par.py, rota evdev FF (EVIOCSFF) -> hid_playstation. Daemon VIVO (keepalive 0,5 s corta o pulso; a pergunta é QUAL motor, não por quanto tempo). Teste CEGO: ela não sabia o que foi enviado antes de relatar.","pulso D: strong=60000 weak=0 -> ela relatou ESQUERDA. SEGUNDA UNIDADE: reproduz rumble-bt-1 de 10/08 num aparelho diferente (hw 0x00001111), o que tira a isolação de n=1",
rumble-radio-u2-2,vibracao.rumble.direito@dualsense,radio,,,2026-08-15T22:15:00,o byte common[2] (weak) chegando ao motor por Bluetooth,sim,obedece,,olho-dela,"bancada 15/08 22h15 — mesa 2+2 com os braços TROCADOS (a troca das 19h). Instrumento scripts/ensaio_rumble_em_par.py, rota evdev FF (EVIOCSFF) -> hid_playstation. Daemon VIVO (keepalive 0,5 s corta o pulso; a pergunta é QUAL motor, não por quanto tempo). Teste CEGO: ela não sabia o que foi enviado antes de relatar.",pulso E: weak=60000 strong=0 -> ela relatou DIREITA. Reproduz rumble-bt-3 de 10/08 em hw 0x00001111,
rumble-radio-u2-3,vibracao.rumble.direito@dualsense,radio,,,2026-08-15T22:15:00,o byte common[2] (weak) chegando ao motor por Bluetooth,não,não obedece,,olho-dela,"bancada 15/08 22h15 — mesa 2+2 com os braços TROCADOS (a troca das 19h). Instrumento scripts/ensaio_rumble_em_par.py, rota evdev FF (EVIOCSFF) -> hid_playstation. Daemon VIVO (keepalive 0,5 s corta o pulso; a pergunta é QUAL motor, não por quanto tempo). Teste CEGO: ela não sabia o que foi enviado antes de relatar.",pulso D: weak=0 strong=60000 -> o direito ficou parado; ela sentiu só o esquerdo,
rumble-radio-u2-4,vibracao.rumble.esquerdo@dualsense,radio,,,2026-08-15T22:15:00,o CONTROLE NEGATIVO: zero nos dois bytes não vibra nada,sim,obedece,,olho-dela,"bancada 15/08 22h15 — mesa 2+2 com os braços TROCADOS (a troca das 19h). Instrumento scripts/ensaio_rumble_em_par.py, rota evdev FF (EVIOCSFF) -> hid_playstation. Daemon VIVO (keepalive 0,5 s corta o pulso; a pergunta é QUAL motor, não por quanto tempo). Teste CEGO: ela não sabia o que foi enviado antes de relatar.",pulso F: weak=0 strong=0 -> ela relatou 'nada agora'. O negativo do braço do rádio,
rumble-sem-vazamento-1,vibracao.rumble.direito@dualsense,radio,,,2026-08-15T22:15:00,vazamento: o pulso mirado num controle move o motor de OUTRO,sim,não obedece,,olho-dela,"bancada 15/08 22h15 — mesa 2+2 com os braços TROCADOS (a troca das 19h). Instrumento scripts/ensaio_rumble_em_par.py, rota evdev FF (EVIOCSFF) -> hid_playstation. Daemon VIVO (keepalive 0,5 s corta o pulso; a pergunta é QUAL motor, não por quanto tempo). Teste CEGO: ela não sabia o que foi enviado antes de relatar.","com os DOIS controles nas mãos dela e o pulso mirado só no azul, ela relatou espontaneamente 'só o azul vibra'. O vermelho, no outro transporte, ficou parado. Negativo não desenhado por mim: quem o deu foi ela",
cor-do-plastico-cabo-e7-branco,identidade.cor_do_aparelho@dualsense,cabo,,,2026-08-15T22:09:05,"a cor do plástico é legível do APARELHO pelo par de features 0x80 (SET, base 1 / num 19) -> 0x81 (GET, 64 B), nos caracteres 5 e 6 do serial de fábrica (`serial[4:6]`)",sim,obedece,,bancada,"E7 2ª rodada — scripts/ensaios/cor_do_plastico.py --alvo hidraw8 --exigir-mac ... --escrever, porta do broker (SCM_RIGHTS), daemon RODANDO","14:3a:9a:00:00:ab (hw 0x00000711), NO CABO depois da troca de braços das 19h. Código 00 = White, que é o que ela chama de BRANCO. Resposta validada por buf[1]==1, buf[2]==19 e buf[3]==2 antes do parse. Prova de vida fechada: 0x20 idêntico byte a byte, hardware_version idêntico, 3 de 3 reports, lightbar inalterada. Transporte conferido no report de entrada (0x01 = USB), não suposto.",
cor-do-plastico-cabo-e7-vermelho,identidade.cor_do_aparelho@dualsense,cabo,,,2026-08-15T22:09:15,"a cor do plástico é legível do APARELHO pelo par de features 0x80 (SET, base 1 / num 19) -> 0x81 (GET, 64 B), nos caracteres 5 e 6 do serial de fábrica (`serial[4:6]`)",sim,obedece,,bancada,"E7 2ª rodada — scripts/ensaios/cor_do_plastico.py --alvo hidraw10 --exigir-mac ... --escrever, porta do broker (SCM_RIGHTS), daemon RODANDO","44:46:48:00:00:03 (hw 0x00000811), NO CABO. Código 02 = Cosmic Red, que é o que ela chama de VERMELHO. É O MESMO APARELHO que recusou com EIO por rádio às 14h47 — ver o ensaio `transporte-recusa-cor-*`. Prova de vida fechada nos dois lados da escrita. Fecha a cor em 4 de 4 unidades no CABO.",
transporte-recusa-cor-com-radio,identidade.cor_do_aparelho@dualsense,radio,,,2026-08-15T14:47:52,"o TRANSPORTE RÁDIO é o que recusa o SET_FEATURE 0x80 (e não a unidade 44:46:48, que é a mesma nos dois ensaios)",sim,recusa com EIO,,bancada,"E7 1ª rodada — cor_do_plastico.py --radio-a-serio, com CRC e depois --sem-crc; bruto 2026-08-15-E7-cor-do-plastico.txt","COM o suspeito (o aparelho NO RÁDIO). Unidade 44:46:48:00:00:03. Duas tentativas, as duas com EIO (errno 5) IMEDIATO no ioctl SET_FEATURE; a execução inteira levou 0,249 s, então não é o timeout de ~3 s do BlueZ, e não é EPIPE.",
transporte-recusa-cor-sem-radio,identidade.cor_do_aparelho@dualsense,radio,,,2026-08-15T22:09:15,"o TRANSPORTE RÁDIO é o que recusa o SET_FEATURE 0x80 (e não a unidade 44:46:48, que é a mesma nos dois ensaios)",não,aceita e devolve o serial,,bancada,"E7 2ª rodada — a MESMA unidade 44:46:48:00:00:03, agora NO CABO; bruto 2026-08-15-E7-cor-do-plastico.txt (2ª rodada)","SEM o suspeito (o MESMO aparelho, fora do rádio). É o lado que faltava, e é o que transforma correlação em causa: mesmo aparelho, mesmo comando, mesmo dia, só o transporte mudando. A UNIDADE está inocentada. O que continua NÃO decidido é QUEM recusa no rádio — firmware ou pilha HIDP/L2CAP do BlueZ; o EIO não distingue. Registrado no lado `radio` de propósito: o suspeito é o rádio, e separar por lado é o que impede o julgador de ver o cabo se contradizendo.",
cracha-cabo-com-mac,identidade.cracha_nos_dois_transportes@dualsense,cabo,,,2026-08-15T22:12:52,"o report carregar o MAC da PRÓPRIA unidade é o que o faz distinguir por UNIDADE FABRICADA, e não por lote/revisão de placa",sim,distingue por unidade,,bancada,"scripts/ensaios/identidade_nos_dois_transportes.py, leitura pura (o arquivo não tem HIDIOCSFEATURE), porta do broker (SCM_RIGHTS), daemon RODANDO; bruto docs/data/ensaios-brutos/2026-08-15-IDENTIDADE-o-cracha-nos-dois-transportes.txt","COM o suspeito: 0x09, 0x0b e 0x22, lidos nos dois controles do fio (14:3a:9a hw 0x0711, 44:46:48 hw 0x0811). Os três carregam o MAC da própria unidade — 0x09 e 0x0b em buf[1..6], o 0x22 em buf[17..22], todos invertidos — batendo byte a byte com o HID_UNIQ do sysfs. Duas leituras com 2 s de distância, iguais.",
cracha-cabo-sem-mac,identidade.cracha_nos_dois_transportes@dualsense,cabo,,,2026-08-15T22:12:52,"o report carregar o MAC da PRÓPRIA unidade é o que o faz distinguir por UNIDADE FABRICADA, e não por lote/revisão de placa",não,agrupa por revisão de placa,,bancada,"scripts/ensaios/identidade_nos_dois_transportes.py, leitura pura (o arquivo não tem HIDIOCSFEATURE), porta do broker (SCM_RIGHTS), daemon RODANDO; bruto docs/data/ensaios-brutos/2026-08-15-IDENTIDADE-o-cracha-nos-dois-transportes.txt","A COLISÃO É MEDIDA, não argumentada: os 19 primeiros bytes do 0x20 são a data e a hora de compilação do firmware em ASCII, e no conjunto das QUATRO unidades elas colidem em PARES — "" Jul  4 2025 10:10:32"" em a0:fa:9c E 14:3a:9a; "" Jul  4 2025 10:38:40"" em d4:2f:4b E 44:46:48. Os bytes 48-56 colidem nos mesmos pares. A colisão é propriedade do conjunto dos quatro e atravessa os dois braços; está registrada nos dois lados por isso, e não porque tenha sido observada duas vezes.",
cracha-radio-com-mac,identidade.cracha_nos_dois_transportes@dualsense,radio,,,2026-08-15T22:12:52,"o report carregar o MAC da PRÓPRIA unidade é o que o faz distinguir por UNIDADE FABRICADA, e não por lote/revisão de placa",sim,distingue por unidade,,bancada,"scripts/ensaios/identidade_nos_dois_transportes.py, leitura pura (o arquivo não tem HIDIOCSFEATURE), porta do broker (SCM_RIGHTS), daemon RODANDO; bruto docs/data/ensaios-brutos/2026-08-15-IDENTIDADE-o-cracha-nos-dois-transportes.txt","COM o suspeito: os mesmos 0x09, 0x0b e 0x22, lidos nos dois controles do rádio (a0:fa:9c hw 0x0710, d4:2f:4b hw 0x1111), mesmo layout e mesma âncora. CONFUNDIMENTO: IMUNE — a régua é o HID_UNIQ, externa e por unidade, e não uma comparação entre braços.",
cracha-radio-sem-mac,identidade.cracha_nos_dois_transportes@dualsense,radio,,,2026-08-15T22:12:52,"o report carregar o MAC da PRÓPRIA unidade é o que o faz distinguir por UNIDADE FABRICADA, e não por lote/revisão de placa",não,agrupa por revisão de placa,,bancada,"scripts/ensaios/identidade_nos_dois_transportes.py, leitura pura (o arquivo não tem HIDIOCSFEATURE), porta do broker (SCM_RIGHTS), daemon RODANDO; bruto docs/data/ensaios-brutos/2026-08-15-IDENTIDADE-o-cracha-nos-dois-transportes.txt","A COLISÃO É MEDIDA, não argumentada: os 19 primeiros bytes do 0x20 são a data e a hora de compilação do firmware em ASCII, e no conjunto das QUATRO unidades elas colidem em PARES — "" Jul  4 2025 10:10:32"" em a0:fa:9c E 14:3a:9a; "" Jul  4 2025 10:38:40"" em d4:2f:4b E 44:46:48. Os bytes 48-56 colidem nos mesmos pares. A colisão é propriedade do conjunto dos quatro e atravessa os dois braços; está registrada nos dois lados por isso, e não porque tenha sido observada duas vezes.",
giro-transporte-cabo,movimento.giroscopio@dualsense,cabo,,,2026-08-15T22:23:01,"o TRANSPORTE (cabo contra rádio) como causa da leitura do giroscópio de um DualSense parado, medida pela régua do feature 0x05 da própria unidade",não,bias de repouso preso à UNIDADE,obedece,bancada,"scripts/ensaios/giro_e_buraco.py, leitura pura (nenhum HIDIOCSFEATURE, nenhum output report), porta do broker (SCM_RIGHTS), daemon RODANDO; bruto docs/data/ensaios-brutos/2026-08-15-E8-giro-e-buraco.txt","As MESMAS duas unidades que de manhã estavam no rádio. |bias| do vetor médio: `14:3a:9a` 0,249 graus/s e `44:46:48` 0,886 graus/s, em 15013 e 15008 relatórios de 60,0 s. Régua derivada do feature 0x05 de cada unidade (~16,4 LSB por grau/s), NÃO a constante 1024 do driver. Positivo 1: acelerômetro 0,9763 g e 0,9837 g no MESMO report. Positivo 2: o kernel, na mesma janela, deu 1,619 e 0,901 de |w| mediano contra os meus 1,620 e 0,902. Negativo: 491 e 492 graus/s no offset do acelerômetro.",
giro-transporte-radio,movimento.giroscopio@dualsense,radio,,,2026-08-15T07:27:28,"o TRANSPORTE (cabo contra rádio) como causa da leitura do giroscópio de um DualSense parado, medida pela régua do feature 0x05 da própria unidade",sim,bias de repouso preso à UNIDADE,obedece,bancada,scripts/ensaios/imu_no_cabo.py de 07h27 relido com a régua correta do feature 0x05; bruto docs/data/ensaios-brutos/2026-08-15-E4-imu_no_cabo.csv,"O OUTRO LADO DO MESMO PAR, e é a troca de braços das 19h que o torna comparável: as duas unidades acima estavam no RÁDIO nesta janela. |bias|: `14:3a:9a` 0,188 graus/s e `44:46:48` 0,932 graus/s. Diferença por transporte <= 0,06 graus/s, contra 5x de diferença ENTRE as unidades — o transporte não é a causa. O bruto do E-4 publicou este giro dividido por 1024, que erra 62x; o valor acima é o CRU dele (multiplicado de volta por 1024) na régua do feature 0x05 da unidade.",
perda-transporte-cabo,movimento.imu.perda@dualsense,cabo,,,2026-08-15T22:23:01,"o TRANSPORTE rádio como causa de report de entrada sumido, contado pelo `__le32` de `corpo[11..14]` — o campo que o driver chama de `reserved`",não,nenhum report sumiu,obedece,bancada,"scripts/ensaios/giro_e_buraco.py, leitura pura (nenhum HIDIOCSFEATURE, nenhum output report), porta do broker (SCM_RIGHTS), daemon RODANDO; bruto docs/data/ensaios-brutos/2026-08-15-E8-giro-e-buraco.txt","0 saltos e 0 reports perdidos em 15012 e 15007 pares consecutivos, 60,0 s a 250,1 Hz, dois aparelhos. Silêncio máximo 8,13 e 11,94 ms, contra 7,99 ms de maior parada do próprio laço do instrumento — o buraco, se houvesse, não seria meu.",
perda-transporte-radio,movimento.imu.perda@dualsense,radio,,,2026-08-15T22:19:38,"o TRANSPORTE rádio como causa de report de entrada sumido, contado pelo `__le32` de `corpo[11..14]` — o campo que o driver chama de `reserved`",sim,2242 reports sumiram,não obedece,bancada,"scripts/ensaios/giro_e_buraco.py, leitura pura, porta do broker (SCM_RIGHTS), daemon RODANDO; bruto docs/data/ensaios-brutos/2026-08-15-E8-A-unidade-no-radio-que-dormiu-e-caiu.txt","Um salto de 2242 no contador de `corpo[11..14]`, num aparelho de rádio cujo enlace degradou dentro da janela: a taxa no host caiu para 27,1 Hz enquanto o relógio DO CONTROLE seguia marcando 398,4 Hz de emissão. RESSALVA declarada: isto é perda em enlace DEGRADANDO, não em rádio saudável — em janelas curtas mais cedo na mesma noite o mesmo aparelho andou de 1 em 1 sem salto nenhum.",
imu-ligar-sem-comando-cabo,movimento.imu.ligar@dualsense,cabo,,,2026-08-15T22:23:01,um comando de LIGAR a IMU: o DualSense precisa receber alguma coisa para que o giroscópio e o acelerômetro comecem a sair no report de entrada,não,a IMU sai mesmo assim,obedece,bancada,"scripts/ensaios/giro_e_buraco.py, leitura pura (nenhum HIDIOCSFEATURE, nenhum output report), porta do broker (SCM_RIGHTS), daemon RODANDO; bruto docs/data/ensaios-brutos/2026-08-15-E8-giro-e-buraco.txt","Nenhum byte foi escrito no aparelho por este instrumento, em transporte nenhum (Lei 3), e mesmo assim os dois controles do cabo entregaram IMU válida em 15013 e 15008 relatórios: acelerômetro em 1 g e giroscópio em bias de fábrica. Somado à busca por código (`git grep` em `imu`, `motion`, `enable_motion`, `ligar` sobre `src/` e `app/`), que não achou NENHUM comando de ligar IMU de DualSense nesta árvore: não há o que podar, porque não há o que desligar.",
imu-ligar-sem-comando-radio,movimento.imu.ligar@dualsense,radio,,,2026-08-15T22:19:38,um comando de LIGAR a IMU: o DualSense precisa receber alguma coisa para que o giroscópio e o acelerômetro comecem a sair no report de entrada,não,a IMU sai mesmo assim,obedece,bancada,"scripts/ensaios/giro_e_buraco.py, leitura pura, porta do broker (SCM_RIGHTS), daemon RODANDO; bruto docs/data/ensaios-brutos/2026-08-15-E8-A-unidade-no-radio-que-dormiu-e-caiu.txt","O mesmo do lado do cabo, por rádio: sem nenhuma escrita, o aparelho de rádio entregou 1586 amostras de IMU com acelerômetro em 0,9923 g. O que o rádio faz de diferente não é precisar de comando: é DESCER a taxa e depois CALAR em repouso longo, e acabar desconectando — o que o contador de `corpo[11..14]` mostra não ser perda, porque enquanto emitiu andou de 1 em 1.",
giro-regua-ingenua-cabo,movimento.giroscopio@dualsense,cabo,,,2026-08-15T22:23:01,"dividir o giroscópio CRU por `DS_GYRO_RES_PER_DEG_S` (1024), a resolução de SAÍDA do driver, em vez da régua do feature 0x05 da própria unidade",sim,"lê 0,026 graus/s — passaria por parado",obedece,bancada,"scripts/ensaios/giro_e_buraco.py, leitura pura (nenhum HIDIOCSFEATURE, nenhum output report), porta do broker (SCM_RIGHTS), daemon RODANDO; bruto docs/data/ensaios-brutos/2026-08-15-E8-giro-e-buraco.txt","Os dois lados deste par são a MESMA janela e os MESMOS bytes: o que muda é só a régua, e por isso nada mais pode estar mandando no resultado. Com a régua ingênua, |w| mediano = 0,0260 e 0,0144 graus/s. O perigo não é o erro: é que a régua errada faz um controle GIRANDO a 60 graus/s ler 0,96 e passar por parado, o que deixa o controle negativo deste ensaio impossível de reprovar. A FEATURE OBEDECEU nos DOIS lados deste par: o aparelho entregou o mesmo número as duas vezes, e só a LEITURA mudou. É isso que faz do suspeito a régua, e não o aparelho.",
giro-regua-do-aparelho-cabo,movimento.giroscopio@dualsense,cabo,,,2026-08-15T22:23:01,"dividir o giroscópio CRU por `DS_GYRO_RES_PER_DEG_S` (1024), a resolução de SAÍDA do driver, em vez da régua do feature 0x05 da própria unidade",não,"lê 1,620 graus/s — bias de fábrica visível",obedece,bancada,"scripts/ensaios/giro_e_buraco.py, leitura pura (nenhum HIDIOCSFEATURE, nenhum output report), porta do broker (SCM_RIGHTS), daemon RODANDO; bruto docs/data/ensaios-brutos/2026-08-15-E8-giro-e-buraco.txt","A régua derivada do feature 0x05 de cada unidade (`cru * speed_2x / sens_denom`, ~16,4 LSB por grau/s). CONTROLE POSITIVO independente: o KERNEL, na MESMA janela, pelo nó Motion Sensors, deu 1,619 e 0,901 contra os meus 1,620 e 0,902 — duas implementações da mesma régua, batendo em três casas. NEGATIVO: 491 e 492 graus/s ao ler o acelerômetro como se fosse giroscópio, o que prova que a régua consegue produzir número grande. A feature obedeceu aqui pelo mesmo motivo que obedeceu do outro lado: o aparelho nunca esteve em questão.",
perda-regua-seq-radio-com,movimento.imu.perda@dualsense,radio,,,2026-08-15T22:19:38,"contar report sumido pelo `seq_number` de `corpo[6]` em vez do `__le32` de `corpo[11..14]` — os dois campos, nos MESMOS bytes e na MESMA janela",sim,0 reports sumidos detectados,não obedece,bancada,"scripts/ensaios/giro_e_buraco.py, leitura pura, porta do broker (SCM_RIGHTS), daemon RODANDO; bruto docs/data/ensaios-brutos/2026-08-15-E8-A-unidade-no-radio-que-dormiu-e-caiu.txt","O `seq_number` é MUDO por rádio: delta zero em 100% dos 1628 pares, inclusive no par em que 2242 reports sumiram. Um contador que nunca acusa nada é pior que contador nenhum, porque parece telemetria. A feature NÃO obedeceu nos dois lados deste par — os reports sumiram de verdade. O que muda entre os lados é se alguém consegue VER que sumiram.",
perda-regua-reserved-radio-sem,movimento.imu.perda@dualsense,radio,,,2026-08-15T22:19:38,"contar report sumido pelo `seq_number` de `corpo[6]` em vez do `__le32` de `corpo[11..14]` — os dois campos, nos MESMOS bytes e na MESMA janela",não,2242 reports sumidos detectados,não obedece,bancada,"scripts/ensaios/giro_e_buraco.py, leitura pura, porta do broker (SCM_RIGHTS), daemon RODANDO; bruto docs/data/ensaios-brutos/2026-08-15-E8-A-unidade-no-radio-que-dormiu-e-caiu.txt","Os MESMOS bytes, a MESMA janela, o mesmo aparelho — só o campo lido muda. O `__le32` de `corpo[11..14]`, que o driver chama de `reserved` e nunca lê, acusou o salto. Este é o par que transforma ""o seq_number é mudo"" de observação em causa.",
perda-regua-seq-cabo-com,movimento.imu.perda@dualsense,cabo,,,2026-08-15T22:23:01,"contar report sumido pelo `seq_number` de `corpo[6]` em vez do `__le32` de `corpo[11..14]` — os dois campos, nos MESMOS bytes e na MESMA janela",sim,0 reports sumidos detectados,obedece,bancada,"scripts/ensaios/giro_e_buraco.py, leitura pura (nenhum HIDIOCSFEATURE, nenhum output report), porta do broker (SCM_RIGHTS), daemon RODANDO; bruto docs/data/ensaios-brutos/2026-08-15-E8-giro-e-buraco.txt",No cabo o `seq_number` anda de 1 em 1 (0 pares parados em 15012 e 15007) e não acusa nada — porque não havia nada a acusar.,
perda-regua-reserved-cabo-sem,movimento.imu.perda@dualsense,cabo,,,2026-08-15T22:23:01,"contar report sumido pelo `seq_number` de `corpo[6]` em vez do `__le32` de `corpo[11..14]` — os dois campos, nos MESMOS bytes e na MESMA janela",não,0 reports sumidos detectados,obedece,bancada,"scripts/ensaios/giro_e_buraco.py, leitura pura (nenhum HIDIOCSFEATURE, nenhum output report), porta do broker (SCM_RIGHTS), daemon RODANDO; bruto docs/data/ensaios-brutos/2026-08-15-E8-giro-e-buraco.txt","O `__le32` de `corpo[11..14]` dá exatamente o mesmo no cabo. É o lado que INOCENTA a escolha de campo AQUI: no cabo, os dois contadores são intercambiáveis, e quem só olhasse para o cabo escolheria o errado sem pagar preço nenhum — e levaria para o rádio um contador que cala.",
stick-repouso-produto-cabo-com,entrada.stick@dualsense,cabo,,,2026-08-15T22:15:22,o PRODUTO (a cadeia evdev_reader -> vpad) INTRODUZIR a deriva de repouso do analogico,sim,deriva de repouso PRESENTE: centro fora de 128 e chiado de até 2 LSB,,aparelho,"scripts/ensaios/entrada_em_repouso.py, LEITURA PURA (o arquivo não contem HIDIOCGFEATURE nem HIDIOCSFEATURE; o trafego com o aparelho e read() de hidraw, EVIOCGABS/EVIOCGBIT de evdev e arquivos de /sys), porta do BROKER (SCM_RIGHTS) para os físicos e open() direto para os vpads, daemon RODANDO; teste que morde tests/unit/test_entrada_em_repouso_o_corpo_troca_de_lugar_no_radio.py; bruto docs/data/ensaios-brutos/2026-08-15-A1-entrada-em-repouso.txt","COM o suspeito = medido na SAIDA do produto, o hidraw do vpad alimentado por cada controle do cabo. Régua absoluta: número de valores DISTINTOS por eixo na janela e a amplitude entre eles. vpad P2 (14:3a:9a:00:00:ab): LX 126/127, LY 128, RX 130, RY 129. vpad P4 (44:46:48:00:00:03): LX 128/129, LY 128, RX 129/130, RY 128/129.",
stick-repouso-produto-cabo-sem,entrada.stick@dualsense,cabo,,,2026-08-15T22:15:22,o PRODUTO (a cadeia evdev_reader -> vpad) INTRODUZIR a deriva de repouso do analogico,não,deriva de repouso PRESENTE: centro fora de 128 e chiado de até 2 LSB,,aparelho,"scripts/ensaios/entrada_em_repouso.py, LEITURA PURA (o arquivo não contem HIDIOCGFEATURE nem HIDIOCSFEATURE; o trafego com o aparelho e read() de hidraw, EVIOCGABS/EVIOCGBIT de evdev e arquivos de /sys), porta do BROKER (SCM_RIGHTS) para os físicos e open() direto para os vpads, daemon RODANDO; teste que morde tests/unit/test_entrada_em_repouso_o_corpo_troca_de_lugar_no_radio.py; bruto docs/data/ensaios-brutos/2026-08-15-A1-entrada-em-repouso.txt","SEM o suspeito = medido ANTES do produto, no hidraw do próprio aparelho, na MESMA janela de 20 s. 14:3a:9a:00:00:ab: LX 126/127, LY 124, RX 130, RY 128/129. 44:46:48:00:00:03: LX 128/129, LY 128, RX 129/130/131, RY 128/129. O centro e o chiado são os MESMOS dos vpads em 7 dos 8 eixos do cabo; o oitavo tem suspeito próprio (stick-eixo-mudo-*). CONFUNDIMENTO: IMUNE — os dois lados são lidos no MESMO read(), na mesma janela, pelo mesmo decodificador, e a régua e contagem exata de valores distintos, não comparacao entre braços.",
stick-repouso-produto-radio-com,entrada.stick@dualsense,radio,,,2026-08-15T22:15:22,o PRODUTO (a cadeia evdev_reader -> vpad) INTRODUZIR a deriva de repouso do analogico,sim,deriva de repouso PRESENTE: centro fora de 128 e chiado de até 2 LSB,,aparelho,"scripts/ensaios/entrada_em_repouso.py, LEITURA PURA (o arquivo não contem HIDIOCGFEATURE nem HIDIOCSFEATURE; o trafego com o aparelho e read() de hidraw, EVIOCGABS/EVIOCGBIT de evdev e arquivos de /sys), porta do BROKER (SCM_RIGHTS) para os físicos e open() direto para os vpads, daemon RODANDO; teste que morde tests/unit/test_entrada_em_repouso_o_corpo_troca_de_lugar_no_radio.py; bruto docs/data/ensaios-brutos/2026-08-15-A1-entrada-em-repouso.txt","COM o suspeito = hidraw dos vpads alimentados pelos controles do radio. vpad P1 (d4:2f:4b:00:00:d8): LX 127/128, LY 129/130, RX 128, RY 127. vpad P3 (a0:fa:9c:00:00:f0): LX 127, LY 130, RX 128/129, RY 125.",
stick-repouso-produto-radio-sem,entrada.stick@dualsense,radio,,,2026-08-15T22:15:22,o PRODUTO (a cadeia evdev_reader -> vpad) INTRODUZIR a deriva de repouso do analogico,não,deriva de repouso PRESENTE: centro fora de 128 e chiado de até 2 LSB,,aparelho,"scripts/ensaios/entrada_em_repouso.py, LEITURA PURA (o arquivo não contem HIDIOCGFEATURE nem HIDIOCSFEATURE; o trafego com o aparelho e read() de hidraw, EVIOCGABS/EVIOCGBIT de evdev e arquivos de /sys), porta do BROKER (SCM_RIGHTS) para os físicos e open() direto para os vpads, daemon RODANDO; teste que morde tests/unit/test_entrada_em_repouso_o_corpo_troca_de_lugar_no_radio.py; bruto docs/data/ensaios-brutos/2026-08-15-A1-entrada-em-repouso.txt","SEM o suspeito = hidraw dos proprios aparelhos do radio, MESMA janela. d4:2f:4b:00:00:d8: LX 127/128, LY 129/130, RX 128, RY 127. a0:fa:9c:00:00:f0: LX 127, LY 130, RX 128/129, RY 125. IDÊNTICO ao vpad nos 8 de 8 eixos do radio, valor a valor, inclusive o chiado.",
stick-repouso-transporte-radio-com,entrada.stick@dualsense,radio,,,2026-08-15T22:15:22,o TRANSPORTE de radio deformar o valor de repouso do analogico (contra ele entregar o byte do silício tal como o fio),sim,deriva de repouso PRESENTE: centro fora de 128 e chiado de até 2 LSB,,aparelho,"scripts/ensaios/entrada_em_repouso.py, LEITURA PURA (o arquivo não contem HIDIOCGFEATURE nem HIDIOCSFEATURE; o trafego com o aparelho e read() de hidraw, EVIOCGABS/EVIOCGBIT de evdev e arquivos de /sys), porta do BROKER (SCM_RIGHTS) para os físicos e open() direto para os vpads, daemon RODANDO; teste que morde tests/unit/test_entrada_em_repouso_o_corpo_troca_de_lugar_no_radio.py; bruto docs/data/ensaios-brutos/2026-08-15-A1-entrada-em-repouso.txt","COM o suspeito = os dois aparelhos que estavam no RADIO. Desvios do centro para 128: a0:fa:9c:00:00:f0 (-1,+2,+1,-3) e d4:2f:4b:00:00:d8 (-1,+1,0,-1); amplitude maxima 1 LSB.",
stick-repouso-transporte-radio-sem,entrada.stick@dualsense,radio,,,2026-08-15T22:15:22,o TRANSPORTE de radio deformar o valor de repouso do analogico (contra ele entregar o byte do silício tal como o fio),não,deriva de repouso PRESENTE: centro fora de 128 e chiado de até 2 LSB,,aparelho,"scripts/ensaios/entrada_em_repouso.py, LEITURA PURA (o arquivo não contem HIDIOCGFEATURE nem HIDIOCSFEATURE; o trafego com o aparelho e read() de hidraw, EVIOCGABS/EVIOCGBIT de evdev e arquivos de /sys), porta do BROKER (SCM_RIGHTS) para os físicos e open() direto para os vpads, daemon RODANDO; teste que morde tests/unit/test_entrada_em_repouso_o_corpo_troca_de_lugar_no_radio.py; bruto docs/data/ensaios-brutos/2026-08-15-A1-entrada-em-repouso.txt","SEM o suspeito = os dois aparelhos que estavam no CABO, na MESMA janela de 20 s. Desvios: 14:3a:9a:00:00:ab (-1,-4,+2,+1) e 44:46:48:00:00:03 (+1,0,+2,0); amplitude maxima 2 LSB. A DISPERSAO ENTRE UNIDADES DO MESMO BRACO (-4 contra 0 no mesmo eixo, no cabo) e MAIOR que qualquer diferença entre braços: a deriva e da UNIDADE. CONFUNDIMENTO: IMUNE — a mesa 2+2 poe os dois braços na mesma janela, e a comparacao que decide e dentro de um braço só.",
stick-repouso-transporte-cabo-com,entrada.stick@dualsense,cabo,,,2026-08-15T22:15:22,o TRANSPORTE de cabo deformar o valor de repouso do analogico (contra ele entregar o byte do silício tal como o radio),sim,deriva de repouso PRESENTE: centro fora de 128 e chiado de até 2 LSB,,aparelho,"scripts/ensaios/entrada_em_repouso.py, LEITURA PURA (o arquivo não contem HIDIOCGFEATURE nem HIDIOCSFEATURE; o trafego com o aparelho e read() de hidraw, EVIOCGABS/EVIOCGBIT de evdev e arquivos de /sys), porta do BROKER (SCM_RIGHTS) para os físicos e open() direto para os vpads, daemon RODANDO; teste que morde tests/unit/test_entrada_em_repouso_o_corpo_troca_de_lugar_no_radio.py; bruto docs/data/ensaios-brutos/2026-08-15-A1-entrada-em-repouso.txt","COM o suspeito = os dois aparelhos do CABO: 14:3a:9a:00:00:ab (-1,-4,+2,+1) e 44:46:48:00:00:03 (+1,0,+2,0).",
stick-repouso-transporte-cabo-sem,entrada.stick@dualsense,cabo,,,2026-08-15T22:15:22,o TRANSPORTE de cabo deformar o valor de repouso do analogico (contra ele entregar o byte do silício tal como o radio),não,deriva de repouso PRESENTE: centro fora de 128 e chiado de até 2 LSB,,aparelho,"scripts/ensaios/entrada_em_repouso.py, LEITURA PURA (o arquivo não contem HIDIOCGFEATURE nem HIDIOCSFEATURE; o trafego com o aparelho e read() de hidraw, EVIOCGABS/EVIOCGBIT de evdev e arquivos de /sys), porta do BROKER (SCM_RIGHTS) para os físicos e open() direto para os vpads, daemon RODANDO; teste que morde tests/unit/test_entrada_em_repouso_o_corpo_troca_de_lugar_no_radio.py; bruto docs/data/ensaios-brutos/2026-08-15-A1-entrada-em-repouso.txt","SEM o suspeito = os dois do RADIO, MESMA janela: a0:fa:9c:00:00:f0 (-1,+2,+1,-3) e d4:2f:4b:00:00:d8 (-1,+1,0,-1).",
stick-eixo-mudo-com,entrada.stick@dualsense,cabo,,,2026-08-15T22:15:22,o eixo não ter emitido nenhum EV_ABS desde o open do leitor (o snapshot nasce em 128 em core/evdev_reader.py:50 e não e semeado pelo absinfo.value),sim,o vpad publica um valor DIFERENTE do que o aparelho entrega,,aparelho,"scripts/ensaios/entrada_em_repouso.py, LEITURA PURA (o arquivo não contem HIDIOCGFEATURE nem HIDIOCSFEATURE; o trafego com o aparelho e read() de hidraw, EVIOCGABS/EVIOCGBIT de evdev e arquivos de /sys), porta do BROKER (SCM_RIGHTS) para os físicos e open() direto para os vpads, daemon RODANDO; teste que morde tests/unit/test_entrada_em_repouso_o_corpo_troca_de_lugar_no_radio.py; bruto docs/data/ensaios-brutos/2026-08-15-A1-entrada-em-repouso.txt","COM o suspeito = o único eixo dos 16 com `distintos = 1` E centro longe de 128: o LY do 14:3a:9a:00:00:ab, parado em 124 pelos 5001 quadros da janela. O vpad P2 publica 128 — exatamente o valor de inicialização do snapshot. O kernel SABE o valor certo: o EVIOCGABS do nó físico devolve 124.",
stick-eixo-mudo-sem,entrada.stick@dualsense,cabo,,,2026-08-15T22:15:22,o eixo não ter emitido nenhum EV_ABS desde o open do leitor (o snapshot nasce em 128 em core/evdev_reader.py:50 e não e semeado pelo absinfo.value),não,o vpad publica o MESMO byte que o aparelho entrega,,aparelho,"scripts/ensaios/entrada_em_repouso.py, LEITURA PURA (o arquivo não contem HIDIOCGFEATURE nem HIDIOCSFEATURE; o trafego com o aparelho e read() de hidraw, EVIOCGABS/EVIOCGBIT de evdev e arquivos de /sys), porta do BROKER (SCM_RIGHTS) para os físicos e open() direto para os vpads, daemon RODANDO; teste que morde tests/unit/test_entrada_em_repouso_o_corpo_troca_de_lugar_no_radio.py; bruto docs/data/ensaios-brutos/2026-08-15-A1-entrada-em-repouso.txt","SEM o suspeito = os outros 7 eixos do braço do cabo, todos com pelo menos uma transição na janela ou já no valor de inicialização. Os 7 chegam ao vpad com erro ZERO. Régua absoluta: zero exato contra 4 LSB. CONFUNDIMENTO: IMUNE — os dois lados são do MESMO braço, na MESMA janela, e um deles e do MESMO aparelho.",
botoes-conjunto-radio-com,entrada.botoes@dualsense,radio,,,2026-08-15T22:15:22,o transporte de RADIO publicar um conjunto de botoes/eixos evdev diferente do que o cabo publica,sim,"13 EV_KEY e 8 EV_ABS, diferença simétrica VAZIA",,aparelho,"scripts/ensaios/entrada_em_repouso.py, LEITURA PURA (o arquivo não contem HIDIOCGFEATURE nem HIDIOCSFEATURE; o trafego com o aparelho e read() de hidraw, EVIOCGABS/EVIOCGBIT de evdev e arquivos de /sys), porta do BROKER (SCM_RIGHTS) para os físicos e open() direto para os vpads, daemon RODANDO; teste que morde tests/unit/test_entrada_em_repouso_o_corpo_troca_de_lugar_no_radio.py; bruto docs/data/ensaios-brutos/2026-08-15-A1-entrada-em-repouso.txt","COM o suspeito = EVIOCGBIT dos nós evdev dos dois aparelhos do radio (event21, event25). Os 13: BTN_SOUTH BTN_EAST BTN_NORTH BTN_WEST BTN_TL BTN_TR BTN_TL2 BTN_TR2 BTN_SELECT BTN_START BTN_MODE BTN_THUMBL BTN_THUMBR. Os 8 eixos: ABS_X ABS_Y ABS_Z ABS_RX ABS_RY ABS_RZ ABS_HAT0X ABS_HAT0Y. E o corpo do report em repouso: buttons[4] = 08 00 00 00, com o nibble de hat NEUTRO.",
botoes-conjunto-radio-sem,entrada.botoes@dualsense,radio,,,2026-08-15T22:15:22,o transporte de RADIO publicar um conjunto de botoes/eixos evdev diferente do que o cabo publica,não,"13 EV_KEY e 8 EV_ABS, diferença simétrica VAZIA",,aparelho,"scripts/ensaios/entrada_em_repouso.py, LEITURA PURA (o arquivo não contem HIDIOCGFEATURE nem HIDIOCSFEATURE; o trafego com o aparelho e read() de hidraw, EVIOCGABS/EVIOCGBIT de evdev e arquivos de /sys), porta do BROKER (SCM_RIGHTS) para os físicos e open() direto para os vpads, daemon RODANDO; teste que morde tests/unit/test_entrada_em_repouso_o_corpo_troca_de_lugar_no_radio.py; bruto docs/data/ensaios-brutos/2026-08-15-A1-entrada-em-repouso.txt","SEM o suspeito = os mesmos EVIOCGBIT nos dois aparelhos do CABO (event264, event271), na MESMA janela. Diferença simétrica VAZIA contra o radio, e vazia também contra os quatro vpads: 8 de 8 nós com o mesmo conjunto. O corpo em repouso também: buttons[4] = 08 00 00 00 nos oito. O QUE ISTO NÃO DIZ: qual BIT cada botao acende. Isso exige apertar, e apertar e O BLOCO DELA (--apertar).",
botoes-conjunto-cabo-com,entrada.botoes@dualsense,cabo,,,2026-08-15T22:15:22,o transporte de CABO publicar um conjunto de botoes/eixos evdev diferente do que o radio publica,sim,"13 EV_KEY e 8 EV_ABS, diferença simétrica VAZIA",,aparelho,"scripts/ensaios/entrada_em_repouso.py, LEITURA PURA (o arquivo não contem HIDIOCGFEATURE nem HIDIOCSFEATURE; o trafego com o aparelho e read() de hidraw, EVIOCGABS/EVIOCGBIT de evdev e arquivos de /sys), porta do BROKER (SCM_RIGHTS) para os físicos e open() direto para os vpads, daemon RODANDO; teste que morde tests/unit/test_entrada_em_repouso_o_corpo_troca_de_lugar_no_radio.py; bruto docs/data/ensaios-brutos/2026-08-15-A1-entrada-em-repouso.txt","COM o suspeito = EVIOCGBIT dos nós evdev dos dois aparelhos do cabo (event264, event271), mais o buttons[4] = 08 00 00 00 do corpo do report 0x01 em repouso, ancorado em data[1].",
botoes-conjunto-cabo-sem,entrada.botoes@dualsense,cabo,,,2026-08-15T22:15:22,o transporte de CABO publicar um conjunto de botoes/eixos evdev diferente do que o radio publica,não,"13 EV_KEY e 8 EV_ABS, diferença simétrica VAZIA",,aparelho,"scripts/ensaios/entrada_em_repouso.py, LEITURA PURA (o arquivo não contem HIDIOCGFEATURE nem HIDIOCSFEATURE; o trafego com o aparelho e read() de hidraw, EVIOCGABS/EVIOCGBIT de evdev e arquivos de /sys), porta do BROKER (SCM_RIGHTS) para os físicos e open() direto para os vpads, daemon RODANDO; teste que morde tests/unit/test_entrada_em_repouso_o_corpo_troca_de_lugar_no_radio.py; bruto docs/data/ensaios-brutos/2026-08-15-A1-entrada-em-repouso.txt","SEM o suspeito = os dois do RADIO na mesma janela (report 0x31, corpo ancorado em data[2]), com o mesmo conjunto declarado e o mesmo buttons[4] = 08 00 00 00.",
bruta-contador-radio-corpo,entrada.bruta@dualsense,radio,,,2026-08-15T22:12:10,o contador vivo do quadro de entrada estar no seq_number do CORPO (corpo[6]) quando o transporte e radio,sim,o contador NÃO anda,,aparelho,"scripts/ensaios/entrada_em_repouso.py, LEITURA PURA (o arquivo não contem HIDIOCGFEATURE nem HIDIOCSFEATURE; o trafego com o aparelho e read() de hidraw, EVIOCGABS/EVIOCGBIT de evdev e arquivos de /sys), porta do BROKER (SCM_RIGHTS) para os físicos e open() direto para os vpads, daemon RODANDO; teste que morde tests/unit/test_entrada_em_repouso_o_corpo_troca_de_lugar_no_radio.py; bruto docs/data/ensaios-brutos/2026-08-15-A1-entrada-em-repouso.txt","COM o suspeito = ler corpo[6] nos dois aparelhos do radio: 4552 quadros, UM único valor distinto (0x01), delta 0 em 100% dos pares. Régua absoluta: zero valores distintos além de um.",
bruta-contador-radio-envelope,entrada.bruta@dualsense,radio,,,2026-08-15T22:12:10,o contador vivo do quadro de entrada estar no seq_number do CORPO (corpo[6]) quando o transporte e radio,não,o contador anda +1 por quadro,,aparelho,"scripts/ensaios/entrada_em_repouso.py, LEITURA PURA (o arquivo não contem HIDIOCGFEATURE nem HIDIOCSFEATURE; o trafego com o aparelho e read() de hidraw, EVIOCGABS/EVIOCGBIT de evdev e arquivos de /sys), porta do BROKER (SCM_RIGHTS) para os físicos e open() direto para os vpads, daemon RODANDO; teste que morde tests/unit/test_entrada_em_repouso_o_corpo_troca_de_lugar_no_radio.py; bruto docs/data/ensaios-brutos/2026-08-15-A1-entrada-em-repouso.txt","SEM o suspeito = ler o nibble ALTO do data[1] (o byte do envelope que o hid_playstation pula sem nome), nos MESMOS 4552 quadros: delta +1 mod 16 em 100% dos pares, e o nibble baixo fixo em 1. CONSEQUÊNCIA: quem ler corpo[6] como contador conclui que o radio entrega quadro repetido — um zero convincente e falso. O produto NÃO le esse campo (não ha referência a ele em core/physical_report_reader.py), entao isto documenta uma assimetria, não um defeito aberto. CORROBORADO por instrumento e frente diferentes na mesma noite (Frente B, `giro_e_buraco.py`, estudo E-8), que mediu o mesmo congelamento e achou a régua melhor: `corpo[11..14]` como `__le32` conta nos DOIS transportes.",
bruta-contador-cabo-corpo,entrada.bruta@dualsense,cabo,,,2026-08-15T22:12:10,o contador vivo do quadro de entrada estar no seq_number do CORPO (corpo[6]) quando o transporte e cabo,sim,o contador anda +1 por quadro,,aparelho,"scripts/ensaios/entrada_em_repouso.py, LEITURA PURA (o arquivo não contem HIDIOCGFEATURE nem HIDIOCSFEATURE; o trafego com o aparelho e read() de hidraw, EVIOCGABS/EVIOCGBIT de evdev e arquivos de /sys), porta do BROKER (SCM_RIGHTS) para os físicos e open() direto para os vpads, daemon RODANDO; teste que morde tests/unit/test_entrada_em_repouso_o_corpo_troca_de_lugar_no_radio.py; bruto docs/data/ensaios-brutos/2026-08-15-A1-entrada-em-repouso.txt","COM o suspeito = ler corpo[6] nos dois aparelhos do cabo: 5001 quadros, 256 valores distintos, delta +1 mod 256 em 4999 de 4999 pares, zero pulos.",
bruta-contador-cabo-corpo-radio,entrada.bruta@dualsense,cabo,,,2026-08-15T22:12:10,o contador vivo do quadro de entrada estar no seq_number do CORPO (corpo[6]) quando o transporte e cabo,não,o contador NÃO anda,,aparelho,"scripts/ensaios/entrada_em_repouso.py, LEITURA PURA (o arquivo não contem HIDIOCGFEATURE nem HIDIOCSFEATURE; o trafego com o aparelho e read() de hidraw, EVIOCGABS/EVIOCGBIT de evdev e arquivos de /sys), porta do BROKER (SCM_RIGHTS) para os físicos e open() direto para os vpads, daemon RODANDO; teste que morde tests/unit/test_entrada_em_repouso_o_corpo_troca_de_lugar_no_radio.py; bruto docs/data/ensaios-brutos/2026-08-15-A1-entrada-em-repouso.txt","SEM o suspeito = o MESMO corpo[6], lido nos dois aparelhos que estavam no RADIO, na mesma janela: congelado em 0x01. CONFUNDIMENTO braço/unidade: PARCIAL, e declarado. A partição e 2-a-2 por braço, e está janela sozinha não exclui que seja 2-a-2 por unidade. O que empurra para o transporte: a partição por revisão de placa CRUZA a por braço (0x0710 e 0x0711 são consecutivas, cairam em braços opostos e DISCORDAM; 0x0710 e 0x1111 são distantes, cairam no mesmo braço e CONCORDAM), e o envelope do cabo não TEM data[1] — o corpo começa ali —, entao o lugar que o radio usa não existe no fio. FECHA COM: uma corrida deste mesmo instrumento depois da próxima troca de braços. CORROBORADO por instrumento e frente diferentes na mesma noite (Frente B, `giro_e_buraco.py`, estudo E-8), que mediu o mesmo congelamento e achou a régua melhor: `corpo[11..14]` como `__le32` conta nos DOIS transportes.",
bruta-reservados-cabo-fisico,entrada.bruta@dualsense,cabo,,,2026-08-15T22:12:10,"o produto REPRODUZIR no vpad os campos de reserva do corpo que o aparelho preenche (corpo[11..14], corpo[48..51] e corpo[55..62])",sim,os três campos SE MEXEM,,aparelho,"scripts/ensaios/entrada_em_repouso.py, LEITURA PURA (o arquivo não contem HIDIOCGFEATURE nem HIDIOCSFEATURE; o trafego com o aparelho e read() de hidraw, EVIOCGABS/EVIOCGBIT de evdev e arquivos de /sys), porta do BROKER (SCM_RIGHTS) para os físicos e open() direto para os vpads, daemon RODANDO; teste que morde tests/unit/test_entrada_em_repouso_o_corpo_troca_de_lugar_no_radio.py; bruto docs/data/ensaios-brutos/2026-08-15-A1-entrada-em-repouso.txt","COM o suspeito = os dois aparelhos do cabo. Os três campos variam em 2 de 2 unidades na janela de 10 s. O hid_playstation não le nenhum deles (reserved[4], reserved3[12], reserved4[8] na struct de entrada), mas eles carregam dado vivo no fio.",
bruta-reservados-cabo-vpad,entrada.bruta@dualsense,cabo,,,2026-08-15T22:12:10,"o produto REPRODUZIR no vpad os campos de reserva do corpo que o aparelho preenche (corpo[11..14], corpo[48..51] e corpo[55..62])",não,os três campos ficam CONSTANTES em zero,,aparelho,"scripts/ensaios/entrada_em_repouso.py, LEITURA PURA (o arquivo não contem HIDIOCGFEATURE nem HIDIOCSFEATURE; o trafego com o aparelho e read() de hidraw, EVIOCGABS/EVIOCGBIT de evdev e arquivos de /sys), porta do BROKER (SCM_RIGHTS) para os físicos e open() direto para os vpads, daemon RODANDO; teste que morde tests/unit/test_entrada_em_repouso_o_corpo_troca_de_lugar_no_radio.py; bruto docs/data/ensaios-brutos/2026-08-15-A1-entrada-em-repouso.txt","SEM o suspeito = os quatro vpads, na MESMA janela: 0 de 4 com qualquer variação nesses 24 bytes. Régua absoluta: zero exato contra não-zero. CONSEQUÊNCIA: quem le o hidraw do nosso vpad direto — e a Steam le, de todo controle que enxerga — ve um DualSense com esses campos sempre zerados. CONFUNDIMENTO: IMUNE — o mesmo campo, na mesma janela, nos dois lados, e o resultado e zero contra não-zero. CRUZAMENTO COM A FRENTE B (estudo E-8, mesma noite, outro instrumento): um dos três campos zerados é o `corpo[11..14]`, que o `giro_e_buraco.py` isolou como o ÚNICO contador de perda de report que anda nos dois transportes. Telemetria de perda medida contra o nosso vpad mede ZERO por construção.",
bruta-reservados-radio-fisico,entrada.bruta@dualsense,radio,,,2026-08-15T22:12:10,"o produto REPRODUZIR no vpad os campos de reserva do corpo que o aparelho preenche (corpo[11..14], corpo[48..51] e corpo[55..62])",sim,os três campos SE MEXEM,,aparelho,"scripts/ensaios/entrada_em_repouso.py, LEITURA PURA (o arquivo não contem HIDIOCGFEATURE nem HIDIOCSFEATURE; o trafego com o aparelho e read() de hidraw, EVIOCGABS/EVIOCGBIT de evdev e arquivos de /sys), porta do BROKER (SCM_RIGHTS) para os físicos e open() direto para os vpads, daemon RODANDO; teste que morde tests/unit/test_entrada_em_repouso_o_corpo_troca_de_lugar_no_radio.py; bruto docs/data/ensaios-brutos/2026-08-15-A1-entrada-em-repouso.txt","COM o suspeito = os dois aparelhos do radio, 2 de 2, na mesma janela de 10 s. O achado atravessa os dois braços, o que e o que o torna do PRODUTO e não do transporte.",
bruta-reservados-radio-vpad,entrada.bruta@dualsense,radio,,,2026-08-15T22:12:10,"o produto REPRODUZIR no vpad os campos de reserva do corpo que o aparelho preenche (corpo[11..14], corpo[48..51] e corpo[55..62])",não,os três campos ficam CONSTANTES em zero,,aparelho,"scripts/ensaios/entrada_em_repouso.py, LEITURA PURA (o arquivo não contem HIDIOCGFEATURE nem HIDIOCSFEATURE; o trafego com o aparelho e read() de hidraw, EVIOCGABS/EVIOCGBIT de evdev e arquivos de /sys), porta do BROKER (SCM_RIGHTS) para os físicos e open() direto para os vpads, daemon RODANDO; teste que morde tests/unit/test_entrada_em_repouso_o_corpo_troca_de_lugar_no_radio.py; bruto docs/data/ensaios-brutos/2026-08-15-A1-entrada-em-repouso.txt","SEM o suspeito = os quatro vpads, incluindo os dois alimentados pelos controles do radio: 0 de 4 com variação. A cura, se ela for pedida, e do produto e não do transporte. CRUZAMENTO COM A FRENTE B (estudo E-8, mesma noite, outro instrumento): um dos três campos zerados é o `corpo[11..14]`, que o `giro_e_buraco.py` isolou como o ÚNICO contador de perda de report que anda nos dois transportes. Telemetria de perda medida contra o nosso vpad mede ZERO por construção.",
sfx-cabo-sem-posse,audio.alto_falante@dualsense,cabo,,,2026-08-15T23:05:00,a posse dos bytes de volume do firmware (common[4..7]): sem ela o daemon escreve ZERO em todo report e o alto-falante fica mudo,não,não obedece,,olho-dela,"bancada 15/08 23h05 — o AZUL (d4:2f:4b:00:00:d8, hw 0x00001111) no CABO, com placa ALSA card2 (USB 3-3). Rota 3 por IPC `speaker.set`, som por `pw-play --target` no sink surround-40 do próprio controle (o HDMI não recebeu nada). Sink conferido antes: Mute no, os quatro canais a 100%. Daemon VIVO. Teste CEGO: ela relatou sem saber o que fora enviado.","passo 1: rota 3 e o WAV de 4 canais no sink do controle, SEM ninguém nunca ter escrito volume. Ela: 'nenhum'. O sink não estava mudo nem em zero — quem cala é o firmware, porque o report carrega volume 0",
sfx-cabo-com-posse,audio.alto_falante@dualsense,cabo,,,2026-08-15T23:05:00,a posse dos bytes de volume do firmware (common[4..7]): sem ela o daemon escreve ZERO em todo report e o alto-falante fica mudo,sim,obedece,,olho-dela,"bancada 15/08 23h05 — o AZUL (d4:2f:4b:00:00:d8, hw 0x00001111) no CABO, com placa ALSA card2 (USB 3-3). Rota 3 por IPC `speaker.set`, som por `pw-play --target` no sink surround-40 do próprio controle (o HDMI não recebeu nada). Sink conferido antes: Mute no, os quatro canais a 100%. Daemon VIVO. Teste CEGO: ela relatou sem saber o que fora enviado.","passo 2b: `speaker volume 85` (o daemon confirmou ok=True), depois a MESMA rota 3 e o MESMO WAV. Ela: 'ouvi' e depois 'bep bep bep' — descreveu o som pulsado de 1300 Hz sem saber o que fora enviado",
sfx-cabo-volume-zero,audio.alto_falante@dualsense,cabo,,,2026-08-15T23:05:00,a posse dos bytes de volume do firmware (common[4..7]): sem ela o daemon escreve ZERO em todo report e o alto-falante fica mudo,não,não obedece,,olho-dela,"bancada 15/08 23h05 — o AZUL (d4:2f:4b:00:00:d8, hw 0x00001111) no CABO, com placa ALSA card2 (USB 3-3). Rota 3 por IPC `speaker.set`, som por `pw-play --target` no sink surround-40 do próprio controle (o HDMI não recebeu nada). Sink conferido antes: Mute no, os quatro canais a 100%. Daemon VIVO. Teste CEGO: ela relatou sem saber o que fora enviado.","passo 3, a dose-resposta que fecha: `speaker volume 0`, mesma rota, mesmo WAV. Ela: 'mudo'. Com 85 sai, com 0 não sai — a variável é o volume, e nada mais mudou entre as três passadas",
sfx-cabo-hdmi-negativo,audio.alto_falante@dualsense,cabo,,,2026-08-15T23:05:00,"vazamento: o som mirado no controle sair pela TV, ou o da TV sair no controle",sim,não obedece,,olho-dela,"bancada 15/08 23h05 — o AZUL (d4:2f:4b:00:00:d8, hw 0x00001111) no CABO, com placa ALSA card2 (USB 3-3). Rota 3 por IPC `speaker.set`, som por `pw-play --target` no sink surround-40 do próprio controle (o HDMI não recebeu nada). Sink conferido antes: Mute no, os quatro canais a 100%. Daemon VIVO. Teste CEGO: ela relatou sem saber o que fora enviado.","o NEGATIVO DE ROTA, e ele veio de graça: o som A (grave contínuo, 180 Hz com harmônicos) foi mirado só no HDMI e ela ouviu SÓ na TV, com o controle mudo; o som B (pulsado, 1300 Hz) foi mirado só no controle e saiu só nele. Dois timbres diferentes de propósito, para 'ouvi' nunca ser ambíguo",
sfx-cabo-todo-o-som,audio.alto_falante@dualsense,cabo,,,2026-08-15T23:12:00,a troca do sink PADRÃO leva o som do sistema inteiro ao alto-falante do controle,sim,obedece,,olho-dela,"bancada 15/08 23h12 — o AZUL (d4:2f:4b:00:00:d8, hw 0x00001111) no CABO. Sink padrão do sistema trocado por `pactl set-default-sink` para o do controle (é o que a `app/audio_saida.RotaDeSaida` faz pelo botão), volume 85 sob posse, rota 3. O padrão dela foi guardado antes e DEVOLVIDO depois. Teste CEGO. Daemon VIVO.","passo 4: tocado SEM alvo o mesmo som A (grave contínuo, 180 Hz com harmônicos) que no passo 1 saíra pela TV. Ela: 'tuc hmmmmmmmm no controle' — descreveu o timbre grave e o lugar, sem saber o que fora enviado. O 'tuc' inicial ficou registrado e NÃO está explicado: pode ser o despertar do alto-falante ou a troca de sink, e não foi medido",
sfx-cabo-o-mesmo-som-troca-de-lugar,audio.alto_falante@dualsense,cabo,,,2026-08-15T23:12:00,a troca do sink PADRÃO leva o som do sistema inteiro ao alto-falante do controle,não,não obedece,,olho-dela,"bancada 15/08 23h12 — o AZUL (d4:2f:4b:00:00:d8, hw 0x00001111) no CABO. Sink padrão do sistema trocado por `pactl set-default-sink` para o do controle (é o que a `app/audio_saida.RotaDeSaida` faz pelo botão), volume 85 sob posse, rota 3. O padrão dela foi guardado antes e DEVOLVIDO depois. Teste CEGO. Daemon VIVO.","o outro lado do par, e ele é o passo 1 relido: o MESMO som A, com o padrão no HDMI, saiu pela TV e o controle ficou mudo. Mesmo arquivo, mesma máquina, 20 minutos antes — só o sink padrão mudou",
sfx-cabo-caso3-os-dois-juntos,audio.alto_falante@dualsense,cabo,,,2026-08-15T23:20:00,os DOIS sons ao mesmo tempo saírem pelo alto-falante do controle (o botão 'Todo o som do PC'),sim,obedece,,olho-dela,"bancada 15/08 23h20 — azul (d4:2f:4b:00:00:d8) no CABO, sink padrão trocado para o do controle, volume 85 sob posse, rota 3. Os dois WAV tocados em PARALELO. O padrão dela foi guardado e devolvido. Teste CEGO.","CASO 3, e ele NÃO é o caso 2 repetido: exercita a troca do PADRÃO do sistema, que é o que a janela faz. Ela: 'no controle eu ouvi os bep e o hmmm ao mesmo tempo tá ótimo, igual na interface' — os DOIS timbres, juntos, no controle. Ela corrigiu a primeira passada, em que eu havia tocado um som só e concluído o caso: 'não pula etapa, nem chega em conclusão assim'.",
sfx-canal1-e-o-alto-falante,audio.alto_falante.rota@dualsense,cabo,,,2026-08-15T23:45:00,o canal ALSA 1 (front-right) é o que alimenta o alto-falante interno,sim,obedece,,olho-dela,"bancada 15/08 23h45 — azul (d4:2f:4b:00:00:d8, hw 0x00001111) no CABO, card2. Um canal ALSA por vez (WAV de 4 canais com tom só num deles), volume 84-90 sob posse, rota por IPC. Teste CEGO. Daemon VIVO.","rota 3 SEM fone, canal 1 sozinho: ela ouviu 'um piiiiiiiii'. Bate com a tabela do OUTPUT_PATH_SEL (rota 3 = canal R -> alto-falante interno) e com o driver, que escreve 0x3 na borda de saída do fone (hid-playstation.c:1508-1524)",
sfx-rota2-sem-fone,audio.alto_falante.rota@dualsense,cabo,,,2026-08-15T23:45:00,"a ROTA 2 (""Sons do jogo"", L->fone e R->alto-falante) leva o canal R ao alto-falante",sim,obedece,,olho-dela,"bancada 15/08 23h45 — azul (d4:2f:4b:00:00:d8, hw 0x00001111) no CABO, card2. Um canal ALSA por vez (WAV de 4 canais com tom só num deles), volume 84-90 sob posse, rota por IPC. Teste CEGO. Daemon VIVO.","PRIMEIRA VEZ que a rota 2 é exercida — só a 3 tinha sido, em 02/08. Canal 1, rota 2, SEM fone: 'saiu agora'. Ela DESCONFIOU da tabela antes deste ensaio ('não me parece que só o som right sairia do controle, acho que tá errado a leitura dos bits'), e a desconfiança foi respondida por medição, não por defesa da tabela",
sfx-o-fone-manda-por-cima,audio.alto_falante.rota@dualsense,cabo,,,2026-08-15T23:45:00,o fone plugado manda POR CIMA da rota e desvia para si o canal que iria ao alto-falante,sim,obedece,,olho-dela,"bancada 15/08 23h45 — azul (d4:2f:4b:00:00:d8, hw 0x00001111) no CABO, card2. Um canal ALSA por vez (WAV de 4 canais com tom só num deles), volume 84-90 sob posse, rota por IPC. Teste CEGO. Daemon VIVO.","mesma rota 2, mesmo canal 1, a única diferença é o fone: COM fone ela ouviu no fone DIREITO; SEM fone, no ALTO-FALANTE. Par com/sem completo, e é o que explica por que a rota 2 parecia contradizer a tabela",
sfx-no-suspenso-come-o-comeco,audio.alto_falante@dualsense,cabo,,,2026-08-15T23:45:00,o nó do PipeWire SUSPENSO: o primeiro som depois do silêncio se perde no religar do hardware,sim,obedece,,olho-dela,"bancada 15/08 23h45 — azul (d4:2f:4b:00:00:d8, hw 0x00001111) no CABO, card2. Um canal ALSA por vez (WAV de 4 canais com tom só num deles), volume 84-90 sob posse, rota por IPC. Teste CEGO. Daemon VIVO.","O ACHADO DE PRODUTO DA NOITE. Canal 1 sozinho, com o nó ocioso: ela disse 'não saiu'. Os quatro timbres juntos logo depois: 'saiu no controle'. E o canal 1 sozinho DE NOVO, com o alto-falante já acordado: 'tuuuuuuuu'. Mesmo arquivo, mesma rota, mesmo volume — a única diferença é o nó estar ou não acordado. `pactl list sinks short` mostra os dois sinks do DualSense em SUSPENDED. É o PipeWire suspendendo nó ocioso, e o religar do hardware come o começo do som. A pergunta dela que isto responde: 'como garantimos durante um jogo que o som sempre saia?'",
sfx-no-acordado-nao-come,audio.alto_falante@dualsense,cabo,,,2026-08-15T23:45:00,o nó do PipeWire SUSPENSO: o primeiro som depois do silêncio se perde no religar do hardware,não,não obedece,,olho-dela,"bancada 15/08 23h45 — azul (d4:2f:4b:00:00:d8, hw 0x00001111) no CABO, card2. Um canal ALSA por vez (WAV de 4 canais com tom só num deles), volume 84-90 sob posse, rota por IPC. Teste CEGO. Daemon VIVO.","o outro lado do par: com o nó JÁ ACORDADO (som tocado segundos antes), o mesmo canal 1 sozinho saiu — 'tuuuuuuuu'. Sem suspensão, nada se perde",
sfx-canal0-nao-alimenta,audio.alto_falante.rota@dualsense,cabo,,,2026-08-16T00:05:00,"o canal ALSA N do sink surround-40 alimenta o alto-falante interno (canal 0, front-left)",sim,não obedece,,olho-dela,"bancada 16/08 00h05 — azul (d4:2f:4b:00:00:d8, hw 0x00001111) no CABO, card2, SEM fone, rota 3, volume 91% sob posse. CONDIÇÃO NOVA E OBRIGATÓRIA: o nó do PipeWire mantido em RUNNING por um fluxo de 1 LSB nos 4 canais, e o estado conferido antes de CADA passada. Sem isso a leitura vira artefato de suspensão — foi o que contaminou três leituras da rodada anterior. Um canal por vez, teste CEGO.","canal 0 sozinho, nó RUNNING: 'nope ainda'. É o L da rota, e a rota 3 manda o R",
sfx-canal2-nao-alimenta,audio.alto_falante.rota@dualsense,cabo,,,2026-08-16T00:05:00,"o canal ALSA N do sink surround-40 alimenta o alto-falante interno (canal 2, rear-left)",sim,não obedece,,olho-dela,"bancada 16/08 00h05 — azul (d4:2f:4b:00:00:d8, hw 0x00001111) no CABO, card2, SEM fone, rota 3, volume 91% sob posse. CONDIÇÃO NOVA E OBRIGATÓRIA: o nó do PipeWire mantido em RUNNING por um fluxo de 1 LSB nos 4 canais, e o estado conferido antes de CADA passada. Sem isso a leitura vira artefato de suspensão — foi o que contaminou três leituras da rodada anterior. Um canal por vez, teste CEGO.","canal 2 sozinho, nó RUNNING: 'nada'",
sfx-canal3-nao-alimenta,audio.alto_falante.rota@dualsense,cabo,,,2026-08-16T00:05:00,"o canal ALSA N do sink surround-40 alimenta o alto-falante interno (canal 3, rear-right)",sim,não obedece,,olho-dela,"bancada 16/08 00h05 — azul (d4:2f:4b:00:00:d8, hw 0x00001111) no CABO, card2, SEM fone, rota 3, volume 91% sob posse. CONDIÇÃO NOVA E OBRIGATÓRIA: o nó do PipeWire mantido em RUNNING por um fluxo de 1 LSB nos 4 canais, e o estado conferido antes de CADA passada. Sem isso a leitura vira artefato de suspensão — foi o que contaminou três leituras da rodada anterior. Um canal por vez, teste CEGO.","canal 3 sozinho, nó RUNNING: 'nada'. Fecha o mapa: dos 4 canais ALSA só o 1 alcança o alto-falante",
sfx-tres-saidas-quatro-canais,audio.alto_falante.rota@dualsense,cabo,,,2026-08-16T00:05:00,o sink de 4 canais tem MENOS destinos físicos do que canais,sim,obedece,,olho-dela,"bancada 16/08 00h05 — azul (d4:2f:4b:00:00:d8, hw 0x00001111) no CABO, card2, SEM fone, rota 3, volume 91% sob posse. CONDIÇÃO NOVA E OBRIGATÓRIA: o nó do PipeWire mantido em RUNNING por um fluxo de 1 LSB nos 4 canais, e o estado conferido antes de CADA passada. Sem isso a leitura vira artefato de suspensão — foi o que contaminou três leituras da rodada anterior. Um canal por vez, teste CEGO.","O MAPA DOS CANAIS, e é a primeira vez que ele existe nesta casa: canal 0 (front-left) -> fone L; canal 1 (front-right) -> fone R COM fone, ALTO-FALANTE sem fone; canais 2 e 3 (rear) -> nada, em passada nenhuma. O DualSense tem TRÊS saídas físicas (fone L, fone R, alto-falante mono) e o ALSA apresenta QUATRO canais — dois sobram. Quem escrever áudio para o controle e espalhar pelos quatro canais está mandando metade para lugar nenhum.",
sfx-so-o-R-chega,audio.alto_falante.rota@dualsense,cabo,,,2026-08-16T00:40:00,"o alto-falante recebe a SOMA de L+R, e não só o canal R",não,não obedece,,olho-dela,"bancada 16/08 00h40 — azul (d4:2f:4b:00:00:d8) no CABO, SEM fone, rota 3, volume 95 sob posse, nó em RUNNING conferido antes de cada passada. Dois timbres opostos: grave contínuo 300 Hz e agudo pulsado 1800 Hz. Teste CEGO.","arquivo de QUATRO canais NATIVOS (sem conversão do PipeWire): grave só no front-left, pulsado só no front-right, rear em zero. Ela: 'só tu tu tu tu tu' — SÓ o pulsado. O front-left não chega ao alto-falante. O firmware pega só o canal R, como a tabela do OUTPUT_PATH_SEL diz, e o L é perdido",
sfx-o-pipewire-e-que-misturava,audio.alto_falante.rota@dualsense,cabo,,,2026-08-16T00:40:00,"o alto-falante recebe a SOMA de L+R, e não só o canal R",sim,obedece,,olho-dela,"bancada 16/08 00h40 — azul (d4:2f:4b:00:00:d8) no CABO, SEM fone, rota 3, volume 95 sob posse, nó em RUNNING conferido antes de cada passada. Dois timbres opostos: grave contínuo 300 Hz e agudo pulsado 1800 Hz. Teste CEGO.","o lado que MASCARAVA, e por isso o par importa: com um arquivo ESTÉREO (2 canais) no mesmo sink de 4, ela ouviu OS DOIS timbres. A diferença entre as duas passadas é só o número de canais do arquivo — logo quem somou L+R foi a conversão 2->4 do PipeWire, não o firmware. Sem este controle, o resultado anterior teria virado o fato errado 'o alto-falante toca estéreo'",
som-no-radio-observado-nao-replicado,audio.alto_falante@dualsense,radio,,,2026-08-16T00:10:00,som saindo do alto-falante de um controle no RÁDIO,sim,inconclusivo,,olho-dela,"bancada 16/08 00h10 — durante o ensaio do FPS (som diferente em cada um dos dois controles do CABO). O VERMELHO (44:46:48:00:00:03) estava no RÁDIO, sem placa ALSA nenhuma, e sozinho do lado DIREITO da sala; azul, roxo e branco estavam à esquerda dela.","OBSERVAÇÃO DELA, NÃO REPLICADA — e fica aberta de propósito, porque nesta casa a observação dela é fonte primária. Ela ouviu um 'tu tu tu tu' vindo da DIREITA, com duração de ~6 s, e depois identificou o timbre: 'era esse som, esse mesmo som, o exato som' — o pulsado de 1700 Hz a 6 Hz que eu mandava ao roxo, cujos arquivos têm 5 s. QUATRO tentativas de replicar, TODAS negativas: (1) a mesma sequência volume+rota mirada no vermelho por IPC — nada, nem som nem vibração; (2) o pulsado no roxo com ela segurando o VERMELHO no ouvido — nada no vermelho; (3) conferido que o mapa card->controle NÃO estava velho (card2=azul, card3=roxo, e o vermelho sem placa); (4) conferido que nenhum outro processo tocava áudio. O que o log do daemon mostra no minuto exato é só o `motion_reader_silencio_reabrindo` no hidraw8 — o próprio vermelho — a cada 30 s, que é OUTRO defeito e não explica 6 s de som contínuo. NÃO SE CONCLUI que ela ouviu errado; conclui-se que não sabemos. Se voltar a acontecer, o que falta capturar é: `btmon` durante o evento, e o report que sai no fio para o hidraw8 naquele instante. || 07/09/2026: A CAPTURA QUE FALTAVA EXISTE, e o ensaio continua INCONCLUSIVO — nada abaixo replica nada. Esta nota dizia que faltava capturar o `btmon` durante o evento e o report que sai no fio naquele instante; o instrumento que faz as duas coisas é `scripts/ensaios/a_captura_armada_do_som_no_radio.py`. Ele não tenta PROVOCAR (quatro réplicas já falharam nisso): fica ARMADO, e ELA marca o instante apertando o botão de MUDO do plástico — o mesmo gesto que mediu `mic-radio-negativo-do-mudo-0907`, escolhido porque não move o cursor dela (o touchpad moveria) e não abre a Steam (o PS abriria). Rodado em leitura pura em 07/09 às 22h47 num DualSense de rádio, por 6 s: 3.284 reports de entrada, CRC ok, ZERO com o bit de áudio, ZERO marcas — janela vazia, que NÃO é 'o som não aconteceu'. A metade do FIO não saiu nesta rodada porque `sudo -n` pede senha nesta máquina; com as duas metades o comando é `sudo -v && .venv/bin/python scripts/ensaios/a_captura_armada_do_som_no_radio.py --exigir-mac <MAC> --segundos 300`.",
lightbar-steam-aberta,luz.lightbar.cor@dualsense,radio,,,2026-08-16T01:05:00,"a Steam aberta escrevendo na lightbar por hidraw cru, por cima do Hefesto",sim,não obedece,,olho-dela,"bancada 16/08 01h05 — o BRANCO (14:3a:9a:00:00:ab) no RÁDIO. Escrita crua por os.write no hidraw pelo broker, envelope BT do produto (CRC semente 0xA2), degrau 0x32. Daemon VIVO. O par foi feito POR ELA, fechando a Steam no meio.","com a Steam ABERTA a barra ficou APAGADA depois de cada comando nosso — ela: 'apagado em definitivo'. Medido no mesmo minuto: a Steam segurava os OITO hidraw (4,5,6,7,8,9,10,11). O daemon NÃO reagiu em 60 s: zero linhas de lightbar, gatilho ou defend no journal. E `lightbar_escritor_estrangeiro` deu ZERO em três horas — a detecção só enxerga escrita pela classe LED, e a própria docstring avisa que escrita CRUA por hidraw fica INVISÍVEL a ela",
lightbar-steam-fechada,luz.lightbar.cor@dualsense,radio,,,2026-08-16T01:05:00,"a Steam aberta escrevendo na lightbar por hidraw cru, por cima do Hefesto",não,obedece,,olho-dela,"bancada 16/08 01h05 — o BRANCO (14:3a:9a:00:00:ab) no RÁDIO. Escrita crua por os.write no hidraw pelo broker, envelope BT do produto (CRC semente 0xA2), degrau 0x32. Daemon VIVO. O par foi feito POR ELA, fechando a Steam no meio.","ELA fechou a Steam e a barra VOLTOU AO VERDE sozinha — 'eu fechei a steam e o negocio voltou pro verde'. Conferido no mesmo instante: Steam fechada, NENHUM processo segurando hidraw. Nada mais foi tocado entre os dois lados do par. A HIPÓTESE FOI DELA ('não é pq a steam tá aberta?'), levantada quando eu ainda perseguia o cache do reassert — que um agente já havia derrubado por leitura de fonte",
lightbar-sysfs-nao-sabe,luz.lightbar.cor@dualsense,radio,,,2026-08-16T01:05:00,o multi_intensity do sysfs reflete o que a barra MOSTRA,sim,não obedece,,bancada,"bancada 16/08 01h05 — o BRANCO (14:3a:9a:00:00:ab) no RÁDIO. Escrita crua por os.write no hidraw pelo broker, envelope BT do produto (CRC semente 0xA2), degrau 0x32. Daemon VIVO. O par foi feito POR ELA, fechando a Steam no meio.","o sysfs leu `[0 255 0]` com a barra APAGADA (Steam aberta) e `[0 255 0]` com a barra VERDE (Steam fechada) — o MESMO valor nos dois estados. Ele guarda o que foi PEDIDO, nunca o que está aceso. Quem medir lightbar por sysfs mede a memória do kernel. Isto derruba o grau de qualquer célula apoiada em leitura de sysfs, e explica por que o defeito parecia fantasma",
btmon-handshake-0x04-set-report-cor,identidade.cor_do_aparelho@dualsense,radio,SAIU NO FIO,,2026-08-23T00:00:00,o SET_REPORT 0x80 da cor de fábrica ser recusado pelo APARELHO (e não pelo BlueZ/uhid/kernel) — HIPÓTESE REFUTADA em 27/08/2026,sim,não obedece,,bancada,"bancada 23/08/2026 — captura btmon do canal de controle L2CAP, dois DualSense, quatro tentativas (com e sem CRC-32 de semente 0xA3 nos quatro últimos bytes). NOTA DATADA 29/08/2026: o ensaio RODOU e a captura vale; a hipótese que ele testava é que caiu. As quatro tentativas usaram a semente 0xA3 (DATA|FEATURE) — a do feature que CHEGA. A que SAI é 0x53 (SET_REPORT|FEATURE), e com ela o mesmo comando foi aceito por rádio em 27/08/2026. Este ensaio não mediu o aparelho: mediu o nosso pedido malformado.""MEDIDO NO FIO: o SET_REPORT 0x80 sai INTEIRO (TX 65 bytes no L2CAP) e o CONTROLE responde HANDSHAKE 0x04 (ERR_INVALID_PARAMETER) em ~5 ms, nas quatro tentativas, nos dois aparelhos. O GET_FEATURE 0x20 no MESMO canal responde em ~6 ms — prova que o fio está bom. Fecha a lacuna que a medição de 15/08 (EIO por ioctl) deixava aberta: quem recusa é o APARELHO, não a pilha. Bruto: src/hefesto_dualsense4unix/integrations/cor_do_plastico.py:381-406.",,
led-mic-nivel-cabo-1,luz.led_microfone@dualsense,cabo,O APARELHO OBEDECEU,,2026-09-02T23:47:35,common[8] aceitaria NIVEL de brilho alem de 0 e 1 (o campo e u8),sim,obedece,obedece,olho-dela,scripts/ensaios/nível_do_led_do_mic.py,"ENUM DE QUATRO ESTADOS, não brilho: 0 apagada, 1 acesa, 2 piscando, 3 piscando mais lento. 4, 64 e 255 apagam. A hipótese do nível CAIU.",dualsense.microfone_led_do_bot_o_de_mudo.usb
led-mic-faixa-cabo-2,luz.led_microfone@dualsense,cabo,O APARELHO OBEDECEU,,2026-09-02T23:47:35,o campo mascararia os bits baixos (255 & 0x03 = 3 deveria piscar lento),sim,não obedece,,olho-dela,scripts/ensaios/nível_do_led_do_mic.py,"255 APAGA, e 4 também. O firmware VALIDA A FAIXA 0..3 em vez de mascarar bits — um campo que mascarasse teria acendido no 255.",dualsense.microfone_led_do_bot_o_de_mudo.usb
led-mic-nivel-radio-1,luz.led_microfone@dualsense,radio,O APARELHO OBEDECEU,,2026-09-02T23:53:58,o rádio recusaria o enum que o cabo aceita (como a lightbar faz),sim,obedece,obedece,olho-dela,scripts/ensaios/nível_do_led_do_mic.py,"IDÊNTICO AO CABO nos quatro estados: 0 apagada, 1 acesa, 2 piscando, 3 piscando mais lento. O envelope muda (CRC e report do rádio), o CAMPO não. A suspeita da assimetria caiu — e ela era razoável: a lightbar por rádio e ignorada por alguns controles, e o mapa registra isso desde 15/08/2026.",dualsense.microfone_led_do_bot_o_de_mudo.bluetooth
mic-radio-a-voz-sai-0907,audio.microfone@dualsense,radio,SAIU NO FIO,,2026-09-07T19:11:18,"a ponte por HID nunca entregou áudio: o laudo de 07/09 às 18h40 leu 100,00% de zeros em 20 s, 0 de 20 janelas com sinal, e o evento do decodificador ZERO vezes em 145.629 linhas de journal",sim,entrega voz,obedece,bancada,scripts/ensaios/microfone_pelo_radio.py,"A SUSPEITA CAIU. DualSense d4:2f:4b:00:00:d8 no rádio, daemon dela vivo e nunca reiniciado. A ponte publicou o canal, o `parec` abriu, a source virou RUNNING e o 0x32 de LIGAR saiu. Em 10 s: 1.133 quadros Opus, 1.133 escritas no fifo, ZERO descartes, e o aplicativo gravou 10,24 s com 5,4% de zeros, pico 6.039, RMS 595,4 = -34,8 dBFS. O cabo, medido no mesmo dia, deu -44 a -52 dBFS: pelo rádio a voz chega MAIS ALTA que pelo fio. Camada de protocolo medida antes, direto do hidraw e sem PipeWire nenhum no meio: 318 reports com o bit de áudio em 10 s, zero quadros inválidos, -35,4 dBFS. Nada foi gravado em disco.",dualsense.microfone_capta_o_do_udio_o_sinal.bluetooth
mic-radio-negativo-do-mudo-0907,audio.microfone@dualsense,radio,,,2026-09-07T19:09:15,o instrumento diria 'entrega voz' sobre qualquer coisa — inclusive sobre um microfone calado,sim,"silêncio, e o silêncio está certo",,bancada,scripts/ensaios/microfone_pelo_radio.py,"O NEGATIVO DA RÉGUA, no MESMO instrumento e no mesmo minuto. DualSense a0:fa:9c:00:00:f0, calado no firmware (`mic_mudo=true` no state_full, o botão do plástico apertado por ela). A ponte fez tudo certo — 988 quadros Opus, 988 escritas no fifo, ZERO descartes — e o aplicativo gravou 10,24 s de 100,00% de zeros. É assim que se distingue 'a ponte não entrega' de 'o microfone está mudo': pelas colunas de escrita, não pelo silêncio, que é igual nos dois.",dualsense.microfone_capta_o_do_udio_o_sinal.bluetooth
sfx-radio-a-bomba-monta-os-dois-arranjos-0907,audio.saida_dedicada.payload_do_degrau@dualsense,radio,MONTOU,,2026-09-07T22:58:00,"faltava o LAÇO entre as duas metades: o encoder e o sink nasceram em 06/09 e ninguém os ligava em regime, então o nó publicado era um sumidouro e o `--escrever` do ensaio parava em rc=3 antes de existir caminho de escrita",sim,"monta os DOIS arranjos a 2.660 reports/s, e NÃO escreve",,bancada,integrations/alto_falante_bt.BombaDeSomPeloRadio em modo SECO · scripts/ensaios/o_som_que_sai.py --motor,"NADA FOI ESCRITO EM APARELHO NENHUM, e nada aqui é medição de som — o mapa proíbe a conclusão com todas as letras (FALÁCIA DO CANAL QUE RESPONDE). O que se mediu foi o NOSSO lado, com os quatro DualSense dela na mesa e o daemon vivo e intocado: a partir de PCM s16le estéreo 48 kHz de verdade (seno de 440 Hz, nunca silêncio), a libopus 1.4 fechou 200 B por quadro de 10 ms e os DOIS arranjos candidatos montaram 547 B com o CRC-32 de semente 0xA2 no lugar, em 2 s: 5.325 reports (ds5dongle) e 5.318 (senshi), ~2.660/s de montagem contra os 50/s que o fio pediria — a montagem não é o gargalo. O NÚMERO QUE A DECISÃO D-0609-O-NO-DE-SOM-VIVE-COM-O-CONTROLE ESPERA: no degrau 0x39, cada arranjo pede 547 B x 50/s = 26,7 KiB/s (219 kbit/s), dos quais 400 B por report são Opus e 147 B são envelope, TLV e CRC — 27% de sobrecarga. O contador de sequência gira de 0 a 15 e o CRC é recalculado a cada carimbo (sem isso o firmware descartaria tudo menos o primeiro report e o nosso log diria 'escrito'). NENHUM ARRANJO FOI ESCOLHIDO: os dois são montados do MESMO PCM, e quem escolhe é a orelha dela no ensaio de bancada. A porta de escrita existe desde hoje (`--escrever --eu-estou-ouvindo`) e continua parando em rc=3 sem a declaração de que ela está do outro lado.",
painel-do-brilho-led-jogador-com-bit-cabo-0909,luz.led_jogador.brilho@dualsense,cabo,0 · 1 · 2,,2026-09-09T10:03:14,"o common[42] com o flag2 bit0 atenua alguma luz do aparelho, e a casa dizia que era a barra",sim,obedece,obedece,olho-dela,scripts/ensaios/o_painel_do_brilho.py,"os três degraus atenuam as LÂMPADAS DE NUMERAÇÃO (P1, P2…), não a barra. Mesmo impacto nos dois transportes, medido lado a lado no painel. palavra dela: ""o que o slicer altera não são as cores do lightbar mas os leds que indicam qual player é o dono daquele controle, tipo player 1...2 e tanto no cabo quanto bt eles tem o mesmo impacto e precisam da autorização do byte""",
painel-do-brilho-led-jogador-sem-bit-cabo-0909,luz.led_jogador.brilho@dualsense,cabo,0 · 1 · 2,,2026-09-09T10:03:14,"o negativo: sem o flag2 bit0, o common[42] age assim mesmo?",não,não obedece,,olho-dela,scripts/ensaios/o_painel_do_brilho.py,"O NEGATIVO DA RÉGUA, no mesmo painel: com a autorização desligada os três degraus não mudam nada. O bit é exigido — e o kernel desta máquina não o define.",
painel-do-brilho-a-barra-nao-atenua-cabo-0909,luz.lightbar.brilho@dualsense,cabo,0 · 1 · 2,,2026-09-09T10:03:14,o common[42] é o brilho de HARDWARE da barra (o que esta casa afirmou de 11/08 a 09/09/2026),sim,não obedece,não obedece,olho-dela,scripts/ensaios/o_painel_do_brilho.py,"DESMENTIDO POR MEDIÇÃO: a intensidade da barra não muda em nenhum dos três degraus, com o bit ligado. Era `inferido-do-codigo` e virou medido. O byte tem outro dono: `luz.led_jogador.brilho`.",
painel-do-brilho-a-cor-independe-do-bit-cabo-0909,luz.lightbar.cor@dualsense,cabo,0 · 1 · 2,,2026-09-09T10:03:14,a cor da barra depende do flag2 bit0?,não,obedece,,olho-dela,scripts/ensaios/o_painel_do_brilho.py,"a cor muda com o bit DESLIGADO — o caminho da cor é o `flag1` LIGHTBAR_CONTROL_ENABLE e não depende da autorização do brilho. Medido no mesmo painel, junto com o desmentido acima.",
painel-do-brilho-led-jogador-com-bit-radio-0909,luz.led_jogador.brilho@dualsense,radio,0 · 1 · 2,,2026-09-09T10:03:14,"o common[42] com o flag2 bit0 atenua alguma luz do aparelho, e a casa dizia que era a barra",sim,obedece,obedece,olho-dela,scripts/ensaios/o_painel_do_brilho.py,"os três degraus atenuam as LÂMPADAS DE NUMERAÇÃO (P1, P2…), não a barra. Mesmo impacto nos dois transportes, medido lado a lado no painel. ver a linha do cabo",
painel-do-brilho-led-jogador-sem-bit-radio-0909,luz.led_jogador.brilho@dualsense,radio,0 · 1 · 2,,2026-09-09T10:03:14,"o negativo: sem o flag2 bit0, o common[42] age assim mesmo?",não,não obedece,,olho-dela,scripts/ensaios/o_painel_do_brilho.py,"O NEGATIVO DA RÉGUA, no mesmo painel: com a autorização desligada os três degraus não mudam nada. O bit é exigido — e o kernel desta máquina não o define.",
painel-do-brilho-a-barra-nao-atenua-radio-0909,luz.lightbar.brilho@dualsense,radio,0 · 1 · 2,,2026-09-09T10:03:14,o common[42] é o brilho de HARDWARE da barra (o que esta casa afirmou de 11/08 a 09/09/2026),sim,não obedece,não obedece,olho-dela,scripts/ensaios/o_painel_do_brilho.py,"DESMENTIDO POR MEDIÇÃO: a intensidade da barra não muda em nenhum dos três degraus, com o bit ligado. Era `inferido-do-codigo` e virou medido. O byte tem outro dono: `luz.led_jogador.brilho`.",
painel-do-brilho-a-cor-independe-do-bit-radio-0909,luz.lightbar.cor@dualsense,radio,0 · 1 · 2,,2026-09-09T10:03:14,a cor da barra depende do flag2 bit0?,não,obedece,,olho-dela,scripts/ensaios/o_painel_do_brilho.py,"a cor muda com o bit DESLIGADO — o caminho da cor é o `flag1` LIGHTBAR_CONTROL_ENABLE e não depende da autorização do brilho. Medido no mesmo painel, junto com o desmentido acima.",
folha-mic-volume-o-byte-age-cabo-0909,audio.microfone.volume@dualsense,cabo,,,2026-09-09T11:41:47,"o common[6] do aparelho muda a captura, ou quem manda é só a fonte do sistema?",sim,obedece,obedece,olho-dela,scripts/ensaios/a_folha_dos_ensaios.py,"ela, verbatim: ""Deu certo. funciona"". Com o flag0 0x40 assumido, o deslizante do common[6] age. DECIDE A MIC-VOLUME-02: o byte obedece, logo o campo nasce. Medido só no CABO — o rádio não tem nó de áudio para gravar.",
folha-alto-falante-volume-cabo-0909,audio.alto_falante.volume@dualsense,cabo,,,2026-09-09T11:41:47,"o curso do common[5] é útil, ou satura antes do teto?",sim,obedece,obedece,olho-dela,scripts/ensaios/a_folha_dos_ensaios.py,"ela, verbatim: ""O som sai certinho agora que vi que o anterior era pro fone. Esse tá certo também. Se assumir o slicer funciona"". A EXIGÊNCIA É A POSSE: sem o flag0 0x20 ligado o byte é inerte.",
folha-fone-tem-volume-proprio-cabo-0909,audio.jack.volume@dualsense,cabo,,,2026-09-09T11:41:47,"o fone tem volume próprio, separado do alto-falante do controle?",sim,obedece,obedece,olho-dela,scripts/ensaios/a_folha_dos_ensaios.py,"ela, verbatim: ""O som sem fone sai no auto falante do controle. com fone o slicer funciona porém tem que assumir"". DECIDE A FONE-01: o common[4] varia o fone SOZINHO, logo `speaker.fone_volume` por controle tem o que gravar. E um achado de tabela: sem fone plugado, o som endereçado ao fone sai no alto-falante.",
folha-preamp-nao-altera-cabo-0909,audio.alto_falante.preamp@dualsense,cabo,,,2026-09-09T11:41:47,o ganho do common[37] é a peça que faltava para o curso do volume valer inteiro?,sim,não obedece,não obedece,olho-dela,scripts/ensaios/a_folha_dos_ensaios.py,"ela, verbatim: ""só funciona se colocar o fone (onde o som sai apenas), mas o slicer em si não altera nada"". Os oito degraus do pré-amp não mudaram nada audível. Pela régua das sprints de bancada — byte que o aparelho não obedece NÃO GANHA CAMPO — o pré-amplificador não vira controle de tela. O produto continua mandando o degrau do kernel e ninguém o expõe.",
folha-rota-todas-mono-no-fone-cabo-0909,audio.alto_falante.rota@dualsense,cabo,,,2026-09-09T11:41:47,as quatro rotas do OUTPUT_PATH_SEL fazem o que o nome delas diz?,sim,parcial,não obedece,olho-dela,scripts/ensaios/a_folha_dos_ensaios.py,"ela, verbatim: ""esteREO NO FONE TÁ OK, NA REAL TODOS SÃO MONO NO FONE, O DO ALTO FALANTE NÃO FUNCIONA AQUI MAS FUNCIONOU NO SOM DO CONTROLE 01"". Duas faltas: as quatro rotas saem MONO no fone (a de estéreo é a única que o nome descreve), e a rota «só no alto-falante» não sai por este caminho, embora o alto-falante toque pelo ensaio de volume. A tela NÃO pode oferecer quatro rotas nomeadas por consequência enquanto três delas fizerem a mesma coisa.",
folha-vibracao-o-instrumento-e-que-estava-errado-cabo-0909,vibracao.rumble.direito@dualsense,cabo,,,2026-09-09T11:41:47,os dois motores respondem ao byte do common[2]/[3]?,não,inconclusivo,,olho-dela,scripts/ensaios/a_folha_dos_ensaios.py,"ela, verbatim: ""não funciona, mas na interface isso funciona"" — e a discordância era DO INSTRUMENTO. A folha ligava só o VALID_FLAG0_COMPATIBLE_VIBRATION; o produto liga QUATRO bits (COMPATIBLE_VIBRATION + HAPTICS_SELECT + MOTOR_POWER + COMPATIBLE_VIBRATION2). Curado e REMEDIDO na mesma sessão: com os quatro, os motores respondem — ver `folha-forca-por-motor-obedece-cabo-0909`. A LIÇÃO QUE FICA: quando o instrumento e o produto discordam, quem está errado é o instrumento até prova em contrário, e quem revelou foi ELA dizendo que na interface funcionava.",
folha-cor-da-barra-obedece-cabo-0909,luz.lightbar.cor@dualsense,cabo,,,2026-09-09T11:41:47,a cor obedece sem depender do bit de brilho?,sim,obedece,obedece,olho-dela,scripts/ensaios/a_folha_dos_ensaios.py,"ela, verbatim: ""podemos não ter um slicer de intensidade mas as cores de cara"". A cor responde na hora; a INTENSIDADE não tem byte de hardware na barra (medido de manhã) e passou a ser um deslizante de multiplicação de RGB na folha, que é a mesma conta do `led.set {brightness}` do produto. A ideia é dela, vendo a coluna de tons do seletor de cor: aquela escada É a escada de intensidade.",
folha-forca-por-motor-obedece-cabo-0909,vibracao.rumble.direito@dualsense,cabo,,,2026-09-09T11:49:53,os dois motores respondem ao common[2]/[3] com os quatro bits do produto ligados?,sim,obedece,obedece,olho-dela,scripts/ensaios/a_folha_dos_ensaios.py,"ela, verbatim: ""todos eles funcionaram perfeitamente"". A REMEDIÇÃO depois da cura dos quatro bits de autorização. O que continua em aberto na VIBRA-MULT-01 não é se o motor responde — é se o degrau de 150% chega multiplicado ao motor, que é outra medição.",
folha-forca-por-motor-esquerdo-obedece-cabo-0909,vibracao.rumble.esquerdo@dualsense,cabo,,,2026-09-09T11:49:53,o motor esquerdo responde ao common[3] separado do direito?,sim,obedece,obedece,olho-dela,scripts/ensaios/a_folha_dos_ensaios.py,"ela, verbatim: ""todos eles funcionaram perfeitamente"". Os dois deslizantes são independentes na folha, e os dois motores responderam.",
folha-lampadas-de-numeracao-obedece-cabo-0909,luz.led_jogador@dualsense,cabo,,,2026-09-09T11:49:53,o desenho das cinco lâmpadas obedece ao bitmap do common[43]?,sim,obedece,obedece,olho-dela,scripts/ensaios/a_folha_dos_ensaios.py,"ela, verbatim: ""todos eles funcionaram perfeitamente"". O bitmap de 0 a 31 acende o desenho pedido com o flag1 PLAYER_INDICATOR assumido.",
folha-led-do-microfone-obedece-cabo-0909,luz.led_microfone@dualsense,cabo,,,2026-09-09T11:49:53,"quantos níveis o LED do botão do microfone aceita — dois, ou há um terceiro?",sim,obedece,obedece,olho-dela,scripts/ensaios/a_folha_dos_ensaios.py,"ela, verbatim: ""todos eles funcionaram perfeitamente"". Os três degraus (apagado, aceso, pulso) do common[8] responderam com o flag1 TOGGLE_MIC_BUTTON_LED assumido.",
led-jogador-escrita-hefesto-obedece-cabo-0909,luz.led_jogador.escrita_hefesto@dualsense,cabo,O APARELHO OBEDECEU,,2026-09-09T18:45:00,a numeração que o Hefesto escreve acende nas cinco lâmpadas do controle?,sim,obedece,obedece,olho-dela,"bancada 09/09/2026 — quatro DualSense na mesa, DOIS por cabo e DOIS por rádio; ela olhou as cinco lâmpadas dos quatro e disse «Sobe com o meu olho». A procedência é o OLHO DELA e mais nada: não houve instrumento entre o olho e o plástico, e o que foi observado é o EFEITO — a numeração aparecendo na lâmpada —, nunca o byte.","OS DOIS DO CABO acenderam. Ensaio da linha da ESCRITA do Hefesto, irmã de `folha-lampadas-de-numeracao-obedece-cabo-0909`, que mediu o BITMAP do common[43] pela folha; este mede o produto escrevendo. O que NÃO foi medido: por qual das duas rotas do cabo (sysfs ou hidraw) o byte saiu — o olho vê o efeito, não o caminho.",
led-jogador-escrita-hefesto-obedece-radio-0909,luz.led_jogador.escrita_hefesto@dualsense,radio,O APARELHO OBEDECEU,,2026-09-09T18:45:00,a numeração que o Hefesto escreve acende nas cinco lâmpadas do controle?,sim,obedece,obedece,olho-dela,"bancada 09/09/2026 — quatro DualSense na mesa, DOIS por cabo e DOIS por rádio; ela olhou as cinco lâmpadas dos quatro e disse «Sobe com o meu olho». A procedência é o OLHO DELA e mais nada: não houve instrumento entre o olho e o plástico, e o que foi observado é o EFEITO — a numeração aparecendo na lâmpada —, nunca o byte.","OS DOIS DO RÁDIO acenderam, e é esta a metade que faltava desde 12/08/2026: `radio_de_onde_sei` era `inferido-do-codigo` e a razão escrita do `parcial` era que ninguém tinha posto o aparelho na mesa. Foi posto. O que NÃO foi medido: o `parcial` continua de pé pela OUTRA razão, já escrita na linha — por rádio as re-afirmações passam só pelo sysfs, e o sysfs perde para quem tiver o `hidraw` aberto. Este ensaio não exercitou essa disputa.",
luz-radio-dois-envelopes-0910,luz.lightbar.cor@dualsense,radio,O APARELHO OBEDECEU,,2026-09-10T00:55:00,o envelope HID não chegar ao firmware pelo rádio — a hipótese que explicaria o silêncio do áudio,não,obedece,,olho-dela,"scripts/ensaios/a_folha_do_som_por_controle.py, o passo 0 da luz, os dois botões","Ela apertou os DOIS botões de azul da folha do som — `a-luz-por-data` (write() no hidraw, canal de interrupção) e `a-luz-por-set_report` (HIDIOCSOUTPUT, canal de controle) — e a barra acendeu NOS DOIS. Palavra dela: «ambos». ISTO REFUTA a hipótese do envelope, que era a que o índice do rádio deixava de pé para o ensaio 13: «o conteúdo já foi variado; o que falta variar é o envelope». Os dois envelopes chegam, o CRC está certo e o firmware obedece — o que ele recusa é especificamente o bloco de ÁUDIO.",
som-radio-l2cap-direto-abre-0910,audio.alto_falante@dualsense,radio,O APARELHO OBEDECEU,"socket L2CAP direto (AF_BLUETOOTH, PSM 0x13), sem HIDP",2026-09-10T00:55:00,"o canal L2CAP direto não existir para nós — a ressalva (c) de alto_falante_bt.py, nunca atacada",não,obedece,,olho-dela,scripts/ensaios/o_canal_l2cap_direto.py --conectar --acender,"O DS5Dongle, que documentou o protocolo do alto-falante, fala L2CAP DIRETO e nunca toca /dev/hidraw; toda passada desta casa foi por hidraw. Medido hoje: um SEGUNDO canal L2CAP no PSM 0x13 abre para o controle no rádio SEM privilégio de root e SEM derrubar o perfil de input do BlueZ — o controle segue funcionando como gamepad. Pelo canal novo, o mesmo 0x31 de cor que acendeu pelo hidraw ACENDEU a barra (79 B: o 0xA2 escrito por nós + o report de 78 B). Palavra dela: «azul». O imtu/omtu também sobe de 672 para 1024 por setsockopt(SOL_L2CAP, L2CAP_OPTIONS) — o botão que o perfil de input do BlueZ não toca e que o l2cap_proxy do matlo usa. A struct do kernel tem 12 bytes com o enchimento; mandar 11 devolve EINVAL.",
som-radio-l2cap-direto-mudo-0910,audio.alto_falante.rota@dualsense,radio,,"socket L2CAP direto (PSM 0x13), MTU 1024",2026-09-10T00:55:00,"o hidraw/HIDP ser a parede do áudio por rádio — MTU, enquadramento ou canal",não,não obedece,,orelha-dela,scripts/ensaios/o_canal_l2cap_direto.py --conectar --tocar --mtu 1024 --segundos 5,"Os TRÊS arranjos do produto (ds5dongle, senshi, common-preservado), 250 reports de 547 B cada, um a cada 20 ms, pelo canal L2CAP DIRETO com o MTU levantado a 1024 e a condição do produto (volume 85, rota só no alto-falante, pré-amp do kernel). ZERO recusas de escrita, silêncio nos três. Palavra dela: «nada». Com o positivo do MESMO canal medido minutos antes (a cor acendeu), este silêncio não é do cano: o firmware ENGOLE o report e não faz som. O que sobra por eliminação é o CORPO do bloco de áudio.",
som-cabo-0x39-vira-estado-0910,audio.alto_falante@dualsense,cabo,,"hidraw pelo broker, com o daemon vivo",2026-09-10T00:55:00,"o bloco de áudio do rádio poder ser testado contra o controle do CABO, que se sabe capaz de tocar",não,o firmware consome os bytes como ESTADO — barra e LEDs de jogador piscando,,olho-dela,scripts/ensaios/o_formato_do_audio_no_cabo.py --tocar (interrompido por ela),"IDEIA DELA, e o desenho estava certo: usar o controle do CABO como positivo do FORMATO, para separar formato de transporte. A EXECUÇÃO estava errada, e a razão é estrutural: NO CABO NÃO EXISTE REPORT DE ÁUDIO. O som do cabo passa pela placa de som USB do controle (classe de áudio USB), não por HID; o report de saída do cabo é o 0x02 de 64 B sem CRC. Mandar o 0x39 de 547 B (que é report de Bluetooth, com CRC) pelo hidraw do cabo não repete o teste — joga bytes que o firmware consome como estado. Ela interrompeu: «o controle ficou maluco, os lightbar e leds tudo ligando e desligando» / «tá errado». O controle voltou ao normal ao parar o processo. O QUE FICA: em nenhum dos três caminhos (hidraw no rádio, L2CAP direto no rádio, hidraw no cabo) houve UMA recusa de escrita — o aparelho aceita os bytes em todos e não faz som em nenhum. E o positivo de FORMATO que existe de verdade é o MICROFONE, que atravessa o mesmo HID com Opus na direção controle->host desde 25/07/2026.",
som-radio-035-toca-0910,audio.alto_falante.rota@dualsense,radio,O APARELHO OBEDECEU,"hidraw pelo broker, com o daemon vivo",2026-09-10T01:20:00,o report 0x39 ser o degrau do áudio — onde TODAS as nove passadas desta casa bateram,não,obedece,,orelha-dela,scripts/ensaios/o_som_pelo_035.py --tocar,"O SOM SAIU NO ALTO-FALANTE DO CONTROLE PELO RÁDIO — a primeira vez nesta casa. Palavra dela: «foi!». Fecha o ensaio 13 do índice do rádio, aberto desde 31/08/2026, cuja frase era «ninguém desta casa mandou um único byte de áudio por rádio». O QUE MUDOU FOI O REPORT, e só ele: `0x35` de 334 B com UM quadro Opus, no lugar do `0x39` de 547 B com dois. Layout do `HeadsetPlayMusic` (awalol/dualsense-bt-haptics): [0]=0x35 [1]=seq<<4 [2]=0x11|0x80 [3]=7 [4]=0xFE (os sete enables; bit0 é o mic) [5..9]=00 00 00 00 FF [10]=contador de QUADROS [11]=0x13|0x80 (alto-falante) [12]=200 [13..212]=Opus 48 kHz estéreo CBR 160 kbps, quadro de 10 ms; CRC-32 LE seed 0xA2 no rabo. Cadência 512/48000 = 10,667 ms, UM report por tique. A ESCRITA É `write()` NO HIDRAW, pelo broker, com o daemon VIVO e o hid-playstation ligado — nenhum socket L2CAP, nenhum root, nenhum unbind.",
som-radio-035-crc-errado-cala-0910,audio.alto_falante.rota@dualsense,radio,,hidraw pelo broker,2026-09-10T01:20:00,o som vir de outra coisa que não este report — a coincidência,não,não obedece,,orelha-dela,scripts/ensaios/o_som_pelo_035.py --tocar --crc-errado,"A MORDIDA, e ela mordeu: o MESMO report com o CRC-32 corrompido dá SILÊNCIO. Palavra dela: «nao escutei nada agora» (noqa-acento: citação literal dela). É o que separa «funcionou» de «coincidência» — o som vem deste report, e o firmware confere o CRC antes de tocar.",
som-radio-035-nao-precisa-de-primer-0910,audio.alto_falante.rota@dualsense,radio,,hidraw pelo broker,2026-09-10T01:20:00,faltar um primer 0x31 que ARMASSE a rota do alto-falante antes do áudio,não,"a hipótese CAIU — toca sem primer, e toca até desarmado",,orelha-dela,scripts/ensaios/o_som_pelo_035.py --tocar --desarmar --sem-primer,"A pesquisa externa deu o primer como o que faltava (o `audio_control` de fábrica é 0x00 = alto-falante MUDO), e a primeira mordida pareceu confirmar. ERA FURADA, e a mordida estava medindo outra coisa: ela tocou sem primer logo depois de uma corrida COM primer, e a rota PERSISTE no firmware — a mordida estava medindo a memória do aparelho, não o primer. REFEITA COM `--desarmar` (um 0x31 pedindo rota=fone, o padrão de fábrica) antes de tocar sem primer: ELA OUVIU IGUAL. Palavra dela: «escutei». O QUE ISSO DECIDE: o primer NÃO é necessário — a tag `0x13` do bloco de áudio já endereça o alto-falante por conta própria. A ponte que nascer daqui não precisa armar rota nenhuma. A LIÇÃO DE PROCESSO: mordida que não desfaz o estado da corrida anterior não mede o que promete. O aparelho tem memória, e ela sobrevive ao processo que a escreveu.",
som-radio-035-setenta-segundos-0910,audio.alto_falante.rota@dualsense,radio,O APARELHO OBEDECEU,hidraw pelo broker,2026-09-10T01:25:00,a falha conhecida lá fora: tocar ~8 s e emudecer quando o buffer do aparelho enche,não,obedece,,orelha-dela,scripts/ensaios/o_som_pelo_035.py --tocar --segundos 70,"70 SEGUNDOS INTEIROS, sem um corte. Palavra dela: «a todo momento eu escutei ainda peguei distancia não cortou um segundo sequer» — e o «peguei distância» é medição de alcance de rádio que ninguém pediu. ISTO DERRUBA A FALHA CONHECIDA das fontes externas: `forgerpl/dualsense-neo` SPEC.md questão 9 registra «At 10 ms we fed 100 frames/s to a device consuming 93.75; it played until the buffer filled (~8 s) then stayed silent». A nossa cadência é 512/48000 = 10,667 ms, UM report por tique, e por isso não estoura o buffer. O QUE ISSO AUTORIZA: a ponte do alto-falante por rádio deixa de ser hipótese e vira obra. Os 20 ms do produto (`alto_falante_bt.py:1516`, 50 reports/s = 100 quadros/s) são exatamente a taxa de estouro que o dsneo diagnosticou — trocar por 10,667 ms é parte da cura.",
mic-radio-a-palavra-dela-e-esquecida-0910,audio.microfone@dualsense,radio,,BtMicSubsystem do daemon,2026-09-10T01:50:00,o bit 0 dos enables (0xFE vs 0xFF) do report de áudio fechar o microfone,não,não obedece,,bancada,"journalctl --user -u hefesto-dualsense4unix, durante o ensaio o_som_pelo_035.py --com-mic","DEFEITO VIVO DO PRODUTO, achado ao medir outra coisa. O daemon LIGA o canal do microfone do controle no rádio e o DESLIGA 35 ms depois, por conta própria: `bt_mic_palavra_dela ligado=True` -> `bt_mic_pedido ligar=True seq=4` -> `bt_mic_palavra_dela_esquecida` -> `bt_mic_pedido ligar=False seq=5`, tudo no mesmo segundo. O ciclo se repete (seq 6 liga, seq 7 desliga). É o que ela viu como «algo tava bugando»: o nó `hefesto_mic_<hex6>` nasce, some e volta. MEDIDO NO NÓ, três gravações: SEM o nosso áudio correndo o mic dá ZEROS EXATOS (393.216 amostras, 0 não-zero, pico 0); COM o áudio e `enables=0xFF` dá 0,6% de amostras não-zero, pico 469 e 618 em duas voltas, e o MESMO número de janelas com energia (2 de ~140) nas duas — logo não é voz, é resíduo. Ela contou de 1 a 10 alto e perto na segunda volta. A RÉGUA DE COMPARAÇÃO é o mic do CABO em 15/08: 98,7% de amostras não-zero. O QUE ISSO SEPARA: o `0xFF` do report de áudio TIRA o mic do zero absoluto — o bit existe e faz algo —, mas a voz não chega porque o canal é derrubado pelo próprio daemon 35 ms depois de subir. Curar o `palavra_dela_esquecida` vem ANTES de qualquer conclusão sobre o bit.",
som-radio-035-entrada-fantasma-0910,audio.alto_falante.rota@dualsense,radio,,"hidraw pelo broker, com o daemon vivo",2026-09-10T02:00:00,a rajada de áudio conviver em paz com a entrada do controle,não,inconclusivo,,olho-dela,"relato dela durante o o_som_pelo_035.py --tocar, com o teclado emulado ligado","CUSTO ACHADO POR ELA: *«na REAL O TECLADO FICA SE MEXENDO QUANDO VC DA O COMANDO E SE FECHA SOZINHO. AI DESLIGO O BT DO CONTROLE E VOLTA AO NORMAL»* (noqa-acento: citação literal dela). O teclado na tela abre e fecha sozinho e o mouse enlouquece com o controle do rádio na mesa. A PRIMEIRA CAUSA REGISTRADA AQUI ESTAVA ERRADA e foi substituída no mesmo dia: eu atribuí a entrada fantasma à rajada de 0x35 (disputa entre o `output_seq` do hid-playstation e o nosso contador). MEIA HORA DEPOIS, com NENHUM som tocando desde as 02h00, ela relatou de novo: *«DESLIGUEI ELE PQ O PROBLEMA DO TECLADO MALUCO E MOUSE MALUCO VOLTARAM»* (noqa-acento: citação literal dela). Sem rajada não há disputa de contador — logo não era isso. O QUE SOBRA, e nada foi medido: o controle do rádio em modo desktop com mouse e teclado emulados (perfil `Personalizado`, `keyboard_emulation` enabled/despachando); eixo em deriva ou botão preso; ou o `0x32` do microfone. O log do daemon não registra evento de teclado nenhum nos dois episódios. O DEFEITO É DO PRODUTO E EXISTE SEM O TRABALHO DE HOJE. COMO MEDIR: controle do rádio parado, ninguém escrevendo, ler o evdev por 60 s e contar eventos — a régua de repouso que `entrada_em_repouso.py` já faz para a IMU.",
entrada-fantasma-nao-reproduziu-0910,entrada.touchpad@dualsense,radio,,"leitura de /dev/input, nenhuma escrita",2026-09-10T02:25:00,"deriva de eixo, botão preso, ou a rajada de áudio, como origem do teclado e do mouse malucos",não,inconclusivo,,bancada,"scripts/ensaios/a_entrada_que_nasce_sozinha.py, e a medição à mão que o precedeu","DUAS MEDIÇÕES, ZERO EVENTOS NAS DUAS, sobre os três nós que podem mexer no cursor dela — o DualSense do rádio, o TOUCHPAD dele (que o daemon declara `dono_do_cursor`, `ponteiro_do_sistema=True`) e o teclado virtual do Hefesto: (1) controle PARADO na mesa, 30 s -> 0 eventos; (2) durante 1000 reports de áudio escritos, 16 s -> 0 eventos. LOGO NÃO É deriva de eixo, não é botão preso, e NÃO É A RAJADA — que era a causa que eu havia registrado e que ela derrubou ao ver o defeito voltar com nenhum som tocando. A DIFERENÇA DE ESTADO QUE SOBRA, e é hipótese não medida: nas duas vezes em que ela viu o defeito, o controle do rádio tinha VPAD — era o `Hefesto P2` da mesa de co-op; nas duas medições que deram zero ele voltou como controle físico, sem vpad, depois de ela o reiniciar. O INSTRUMENTO PARA A PRÓXIMA VEZ é `a_entrada_que_nasce_sozinha.py`, e ele tem de rodar ENQUANTO o defeito acontece: vigia todos os nós de uma vez e nomeia quem emitiu.",
entrada-fantasma-a-medicao-que-nao-valeu-0910,entrada.touchpad@dualsense,radio,,"leitura de /dev/input, nenhuma escrita",2026-09-10T02:20:00,qual nó move o cursor e o teclado dela quando ninguém encosta no controle,não,inconclusivo,,bancada,scripts/ensaios/a_entrada_que_nasce_sozinha.py --segundos 90,"MEDIÇÃO INVÁLIDA, e ela é o achado. Ela relatou o defeito («deu o teclado maluco agora»), o retrato de 02:19:58 listou OITO nós — os dois controles —, e a corrida de 90 s abriu CINCO: o controle do rádio saiu no meio, porque ela desligou o BT, que é o gesto com que ela CURA o defeito. O instrumento mediu 90 s do estado CURADO e imprimiu «NINGUÉM EMITIU NADA» como se fosse resposta. É a família que esta casa já nomeia: o instrumento respondeu sobre outra coisa que não o alvo. CURADO NO MESMO DIA: ele relista os nós no fim e devolve rc=2 com «MEDIÇÃO INVÁLIDA» se um alvo sumiu. A REGRA: zero com o alvo fora da mesa não é zero — é nada.",
entrada-fantasma-a-imu-nao-e-candidata-0910,entrada.giroscopio@dualsense,radio,,"leitura de /dev/input, nenhuma escrita",2026-09-10T02:32:00,a IMU ser deriva anormal e alimentar o cursor,sim,derrubada,,bancada,scripts/ensaios/a_entrada_que_nasce_sozinha.py --segundos 5,"O SEGUNDO DEFEITO DO MESMO INSTRUMENTO, achado 3 minutos depois do primeiro. Com os dois controles imóveis na mesa, 21.884 eventos em 5 s — e o resumo apontou «o nó que mais emitiu é o candidato». São os nós `Motion Sensors`, que publicam giroscópio e acelerômetro a ~250 Hz SEM PARAR: ruído esperado, e não chega ao cursor. Quem move a tela é EV_KEY, EV_REL e o touchpad, e os três deram ZERO. Contar a IMU no mesmo balde faz o ruído de fundo esconder o candidato de verdade. CURADO: o resumo separa IMU do que mexe na tela.",
entrada-fantasma-zero-com-a-mesa-inteira-0910,entrada.touchpad@dualsense,radio,,"leitura de /dev/input, nenhuma escrita",2026-09-10T02:36:00,"deriva de eixo, botão preso ou o vpad como origem do teclado e do mouse malucos",não,inconclusivo,,bancada,scripts/ensaios/a_entrada_que_nasce_sozinha.py --segundos 120,"A PRIMEIRA MEDIÇÃO VÁLIDA com o controle do rádio NA MESA do começo ao fim, e as duas curas do instrumento dentro. 120 s, oito nós, os dois controles — o do rádio E o vpad `Hefesto P1`, que era a hipótese viva. ZERO no que mexe na tela: teclado virtual 0, touchpad 0, botões 0 nos dois controles. Os 531.776 eventos são IMU. LOGO A ENTRADA FANTASMA NÃO NASCE EM NÓ DE ENTRADA — a hipótese do vpad, aberta desde 02h00, CAI. O que sobra e não foi medido: o compositor, o teclado na tela (`sysrq kbd` do nó virtual do Hefesto está no caminho, mas não emitiu) e o aplicativo em foco. RESSALVA HONESTA: o defeito não estava acontecendo durante estes 120 s — ela o relatou 15 min antes e religou o controle no meio. Zero em repouso não derruba um defeito intermitente; derruba a hipótese de que a origem seja emissão contínua.",
som-035-no-produto-byte-a-byte-0910,audio.alto_falante@dualsense,radio,MONTOU,alto_falante_bt.ARRANJO_035,2026-09-10T10:20:00,o produto montar o MESMO report que tocou na bancada,sim,confirmado,,bancada,tests/unit/test_o_produto_monta_o_report_que_tocou.py,"64 combinações de seq (0,1,7,15) x contador (0,1,147,255) x microfone (sim/não) x rota (alto-falante/fone): o `Arranjo` genérico do produto e o `bytearray` do ensaio produzem bytes IDÊNTICOS. `35 10 91 07 fe 00 00 00 00 ff 01 93 c8`. A régua tem DUAS montagens de propósito — importar a do produto faria ela medir a si mesma. CINCO MORDIDAS, e a quinta FUROU na primeira tentativa: o teste do contador media contra o `ARRANJO_035`, que leva UM quadro, e ali `+= quadros` e `+= 1` dão o mesmo número. Apertada com um arranjo de dois. (noqa-acento: «media» é o verbo medir)",
mic-radio-a-raiz-e-o-driver-0910,audio.microfone@dualsense,radio,,"leitura de código, nada escrito",2026-09-10T10:05:00,o que desliga o microfone e o que gera a entrada fantasma,sim,confirmado,,bancada,assets/dkms/hid-playstation/hid-playstation.c + core/physical_report_reader.py,"UMA CAUSA PARA DOIS DEFEITOS. O `hid-playstation` aceita todo `0x31` de 78 B com CRC válido e o parseia como estado de gamepad — mas o quadro de MICROFONE chega com o mesmo id, o mesmo tamanho e CRC válido, e só o bit 1 do byte 1 os separa. O driver não o consulta. Resultado: `buttons[2]` cai sobre payload Opus, o bit MIC_MUTE oscila, e na borda de subida o driver escreve POWER_SAVE_CONTROL_MIC_MUTE — desligando o microfone; e os eixos recebem valores de áudio, que é a entrada fantasma. O PRODUTO JÁ FAZIA A GUARDA CERTA em Python desde 16/08 (`INPUT_FLAG_AUDIO`, PS-PRESO-01) — faltava em C. Isso fecha o `BT-MIC-GATING-01`, aberto desde agosto, e derruba o «principal suspeito» registrado lá (o nosso daemon a 60 Hz). CURA ESCRITA E NÃO INSTALADA NO MOMENTO DESTE ENSAIO — e INSTALADA 40 minutos depois, com autorização dela: ver `mic-radio-a-cura-do-driver-instalada-e-medida-0910`, que traz o número dos dois lados.",
mic-radio-o-corte-de-1s1-tem-cadeia-0910,audio.microfone@dualsense,radio,,journal do daemon vivo,2026-09-10T09:42:00,"o que corta o microfone em 1,1 s",sim,confirmado,,bancada,journalctl --user -u hefesto-dualsense4unix,"A ASSINATURA, no journal DELA: `mic_da_mesa_borda mudo=True repiques_engolidos=15 seq=1` seguido de `bt_mic_palavra_dela ligado=False`. O laudo previu ≈17 repiques; o journal registrou 15. A cadeia: o bit oscila a ~16,7 Hz, o debounce de 1,0 s engole as primeiras, a seguinte é ACEITA como o dedo dela, e o daemon desliga o microfone — e sem o 0x32 o firmware para de oscilar, então nunca mais nasce borda. A hipótese DELA estava certa: o limitador é nosso. CURA: a borda exige SUSTENTAÇÃO, porque o dedo dela TRAVA o valor e o gating não. A janela é DERIVADA da taxa, não da distribuição — o instrumento que fecha o número é `a_permanencia_do_bit_do_mic.py`, e ele não rodou ainda.",
a-hipotese-do-vpad-era-a-variavel-errada-0910,entrada.bruta@dualsense,radio,,leitura de código,2026-09-10T10:08:00,o vpad como origem do teclado e do mouse malucos,não,derrubada,,bancada,assets/dkms/hid-playstation/hid-playstation.c,"A MEDIÇÃO DE 120 s QUE DEU ZERO ESTAVA CERTA E A PERGUNTA ESTAVA ERRADA. Naquela corrida o microfone não estava no ar — e é o quadro de MICROFONE, lido pelo driver como botão, que injeta entrada falsa. A variável que eu variei (vpad sim/não) não era a que importa. A REGRA: um zero só derruba a hipótese se a corrida tiver a condição que a hipótese exige. Para remedir: ligar o microfone por rádio e repetir os 120 s.",
mic-radio-a-cadeia-ao-vivo-na-mesa-dela-0910,audio.microfone@dualsense,radio,,"journal do daemon + leitura de hidraw, simultâneos",2026-09-10T10:17:39,"a cadeia do corte de 1,1 s, com ela apertando o botão",sim,confirmado,,olho-dela,journalctl --user -u hefesto-dualsense4unix + a_permanencia_do_bit_do_mic.py,"ELA APERTOU E O DEFEITO ACONTECEU COM OS DOIS REGISTRADORES DE PÉ. A cadeia inteira, no aparelho dela: 10:17:37.056 `borda mudo=False repiques_engolidos=10 seq=330` -> `bt_mic_palavra_dela ligado=True`; 10:17:38.070 outra borda (1,01 s depois), repiques=7, seq=344; 10:17:39.102 `borda mudo=True repiques_engolidos=16 seq=386` -> `bt_mic_palavra_dela ligado=False` — O DAEMON DESLIGOU SOZINHO. O contador de bordas foi de seq=330 a seq=386 em DOIS SEGUNDOS: 28 bordas/s sem ninguém encostar. PALAVRA DELA: «apertava e o negocio se auto desligava».",
mic-radio-o-teclado-insano-e-do-microfone-0910,entrada.bruta@dualsense,radio,,"relato dela, com a bancada armada",2026-09-10T10:18:00,o microfone ligado ser a origem da entrada fantasma,sim,confirmado,,olho-dela,relato dela durante a corrida da bancada,"A HIPÓTESE DE ONTEM ERA A VARIÁVEL ERRADA, E ESTA CORRIDA DECIDE. Ela apertou o botão do microfone e relatou na hora: «pera o controle ficou maluco teclado insano aqui. tive que desligar ele». Ontem a medição de 120 s deu ZERO — mas naquela corrida o microfone NÃO estava no ar. Hoje, com o microfone ligado, o defeito apareceu em segundos. CASA COM A CAUSA LIDA NO DRIVER: o `hid-playstation` parseia os quadros de áudio do microfone como estado de gamepad, e os eixos e botões recebem valores de Opus. O que fecha em definitivo é repetir com o módulo curado (MIC-NAO-E-BOTAO-01).",
mic-radio-a-permanencia-do-bit-medida-0910,audio.microfone@dualsense,radio,,leitura pura de hidraw pelo broker,2026-09-10T10:20:00,a distribuição da permanência do bit MicMuted,sim,confirmado,,bancada,scripts/ensaios/a_permanencia_do_bit_do_mic.py --segundos 180,"1231 permanências medidas com ela apertando o botão. MUDO=True: mediana 6,0 ms, p95 27,0 ms. MUDO=False: mediana 6,0 ms, p95 25,0 ms. O gating é MUITO mais rápido do que a média de ~60 ms que esta casa derivava da taxa — a mediana é DEZ VEZES menor. A janela de `SUSTENTACAO_DO_MUDO_S = 0,30 s` fica 11x acima do p95. E O INSTRUMENTO ERROU A SUGESTÃO NA PRIMEIRA CORRIDA: ele mandou usar «acima do MÁXIMO», que deu 23,4 s — porque o máximo (11,7 s) é o bit PARADO com o microfone desligado, não o gating. Misturar repouso com oscilação num percentil só é medir duas populações como se fossem uma; o instrumento foi curado para responder a pergunta certa (quantas permanências sobrevivem a cada janela candidata). CONCLUSÃO: a sustentação é PALIATIVO honesto, e a cura é o driver.",
mic-radio-a-cura-do-driver-instalada-e-medida-0910,audio.microfone@dualsense,radio,O APARELHO OBEDECEU,"hid-playstation curado (MIC-NAO-E-BOTAO-01), instalado e carregado",2026-09-10T10:45:00,a guarda do bit de áudio no driver curar o corte E a entrada fantasma,não,confirmado,,olho-dela,a_permanencia_do_bit_do_mic.py --segundos 180 + journal + relato dela,"A CURA FOI INSTALADA NA MÁQUINA DELA E OS DOIS DEFEITOS SUMIRAM. `dkms build` + `install` + `modprobe -r/-a`: o srcversion em memória foi de E493EAD26536CF68977110C para CFB81A3D4C7FAA41489CCBD. O NÚMERO, medido com o MESMO instrumento e a MESMA duração, antes e depois: ANTES 1231 permanências do bit MicMuted, mediana 6,0 ms, p95 27,0 ms, e o contador de bordas do daemon subindo de seq=330 a seq=386 em dois segundos (~28 bordas/s). DEPOIS: **UMA** permanência, e ela é o bit PARADO por 152.159 ms — zero transições em MUDO=True, zero bordas no journal, nenhum `bt_mic_palavra_dela ligado=False` espontâneo. PALAVRA DELA, com o microfone ligado e falando: «nao ficou maluco e nao desligou» (noqa-acento: citação literal dela). ISSO PROVA A CADEIA INTEIRA: o gating não era reação do firmware ao mic ativo — era o KERNEL mutando e desmutando, a partir de bordas que ele inventava lendo áudio Opus como botão. Uma guarda de UMA LINHA no ramo Bluetooth do parse curou os DOIS sintomas de uma vez: o microfone que caía em 1,1 s e o teclado/mouse que enlouqueciam. A sustentação (`SUSTENTACAO_DO_MUDO_S`) fica como defesa em profundidade, e agora sem trabalho a fazer — não há mais borda falsa para ela engolir.",
