chave,controle,familia,rotulo,peca,evdev,existe,transporte,cabo_aceita,radio_aceita,cabo_aciona,radio_aciona,cabo_canal,radio_canal,cabo_report_id,radio_report_id,cabo_offset,radio_offset,cabo_comando,radio_comando,cabo_confianca,radio_confianca,cabo_evidencia,radio_evidencia,cabo_codigo_ref,radio_codigo_ref,cabo_detalhe,radio_detalhe,cabo_ressalva,radio_ressalva,cabo_grau,radio_grau,cabo_feature_v1,radio_feature_v1,teste_que_morde,mordida,mordida_provada_em,provado_em,provado_por,validade_dias,assimetria_declarada,estado_hoje,nota,id,id_v1
audio.alto_falante,dualsense,audio,Alto-falante do controle — som saindo,alto-falante,,tem,cabo+rádio,sim,sim,parcial,não,alsa-pipewire,outro,—,"0x32 a 0x39 (escada de +64 B; 0x32=141 B, 0x39=546 B)",canais 1-2 do sink alsa_output.usb-...analog-surround-40,não localizado,"Canais 1-2 da placa USB Audio de 4 canais do controle, via PipeWire/ALSA. Quem toca é o SISTEMA — o Hefesto só mexe nos registradores.",NÃO IMPLEMENTADO. `BLOCO_SPEAKER = 0x13` está declarado em UMA linha e não é referenciado em nenhum caminho de escrita (confirmado hoje: as outras ocorrências são a dica de interface DICA_BLOCO_SPEAKER).,inferido-do-codigo,inferido-do-codigo,"PARIDADE-SONY-01/SOM-02: funciona, e não passa pelo gamepad.","Descritor HID lido do aparelho dela em 11/08/2026 (hidraw5, BT; hidraw4, cabo). Por rádio os OUTPUT formam uma ESCADA de +64 B: 0x31=77 B (só controle), 0x32=141, 0x33=205, 0x34=269, 0x35=333, 0x36=397, 0x37=461, 0x38=525, 0x39=546 (teto). Por cabo existe UM único OUTPUT: 0x02, 47 B. O 0x32 e o 0x39 sao o MESMO tipo de report com capacidade diferente: escolhe-se o degrau pelo tamanho do payload. Zero linhas de implementação. A metade de SAÍDA da ponte de áudio (o fone dela) precisa ser escrita à mão, do report ao PipeWire.",app/mic_monitor.py:235,integrations/dualsense_bt_audio.py:219 (declaração sem uso),O Hefesto NÃO envia PCM. Ele mexe no volume e na rota de algo que outra pessoa toca.,"O host SABE fazer A2DP/HFP (o adaptador expõe org.bluez.Media1 com A2DP Source e Sink; a libspa-bluez5 traz aptX/LDAC/LC3/mSBC/G722). O controle é que não anuncia perfil de áudio Bluetooth PADRÃO — o que descarta A2DP e HFP, e só isso (14/08/2026). O caminho que o PS5 usa neste mesmo aparelho continua por identificar, e a hipótese viva é a escada de OUTPUT por HID (0x32 (141 B) a 0x39 (546 B)), declarada no descritor e sem uma linha de implementação aqui.","MEDIDO em 11/08/2026: por cabo o descritor declara UM único OUTPUT, o 0x02 de 47 B. Não ha report de audio por cabo. O alto-falante no cabo e placa de som USB Audio Class, não HID. Assimetria dura, e do aparelho, não do produto.","CONTRADICAO RESOLVIDA em 11/08/2026: não era 0x32 OU 0x39. O descritor declara os dois, e mais sete degraus entre eles. A canonica citava o menor, o código usa o maior. O que continua NAO medido e o aparelho OBEDECER: o descritor prova aceitação, não efeito.",,,Alto-falante — SOM SAINDO (dados de áudio),Alto-falante — SOM SAINDO (dados de áudio),,,,2026-08-11,descritor,180,Audio por HID e exclusividade do radio: o descritor de cabo não tem report de saida de audio. MEDIDO no aparelho dela em 11/08/2026.,,"14/08/2026: LEI 2 — os dois lados caíram de `medido` para `inferido-do-codigo`: o `provado_por` desta linha é `descritor`, e a própria ressalva já dizia que ""o descritor prova aceitação, não efeito"". A evidência fica inteira. LEI 1 — o `radio_detalhe` deixou de dizer que o controle ""não oferece"": o medido é que ele não ANUNCIA perfil padrão.",audio.alto_falante@dualsense,dualsense.alto_falante_som_saindo_dados_de_udio.usb | dualsense.alto_falante_som_saindo_dados_de_udio.bluetooth
audio.alto_falante,pro,audio,Alto-falante do controle — som saindo,,,nao-tem,nenhum,não,não,não,não,outro,outro,,,,,não-localizado — o aparelho NÃO TEM,não-localizado — o aparelho NÃO TEM,inferido-do-codigo,inferido-do-codigo,,,assets/dkms/hid-nintendo/hid-nintendo.c (nenhuma ocorrência de audio),assets/dkms/hid-nintendo/hid-nintendo.c (nenhuma ocorrência de audio),"Não há campo de volume, rota nem pré-amplificador em report de saída nenhum. Todo o vocabulário de áudio do DualSense (common[4..7], common[37], OUTPUT_PATH_SEL) simplesmente não existe aqui.","Não há campo de volume, rota nem pré-amplificador em report de saída nenhum. Todo o vocabulário de áudio do DualSense (common[4..7], common[37], OUTPUT_PATH_SEL) simplesmente não existe aqui.",,,,,Alto-falante do controle,Alto-falante do controle,,,,,,,,,,audio.alto_falante@pro,pro.alto_falante_do_controle.nenhum
audio.alto_falante,sn30,audio,Alto-falante do controle — som saindo,,,nao-tem,nenhum,não,não,não,não,outro,outro,,,,,não existe no aparelho nem no protocolo,não existe no aparelho nem no protocolo,inferido-do-codigo,inferido-do-codigo,,,assets/dkms/hid-nintendo/hid-nintendo.c:119-155,assets/dkms/hid-nintendo/hid-nintendo.c:119-155,,,,,,,Alto-falante do controle,Alto-falante do controle,,,,,,,,,,audio.alto_falante@sn30,sn30.alto_falante_do_controle.nenhum
audio.alto_falante.preamp,dualsense,audio,Alto-falante — pré-amplificador,alto-falante,,tem,cabo+rádio,sim,sim,sim,sim,hidraw,hidraw,0x02,0x31,common[37] bits 0-2 = report[38]; flag1 0x80,common[37] bits 0-2 = report[40],"output 0x02, common[37] bits 0-2 (SP_PREAMP_GAIN, valor 0x2 = +6 dB), autorizado por valid_flag1 bit7 (0x80). Escrito SEMPRE junto do volume.","output 0x31, common[37] = report[40]; flag1 0x80.",inferido-do-codigo,inferido-do-codigo,"O kernel 6.18 escreve TRÊS campos para o alto-falante soar: rota (common[7]), volume (common[5]) e pré-amp (common[37]). Esta árvore escrevia SÓ o volume até 01/08.",,"core/backend_pydualsense.py:780-790; core/ds_output_report.py:121 (COMMON_AUDIO_CONTROL2), :179-180 (SP_PREAMP_GAIN), :213 (VALID_FLAG1_AUDIO_CONTROL2_ENABLE)","core/backend_pydualsense.py:780-790, :852",,,"DIVERGÊNCIA doc×código: a §3 da referência canônica ainda afirma ""este projeto escreve só o volume"" — descreve o estado ANTERIOR à cura e induz a repetir trabalho feito.",,MONTOU,MONTOU,Alto-falante — PRÉ-AMPLIFICADOR,Alto-falante — PRÉ-AMPLIFICADOR,tests/unit/test_paridade_transporte_audio.py::test_o_preamp_sai_no_byte_certo_nos_dois,"OS DOIS, por dentro do envelope: o ganho tem de chegar nos bits 0-2 de common[37] com o bit 0x80 do flag1 ligado. Substitui a mordida antiga, que só olhava a constante por `inspect.getsource` e nunca o VALOR.",,,,,,,"14/08/2026: LEI 2 — `cabo_confianca` caiu de `medido` para `inferido-do-codigo`: a evidência é o fonte do kernel 6.18, não o aparelho. A evidência fica.",audio.alto_falante.preamp@dualsense,dualsense.alto_falante_pr_amplificador.usb | dualsense.alto_falante_pr_amplificador.bluetooth
audio.alto_falante.preamp,pro,audio,Alto-falante — pré-amplificador,,,nao-tem,sem linha no v1,não,não,não,não,,,,,,,,,inferido-do-codigo,inferido-do-codigo,"o aparelho não tem alto-falante, e o driver não tem uma linha de áudio: sem a peça não há volume, rota nem pré-amplificador para aceitar, em transporte nenhum. A referência é a MESMA da linha irmã `audio.alto_falante@pro`, que foi auditada e responde `não` nos dois transportes.","o aparelho não tem alto-falante, e o driver não tem uma linha de áudio: sem a peça não há volume, rota nem pré-amplificador para aceitar, em transporte nenhum. Idem à linha irmã `audio.alto_falante@pro`.",assets/dkms/hid-nintendo/hid-nintendo.c (nenhuma ocorrência de audio),assets/dkms/hid-nintendo/hid-nintendo.c (nenhuma ocorrência de audio),,,,,,,,,,,,,,,,,"o v1 não tem linha desta chave para este controle; `não-tem` vem de a PEÇA não existir neste aparelho · irmãs: `audio.alto_falante` · 11/08: respondido `não` nos dois transportes a partir da AUSÊNCIA DA PEÇA neste mesmo aparelho (linha irmã `audio.alto_falante@pro`) — não é analogia com outro controle, e por isso a referência de código é a dela",audio.alto_falante.preamp@pro,
audio.alto_falante.preamp,sn30,audio,Alto-falante — pré-amplificador,,,nao-tem,sem linha no v1,não,não,não,não,,,,,,,,,inferido-do-codigo,inferido-do-codigo,"o aparelho não tem alto-falante, e o driver não tem uma linha de áudio: sem a peça não há volume, rota nem pré-amplificador para aceitar, em transporte nenhum. A referência é a MESMA da linha irmã `audio.alto_falante@sn30`, que foi auditada e responde `não` nos dois transportes.","o aparelho não tem alto-falante, e o driver não tem uma linha de áudio: sem a peça não há volume, rota nem pré-amplificador para aceitar, em transporte nenhum. Idem à linha irmã `audio.alto_falante@sn30`.",assets/dkms/hid-nintendo/hid-nintendo.c:119-155,assets/dkms/hid-nintendo/hid-nintendo.c:119-155,,,,,,,,,,,,,,,,,"o v1 não tem linha desta chave para este controle; `não-tem` vem de a PEÇA não existir neste aparelho · irmãs: `audio.alto_falante` · 11/08: respondido `não` nos dois transportes a partir da AUSÊNCIA DA PEÇA neste mesmo aparelho (linha irmã `audio.alto_falante@sn30`) — não é analogia com outro controle, e por isso a referência de código é a dela",audio.alto_falante.preamp@sn30,
audio.alto_falante.rota,dualsense,audio,Alto-falante — rota de saída,alto-falante,,tem,cabo+rádio,sim,sim,sim,sim,hidraw,hidraw,0x02,0x31,common[7] bits 4-5 = report[8]; flag0 0x80,common[7] bits 4-5 = report[10],"output 0x02, common[7] bits 4-5 (OUTPUT_PATH_SEL), autorizado por valid_flag0 bit7 (0x80). Valores: 0 estéreo→fone, 1 L→fone mono, 2 L→fone e R→ALTO-FALANTE, 3 R→alto-falante. IPC `speaker.set {rota: 0-3}`.","output 0x31, common[7] = report[10]; flag0 0x80.",medido,inferido-do-codigo,"MEDIDO COM A ORELHA DELA em 02/08, sinal estéreo de canais diferentes (440 Hz à esquerda, 1200 Hz à direita): rota 3 ela OUVIU o bipe; rota 0 (sem fone plugado) ela NÃO ouviu. O OUTPUT_PATH_SEL surte efeito neste firmware.",Implementado sem gate; não medido por BT.,core/backend_pydualsense.py:259-287; daemon/ipc_handlers.py:3452-3467,"core/backend_pydualsense.py:259-287, :852","O byte 7 carrega DUAS coisas — a rota (bits 4-5) E o caminho do microfone (bits 0-3, 6-7). A base é `FORCE_INTERNAL_MIC` (0x01), a mais conservadora afirmável, porque NÃO ACHAMOS COMO LER o byte que o firmware usa (14/08/2026). (a) DESCARTADO: os três feature reports que o driver lê do DualSense — 0x05 calibração, 0x09 pareamento e 0x20 firmware (assets/dkms/hid-playstation/hid-playstation.c:149-154) — nenhum devolve o common[7]. (b) NÃO TENTADO: varrer a faixa de feature reports do aparelho atrás de um que devolva estado de áudio; nenhuma varredura desse tipo está registrada nesta casa.",,"REGRESSÃO MEDIDA em 02/08: ao pedir rota, o common[7] era escrito com base ZERO, apagando o FORCE_INTERNAL_MIC — o `parec` foi de 131072 bytes para ZERO e voltou quando a posse foi devolvida. Curada. O ipc-unix-socket.md ainda diz que common[7] não tem dono.",,MONTOU,MONTOU,Alto-falante — ROTA de saída (o caso Zelda),Alto-falante — ROTA de saída,tests/unit/test_som_rota_01.py::test_a_rota_entra_nos_bits_4_e_5,"OS DOIS (afere o byte, não o envelope): os quatro valores de OUTPUT_PATH_SEL têm de entrar nos bits 4-5 do common[7] sem apagar o caminho do microfone.",,,,,,,"Par órfão casado pela regra do parêntese: o rótulo do cabo é o do rádio mais um parêntese que descreve o mecanismo daquele transporte. Não passou por julgamento individual, mas é citado pelo nome no julgamento do par de áudio do Pro como o mesmo padrão. · 14/08/2026: LEI 1 — o ""NÃO HÁ COMO LER o byte"" virou ""não achamos como ler"", com o que foi descartado (os três feature reports do driver) e o que não foi tentado (varrer a faixa). O `medido` desta célula FICA: foi a orelha dela, em 02/08, com sinal estéreo de 440 e 1200 Hz.",audio.alto_falante.rota@dualsense,dualsense.alto_falante_rota_de_sa_da_o_caso_zelda.usb | dualsense.alto_falante_rota_de_sa_da.bluetooth
audio.alto_falante.rota,pro,audio,Alto-falante — rota de saída,,,nao-tem,sem linha no v1,não,não,não,não,,,,,,,,,inferido-do-codigo,inferido-do-codigo,"o aparelho não tem alto-falante, e o driver não tem uma linha de áudio: sem a peça não há volume, rota nem pré-amplificador para aceitar, em transporte nenhum. A referência é a MESMA da linha irmã `audio.alto_falante@pro`, que foi auditada e responde `não` nos dois transportes.","o aparelho não tem alto-falante, e o driver não tem uma linha de áudio: sem a peça não há volume, rota nem pré-amplificador para aceitar, em transporte nenhum. Idem à linha irmã `audio.alto_falante@pro`.",assets/dkms/hid-nintendo/hid-nintendo.c (nenhuma ocorrência de audio),assets/dkms/hid-nintendo/hid-nintendo.c (nenhuma ocorrência de audio),,,,,,,,,,,,,,,,,"o v1 não tem linha desta chave para este controle; `não-tem` vem de a PEÇA não existir neste aparelho · irmãs: `audio.alto_falante` · 11/08: respondido `não` nos dois transportes a partir da AUSÊNCIA DA PEÇA neste mesmo aparelho (linha irmã `audio.alto_falante@pro`) — não é analogia com outro controle, e por isso a referência de código é a dela",audio.alto_falante.rota@pro,
audio.alto_falante.rota,sn30,audio,Alto-falante — rota de saída,,,nao-tem,sem linha no v1,não,não,não,não,,,,,,,,,inferido-do-codigo,inferido-do-codigo,"o aparelho não tem alto-falante, e o driver não tem uma linha de áudio: sem a peça não há volume, rota nem pré-amplificador para aceitar, em transporte nenhum. A referência é a MESMA da linha irmã `audio.alto_falante@sn30`, que foi auditada e responde `não` nos dois transportes.","o aparelho não tem alto-falante, e o driver não tem uma linha de áudio: sem a peça não há volume, rota nem pré-amplificador para aceitar, em transporte nenhum. Idem à linha irmã `audio.alto_falante@sn30`.",assets/dkms/hid-nintendo/hid-nintendo.c:119-155,assets/dkms/hid-nintendo/hid-nintendo.c:119-155,,,,,,,,,,,,,,,,,"o v1 não tem linha desta chave para este controle; `não-tem` vem de a PEÇA não existir neste aparelho · irmãs: `audio.alto_falante` · 11/08: respondido `não` nos dois transportes a partir da AUSÊNCIA DA PEÇA neste mesmo aparelho (linha irmã `audio.alto_falante@sn30`) — não é analogia com outro controle, e por isso a referência de código é a dela",audio.alto_falante.rota@sn30,
audio.alto_falante.volume,dualsense,audio,Alto-falante — volume,alto-falante,,tem,cabo+rádio,sim,sim,sim,sim,hidraw,hidraw,0x02,0x31,common[5] = report[6]; flag0 0x20,common[5] = report[8],"output 0x02, common[5], teto 0xFF, autorizado por valid_flag0 bit5 (0x20). CLI `hefesto speaker volume <0-100>`; IPC `speaker.set {volume: 0-255}`.","output 0x31, common[5] = report[8]; flag0 0x20. Sem gate de transporte.",inferido-do-codigo,inferido-do-codigo,"O kernel escreve speaker_volume = 0x64 com o comentário ""the accepted range seems to be [0x3d..0x64]"".",Implementado sem gate de transporte — mas NÃO MEDIDO por BT.,core/backend_pydualsense.py:2497-2610; cli/app.py:251,"core/backend_pydualsense.py:780-790, :852",O mesmo pedido escreve o fone (common[4]) e o alto-falante (common[5]). Duas guardas de raiz: `muted` sem volume conhecido é RECUSADO; pedido sem volume herda o valor VIGENTE em vez de assumir zero.,,"A RÉGUA mede hardware que o código não produz mais: a curva de speaker_scale.py (mudo até 38, satura em 102) foi levantada SEM o pré-amplificador, que o código passou a escrever em 01/08. E2 da SOM-ROTA-01 não entregue.","Mexer no volume por BT é mexer no volume de algo que NINGUÉM está tocando, porque não há caminho de dados de áudio de saída por BT.",MONTOU,MONTOU,Alto-falante — VOLUME,Alto-falante — VOLUME,tests/unit/test_paridade_transporte_audio.py::test_o_volume_do_alto_falante_sai_no_byte_certo_nos_dois,"OS DOIS, por dentro do envelope: o volume pedido tem de sair em common[5] E o bit 0x20 do flag0 tem de estar ligado — byte escrito sem bit de validação é byte que o firmware ignora.",,,,,,,"14/08/2026: LEI 2 — `cabo_confianca` caiu de `medido` para `inferido-do-codigo`: a evidência é o comentário do kernel sobre a faixa 0x3d..0x64, não medição no aparelho.",audio.alto_falante.volume@dualsense,dualsense.alto_falante_volume.usb | dualsense.alto_falante_volume.bluetooth
audio.alto_falante.volume,pro,audio,Alto-falante — volume,,,nao-tem,sem linha no v1,não,não,não,não,,,,,,,,,inferido-do-codigo,inferido-do-codigo,"o aparelho não tem alto-falante, e o driver não tem uma linha de áudio: sem a peça não há volume, rota nem pré-amplificador para aceitar, em transporte nenhum. A referência é a MESMA da linha irmã `audio.alto_falante@pro`, que foi auditada e responde `não` nos dois transportes.","o aparelho não tem alto-falante, e o driver não tem uma linha de áudio: sem a peça não há volume, rota nem pré-amplificador para aceitar, em transporte nenhum. Idem à linha irmã `audio.alto_falante@pro`.",assets/dkms/hid-nintendo/hid-nintendo.c (nenhuma ocorrência de audio),assets/dkms/hid-nintendo/hid-nintendo.c (nenhuma ocorrência de audio),,,,,,,,,,,,,,,,,"o v1 não tem linha desta chave para este controle; `não-tem` vem de a PEÇA não existir neste aparelho · irmãs: `audio.alto_falante` · 11/08: respondido `não` nos dois transportes a partir da AUSÊNCIA DA PEÇA neste mesmo aparelho (linha irmã `audio.alto_falante@pro`) — não é analogia com outro controle, e por isso a referência de código é a dela",audio.alto_falante.volume@pro,
audio.alto_falante.volume,sn30,audio,Alto-falante — volume,,,nao-tem,sem linha no v1,não,não,não,não,,,,,,,,,inferido-do-codigo,inferido-do-codigo,"o aparelho não tem alto-falante, e o driver não tem uma linha de áudio: sem a peça não há volume, rota nem pré-amplificador para aceitar, em transporte nenhum. A referência é a MESMA da linha irmã `audio.alto_falante@sn30`, que foi auditada e responde `não` nos dois transportes.","o aparelho não tem alto-falante, e o driver não tem uma linha de áudio: sem a peça não há volume, rota nem pré-amplificador para aceitar, em transporte nenhum. Idem à linha irmã `audio.alto_falante@sn30`.",assets/dkms/hid-nintendo/hid-nintendo.c:119-155,assets/dkms/hid-nintendo/hid-nintendo.c:119-155,,,,,,,,,,,,,,,,,"o v1 não tem linha desta chave para este controle; `não-tem` vem de a PEÇA não existir neste aparelho · irmãs: `audio.alto_falante` · 11/08: respondido `não` nos dois transportes a partir da AUSÊNCIA DA PEÇA neste mesmo aparelho (linha irmã `audio.alto_falante@sn30`) — não é analogia com outro controle, e por isso a referência de código é a dela",audio.alto_falante.volume@sn30,
audio.jack.deteccao,dualsense,audio,Jack — detecção de fone/microfone plugados,mic,,tem,cabo+rádio,sim,sim,sim,sim,uhid,uhid,0x01,0x31,payload[53] = report[54]; bits 0x01/0x02/0x04,payload[53] = report[55],"payload[53] do report de entrada: bit0 HP_DETECT, bit1 MIC_DETECT, bit2 MIC_MUTE — nomes que o kernel desta máquina define. Espelhado ao vpad por `forward_jack`, com máscara dos três bits conhecidos (0x07).",idem: payload[53] = report[55] no 0x31.,inferido-do-codigo,inferido-do-codigo,"Cura entrou em 09/08 (JACK-QUE-NÃO-LIGOU-01), quatro dias DEPOIS do último commit da referência canônica.","O módulo de áudio BT fala em ""byte 55, bit 2"" e a canônica em ""byte 53, bit 2"": NÃO é contradição — 53 é offset no PAYLOAD e 55 no report cru 0x31 (base 2).","core/physical_report_reader.py:857; integrations/uhid_gamepad.py:507-536, :1729","core/physical_report_reader.py:103-105, :857","É o único estado de áudio LIDO do controle, e chega sem I/O extra.",,"DIVERGÊNCIA doc×código DUPLA e viva: a §6 da canônica afirma que ""o vpad NUNCA escreve o byte 53 — ele sai sempre 0x00"" (falso hoje) e conclui que ""o vpad anuncia fone e mic sempre plugados"" (leitura INVERTIDA — bits em zero declaram AUSÊNCIA). A doc não recebeu nota datada.",,MONTOU,MONTOU,Detecção de fone/microfone plugados (status1),Detecção de fone/microfone plugados (status1),tests/unit/test_orfaos_que_voltam_a_interface.py::TestExtrairOJackDoReportCru::test_bt_com_crc_valido,"RÁDIO: o HP_DETECT só sai do payload[53] quando o CRC-32 de semente 0xA1 confere. O irmão do CABO é `::test_usb_com_fone_e_mic`, no mesmo arquivo.",,,,,,,"14/08/2026: LEI 2 — `cabo_confianca` caiu de `medido` para `inferido-do-codigo`: a evidência é a data de um commit de cura, e não o fone sendo plugado com alguém olhando o bit mudar. O que mediria: plugar e despluar o fone com um leitor do byte 53 rodando.",audio.jack.deteccao@dualsense,dualsense.detec_o_de_fone_microfone_plugados_status1.usb | dualsense.detec_o_de_fone_microfone_plugados_status1.bluetooth
audio.jack.deteccao,pro,audio,Jack — detecção de fone/microfone plugados,,,desconhecido,sem linha no v1,,,,,,,,,,,,,,,,,,,,,,,,,,,,,,,,,,,"o v1 não tem linha desta chave para este controle; a peça existe, mas ninguém mediu ESTE aspecto — herdar das irmãs seria afirmar prova que não houve",audio.jack.deteccao@pro,
audio.jack.deteccao,sn30,audio,Jack — detecção de fone/microfone plugados,,,desconhecido,sem linha no v1,,,,,,,,,,,,,,,,,,,,,,,,,,,,,,,,,,,"o v1 não tem linha desta chave para este controle; a peça existe, mas ninguém mediu ESTE aspecto — herdar das irmãs seria afirmar prova que não houve",audio.jack.deteccao@sn30,
audio.jack.volume,dualsense,audio,Fone de ouvido (jack do controle) — volume,,,tem,cabo+rádio,sim,sim,sim,sim,hidraw,hidraw,0x02,0x31,common[4] = report[5]; flag0 0x10,common[4] = report[7],"output 0x02, common[4], teto 0x7F, autorizado por valid_flag0 bit4 (0x10). Escrito com o MESMO valor do alto-falante em toda chamada de set_speaker_volume.","output 0x31, common[4] = report[7]; flag0 0x10.",inferido-do-codigo,inferido-do-codigo,O kernel desta máquina NOMEIA headphone_volume com comentário `0x0 - 0x7f` — a faixa está no fonte.,,"core/backend_pydualsense.py:2497-2610; core/ds_output_report.py:97 (VALID_FLAG0_HEADPHONE_VOLUME), :188 (TETO_HEADPHONE_VOLUME)","core/backend_pydualsense.py:2497-2610, :852",,,"O bit de AUTORIZAÇÃO, porém, NÃO está no kernel: ele define SPEAKER_VOLUME_ENABLE (bit5), MIC_VOLUME_ENABLE (bit6) e AUDIO_CONTROL_ENABLE (bit7), mas nenhum bit4 para o fone. O VALID_FLAG0_HEADPHONE_VOLUME = 0x10 desta árvore é de fonte de COMUNIDADE. E a curva foi levantada pelo ALTO-FALANTE: se o amplificador do fone usar os 255 de verdade, quem tiver headset perde o curso acima de 102. Nunca medido.",,MONTOU,MONTOU,Fone de ouvido (jack do controle) — VOLUME,Fone de ouvido (jack do controle) — VOLUME,,,,,,,,,,audio.jack.volume@dualsense,dualsense.fone_de_ouvido_jack_do_controle_volume.usb | dualsense.fone_de_ouvido_jack_do_controle_volume.bluetooth
audio.jack.volume,pro,audio,Fone de ouvido (jack do controle) — volume,,,desconhecido,sem linha no v1,,,,,,,,,,,,,,,,,,,,,,,,,,,,,,,,,,,"o v1 não tem linha desta chave para este controle; a peça existe, mas ninguém mediu ESTE aspecto — herdar das irmãs seria afirmar prova que não houve",audio.jack.volume@pro,
audio.jack.volume,sn30,audio,Fone de ouvido (jack do controle) — volume,,,desconhecido,sem linha no v1,,,,,,,,,,,,,,,,,,,,,,,,,,,,,,,,,,,"o v1 não tem linha desta chave para este controle; a peça existe, mas ninguém mediu ESTE aspecto — herdar das irmãs seria afirmar prova que não houve",audio.jack.volume@sn30,
audio.leitura_de_volta,dualsense,audio,Áudio — leitura de volta (qualquer registrador),,,desconhecido,ambos,desconhecido,desconhecido,não,não,outro,outro,—,—,—,—,"NÃO LOCALIZADO (14/08/2026). (a) DESCARTADO: nenhum report de ENTRADA conhecido devolve volume, rota, pré-amp ou o mudo de firmware, e os três feature reports que o driver lê — 0x05 calibração, 0x09 pareamento e 0x20 firmware (assets/dkms/hid-playstation/hid-playstation.c:149-154) — não carregam áudio. (b) NÃO TENTADO: varrer a faixa de feature reports do aparelho. E há precedente contra o ""não existe"": estado de ÁUDIO já volta do controle — a detecção de fone e mic plugados sai do byte 53 do report de entrada, ver `audio.jack.deteccao@dualsense`.","NÃO LOCALIZADO (14/08/2026). (a) DESCARTADO: nenhum report de ENTRADA conhecido devolve volume, rota, pré-amp ou o mudo de firmware, e os três feature reports que o driver lê — 0x05 calibração, 0x09 pareamento e 0x20 firmware (assets/dkms/hid-playstation/hid-playstation.c:149-154) — não carregam áudio. (b) NÃO TENTADO: varrer a faixa de feature reports do aparelho. E há precedente contra o ""não existe"": estado de ÁUDIO já volta do controle — a detecção de fone e mic plugados sai do byte 53 do report de entrada, ver `audio.jack.deteccao@dualsense`.",inferido-do-codigo,inferido-do-codigo,"`release_speaker_volume` zera os quatro bytes e o pré-amp e mata a preferência guardada, mas NÃO restaura valor nenhum.","`release_speaker_volume` zera os quatro bytes e o pré-amp e mata a preferência guardada, mas NÃO restaura valor nenhum.","core/backend_pydualsense.py:674-687, :2612-2652","core/backend_pydualsense.py:674-687, :2612-2652","O que se devolve é o CONTROLE, nunca o número — o firmware fica com o último valor que mandamos.","O que se devolve é o CONTROLE, nunca o número — o firmware fica com o último valor que mandamos.",Nenhum texto do produto pode prometer restauração. É por isso que `speaker mute` como primeira escrita é RECUSADO.,Nenhum texto do produto pode prometer restauração. É por isso que `speaker mute` como primeira escrita é RECUSADO.,,,Áudio — LEITURA de volta (qualquer registrador),Áudio — LEITURA de volta (qualquer registrador),,,,,,,,,"14/08/2026: LEI 1 — `existe` passou de `nao-tem` para `desconhecido` e os dois `aceita` de `não` para `desconhecido`: o `nao-tem` estava apoiado em busca sem achado no NOSSO código, e falta de implementação nossa não é ausência de peça no aparelho. A linha `audio.jack.deteccao` prova que estado de áudio JÁ volta do controle.",audio.leitura_de_volta@dualsense,dualsense.udio_leitura_de_volta_qualquer_registrador.ambos
audio.leitura_de_volta,pro,audio,Áudio — leitura de volta (qualquer registrador),,,desconhecido,sem linha no v1,,,,,,,,,,,,,,,,,,,,,,,,,,,,,,,,,,,o v1 não tem linha desta chave para este controle; `existe` vem das linhas irmãs da mesma peça,audio.leitura_de_volta@pro,
audio.leitura_de_volta,sn30,audio,Áudio — leitura de volta (qualquer registrador),,,desconhecido,sem linha no v1,,,,,,,,,,,,,,,,,,,,,,,,,,,,,,,,,,,o v1 não tem linha desta chave para este controle; `existe` vem das linhas irmãs da mesma peça,audio.leitura_de_volta@sn30,
audio.microfone,dualsense,audio,Microfone — captação do áudio,mic,,tem,cabo+rádio,sim,sim,sim,parcial,alsa-pipewire,hidraw,—,"0x32 (saída) / 0x31 (entrada, bit de áudio)",—,"TLV tag 0x11|0x80; entrada report[1] & 0x02, Opus em [3..73]","Placa USB Audio do próprio controle (snd-usb-audio) → PipeWire. Gestos: CLI `hefesto mic on|off|promote|demote` (mexe em drop-ins do WirePlumber, não em HID).","NÃO há A2DP/HFP. Ponte por HID: ligar = output 0x32 de 142 B, corpo TLV [0x11|0x80][1][0b011 liga / 0b010 desliga], CRC-32 seed 0xA2 em [138..141]. Ouvir = input 0x31 com bit1 do byte [1] ligado, 71 B de Opus mono 48 kHz em [3..73], CRC seed 0xA1. CLI `hefesto mic bt` / `mic bt-status`.",inferido-do-codigo,medido,O drop-in 51-hefesto-dualsense-no-default-source.conf INVERTEU de sentido em 08/08: deixou de SUPRIMIR e virou PROMOTOR (priority.session = 1500).,"Medido ao vivo em 25/07, protocolo conferido byte a byte contra o DS5Dongle. O DualSense NÃO anuncia perfil de áudio BT: UUIDs = HID 0x1124 + PnP 0x1200; Class of Device 0x002508, com o bit de ÁUDIO (0x200000) AUSENTE.",integrations/audio_control.py:1-60; cli/app.py:211,"integrations/dualsense_bt_audio.py:27-53, :262-266; daemon/subsystems/bt_mic.py:57-73","O nome do arquivo é o FÓSSIL da regra antiga e ajudou a esconder a inversão — o doctor continuou imprimindo [FAIL] para a condição que o próprio produto criava, até 10/08.","IMPLEMENTADO POR INTEIRO, mas NASCE DESLIGADO por opt-in (HEFESTO_DUALSENSE4UNIX_BT_MIC=1). Duas razões escritas: privacidade e banda. Não confundir ""não implementado"" com ""não ligado por padrão"".","A regra udev 75-ps5-controller-disable-usb-audio.rules DESLIGA as interfaces de áudio USB do controle por inteiro (sem mic E sem fone). É OPT-IN — só instalada com `install_udev.sh --disable-usb-audio`. Se estiver instalada, TODA esta linha e as de alto-falante/fone/haptics por cabo ficam mortas.","Preço MEDIDO: mic desligado 260,4 Hz de input; ligado 170,5 Hz de input + 106,2 Hz de áudio. O áudio não abre canal novo — divide a fila. BT-MIC-GATING-01 ABERTO. E os números publicados de ""55-75% de mudo / ~40% do sinal"" estão CADUCOS (obtidos com um desmutador acidental no ar) — o README ainda os publica.",MONTOU,,Microfone — CAPTAÇÃO do áudio (o sinal),Microfone — CAPTAÇÃO do áudio (o sinal),,,,,,,"Diverge por DECISÃO somada a DEFEITO. A decisão: por cabo o microfone é placa USB Audio comum; por rádio não há A2DP nem HFP (medido em 25/07 — o DualSense não anuncia perfil de áudio: UUIDs HID 0x1124 + PnP 0x1200, e o bit de áudio do Class of Device está AUSENTE), então o produto tunela Opus por HID, e essa ponte NASCE DESLIGADA por opt-in, por privacidade e por banda. O defeito: o preço medido é o rádio dividir a fila (170,5 Hz de input mais 106,2 Hz de áudio contra 260,4 Hz sem o mic) — BT-MIC-GATING-01 continua ABERTO. Não confundir `não implementado` com `não ligado por padrão`.",,"14/08/2026: LEI 2 — `cabo_confianca` caiu de `medido` para `inferido-do-codigo`: a evidência é um drop-in de configuração NOSSO ter invertido de sentido em 08/08, não o microfone captando. Ela avisou em 14/08 que áudio e mic nunca foram mapeados oficialmente. O lado do RÁDIO fica `medido`: lá há medição ao vivo de 25/07 e números de taxa.",audio.microfone@dualsense,dualsense.microfone_capta_o_do_udio_o_sinal.usb | dualsense.microfone_capta_o_do_udio_o_sinal.bluetooth
audio.microfone,pro,audio,Microfone — captação do áudio,,,nao-tem,nenhum,não,não,não,não,outro,outro,,,,,não-localizado — o aparelho NÃO TEM,não-localizado — o aparelho NÃO TEM,inferido-do-codigo,inferido-do-codigo,grep por audio/snd/Audio no módulo devolve VAZIO,grep por audio/snd/Audio no módulo devolve VAZIO,assets/dkms/hid-nintendo/hid-nintendo.c (nenhuma ocorrência),assets/dkms/hid-nintendo/hid-nintendo.c (nenhuma ocorrência),"Zero ocorrências de `audio`, `snd` ou `mic` em todo o hid-nintendo.c. O Pro não tem microfone, não tem entrada de fone e não expõe nenhum campo de áudio.","Zero ocorrências de `audio`, `snd` ou `mic` em todo o hid-nintendo.c. O Pro não tem microfone, não tem entrada de fone e não expõe nenhum campo de áudio.",,,,,Microfone,Microfone,,,,,,,,,,audio.microfone@pro,pro.microfone.nenhum
audio.microfone,sn30,audio,Microfone — captação do áudio,,,nao-tem,nenhum,não,não,não,não,outro,outro,,,,,o aparelho não tem microfone; nenhum campo do protocolo Switch o prevê,o aparelho não tem microfone; nenhum campo do protocolo Switch o prevê,inferido-do-codigo,inferido-do-codigo,,,assets/dkms/hid-nintendo/hid-nintendo.c:119-155 (nenhum report/subcomando de áudio),assets/dkms/hid-nintendo/hid-nintendo.c:119-155 (nenhum report/subcomando de áudio),,,,,,,Microfone,Microfone,,,,,,,,,,audio.microfone@sn30,sn30.microfone.nenhum
audio.microfone.mudo,dualsense,audio,Microfone — mudo no firmware,mic,,tem,cabo+rádio,sim,sim,sim,parcial,hidraw,hidraw,0x02,0x31,common[9] bit 0x10 = report[10]; flag1 0x02,common[9] bit 0x10 = report[12],"output 0x02, common[9] bit4 (POWER_SAVE_MIC_MUTE = 0x10), autorizado por valid_flag1 bit1 (0x02). CLI `hefesto mic mute|unmute|release`; IPC `mic.set {muted: bool|null}`.","output 0x31, common[9] = report[12]; flag1 0x02. Mesmo caminho, só o envelope muda.",inferido-do-codigo,medido,,Medido 03/08: mudo = 100% → 46% → 100%. A posse EVAPORA.,"core/backend_pydualsense.py:793-798, :627-643, :2654; cli/app.py:211","core/backend_pydualsense.py:793-798, :476","TRÊS estados, e a distinção é a doutrina AUDIO-OWNER-01: `true` muta; `false` é uma ORDEM (""desmuta"", e o hefesto passa a AFIRMAR isso em todo report, tirando o botão físico do jogo); `null` DEVOLVE a posse ao hid-playstation. A chave é obrigatória (omiti-la é erro -32003).",`_mic_mute_desejado` é atributo de INSTÂNCIA do `_PinnedPyDualSense`. O handle é RECRIADO a cada reconexão e o `_reapply_desired` só re-pendura os `_OUTPUT_FIELDS` e os blocos crus de gatilho.,"Confundir `false` com `null` foi o defeito dos dois escritores: mandar common[9]=0x00 com o enable ligado a 60 Hz é ""desmuta"" por cima da decisão do kernel.","MIC-BT-DONO-01 continua PROPOSTA: um `mic unmute` evapora no próximo handle novo, em silêncio, e o firmware volta a mudo. Como reconexão é rotina no rádio, o defeito é muito mais visível por BT.",MONTOU,,Microfone — MUDO no firmware,Microfone — MUDO no firmware,tests/unit/test_audio_owner_report.py::test_posse_do_mudo_liga_o_bit_e_o_valor,"OS DOIS: common[9] tem de ser 0x10 com o flag1 0x02 ligado ao mudar, e 0x00 ao desmutar.",,,,,"O ENVELOPE não diverge — common[9] bit 0x10 com flag1 0x02 é o mesmo byte nos dois. Quem diverge é a DURAÇÃO da posse: `_mic_mute_desejado` é atributo de INSTÂNCIA do handle, o handle é recriado a cada reconexão e o `_reapply_desired` não o re-pendura. Como reconexão é rotina no rádio e exceção no cabo, o mesmo defeito aparece como `parcial` por BT e como `sim` por USB. Medido em 03/08: mudo = 100% -> 46% -> 100%, a posse EVAPORA. MIC-BT-DONO-01 continua PROPOSTA, não cura.",,"14/08/2026: LEI 2 — `cabo_confianca` caiu de `medido` para `inferido-do-codigo`: a célula não tem evidência nenhuma, só `codigo_ref`. O lado do RÁDIO fica `medido` (03/08: 100% → 46% → 100%).",audio.microfone.mudo@dualsense,dualsense.microfone_mudo_no_firmware.usb | dualsense.microfone_mudo_no_firmware.bluetooth
audio.microfone.mudo,pro,audio,Microfone — mudo no firmware,,,nao-tem,sem linha no v1,não,não,não,não,,,,,,,,,inferido-do-codigo,inferido-do-codigo,"o aparelho não tem microfone: sem a peça não há mudo nem volume para aceitar, em transporte nenhum. A referência é a MESMA da linha irmã `audio.microfone@pro`, que foi auditada e responde `não` nos dois transportes.","o aparelho não tem microfone: sem a peça não há mudo nem volume para aceitar, em transporte nenhum. Idem à linha irmã `audio.microfone@pro`.",assets/dkms/hid-nintendo/hid-nintendo.c (nenhuma ocorrência),assets/dkms/hid-nintendo/hid-nintendo.c (nenhuma ocorrência),,,,,,,,,,,,,,,,,"o v1 não tem linha desta chave para este controle; `não-tem` vem de a PEÇA não existir neste aparelho · irmãs: `audio.microfone` · 11/08: respondido `não` nos dois transportes a partir da AUSÊNCIA DA PEÇA neste mesmo aparelho (linha irmã `audio.microfone@pro`) — não é analogia com outro controle, e por isso a referência de código é a dela",audio.microfone.mudo@pro,
audio.microfone.mudo,sn30,audio,Microfone — mudo no firmware,,,nao-tem,sem linha no v1,não,não,não,não,,,,,,,,,inferido-do-codigo,inferido-do-codigo,"o aparelho não tem microfone: sem a peça não há mudo nem volume para aceitar, em transporte nenhum. A referência é a MESMA da linha irmã `audio.microfone@sn30`, que foi auditada e responde `não` nos dois transportes.","o aparelho não tem microfone: sem a peça não há mudo nem volume para aceitar, em transporte nenhum. Idem à linha irmã `audio.microfone@sn30`.",assets/dkms/hid-nintendo/hid-nintendo.c:119-155 (nenhum report/subcomando de áudio),assets/dkms/hid-nintendo/hid-nintendo.c:119-155 (nenhum report/subcomando de áudio),,,,,,,,,,,,,,,,,"o v1 não tem linha desta chave para este controle; `não-tem` vem de a PEÇA não existir neste aparelho · irmãs: `audio.microfone` · 11/08: respondido `não` nos dois transportes a partir da AUSÊNCIA DA PEÇA neste mesmo aparelho (linha irmã `audio.microfone@sn30`) — não é analogia com outro controle, e por isso a referência de código é a dela",audio.microfone.mudo@sn30,
audio.microfone.volume,dualsense,audio,Microfone — volume,mic,,tem,cabo+rádio,sim,sim,não,não,hidraw,hidraw,0x02,0x31,common[6] = report[7]; flag0 0x40,common[6] = report[9],"output 0x02, common[6], teto REAL 0x40, autorizado por valid_flag0 bit6 (0x40). Porta existe: `set_audio_volumes(microphone=...)`.","output 0x31, common[6] = report[9]; flag0 0x40.",inferido-do-codigo,inferido-do-codigo,"Busca por `microphone=` em src/ e tests/ devolve ZERO chamadas — confirmado hoje. O byte 6 nunca é escrito, o bit 0x40 nunca liga, o firmware segue dono do campo.",Mesma ausência de chamador.,core/backend_pydualsense.py:644-672 (sem chamadores),core/backend_pydualsense.py:644-672,Cura escrita e nunca ligada — a classe de defeito mais cara desta casa.,,"O kernel desta máquina NOMEIA o campo (`mic_volume`, comentário `0x0 - 0x40`), então a faixa não é de comunidade: está no fonte.",,,,Microfone — VOLUME,Microfone — VOLUME,,,,,,,,,"14/08/2026: LEI 2 — `cabo_confianca` caiu de `medido` para `inferido-do-codigo`: a evidência é um `grep` que devolve zero chamadas, o que mede o nosso código e não o aparelho.",audio.microfone.volume@dualsense,dualsense.microfone_volume.usb | dualsense.microfone_volume.bluetooth
audio.microfone.volume,pro,audio,Microfone — volume,,,nao-tem,sem linha no v1,não,não,não,não,,,,,,,,,inferido-do-codigo,inferido-do-codigo,"o aparelho não tem microfone: sem a peça não há mudo nem volume para aceitar, em transporte nenhum. A referência é a MESMA da linha irmã `audio.microfone@pro`, que foi auditada e responde `não` nos dois transportes.","o aparelho não tem microfone: sem a peça não há mudo nem volume para aceitar, em transporte nenhum. Idem à linha irmã `audio.microfone@pro`.",assets/dkms/hid-nintendo/hid-nintendo.c (nenhuma ocorrência),assets/dkms/hid-nintendo/hid-nintendo.c (nenhuma ocorrência),,,,,,,,,,,,,,,,,"o v1 não tem linha desta chave para este controle; `não-tem` vem de a PEÇA não existir neste aparelho · irmãs: `audio.microfone` · 11/08: respondido `não` nos dois transportes a partir da AUSÊNCIA DA PEÇA neste mesmo aparelho (linha irmã `audio.microfone@pro`) — não é analogia com outro controle, e por isso a referência de código é a dela",audio.microfone.volume@pro,
audio.microfone.volume,sn30,audio,Microfone — volume,,,nao-tem,sem linha no v1,não,não,não,não,,,,,,,,,inferido-do-codigo,inferido-do-codigo,"o aparelho não tem microfone: sem a peça não há mudo nem volume para aceitar, em transporte nenhum. A referência é a MESMA da linha irmã `audio.microfone@sn30`, que foi auditada e responde `não` nos dois transportes.","o aparelho não tem microfone: sem a peça não há mudo nem volume para aceitar, em transporte nenhum. Idem à linha irmã `audio.microfone@sn30`.",assets/dkms/hid-nintendo/hid-nintendo.c:119-155 (nenhum report/subcomando de áudio),assets/dkms/hid-nintendo/hid-nintendo.c:119-155 (nenhum report/subcomando de áudio),,,,,,,,,,,,,,,,,"o v1 não tem linha desta chave para este controle; `não-tem` vem de a PEÇA não existir neste aparelho · irmãs: `audio.microfone` · 11/08: respondido `não` nos dois transportes a partir da AUSÊNCIA DA PEÇA neste mesmo aparelho (linha irmã `audio.microfone@sn30`) — não é analogia com outro controle, e por isso a referência de código é a dela",audio.microfone.volume@sn30,
audio.saida_dedicada,dualsense,audio,Saída de áudio dedicada,,,tem,cabo+rádio,sim,desconhecido,parcial,não,alsa-pipewire,outro,—,—,—,—,"O DualSense enumera como placa USB Audio própria (interfaces de classe 01: If0/If1/If2), perfil `Analog Surround 4.0`. Seleção de sink pelo PipeWire.","NÃO LOCALIZADO (14/08/2026). O aparelho não anuncia perfil de áudio Bluetooth PADRÃO — medido em 07/08 (UUIDs HID + PnP, Class of Device sem o bit de áudio) —, e por isso nenhum comando A2DP ou HFP serve. O candidato ainda não testado é a escada de OUTPUT por HID, 0x32 (141 B) a 0x39 (546 B), declarada no descritor lido do aparelho dela em 11/08.",medido,medido,Nome do sink medido nesta máquina em 01/08: alsa_output.usb-Sony_Interactive_Entertainment_DualSense_Wireless_Controller-00.analog-surround-40,"MEDIDO em 07/08 na máquina dela: registro do BlueZ traz UUIDs HID 0x1124 + PnP 0x1200 e mais nada; Class of Device 0x002508 — major Peripheral, minor Gamepad, bit de ÁUDIO (0x200000) AUSENTE. O DualShock 4 dela traz o mesmo par.",app/mic_monitor.py:227-246; assets/75-ps5-controller-disable-usb-audio.rules,,"O `-00` é o desempate POSICIONAL do PipeWire (a string de serial USB do DualSense é a mesma em todos) — NÃO é a identidade do controle. Dois DualSense no cabo publicam sinks cujos nomes não os distinguem, e `escolher_sink` devolve None de propósito nesse caso.","NÃO ENCONTRAMOS O CAMINHO — e isso não é o mesmo que não haver caminho (14/08/2026). (a) DESCARTADO: A2DP e HFP, medidos em 07/08 no registro do BlueZ (UUIDs só HID 0x1124 e PnP 0x1200; Class of Device 0x002508, sem o bit de áudio 0x200000) — nenhum card nasce, e nenhum perfil de áudio Bluetooth PADRÃO leva som a este controle. (b) NÃO TENTADO: a ponte por HID, que é a hipótese viva e já tem pista MEDIDA — por rádio o descritor declara uma ESCADA de OUTPUT de +64 B, 0x32 (141 B) a 0x39 (546 B), e report de 546 bytes não existe para acender LED; falta identificar o formato do payload (codec, empacotamento, cadência) e escrever a metade de saída, que hoje tem zero linha. (c) O PS5 leva som ao alto-falante DESTE MESMO aparelho por Bluetooth — logo o caminho existe no firmware, e o que falta é o nosso conhecimento dele.",Este é o canal em que moram os HAPTICS VCM (canais 3-4). A regra 75 mata os dois de uma vez.,"docs/usage/bluetooth.md:138-141 AINDA diz que o áudio por BT ""usa protocolo proprietário e continua fora de escopo"" — dívida apontada em 03/08 e não paga em 10/08.",,,Saída de áudio DEDICADA do controle (distinta do HDMI),Saída de áudio DEDICADA do controle,,,,,,,"Diverge por PROTOCOLO, e o que está medido dos dois lados é o ANÚNCIO, não o limite. Por cabo o DualSense enumera como placa USB Audio própria em perfil `Analog Surround 4.0`. Por rádio ele não anuncia perfil de áudio Bluetooth PADRÃO: medido em 07/08 na máquina dela, o registro do BlueZ traz só HID 0x1124 e PnP 0x1200, e o Class of Device 0x002508 está sem o bit de áudio. O host sabe fazer A2DP e HFP; o controle é que não os anuncia. CORRIGIDO em 14/08/2026: a frase antiga terminava em ""não é lacuna do produto — é limite do aparelho"", e isso é conclusão forte tirada de ausência de anúncio. O PS5 leva som ao alto-falante deste mesmo aparelho por Bluetooth. A assimetria medida é de PROTOCOLO — por cabo, USB Audio Class; por rádio, algo por HID que ainda não identificamos.",,"Par órfão casado pela regra do parêntese. O julgamento do par de áudio do Pro cita este par (linhas 190/191 do v1) e diz que a mesma chave deve servir: aqui a feature é genuinamente assimétrica — o cabo aceita, o rádio não. · 14/08/2026: LEI 1, e foi ela quem pediu por escrito: o `radio_detalhe` dizia ""IMPOSSÍVEL por A2DP/HFP"". Reescrito na forma descartado / não tentado / data, porque o PS5 leva som ao alto-falante deste mesmo aparelho por Bluetooth — o que a medição de 07/08 sustenta é a ausência de ANÚNCIO de perfil padrão, não a ausência de caminho. `radio_aceita` passou de `não` para `desconhecido` pelo mesmo motivo. O `medido` dos dois lados FICA: o sink do cabo e o registro do BlueZ foram lidos do aparelho.",audio.saida_dedicada@dualsense,dualsense.sa_da_de_udio_dedicada_do_controle_distinta_.usb | dualsense.sa_da_de_udio_dedicada_do_controle.bluetooth
audio.saida_dedicada,pro,audio,Saída de áudio dedicada,,,nao-tem,cabo+rádio,não,não,não,não,outro,outro,,,,,não-localizado — o Pro NÃO ENUMERA interface de áudio USB,não-localizado — o Pro não anuncia perfil de áudio Bluetooth (é HID puro),inferido-do-codigo,inferido-do-codigo,a regra 81-hefesto-usb-power trata 057e só quanto a autosuspend; não há nenhuma regra de áudio para Nintendo,"NÃO MEDIDO (14/08/2026): não há sprint com a leitura do registro BlueZ do Pro. A ausência aqui é de MEDIÇÃO NOSSA — o `nao-tem` desta linha se apoia no descritor e no driver, nunca em leitura do aparelho. Ver a ressalva, que já dizia isso.",assets/75-ps5-controller-disable-usb-audio.rules (só 054c); assets/81-hefesto-usb-power.rules,,"CONTRASTE: o DualSense por USB é uma placa USB Audio de QUATRO canais (1-2 fone/alto-falante, 3-4 os motores voice-coil), e por isso existe a regra 75-ps5-controller-disable-usb-audio. Não há regra equivalente para 057e porque não há o que desligar.","Mesmo caso já MEDIDO no DualSense (07/08): UUIDs = HID 0x1124 + PnP 0x1200, Class of Device sem o bit de áudio. Para o Pro isso nunca foi medido nesta casa, mas o driver e o descritor não têm nada de áudio.",,"GRAU HONESTO: a ausência está firme pelo lado do descritor/driver; a leitura do BlueZ do Pro (UUIDs e Class of Device) NÃO foi feita, ao contrário da do DualSense e da do DualShock 4.",,,Saída de áudio dedicada (placa USB Audio no controle),Saída de áudio dedicada,,,,,,,,,"Par órfão CASADO por julgamento independente (confiança alta): é a mesma ausência vista por dois transportes, e cada linha já citava a contraparte do DualSense. ATENÇÃO: a leitura do registro BlueZ do Pro (UUIDs e Class of Device) NUNCA foi feita aqui — a medição de 07/08 que costuma ser citada é do DualSense e do DualShock 4, não do Pro. · 14/08/2026: LEI 1 — a `radio_evidencia` ""não-localizado"" virou ""NÃO MEDIDO"", com o que sustenta o `nao-tem` dito na cara: descritor e driver, nunca leitura do aparelho. O que mediria: ler o registro do BlueZ do Pro (UUIDs e Class of Device), que nunca foi feito aqui.",audio.saida_dedicada@pro,pro.sa_da_de_udio_dedicada_placa_usb_audio_no_co.usb | pro.sa_da_de_udio_dedicada.bluetooth
audio.saida_dedicada,sn30,audio,Saída de áudio dedicada,,,nao-tem,nenhum,não,não,não,não,outro,outro,,,,,"o SN30 Pro não tem jack; por USB ele NÃO enumera interface de áudio (ao contrário do DualSense, que é placa USB Audio de 4 canais)","o SN30 Pro não tem jack; por USB ele NÃO enumera interface de áudio (ao contrário do DualSense, que é placa USB Audio de 4 canais)",inferido-do-codigo,inferido-do-codigo,,,assets/dkms/hid-nintendo/hid-ids.h:1068-1077 (só HID),assets/dkms/hid-nintendo/hid-ids.h:1068-1077 (só HID),,,Não localizei nenhuma medição de descritores USB deste aparelho no repositório; a afirmação se apoia na ausência de qualquer menção a áudio no driver e nos documentos.,Não localizei nenhuma medição de descritores USB deste aparelho no repositório; a afirmação se apoia na ausência de qualquer menção a áudio no driver e nos documentos.,,,Saída de áudio dedicada (jack de fone no controle),Saída de áudio dedicada (jack de fone no controle),,,,,,,,,,audio.saida_dedicada@sn30,sn30.sa_da_de_udio_dedicada_jack_de_fone_no_contr.nenhum
combinacao.adaptador_no_mesmo_controlador,dualsense,combinacao,O adaptador Bluetooth e o cabo no MESMO controlador USB,,,desconhecido,sem linha no v1,,,,,,,,,,,,,,,,,,,,,,,,,,,,,,,,,,,"POR QUE ESTA LINHA EXISTE: a seção 5 do índice `2026-08-10-INDICE-o-mapa-que-vira-portao.md` registra um defeito medido — um controle NO CABO matava a saída do controle NO BT, porque o laço de `sendReport` saturava o controlador USB e o adaptador de rádio vive no mesmo controlador. Um mapa com grão (controle x feature x transporte) é CEGO a isso por construção. Sem esta família o mapa nasce com ponto morto exatamente onde ela mais usa. Esta é a linha da TOPOLOGIA, e é o mecanismo suspeito por trás de `combinacao.cabo_e_radio.saida`. A casa já levantou a hipótese e já escreveu o instrumento: `scripts/medir_w3_coex.sh` mede coexistência em três braços e IMPRIME a recomendação de mover o dongle para o xHCI com portas SuperSpeed livres, pedindo que se re-rode e compare. A medição com o dongle movido nunca foi feita. COMO LER O PAR CABO/RÁDIO NESTA FAMÍLIA: aqui ele diz ONDE ESTE CONTROLE ESTÁ. `cabo_*` responde pelo controle que está NO CABO com um companheiro no rádio; `radio_*` responde pelo que está NO RÁDIO com um companheiro no cabo. É assim que se enxerga qual dos dois é a vítima. As células de resposta nascem VAZIAS de propósito: `◌ ninguém respondeu` é verdade, e preencher por analogia com a linha de um controle só destruiria o valor do arquivo. Só o aparelho na mesa fecha esta linha.",combinacao.adaptador_no_mesmo_controlador@dualsense,
combinacao.adaptador_no_mesmo_controlador,pro,combinacao,O adaptador Bluetooth e o cabo no MESMO controlador USB,,,desconhecido,sem linha no v1,,,,,,,,,,,,,,,,,,,,,,,,,,,,,,,,,,,"POR QUE ESTA LINHA EXISTE: a seção 5 do índice `2026-08-10-INDICE-o-mapa-que-vira-portao.md` registra um defeito medido — um controle NO CABO matava a saída do controle NO BT, porque o laço de `sendReport` saturava o controlador USB e o adaptador de rádio vive no mesmo controlador. Um mapa com grão (controle x feature x transporte) é CEGO a isso por construção. Sem esta família o mapa nasce com ponto morto exatamente onde ela mais usa. Esta é a linha da TOPOLOGIA, e é o mecanismo suspeito por trás de `combinacao.cabo_e_radio.saida`. A casa já levantou a hipótese e já escreveu o instrumento: `scripts/medir_w3_coex.sh` mede coexistência em três braços e IMPRIME a recomendação de mover o dongle para o xHCI com portas SuperSpeed livres, pedindo que se re-rode e compare. A medição com o dongle movido nunca foi feita. COMO LER O PAR CABO/RÁDIO NESTA FAMÍLIA: aqui ele diz ONDE ESTE CONTROLE ESTÁ. `cabo_*` responde pelo controle que está NO CABO com um companheiro no rádio; `radio_*` responde pelo que está NO RÁDIO com um companheiro no cabo. É assim que se enxerga qual dos dois é a vítima. As células de resposta nascem VAZIAS de propósito: `◌ ninguém respondeu` é verdade, e preencher por analogia com a linha de um controle só destruiria o valor do arquivo. Só o aparelho na mesa fecha esta linha.",combinacao.adaptador_no_mesmo_controlador@pro,
combinacao.adaptador_no_mesmo_controlador,sn30,combinacao,O adaptador Bluetooth e o cabo no MESMO controlador USB,,,desconhecido,sem linha no v1,,,,,,,,,,,,,,,,,,,,,,,,,,,,,,,,,,,"POR QUE ESTA LINHA EXISTE: a seção 5 do índice `2026-08-10-INDICE-o-mapa-que-vira-portao.md` registra um defeito medido — um controle NO CABO matava a saída do controle NO BT, porque o laço de `sendReport` saturava o controlador USB e o adaptador de rádio vive no mesmo controlador. Um mapa com grão (controle x feature x transporte) é CEGO a isso por construção. Sem esta família o mapa nasce com ponto morto exatamente onde ela mais usa. Esta é a linha da TOPOLOGIA, e é o mecanismo suspeito por trás de `combinacao.cabo_e_radio.saida`. A casa já levantou a hipótese e já escreveu o instrumento: `scripts/medir_w3_coex.sh` mede coexistência em três braços e IMPRIME a recomendação de mover o dongle para o xHCI com portas SuperSpeed livres, pedindo que se re-rode e compare. A medição com o dongle movido nunca foi feita. COMO LER O PAR CABO/RÁDIO NESTA FAMÍLIA: aqui ele diz ONDE ESTE CONTROLE ESTÁ. `cabo_*` responde pelo controle que está NO CABO com um companheiro no rádio; `radio_*` responde pelo que está NO RÁDIO com um companheiro no cabo. É assim que se enxerga qual dos dois é a vítima. As células de resposta nascem VAZIAS de propósito: `◌ ninguém respondeu` é verdade, e preencher por analogia com a linha de um controle só destruiria o valor do arquivo. Só o aparelho na mesa fecha esta linha.",combinacao.adaptador_no_mesmo_controlador@sn30,
combinacao.cabo_e_radio.entrada,dualsense,combinacao,"Dois na mesa (um no cabo, um no rádio) — a ENTRADA de cada um continua chegando?",,,desconhecido,sem linha no v1,,,,,,,,,,,,,,,,,,,,,,,,,,,,,,,,,,,"POR QUE ESTA LINHA EXISTE: a seção 5 do índice `2026-08-10-INDICE-o-mapa-que-vira-portao.md` registra um defeito medido — um controle NO CABO matava a saída do controle NO BT, porque o laço de `sendReport` saturava o controlador USB e o adaptador de rádio vive no mesmo controlador. Um mapa com grão (controle x feature x transporte) é CEGO a isso por construção. Sem esta família o mapa nasce com ponto morto exatamente onde ela mais usa. Separada da saída de propósito: o defeito medido foi de SAÍDA, e ninguém verificou se a entrada (botões, sticks, IMU, touchpad) degrada junto. Se degradar, o sintoma que ela vê é lag, não feature morta — e os dois têm causas diferentes. COMO LER O PAR CABO/RÁDIO NESTA FAMÍLIA: aqui ele diz ONDE ESTE CONTROLE ESTÁ. `cabo_*` responde pelo controle que está NO CABO com um companheiro no rádio; `radio_*` responde pelo que está NO RÁDIO com um companheiro no cabo. É assim que se enxerga qual dos dois é a vítima. As células de resposta nascem VAZIAS de propósito: `◌ ninguém respondeu` é verdade, e preencher por analogia com a linha de um controle só destruiria o valor do arquivo. Só o aparelho na mesa fecha esta linha.",combinacao.cabo_e_radio.entrada@dualsense,
combinacao.cabo_e_radio.entrada,pro,combinacao,"Dois na mesa (um no cabo, um no rádio) — a ENTRADA de cada um continua chegando?",,,desconhecido,sem linha no v1,,,,,,,,,,,,,,,,,,,,,,,,,,,,,,,,,,,"POR QUE ESTA LINHA EXISTE: a seção 5 do índice `2026-08-10-INDICE-o-mapa-que-vira-portao.md` registra um defeito medido — um controle NO CABO matava a saída do controle NO BT, porque o laço de `sendReport` saturava o controlador USB e o adaptador de rádio vive no mesmo controlador. Um mapa com grão (controle x feature x transporte) é CEGO a isso por construção. Sem esta família o mapa nasce com ponto morto exatamente onde ela mais usa. Separada da saída de propósito: o defeito medido foi de SAÍDA, e ninguém verificou se a entrada (botões, sticks, IMU, touchpad) degrada junto. Se degradar, o sintoma que ela vê é lag, não feature morta — e os dois têm causas diferentes. COMO LER O PAR CABO/RÁDIO NESTA FAMÍLIA: aqui ele diz ONDE ESTE CONTROLE ESTÁ. `cabo_*` responde pelo controle que está NO CABO com um companheiro no rádio; `radio_*` responde pelo que está NO RÁDIO com um companheiro no cabo. É assim que se enxerga qual dos dois é a vítima. As células de resposta nascem VAZIAS de propósito: `◌ ninguém respondeu` é verdade, e preencher por analogia com a linha de um controle só destruiria o valor do arquivo. Só o aparelho na mesa fecha esta linha.",combinacao.cabo_e_radio.entrada@pro,
combinacao.cabo_e_radio.entrada,sn30,combinacao,"Dois na mesa (um no cabo, um no rádio) — a ENTRADA de cada um continua chegando?",,,desconhecido,sem linha no v1,,,,,,,,,,,,,,,,,,,,,,,,,,,,,,,,,,,"POR QUE ESTA LINHA EXISTE: a seção 5 do índice `2026-08-10-INDICE-o-mapa-que-vira-portao.md` registra um defeito medido — um controle NO CABO matava a saída do controle NO BT, porque o laço de `sendReport` saturava o controlador USB e o adaptador de rádio vive no mesmo controlador. Um mapa com grão (controle x feature x transporte) é CEGO a isso por construção. Sem esta família o mapa nasce com ponto morto exatamente onde ela mais usa. Separada da saída de propósito: o defeito medido foi de SAÍDA, e ninguém verificou se a entrada (botões, sticks, IMU, touchpad) degrada junto. Se degradar, o sintoma que ela vê é lag, não feature morta — e os dois têm causas diferentes. COMO LER O PAR CABO/RÁDIO NESTA FAMÍLIA: aqui ele diz ONDE ESTE CONTROLE ESTÁ. `cabo_*` responde pelo controle que está NO CABO com um companheiro no rádio; `radio_*` responde pelo que está NO RÁDIO com um companheiro no cabo. É assim que se enxerga qual dos dois é a vítima. As células de resposta nascem VAZIAS de propósito: `◌ ninguém respondeu` é verdade, e preencher por analogia com a linha de um controle só destruiria o valor do arquivo. Só o aparelho na mesa fecha esta linha.",combinacao.cabo_e_radio.entrada@sn30,
combinacao.cabo_e_radio.saida,dualsense,combinacao,"Dois na mesa (um no cabo, um no rádio) — a SAÍDA de cada um sobrevive?",,,desconhecido,sem linha no v1,,,sim,sim,,,,,,,,,medido,medido,"FF disparado no cabo e no radio na MESMA janela (0,0 ms), daemon vivo, 8,28 s: os dois vibraram iguais (olho-dela, 12/08 22:12)","idem, lado radio do mesmo disparo simultaneo",,,,,,,O APARELHO OBEDECEU,O APARELHO OBEDECEU,,,,,,2026-08-12,aparelho,,,,"POR QUE ESTA LINHA EXISTE: a seção 5 do índice `2026-08-10-INDICE-o-mapa-que-vira-portao.md` registra um defeito medido — um controle NO CABO matava a saída do controle NO BT, porque o laço de `sendReport` saturava o controlador USB e o adaptador de rádio vive no mesmo controlador. Um mapa com grão (controle x feature x transporte) é CEGO a isso por construção. Sem esta família o mapa nasce com ponto morto exatamente onde ela mais usa. É A LINHA DO DEFEITO DE 10/08, escrita como pergunta. Saída é tudo o que o Hefesto ESCREVE: cor, LED de jogador, rumble, gatilho. A ÚNICA pista que o código dá hoje está em `plataforma.limitador_subcomando@dualsense`: o teto do estrangulamento do laço de output ESCALA COM O NÚMERO DE CONTROLES (`src/hefesto_dualsense4unix/core/backend_pydualsense.py:1575`). É o único lugar da árvore que reconhece que dois controles na mesa não é o mesmo que um. COMO LER O PAR CABO/RÁDIO NESTA FAMÍLIA: aqui ele diz ONDE ESTE CONTROLE ESTÁ. `cabo_*` responde pelo controle que está NO CABO com um companheiro no rádio; `radio_*` responde pelo que está NO RÁDIO com um companheiro no cabo. É assim que se enxerga qual dos dois é a vítima. As células de resposta nascem VAZIAS de propósito: `◌ ninguém respondeu` é verdade, e preencher por analogia com a linha de um controle só destruiria o valor do arquivo. Só o aparelho na mesa fecha esta linha.",combinacao.cabo_e_radio.saida@dualsense,
combinacao.cabo_e_radio.saida,pro,combinacao,"Dois na mesa (um no cabo, um no rádio) — a SAÍDA de cada um sobrevive?",,,desconhecido,sem linha no v1,,,,,,,,,,,,,,,,,,,,,,,,,,,,,,,,,,,"POR QUE ESTA LINHA EXISTE: a seção 5 do índice `2026-08-10-INDICE-o-mapa-que-vira-portao.md` registra um defeito medido — um controle NO CABO matava a saída do controle NO BT, porque o laço de `sendReport` saturava o controlador USB e o adaptador de rádio vive no mesmo controlador. Um mapa com grão (controle x feature x transporte) é CEGO a isso por construção. Sem esta família o mapa nasce com ponto morto exatamente onde ela mais usa. É A LINHA DO DEFEITO DE 10/08, escrita como pergunta. Saída é tudo o que o Hefesto ESCREVE: cor, LED de jogador, rumble, gatilho. A ÚNICA pista que o código dá hoje está em `plataforma.limitador_subcomando@dualsense`: o teto do estrangulamento do laço de output ESCALA COM O NÚMERO DE CONTROLES (`src/hefesto_dualsense4unix/core/backend_pydualsense.py:1575`). É o único lugar da árvore que reconhece que dois controles na mesa não é o mesmo que um. COMO LER O PAR CABO/RÁDIO NESTA FAMÍLIA: aqui ele diz ONDE ESTE CONTROLE ESTÁ. `cabo_*` responde pelo controle que está NO CABO com um companheiro no rádio; `radio_*` responde pelo que está NO RÁDIO com um companheiro no cabo. É assim que se enxerga qual dos dois é a vítima. As células de resposta nascem VAZIAS de propósito: `◌ ninguém respondeu` é verdade, e preencher por analogia com a linha de um controle só destruiria o valor do arquivo. Só o aparelho na mesa fecha esta linha.",combinacao.cabo_e_radio.saida@pro,
combinacao.cabo_e_radio.saida,sn30,combinacao,"Dois na mesa (um no cabo, um no rádio) — a SAÍDA de cada um sobrevive?",,,desconhecido,sem linha no v1,,,,,,,,,,,,,,,,,,,,,,,,,,,,,,,,,,,"POR QUE ESTA LINHA EXISTE: a seção 5 do índice `2026-08-10-INDICE-o-mapa-que-vira-portao.md` registra um defeito medido — um controle NO CABO matava a saída do controle NO BT, porque o laço de `sendReport` saturava o controlador USB e o adaptador de rádio vive no mesmo controlador. Um mapa com grão (controle x feature x transporte) é CEGO a isso por construção. Sem esta família o mapa nasce com ponto morto exatamente onde ela mais usa. É A LINHA DO DEFEITO DE 10/08, escrita como pergunta. Saída é tudo o que o Hefesto ESCREVE: cor, LED de jogador, rumble, gatilho. A ÚNICA pista que o código dá hoje está em `plataforma.limitador_subcomando@dualsense`: o teto do estrangulamento do laço de output ESCALA COM O NÚMERO DE CONTROLES (`src/hefesto_dualsense4unix/core/backend_pydualsense.py:1575`). É o único lugar da árvore que reconhece que dois controles na mesa não é o mesmo que um. COMO LER O PAR CABO/RÁDIO NESTA FAMÍLIA: aqui ele diz ONDE ESTE CONTROLE ESTÁ. `cabo_*` responde pelo controle que está NO CABO com um companheiro no rádio; `radio_*` responde pelo que está NO RÁDIO com um companheiro no cabo. É assim que se enxerga qual dos dois é a vítima. As células de resposta nascem VAZIAS de propósito: `◌ ninguém respondeu` é verdade, e preencher por analogia com a linha de um controle só destruiria o valor do arquivo. Só o aparelho na mesa fecha esta linha.",combinacao.cabo_e_radio.saida@sn30,
combinacao.cabo_e_radio.taxa,dualsense,combinacao,"Dois na mesa (um no cabo, um no rádio) — a TAXA de relatórios de cada um, medida junta",,,desconhecido,sem linha no v1,,,,,,,,,,,,,,,,,,,,,,,,,,,,,,,,,,,"POR QUE ESTA LINHA EXISTE: a seção 5 do índice `2026-08-10-INDICE-o-mapa-que-vira-portao.md` registra um defeito medido — um controle NO CABO matava a saída do controle NO BT, porque o laço de `sendReport` saturava o controlador USB e o adaptador de rádio vive no mesmo controlador. Um mapa com grão (controle x feature x transporte) é CEGO a isso por construção. Sem esta família o mapa nasce com ponto morto exatamente onde ela mais usa. A taxa é o número que denuncia saturação antes de a feature morrer. Hoje o produto publica `motion_hz` com teto de 250 Hz e SEM dimensão de quantos controles estão na mesa (`src/hefesto_dualsense4unix/core/physical_report_reader.py:177`), então o instrumento atual não consegue nem enxergar a degradação que esta linha pergunta. COMO LER O PAR CABO/RÁDIO NESTA FAMÍLIA: aqui ele diz ONDE ESTE CONTROLE ESTÁ. `cabo_*` responde pelo controle que está NO CABO com um companheiro no rádio; `radio_*` responde pelo que está NO RÁDIO com um companheiro no cabo. É assim que se enxerga qual dos dois é a vítima. As células de resposta nascem VAZIAS de propósito: `◌ ninguém respondeu` é verdade, e preencher por analogia com a linha de um controle só destruiria o valor do arquivo. Só o aparelho na mesa fecha esta linha.",combinacao.cabo_e_radio.taxa@dualsense,
combinacao.cabo_e_radio.taxa,pro,combinacao,"Dois na mesa (um no cabo, um no rádio) — a TAXA de relatórios de cada um, medida junta",,,desconhecido,sem linha no v1,,,,,,,,,,,,,,,,,,,,,,,,,,,,,,,,,,,"POR QUE ESTA LINHA EXISTE: a seção 5 do índice `2026-08-10-INDICE-o-mapa-que-vira-portao.md` registra um defeito medido — um controle NO CABO matava a saída do controle NO BT, porque o laço de `sendReport` saturava o controlador USB e o adaptador de rádio vive no mesmo controlador. Um mapa com grão (controle x feature x transporte) é CEGO a isso por construção. Sem esta família o mapa nasce com ponto morto exatamente onde ela mais usa. A taxa é o número que denuncia saturação antes de a feature morrer. Hoje o produto publica `motion_hz` com teto de 250 Hz e SEM dimensão de quantos controles estão na mesa (`src/hefesto_dualsense4unix/core/physical_report_reader.py:177`), então o instrumento atual não consegue nem enxergar a degradação que esta linha pergunta. COMO LER O PAR CABO/RÁDIO NESTA FAMÍLIA: aqui ele diz ONDE ESTE CONTROLE ESTÁ. `cabo_*` responde pelo controle que está NO CABO com um companheiro no rádio; `radio_*` responde pelo que está NO RÁDIO com um companheiro no cabo. É assim que se enxerga qual dos dois é a vítima. As células de resposta nascem VAZIAS de propósito: `◌ ninguém respondeu` é verdade, e preencher por analogia com a linha de um controle só destruiria o valor do arquivo. Só o aparelho na mesa fecha esta linha.",combinacao.cabo_e_radio.taxa@pro,
combinacao.cabo_e_radio.taxa,sn30,combinacao,"Dois na mesa (um no cabo, um no rádio) — a TAXA de relatórios de cada um, medida junta",,,desconhecido,sem linha no v1,,,,,,,,,,,,,,,,,,,,,,,,,,,,,,,,,,,"POR QUE ESTA LINHA EXISTE: a seção 5 do índice `2026-08-10-INDICE-o-mapa-que-vira-portao.md` registra um defeito medido — um controle NO CABO matava a saída do controle NO BT, porque o laço de `sendReport` saturava o controlador USB e o adaptador de rádio vive no mesmo controlador. Um mapa com grão (controle x feature x transporte) é CEGO a isso por construção. Sem esta família o mapa nasce com ponto morto exatamente onde ela mais usa. A taxa é o número que denuncia saturação antes de a feature morrer. Hoje o produto publica `motion_hz` com teto de 250 Hz e SEM dimensão de quantos controles estão na mesa (`src/hefesto_dualsense4unix/core/physical_report_reader.py:177`), então o instrumento atual não consegue nem enxergar a degradação que esta linha pergunta. COMO LER O PAR CABO/RÁDIO NESTA FAMÍLIA: aqui ele diz ONDE ESTE CONTROLE ESTÁ. `cabo_*` responde pelo controle que está NO CABO com um companheiro no rádio; `radio_*` responde pelo que está NO RÁDIO com um companheiro no cabo. É assim que se enxerga qual dos dois é a vítima. As células de resposta nascem VAZIAS de propósito: `◌ ninguém respondeu` é verdade, e preencher por analogia com a linha de um controle só destruiria o valor do arquivo. Só o aparelho na mesa fecha esta linha.",combinacao.cabo_e_radio.taxa@sn30,
combinacao.dois_no_radio.crc,dualsense,combinacao,Dois no RÁDIO — os erros de CRC de entrada aumentam?,,,desconhecido,sem linha no v1,,,,,,,,,,,,,,,,,,,,,,,,,,,,,,,,,,,"POR QUE ESTA LINHA EXISTE: a seção 5 do índice `2026-08-10-INDICE-o-mapa-que-vira-portao.md` registra um defeito medido — um controle NO CABO matava a saída do controle NO BT, porque o laço de `sendReport` saturava o controlador USB e o adaptador de rádio vive no mesmo controlador. Um mapa com grão (controle x feature x transporte) é CEGO a isso por construção. Sem esta família o mapa nasce com ponto morto exatamente onde ela mais usa. O código já suspeita disto por escrito: `core/backend_pydualsense.py:200-207` cita `DualSense input CRC's check failed` e nomeia a contenção de CRC com múltiplos controles em Bluetooth. A suspeita está no comentário e nunca virou medição — e o contador que a mediria (`bt_drops`) existe e não é lido por ninguém. COMO LER O PAR CABO/RÁDIO NESTA FAMÍLIA: aqui ele diz ONDE ESTE CONTROLE ESTÁ. `cabo_*` responde pelo controle que está NO CABO com um companheiro no rádio; `radio_*` responde pelo que está NO RÁDIO com um companheiro no cabo. É assim que se enxerga qual dos dois é a vítima. As células de resposta nascem VAZIAS de propósito: `◌ ninguém respondeu` é verdade, e preencher por analogia com a linha de um controle só destruiria o valor do arquivo. Só o aparelho na mesa fecha esta linha.",combinacao.dois_no_radio.crc@dualsense,
combinacao.dois_no_radio.crc,pro,combinacao,Dois no RÁDIO — os erros de CRC de entrada aumentam?,,,desconhecido,sem linha no v1,,,,,,,,,,,,,,,,,,,,,,,,,,,,,,,,,,,"POR QUE ESTA LINHA EXISTE: a seção 5 do índice `2026-08-10-INDICE-o-mapa-que-vira-portao.md` registra um defeito medido — um controle NO CABO matava a saída do controle NO BT, porque o laço de `sendReport` saturava o controlador USB e o adaptador de rádio vive no mesmo controlador. Um mapa com grão (controle x feature x transporte) é CEGO a isso por construção. Sem esta família o mapa nasce com ponto morto exatamente onde ela mais usa. O código já suspeita disto por escrito: `core/backend_pydualsense.py:200-207` cita `DualSense input CRC's check failed` e nomeia a contenção de CRC com múltiplos controles em Bluetooth. A suspeita está no comentário e nunca virou medição — e o contador que a mediria (`bt_drops`) existe e não é lido por ninguém. COMO LER O PAR CABO/RÁDIO NESTA FAMÍLIA: aqui ele diz ONDE ESTE CONTROLE ESTÁ. `cabo_*` responde pelo controle que está NO CABO com um companheiro no rádio; `radio_*` responde pelo que está NO RÁDIO com um companheiro no cabo. É assim que se enxerga qual dos dois é a vítima. As células de resposta nascem VAZIAS de propósito: `◌ ninguém respondeu` é verdade, e preencher por analogia com a linha de um controle só destruiria o valor do arquivo. Só o aparelho na mesa fecha esta linha.",combinacao.dois_no_radio.crc@pro,
combinacao.dois_no_radio.crc,sn30,combinacao,Dois no RÁDIO — os erros de CRC de entrada aumentam?,,,desconhecido,sem linha no v1,,,,,,,,,,,,,,,,,,,,,,,,,,,,,,,,,,,"POR QUE ESTA LINHA EXISTE: a seção 5 do índice `2026-08-10-INDICE-o-mapa-que-vira-portao.md` registra um defeito medido — um controle NO CABO matava a saída do controle NO BT, porque o laço de `sendReport` saturava o controlador USB e o adaptador de rádio vive no mesmo controlador. Um mapa com grão (controle x feature x transporte) é CEGO a isso por construção. Sem esta família o mapa nasce com ponto morto exatamente onde ela mais usa. O código já suspeita disto por escrito: `core/backend_pydualsense.py:200-207` cita `DualSense input CRC's check failed` e nomeia a contenção de CRC com múltiplos controles em Bluetooth. A suspeita está no comentário e nunca virou medição — e o contador que a mediria (`bt_drops`) existe e não é lido por ninguém. COMO LER O PAR CABO/RÁDIO NESTA FAMÍLIA: aqui ele diz ONDE ESTE CONTROLE ESTÁ. `cabo_*` responde pelo controle que está NO CABO com um companheiro no rádio; `radio_*` responde pelo que está NO RÁDIO com um companheiro no cabo. É assim que se enxerga qual dos dois é a vítima. As células de resposta nascem VAZIAS de propósito: `◌ ninguém respondeu` é verdade, e preencher por analogia com a linha de um controle só destruiria o valor do arquivo. Só o aparelho na mesa fecha esta linha.",combinacao.dois_no_radio.crc@sn30,
combinacao.dois_no_radio.saida,dualsense,combinacao,Dois no RÁDIO ao mesmo tempo — a saída de cada um sobrevive?,,,desconhecido,sem linha no v1,,,,sim,,,,,,,,,,medido,,"os DOIS controles do radio obedeceram nas duas rotas (0x31 magenta as 22:35, sysfs verde as 22:37), daemon parado e Steam fechada (olho-dela, 12/08)",,,,,,,,O APARELHO OBEDECEU,,,,,,2026-08-12,aparelho,,"O lado CABO fica mudo POR CONSTRUÇÃO: a chave pergunta por dois controles NO RÁDIO, e não há pergunta equivalente no fio. Vazio aqui é ""não se aplica"", não ""ninguém respondeu"".",,"POR QUE ESTA LINHA EXISTE: a seção 5 do índice `2026-08-10-INDICE-o-mapa-que-vira-portao.md` registra um defeito medido — um controle NO CABO matava a saída do controle NO BT, porque o laço de `sendReport` saturava o controlador USB e o adaptador de rádio vive no mesmo controlador. Um mapa com grão (controle x feature x transporte) é CEGO a isso por construção. Sem esta família o mapa nasce com ponto morto exatamente onde ela mais usa. O braço de controle do caso do cabo: se a saída também morre com os DOIS no rádio, a causa não é o controlador USB, é a fila do adaptador. Um único ensaio separa as duas hipóteses, e sem esta linha ninguém sabe que ele falta. COMO LER O PAR CABO/RÁDIO NESTA FAMÍLIA: aqui ele diz ONDE ESTE CONTROLE ESTÁ. `cabo_*` responde pelo controle que está NO CABO com um companheiro no rádio; `radio_*` responde pelo que está NO RÁDIO com um companheiro no cabo. É assim que se enxerga qual dos dois é a vítima. As células de resposta nascem VAZIAS de propósito: `◌ ninguém respondeu` é verdade, e preencher por analogia com a linha de um controle só destruiria o valor do arquivo. Só o aparelho na mesa fecha esta linha.",combinacao.dois_no_radio.saida@dualsense,
combinacao.dois_no_radio.saida,pro,combinacao,Dois no RÁDIO ao mesmo tempo — a saída de cada um sobrevive?,,,desconhecido,sem linha no v1,,,,,,,,,,,,,,,,,,,,,,,,,,,,,,,,,,,"POR QUE ESTA LINHA EXISTE: a seção 5 do índice `2026-08-10-INDICE-o-mapa-que-vira-portao.md` registra um defeito medido — um controle NO CABO matava a saída do controle NO BT, porque o laço de `sendReport` saturava o controlador USB e o adaptador de rádio vive no mesmo controlador. Um mapa com grão (controle x feature x transporte) é CEGO a isso por construção. Sem esta família o mapa nasce com ponto morto exatamente onde ela mais usa. O braço de controle do caso do cabo: se a saída também morre com os DOIS no rádio, a causa não é o controlador USB, é a fila do adaptador. Um único ensaio separa as duas hipóteses, e sem esta linha ninguém sabe que ele falta. COMO LER O PAR CABO/RÁDIO NESTA FAMÍLIA: aqui ele diz ONDE ESTE CONTROLE ESTÁ. `cabo_*` responde pelo controle que está NO CABO com um companheiro no rádio; `radio_*` responde pelo que está NO RÁDIO com um companheiro no cabo. É assim que se enxerga qual dos dois é a vítima. As células de resposta nascem VAZIAS de propósito: `◌ ninguém respondeu` é verdade, e preencher por analogia com a linha de um controle só destruiria o valor do arquivo. Só o aparelho na mesa fecha esta linha.",combinacao.dois_no_radio.saida@pro,
combinacao.dois_no_radio.saida,sn30,combinacao,Dois no RÁDIO ao mesmo tempo — a saída de cada um sobrevive?,,,desconhecido,sem linha no v1,,,,,,,,,,,,,,,,,,,,,,,,,,,,,,,,,,,"POR QUE ESTA LINHA EXISTE: a seção 5 do índice `2026-08-10-INDICE-o-mapa-que-vira-portao.md` registra um defeito medido — um controle NO CABO matava a saída do controle NO BT, porque o laço de `sendReport` saturava o controlador USB e o adaptador de rádio vive no mesmo controlador. Um mapa com grão (controle x feature x transporte) é CEGO a isso por construção. Sem esta família o mapa nasce com ponto morto exatamente onde ela mais usa. O braço de controle do caso do cabo: se a saída também morre com os DOIS no rádio, a causa não é o controlador USB, é a fila do adaptador. Um único ensaio separa as duas hipóteses, e sem esta linha ninguém sabe que ele falta. COMO LER O PAR CABO/RÁDIO NESTA FAMÍLIA: aqui ele diz ONDE ESTE CONTROLE ESTÁ. `cabo_*` responde pelo controle que está NO CABO com um companheiro no rádio; `radio_*` responde pelo que está NO RÁDIO com um companheiro no cabo. É assim que se enxerga qual dos dois é a vítima. As células de resposta nascem VAZIAS de propósito: `◌ ninguém respondeu` é verdade, e preencher por analogia com a linha de um controle só destruiria o valor do arquivo. Só o aparelho na mesa fecha esta linha.",combinacao.dois_no_radio.saida@sn30,
combinacao.rumble_simultaneo,dualsense,combinacao,Rumble em dois controles ao mesmo tempo,,,tem,sem linha no v1,sim,sim,sim,sim,evdev,evdev,,,,,,,medido,medido,"MEDIDO 11/08/2026 na bancada dela, com a MESA CHEIA: quatro DualSense, dois no cabo (P2, P3) e dois no radio (P1, P4), disparados na MESMA janela (0,0 ms de espalhamento) por scripts/ensaio_rumble_em_par.py. ACEITE DELA, literal: ""sim vibraram todos"" (daemon parado) e ""os quatro vibraram mas por duracao diferente eu não sei. Mas foram os 4"" (daemon vivo). A rota e forca-feedback por evdev (EVIOCSFF), que e a que os jogos usam: o kernel monta o report e escolhe o envelope por transporte. NAO passa pelo daemon e NAO disputa o hidraw.","MEDIDO 11/08/2026 na bancada dela, com a MESA CHEIA: quatro DualSense, dois no cabo (P2, P3) e dois no radio (P1, P4), disparados na MESMA janela (0,0 ms de espalhamento) por scripts/ensaio_rumble_em_par.py. ACEITE DELA, literal: ""sim vibraram todos"" (daemon parado) e ""os quatro vibraram mas por duracao diferente eu não sei. Mas foram os 4"" (daemon vivo). A rota e forca-feedback por evdev (EVIOCSFF), que e a que os jogos usam: o kernel monta o report e escolhe o envelope por transporte. NAO passa pelo daemon e NAO disputa o hidraw.","scripts/ensaio_rumble_em_par.py; core/backend_pydualsense.py:534-540, :2117-2121",scripts/ensaio_rumble_em_par.py; core/ds_output_report.py:252-274 (build_bt_report),,,"CAUSA PROVADA em 11/08/2026, por DOSE-RESPOSTA. O keepalive do daemon zera o rumble de terceiros. A prova não e um sim/não: mudando a constante `OUT_REPORT_KEEPALIVE_SEC` (core/backend_pydualsense.py:228) de 0,5 s para 8,0 s e reiniciando o daemon, a duracao do rumble passou de um pulso instantaneo para OITO SEGUNDOS exatos, nos DOIS transportes, com o mesmo comando e os mesmos alvos. Literal dela: ""cibrou ambos por 8 segundos"". A constante foi revertida para 0,5 e o código do produto esta intocado. O QUE ISSO DERRUBA: a premissa da cura `keepalive neutro` de GUERRA-01 (core/backend_pydualsense.py:712-770). A cura desliga os BITS que autorizam vibracao — VALID_FLAG0_COMPATIBLE_VIBRATION, HAPTICS_SELECT, MOTOR_POWER, COMPATIBLE_VIBRATION2 — supondo que assim o firmware conserva o motor. Mas o report continua carregando `common[2]=0` e `common[3]=0` (linhas 776-777, escritas SEMPRE, fora do `if not rumble_asserted`), e o aparelho OBEDECE a esses bytes. Ou seja: o firmware aplica os valores de motor mesmo com os bits de autorização desligados. A cura esta escrita, esta correta na própria lógica, e não alcanca o defeito. NAO MEDIDO AINDA: se o firmware ignora os bits de autorização TAMBEM no sentido inverso (bits desligados + bytes ALTOS fazem o motor girar?). Esse e o ensaio que fecha a premissa, e exige report cru no hidraw. CONTRASTE AINDA SEM EXPLICACAO: com QUATRO alvos e o daemon vivo os quatro vibraram, so que por duracao desigual; com DOIS alvos o cancelamento era total. Mais controles produziu resultado MELHOR. LIMITE DO ALCANCE, dito por ela: jogando sob o Hefesto os quatro vibravam por Bluetooth, porque ali o rumble chega pelo caminho do jogo e o daemon e a FONTE, não o concorrente. O defeito atinge quem fala EV_FF direto no no físico — e nesta maquina, hoje, `gamepad_disabled.flag` esta ligado, entao não ha gamepad virtual e os jogos falam justamente com o no físico. QUADRANTE MEDIDO NA MAQUINA DELA em 11/08/2026, e e o pior dos quatro: o journal do daemon diz `launch_env_materializado ... backends=[] emulacao=False mascara=dualsense native=False`. Sem gamepad virtual E sem Modo Nativo ao mesmo tempo. As consequencias sao duas, e elas se somam: (1) o multiplicador de intensidade da GUI (Economia 0,3x / Balanceado 0,7x / máximo 1,0x / Auto) NAO AGE, porque ele mora no `rumble_sink` do vpad (daemon/subsystems/gamepad.py:1527, :1542 -> apply_game_rumble :975-977) e sem vpad esse sink nunca e criado; (2) o keepalive CONTINUA escrevendo, porque o mute de output so e ligado pelo Modo Nativo (daemon/lifecycle.py:989-992), entao o defeito acima age sobre o rumble do próprio jogo. Nos outros três quadrantes uma das duas coisas protege: com gamepad ligado o daemon e a FONTE do rumble e o multiplicador age; em Modo Nativo o output fica mutado e ninguem atrapalha. O produto não avisa em tela nenhuma que este quadrante existe. ONDE O MULTIPLICADOR AGE, apurado no fonte em 11/08: em modo `gamepad` (uhid dualsense e uinput xbox) o multiplicador da política CHEGA ao motor, por daemon/subsystems/gamepad.py:975-977, e o early-return de `reassert_rumble` (daemon/subsystems/rumble.py:50-52) NAO o anula — sao dois caminhos complementares, e o de `apply_game_rumble` prossegue exatamente quando `rumble_active is None`, que e o passthrough. Depois dele ainda incide uma SEGUNDA escala, por controle (`_escalar_rumble`, core/backend_pydualsense.py:2427-2446), vinda do bloco `controllers` do perfil. Em Modo Nativo NAO existe ponto de aplicação: não ha interceptacao de EV_FF no no físico em lugar nenhum da arvore, e a escolha da GUI fica decorativa. PREMISSA FECHADA em 11/08/2026, por ensaio de TROCA DE LADO — desenho que não pede cronometro a ninguem. Com o daemon parado, o EV_FF liga o motor ESQUERDO; um único report com os BITS de vibracao DESLIGADOS pede common[2]=200 (direito) e common[3]=0 (esquerdo). O tremor trocou de lado na mão dela. LOGO: o firmware obedece aos BYTES de motor e os bits de autorização NAO protegem o motor de terceiros. A cura `keepalive neutro` de GUERRA-01 esta escrita, e correta na própria lógica, e mira o alvo errado — desligar bits não adianta enquanto os bytes sairem zerados (core/backend_pydualsense.py:776-777, escritos SEMPRE, fora do `if not rumble_asserted`). CONSEQUENCIA PARA A CURA: o keepalive não pode carregar bytes de motor quando o produto não e o dono do rumble; o report e atomico, entao ou ele não sai, ou carrega o último valor conhecido. AINDA EM ABERTO, e dito porque não foi medido: depois de trocar de lado o motor ""la morreu"" — o direito parou sozinho pouco depois, sem ninguem escrever. Uma reafirmacao periodica do lado do kernel (ff-memless) ou um watchdog no firmware explicariam, e nenhum dos dois foi medido. NAO tire conclusão disso.","CAUSA PROVADA em 11/08/2026, por DOSE-RESPOSTA. O keepalive do daemon zera o rumble de terceiros. A prova não e um sim/não: mudando a constante `OUT_REPORT_KEEPALIVE_SEC` (core/backend_pydualsense.py:228) de 0,5 s para 8,0 s e reiniciando o daemon, a duracao do rumble passou de um pulso instantaneo para OITO SEGUNDOS exatos, nos DOIS transportes, com o mesmo comando e os mesmos alvos. Literal dela: ""cibrou ambos por 8 segundos"". A constante foi revertida para 0,5 e o código do produto esta intocado. O QUE ISSO DERRUBA: a premissa da cura `keepalive neutro` de GUERRA-01 (core/backend_pydualsense.py:712-770). A cura desliga os BITS que autorizam vibracao — VALID_FLAG0_COMPATIBLE_VIBRATION, HAPTICS_SELECT, MOTOR_POWER, COMPATIBLE_VIBRATION2 — supondo que assim o firmware conserva o motor. Mas o report continua carregando `common[2]=0` e `common[3]=0` (linhas 776-777, escritas SEMPRE, fora do `if not rumble_asserted`), e o aparelho OBEDECE a esses bytes. Ou seja: o firmware aplica os valores de motor mesmo com os bits de autorização desligados. A cura esta escrita, esta correta na própria lógica, e não alcanca o defeito. NAO MEDIDO AINDA: se o firmware ignora os bits de autorização TAMBEM no sentido inverso (bits desligados + bytes ALTOS fazem o motor girar?). Esse e o ensaio que fecha a premissa, e exige report cru no hidraw. CONTRASTE AINDA SEM EXPLICACAO: com QUATRO alvos e o daemon vivo os quatro vibraram, so que por duracao desigual; com DOIS alvos o cancelamento era total. Mais controles produziu resultado MELHOR. LIMITE DO ALCANCE, dito por ela: jogando sob o Hefesto os quatro vibravam por Bluetooth, porque ali o rumble chega pelo caminho do jogo e o daemon e a FONTE, não o concorrente. O defeito atinge quem fala EV_FF direto no no físico — e nesta maquina, hoje, `gamepad_disabled.flag` esta ligado, entao não ha gamepad virtual e os jogos falam justamente com o no físico. QUADRANTE MEDIDO NA MAQUINA DELA em 11/08/2026, e e o pior dos quatro: o journal do daemon diz `launch_env_materializado ... backends=[] emulacao=False mascara=dualsense native=False`. Sem gamepad virtual E sem Modo Nativo ao mesmo tempo. As consequencias sao duas, e elas se somam: (1) o multiplicador de intensidade da GUI (Economia 0,3x / Balanceado 0,7x / máximo 1,0x / Auto) NAO AGE, porque ele mora no `rumble_sink` do vpad (daemon/subsystems/gamepad.py:1527, :1542 -> apply_game_rumble :975-977) e sem vpad esse sink nunca e criado; (2) o keepalive CONTINUA escrevendo, porque o mute de output so e ligado pelo Modo Nativo (daemon/lifecycle.py:989-992), entao o defeito acima age sobre o rumble do próprio jogo. Nos outros três quadrantes uma das duas coisas protege: com gamepad ligado o daemon e a FONTE do rumble e o multiplicador age; em Modo Nativo o output fica mutado e ninguem atrapalha. O produto não avisa em tela nenhuma que este quadrante existe. ONDE O MULTIPLICADOR AGE, apurado no fonte em 11/08: em modo `gamepad` (uhid dualsense e uinput xbox) o multiplicador da política CHEGA ao motor, por daemon/subsystems/gamepad.py:975-977, e o early-return de `reassert_rumble` (daemon/subsystems/rumble.py:50-52) NAO o anula — sao dois caminhos complementares, e o de `apply_game_rumble` prossegue exatamente quando `rumble_active is None`, que e o passthrough. Depois dele ainda incide uma SEGUNDA escala, por controle (`_escalar_rumble`, core/backend_pydualsense.py:2427-2446), vinda do bloco `controllers` do perfil. Em Modo Nativo NAO existe ponto de aplicação: não ha interceptacao de EV_FF no no físico em lugar nenhum da arvore, e a escolha da GUI fica decorativa. PREMISSA FECHADA em 11/08/2026, por ensaio de TROCA DE LADO — desenho que não pede cronometro a ninguem. Com o daemon parado, o EV_FF liga o motor ESQUERDO; um único report com os BITS de vibracao DESLIGADOS pede common[2]=200 (direito) e common[3]=0 (esquerdo). O tremor trocou de lado na mão dela. LOGO: o firmware obedece aos BYTES de motor e os bits de autorização NAO protegem o motor de terceiros. A cura `keepalive neutro` de GUERRA-01 esta escrita, e correta na própria lógica, e mira o alvo errado — desligar bits não adianta enquanto os bytes sairem zerados (core/backend_pydualsense.py:776-777, escritos SEMPRE, fora do `if not rumble_asserted`). CONSEQUENCIA PARA A CURA: o keepalive não pode carregar bytes de motor quando o produto não e o dono do rumble; o report e atomico, entao ou ele não sai, ou carrega o último valor conhecido. AINDA EM ABERTO, e dito porque não foi medido: depois de trocar de lado o motor ""la morreu"" — o direito parou sozinho pouco depois, sem ninguem escrever. Uma reafirmacao periodica do lado do kernel (ff-memless) ou um watchdog no firmware explicariam, e nenhum dos dois foi medido. NAO tire conclusão disso.",O APARELHO OBEDECEU,O APARELHO OBEDECEU,,,tests/unit/test_paridade_transporte_rumble_em_par.py::test_o_rumble_de_terceiros_por_evdev_nao_e_zerado_pelo_keepalive,OS DOIS: monta a saida com rumble de terceiro ATIVO e afirma que o report do keepalive não zera os bytes de motor (common[2] e common[3]) em nenhum dos dois envelopes. E a perna que a mordida antiga de vibracao.rumble.ff deixava de fora por escrito: 'a perna do uinput (EV_FF/FF_RUMBLE) ... fica sem mordida'.,"13/08/2026 — mordida feita agora, com o `src/` copiado para fora da árvore e o `PYTHONPATH` apontado para a cópia: arrancado o bloco `if not rumble_asserted:` inteiro de `_build_common` (core/backend_pydualsense.py:911-916), tests/unit/test_paridade_transporte_rumble_em_par.py reprova 3 de 4 — inclusive as DUAS parametrizações do nó apontado, `[cabo]` e `[radio]`, com a mensagem nomeando o lado (`no envelope de radio o flag0 bit 0x01 saiu LIGADO`). Na família de paridade inteira (sete arquivos, 120 nós) a mesma morte reprova 7: os 3 daqui e 4 de test_paridade_transporte_rumble.py. Cura devolvida: 4 passed in 0.16s. Registrado no docstring do arquivo.",2026-08-11,aparelho,180,"Sem assimetria de transporte: QUATRO controles vibraram juntos, dois no cabo e dois no radio, na mesma janela de disparo. MEDIDO 11/08/2026.","RESPONDIDA em 11/08/2026 com a mesa cheia, e a causa do estorvo esta ISOLADA: quatro controles vibram ao mesmo tempo nos dois transportes; o que os cancelava era o keepalive do daemon, provado por dose-resposta. Fica ABERTA a cura — o keepalive não pode escrever zero nos bytes de motor sem saber se ha um dono de fora — e fica aberto por que o cancelamento e total com dois alvos e apenas parcial com quatro.","POR QUE ESTA LINHA EXISTE: a seção 5 do índice `2026-08-10-INDICE-o-mapa-que-vira-portao.md` registra um defeito medido — um controle NO CABO matava a saída do controle NO BT, porque o laço de `sendReport` saturava o controlador USB e o adaptador de rádio vive no mesmo controlador. Um mapa com grão (controle x feature x transporte) é CEGO a isso por construção. Sem esta família o mapa nasce com ponto morto exatamente onde ela mais usa. O rumble é a saída de maior taxa do produto — é ele que faz o laço de `sendReport` trabalhar. Se a saturação existe, é aqui que ela aparece primeiro, e é a única saída que a usuária sente sem olhar para a tela. COMO LER O PAR CABO/RÁDIO NESTA FAMÍLIA: aqui ele diz ONDE ESTE CONTROLE ESTÁ. `cabo_*` responde pelo controle que está NO CABO com um companheiro no rádio; `radio_*` responde pelo que está NO RÁDIO com um companheiro no cabo. É assim que se enxerga qual dos dois é a vítima. As células de resposta nascem VAZIAS de propósito: `◌ ninguém respondeu` é verdade, e preencher por analogia com a linha de um controle só destruiria o valor do arquivo. Só o aparelho na mesa fecha esta linha.",combinacao.rumble_simultaneo@dualsense,
combinacao.rumble_simultaneo,pro,combinacao,Rumble em dois controles ao mesmo tempo,,,desconhecido,sem linha no v1,,,,,,,,,,,,,,,,,,,,,,,,,,,,,,,,,,,"POR QUE ESTA LINHA EXISTE: a seção 5 do índice `2026-08-10-INDICE-o-mapa-que-vira-portao.md` registra um defeito medido — um controle NO CABO matava a saída do controle NO BT, porque o laço de `sendReport` saturava o controlador USB e o adaptador de rádio vive no mesmo controlador. Um mapa com grão (controle x feature x transporte) é CEGO a isso por construção. Sem esta família o mapa nasce com ponto morto exatamente onde ela mais usa. O rumble é a saída de maior taxa do produto — é ele que faz o laço de `sendReport` trabalhar. Se a saturação existe, é aqui que ela aparece primeiro, e é a única saída que a usuária sente sem olhar para a tela. COMO LER O PAR CABO/RÁDIO NESTA FAMÍLIA: aqui ele diz ONDE ESTE CONTROLE ESTÁ. `cabo_*` responde pelo controle que está NO CABO com um companheiro no rádio; `radio_*` responde pelo que está NO RÁDIO com um companheiro no cabo. É assim que se enxerga qual dos dois é a vítima. As células de resposta nascem VAZIAS de propósito: `◌ ninguém respondeu` é verdade, e preencher por analogia com a linha de um controle só destruiria o valor do arquivo. Só o aparelho na mesa fecha esta linha.",combinacao.rumble_simultaneo@pro,
combinacao.rumble_simultaneo,sn30,combinacao,Rumble em dois controles ao mesmo tempo,,,desconhecido,sem linha no v1,,,,,,,,,,,,,,,,,,,,,,,,,,,,,,,,,,,"POR QUE ESTA LINHA EXISTE: a seção 5 do índice `2026-08-10-INDICE-o-mapa-que-vira-portao.md` registra um defeito medido — um controle NO CABO matava a saída do controle NO BT, porque o laço de `sendReport` saturava o controlador USB e o adaptador de rádio vive no mesmo controlador. Um mapa com grão (controle x feature x transporte) é CEGO a isso por construção. Sem esta família o mapa nasce com ponto morto exatamente onde ela mais usa. O rumble é a saída de maior taxa do produto — é ele que faz o laço de `sendReport` trabalhar. Se a saturação existe, é aqui que ela aparece primeiro, e é a única saída que a usuária sente sem olhar para a tela. COMO LER O PAR CABO/RÁDIO NESTA FAMÍLIA: aqui ele diz ONDE ESTE CONTROLE ESTÁ. `cabo_*` responde pelo controle que está NO CABO com um companheiro no rádio; `radio_*` responde pelo que está NO RÁDIO com um companheiro no cabo. É assim que se enxerga qual dos dois é a vítima. As células de resposta nascem VAZIAS de propósito: `◌ ninguém respondeu` é verdade, e preencher por analogia com a linha de um controle só destruiria o valor do arquivo. Só o aparelho na mesa fecha esta linha.",combinacao.rumble_simultaneo@sn30,
combinacao.slot_jogador.estabilidade,dualsense,combinacao,O número de jogador se mantém quando outro controle entra ou sai?,,,desconhecido,sem linha no v1,,,parcial,,,,,,,,,,medido,,"o numero NAO se mantem: com a queda de um controle do cabo o daemon renumerou (event29 P4->P3) e devolveu (P3->P4) quando ele voltou. Reversivel e simetrico (olho-dela, 12/08 22:00)",,,,,,,,,,,,,,,2026-08-12,aparelho,,,,"POR QUE ESTA LINHA EXISTE: a seção 5 do índice `2026-08-10-INDICE-o-mapa-que-vira-portao.md` registra um defeito medido — um controle NO CABO matava a saída do controle NO BT, porque o laço de `sendReport` saturava o controlador USB e o adaptador de rádio vive no mesmo controlador. Um mapa com grão (controle x feature x transporte) é CEGO a isso por construção. Sem esta família o mapa nasce com ponto morto exatamente onde ela mais usa. O slot é chaveado pelo MAC e não pelo transporte (`src/hefesto_dualsense4unix/daemon/subsystems/identity.py:543`), o que em tese torna a resposta `sim`. Em tese: a casa já teve `JOGADOR-3-FANTASMA-01` e `PARTIDA-PICOTADA-01`, que são exatamente este defeito acontecendo. A linha fica muda até alguém medir com dois controles de verdade. COMO LER O PAR CABO/RÁDIO NESTA FAMÍLIA: aqui ele diz ONDE ESTE CONTROLE ESTÁ. `cabo_*` responde pelo controle que está NO CABO com um companheiro no rádio; `radio_*` responde pelo que está NO RÁDIO com um companheiro no cabo. É assim que se enxerga qual dos dois é a vítima. As células de resposta nascem VAZIAS de propósito: `◌ ninguém respondeu` é verdade, e preencher por analogia com a linha de um controle só destruiria o valor do arquivo. Só o aparelho na mesa fecha esta linha.",combinacao.slot_jogador.estabilidade@dualsense,
combinacao.slot_jogador.estabilidade,pro,combinacao,O número de jogador se mantém quando outro controle entra ou sai?,,,desconhecido,sem linha no v1,,,,,,,,,,,,,,,,,,,,,,,,,,,,,,,,,,,"POR QUE ESTA LINHA EXISTE: a seção 5 do índice `2026-08-10-INDICE-o-mapa-que-vira-portao.md` registra um defeito medido — um controle NO CABO matava a saída do controle NO BT, porque o laço de `sendReport` saturava o controlador USB e o adaptador de rádio vive no mesmo controlador. Um mapa com grão (controle x feature x transporte) é CEGO a isso por construção. Sem esta família o mapa nasce com ponto morto exatamente onde ela mais usa. O slot é chaveado pelo MAC e não pelo transporte (`src/hefesto_dualsense4unix/daemon/subsystems/identity.py:543`), o que em tese torna a resposta `sim`. Em tese: a casa já teve `JOGADOR-3-FANTASMA-01` e `PARTIDA-PICOTADA-01`, que são exatamente este defeito acontecendo. A linha fica muda até alguém medir com dois controles de verdade. COMO LER O PAR CABO/RÁDIO NESTA FAMÍLIA: aqui ele diz ONDE ESTE CONTROLE ESTÁ. `cabo_*` responde pelo controle que está NO CABO com um companheiro no rádio; `radio_*` responde pelo que está NO RÁDIO com um companheiro no cabo. É assim que se enxerga qual dos dois é a vítima. As células de resposta nascem VAZIAS de propósito: `◌ ninguém respondeu` é verdade, e preencher por analogia com a linha de um controle só destruiria o valor do arquivo. Só o aparelho na mesa fecha esta linha.",combinacao.slot_jogador.estabilidade@pro,
combinacao.slot_jogador.estabilidade,sn30,combinacao,O número de jogador se mantém quando outro controle entra ou sai?,,,desconhecido,sem linha no v1,,,,,,,,,,,,,,,,,,,,,,,,,,,,,,,,,,,"POR QUE ESTA LINHA EXISTE: a seção 5 do índice `2026-08-10-INDICE-o-mapa-que-vira-portao.md` registra um defeito medido — um controle NO CABO matava a saída do controle NO BT, porque o laço de `sendReport` saturava o controlador USB e o adaptador de rádio vive no mesmo controlador. Um mapa com grão (controle x feature x transporte) é CEGO a isso por construção. Sem esta família o mapa nasce com ponto morto exatamente onde ela mais usa. O slot é chaveado pelo MAC e não pelo transporte (`src/hefesto_dualsense4unix/daemon/subsystems/identity.py:543`), o que em tese torna a resposta `sim`. Em tese: a casa já teve `JOGADOR-3-FANTASMA-01` e `PARTIDA-PICOTADA-01`, que são exatamente este defeito acontecendo. A linha fica muda até alguém medir com dois controles de verdade. COMO LER O PAR CABO/RÁDIO NESTA FAMÍLIA: aqui ele diz ONDE ESTE CONTROLE ESTÁ. `cabo_*` responde pelo controle que está NO CABO com um companheiro no rádio; `radio_*` responde pelo que está NO RÁDIO com um companheiro no cabo. É assim que se enxerga qual dos dois é a vítima. As células de resposta nascem VAZIAS de propósito: `◌ ninguém respondeu` é verdade, e preencher por analogia com a linha de um controle só destruiria o valor do arquivo. Só o aparelho na mesa fecha esta linha.",combinacao.slot_jogador.estabilidade@sn30,
combinacao.tres_na_mesa,dualsense,combinacao,TRÊS controles ao mesmo tempo (o caso de co-op dela),,,desconhecido,sem linha no v1,,,,,,,,,,,,,,,,,,,,,,,,,,,,,,,,,,,"POR QUE ESTA LINHA EXISTE: a seção 5 do índice `2026-08-10-INDICE-o-mapa-que-vira-portao.md` registra um defeito medido — um controle NO CABO matava a saída do controle NO BT, porque o laço de `sendReport` saturava o controlador USB e o adaptador de rádio vive no mesmo controlador. Um mapa com grão (controle x feature x transporte) é CEGO a isso por construção. Sem esta família o mapa nasce com ponto morto exatamente onde ela mais usa. Não é hipótese: é como ela joga. E há um agravante já conhecido — o Steam Input faz um espelho Xbox de CADA controle que vê, inclusive do vpad do Hefesto, então três controles na mesa podem virar seis nós para o jogo. Esta linha existe para que o custo disso seja medido em vez de descoberto no meio de uma partida. COMO LER O PAR CABO/RÁDIO NESTA FAMÍLIA: aqui ele diz ONDE ESTE CONTROLE ESTÁ. `cabo_*` responde pelo controle que está NO CABO com um companheiro no rádio; `radio_*` responde pelo que está NO RÁDIO com um companheiro no cabo. É assim que se enxerga qual dos dois é a vítima. As células de resposta nascem VAZIAS de propósito: `◌ ninguém respondeu` é verdade, e preencher por analogia com a linha de um controle só destruiria o valor do arquivo. Só o aparelho na mesa fecha esta linha.",combinacao.tres_na_mesa@dualsense,
combinacao.tres_na_mesa,pro,combinacao,TRÊS controles ao mesmo tempo (o caso de co-op dela),,,desconhecido,sem linha no v1,,,,,,,,,,,,,,,,,,,,,,,,,,,,,,,,,,,"POR QUE ESTA LINHA EXISTE: a seção 5 do índice `2026-08-10-INDICE-o-mapa-que-vira-portao.md` registra um defeito medido — um controle NO CABO matava a saída do controle NO BT, porque o laço de `sendReport` saturava o controlador USB e o adaptador de rádio vive no mesmo controlador. Um mapa com grão (controle x feature x transporte) é CEGO a isso por construção. Sem esta família o mapa nasce com ponto morto exatamente onde ela mais usa. Não é hipótese: é como ela joga. E há um agravante já conhecido — o Steam Input faz um espelho Xbox de CADA controle que vê, inclusive do vpad do Hefesto, então três controles na mesa podem virar seis nós para o jogo. Esta linha existe para que o custo disso seja medido em vez de descoberto no meio de uma partida. COMO LER O PAR CABO/RÁDIO NESTA FAMÍLIA: aqui ele diz ONDE ESTE CONTROLE ESTÁ. `cabo_*` responde pelo controle que está NO CABO com um companheiro no rádio; `radio_*` responde pelo que está NO RÁDIO com um companheiro no cabo. É assim que se enxerga qual dos dois é a vítima. As células de resposta nascem VAZIAS de propósito: `◌ ninguém respondeu` é verdade, e preencher por analogia com a linha de um controle só destruiria o valor do arquivo. Só o aparelho na mesa fecha esta linha.",combinacao.tres_na_mesa@pro,
combinacao.tres_na_mesa,sn30,combinacao,TRÊS controles ao mesmo tempo (o caso de co-op dela),,,desconhecido,sem linha no v1,,,,,,,,,,,,,,,,,,,,,,,,,,,,,,,,,,,"POR QUE ESTA LINHA EXISTE: a seção 5 do índice `2026-08-10-INDICE-o-mapa-que-vira-portao.md` registra um defeito medido — um controle NO CABO matava a saída do controle NO BT, porque o laço de `sendReport` saturava o controlador USB e o adaptador de rádio vive no mesmo controlador. Um mapa com grão (controle x feature x transporte) é CEGO a isso por construção. Sem esta família o mapa nasce com ponto morto exatamente onde ela mais usa. Não é hipótese: é como ela joga. E há um agravante já conhecido — o Steam Input faz um espelho Xbox de CADA controle que vê, inclusive do vpad do Hefesto, então três controles na mesa podem virar seis nós para o jogo. Esta linha existe para que o custo disso seja medido em vez de descoberto no meio de uma partida. COMO LER O PAR CABO/RÁDIO NESTA FAMÍLIA: aqui ele diz ONDE ESTE CONTROLE ESTÁ. `cabo_*` responde pelo controle que está NO CABO com um companheiro no rádio; `radio_*` responde pelo que está NO RÁDIO com um companheiro no cabo. É assim que se enxerga qual dos dois é a vítima. As células de resposta nascem VAZIAS de propósito: `◌ ninguém respondeu` é verdade, e preencher por analogia com a linha de um controle só destruiria o valor do arquivo. Só o aparelho na mesa fecha esta linha.",combinacao.tres_na_mesa@sn30,
energia.bateria.degraus,dualsense,energia,Bateria — nível em cinco degraus,feat-bateria,,parcial,sem linha no v1,parcial,parcial,sim,sim,hidraw,hidraw,0x01 (entrada),0x31 (entrada),BATTERY_STATUS_OFFSET = 52 sobre base 1 = report[53],"o MESMO offset 52, sobre base 2 = report[55]; o report só é aceito com o CRC-32 conferido",o nibble baixo do byte de status vira porcentagem em `decodificar_bateria`; o nibble alto diz se está carregando,"idêntico ao cabo — o único portão de transporte é o `_struct_base`, que muda o offset e exige o CRC",inferido-do-codigo,inferido-do-codigo,,,"src/hefesto_dualsense4unix/core/physical_report_reader.py:156, :285, :392","src/hefesto_dualsense4unix/core/physical_report_reader.py:285, :302, :392","NÃO SÃO CINCO DEGRAUS. O código diz, com todas as letras, que são ONZE níveis (5, 15, ..., 95, 100) num nibble — o rótulo desta chave veio do vocabulário dos controles externos e não descreve o DualSense.",mesma decodificação de onze níveis,"o `parcial` é por causa do rótulo, não do aparelho: o degrau existe e é lido; o que não existe é a divisão em CINCO.",,,,,,tests/unit/test_o_som_e_a_bateria_que_faltavam_no_jogo.py::TestAEscalaDaBateria::test_a_ida_e_a_volta_sao_o_mesmo_byte,"OS DOIS: é este teste que fossiliza que são ONZE degraus (5, 15, ..., 95, 100) e não cinco. Reduzir a escala a cinco reprova.",,,,,,,"o v1 não tem linha desta chave para este controle; a peça existe, mas ninguém mediu ESTE aspecto — herdar das irmãs seria afirmar prova que não houve · irmãs: `energia.bateria.jogo`, `energia.bateria.leitura_hefesto`, `energia.bateria.percentual` · 11/08: auditoria de código respondeu os dois lados, e corrigiu o número de degraus de 5 para 11",energia.bateria.degraus@dualsense,
energia.bateria.degraus,pro,energia,Bateria — nível em cinco degraus,feat-bateria,,parcial,cabo+rádio,parcial,parcial,não,não,sysfs,sysfs,entrada 0x30,entrada 0x30,"bat_con: bit 0 = alimentado pelo host, bit 4 = carregando, `>> 5` = nível (0 vazio, 1 baixo, 2 médio, 3 alto, 4 cheio)",bat_con >> 5,byte `bat_con` do relatório 0x30 → `/sys/class/power_supply/nintendo_switch_controller_battery_<inst>/capacity_level` + `status` + `present` + `scope`,idêntico ao cabo — o `bat_con` vem no mesmo relatório 0x30,medido,medido,nó `nintendo_switch_controller_battery_0005:057E:2009.0017` existe e não tem arquivo `capacity` (MEDIDO 07/08),"concorda com dekuNukem (""8=full, 6=medium, 4=low, 2=critical, 0=empty. LSB=Charging"" — o nibble dele são os bits altos daqui): duas fontes independentes","assets/dkms/hid-nintendo/hid-nintendo.c:1843-1878, :2611-2659; src/hefesto_dualsense4unix/daemon/battery_journal.py:91",assets/dkms/hid-nintendo/hid-nintendo.c:2638-2646,"O arquivo `capacity` NÃO EXISTE: o vetor tem QUATRO propriedades — PRESENT, CAPACITY_LEVEL, SCOPE, STATUS — e percentual não é uma delas. E o Hefesto não lê bateria de externo em caminho nenhum (grep por `power_supply`/`capacity` em src/ só acha o `battery_journal`, que aponta para `ps-controller-battery-*`, do DualSense).","`status` só vira `Full` quando a capacidade é `Full` E há alimentação externa — ou seja, por rádio ele nunca dirá `Full`, dirá `Discharging` com `capacity_level=Full`.","É BOM que o Hefesto não leia: um amostrador ingênuo gravaria AUSENTE a noite inteira no Pro e ""100% cheia"" no 8BitDo (valor de inicialização). As duas réguas são INCOMPARÁVEIS — cinco degraus contra percentual.",,,,Bateria — nível em CINCO DEGRAUS (não há percentual),Bateria — nível em CINCO DEGRAUS (não há percentual),,,,,,,,,,energia.bateria.degraus@pro,pro.bateria_n_vel_em_cinco_degraus_n_o_h_percent.usb | pro.bateria_n_vel_em_cinco_degraus_n_o_h_percent.bluetooth
energia.bateria.degraus,sn30,energia,Bateria — nível em cinco degraus,feat-bateria,,tem,cabo+rádio,sim,sim,não,não,sysfs,sysfs,entrada 0x30,entrada 0x30,"bat_con: bit0 = alimentado pelo host, bit4 = carregando, >>5 = nível",,`cat /sys/class/power_supply/nintendo_switch_controller_battery_<inst>/capacity_level` → Critical|Low|Normal|High|Full. Origem: nibble alto (>>5) do byte `bat_con` do relatório 0x30,mesmo nó `power_supply` e mesmo byte `bat_con` do 0x30 — só existe enquanto houver relatório de entrada chegando,inferido-do-codigo,inferido-do-codigo,,,"assets/dkms/hid-nintendo/hid-nintendo.c:1843-1878, :2654-2680",assets/dkms/hid-nintendo/hid-nintendo.c:1843-1878,"As propriedades são só PRESENT, CAPACITY_LEVEL, SCOPE e STATUS — `capacity` NÃO existe. Um amostrador que leia `capacity` grava AUSENTE a noite inteira.","Se o controle vira zumbi (link de pé, sem relatório), o valor congela no último lido.",No cabo o `status` tende a Charging/Full por `host_powered`.,,,,Bateria — nível em CINCO degraus,Bateria — nível em CINCO degraus,,,,,,,,,,energia.bateria.degraus@sn30,sn30.bateria_n_vel_em_cinco_degraus.usb | sn30.bateria_n_vel_em_cinco_degraus.bluetooth
energia.bateria.jogo,dualsense,energia,Bateria — espelho ao jogo (vpad),feat-bateria,,tem,ambos,sim,sim,sim,sim,uhid,uhid,0x01 (no vpad),0x01 (no vpad),payload[52],payload[52],"`PhysicalReportReader` → `vpad.forward_battery`, que escreve o byte 52 do report do vpad. Sem dado, manda 0x1F (""cheio e carregando"").","`PhysicalReportReader` → `vpad.forward_battery`, que escreve o byte 52 do report do vpad. Sem dado, manda 0x1F (""cheio e carregando"").",medido,medido,"`forward_battery` existia desde 15/07 (69951a7) com ZERO chamadores em src/ — 25 dias anunciando ""5% descarregando"" para sempre. Chamador fiado em 09/08.","`forward_battery` existia desde 15/07 (69951a7) com ZERO chamadores em src/ — 25 dias anunciando ""5% descarregando"" para sempre. Chamador fiado em 09/08.","core/physical_report_reader.py:151-171, :899","core/physical_report_reader.py:151-171, :899","O default 0x1F é deliberado: zerado, o vpad anunciaria 5% descarregando eternamente.","O default 0x1F é deliberado: zerado, o vpad anunciaria 5% descarregando eternamente.","Caso exemplar do padrão ""a casa sabe e o produto não faz"".","Caso exemplar do padrão ""a casa sabe e o produto não faz"".",MONTOU,MONTOU,Bateria — espelho ao JOGO (vpad),Bateria — espelho ao JOGO (vpad),tests/unit/test_o_som_e_a_bateria_que_faltavam_no_jogo.py::TestABateriaChegaAoJogo::test_a_carga_do_fisico_atravessa_ate_o_report_do_jogo,CABO: a carga do físico tem de atravessar leitor -> vpad e aparecer no byte 52 do report escrito no `/dev/uhid`. O fluxo usa o report USB; o rádio não é exercido.,,,,,,,,energia.bateria.jogo@dualsense,dualsense.bateria_espelho_ao_jogo_vpad.ambos
energia.bateria.jogo,pro,energia,Bateria — espelho ao jogo (vpad),feat-bateria,,desconhecido,sem linha no v1,,,,,,,,,,,,,,,,,,,,,,,,,,,,,,,,,,,"o v1 não tem linha desta chave para este controle; a peça existe, mas ninguém mediu ESTE aspecto — herdar das irmãs seria afirmar prova que não houve · irmãs: `energia.bateria.degraus`",energia.bateria.jogo@pro,
energia.bateria.jogo,sn30,energia,Bateria — espelho ao jogo (vpad),feat-bateria,,desconhecido,sem linha no v1,,,,,,,,,,,,,,,,,,,,,,,,,,,,,,,,,,,"o v1 não tem linha desta chave para este controle; a peça existe, mas ninguém mediu ESTE aspecto — herdar das irmãs seria afirmar prova que não houve · irmãs: `energia.bateria.degraus`, `energia.bateria.leitura_hefesto`, `energia.bateria.percentual`",energia.bateria.jogo@sn30,
energia.bateria.leitura_hefesto,dualsense,energia,Bateria — leitura pelo Hefesto,feat-bateria,,tem,sem linha no v1,sim,sim,sim,sim,hidraw,hidraw,,,,,`_read_battery_opt` lê `ds.battery.Level` da pydualsense e alimenta a GUI e o estado do daemon,a MESMA chamada — o índice do byte de bateria é o mesmo em USB e BT porque a pydualsense normaliza o envelope do 0x31,inferido-do-codigo,inferido-do-codigo,,,"src/hefesto_dualsense4unix/core/backend_pydualsense.py:613, :2022, :3745","src/hefesto_dualsense4unix/core/backend_pydualsense.py:613, :2022, :3745","São TRÊS fontes de bateria na árvore: a pydualsense (esta), o nó `power_supply` do sysfs (`daemon/battery_journal.py:157`) e o report cru lido pelo espelho de motion (`core/physical_report_reader.py:879`).",mesmas três fontes,"É a fonte do SYSFS que diverge, não esta: `daemon/battery_journal.py:162-163` declara que o nó pode não existir para CONTROLE POR USB em algumas versões do driver, e ali a leitura devolve `(None, None)`. Quem depender do sysfs no cabo pode não ter resposta.",,,,,,tests/unit/test_o_som_e_a_bateria_que_faltavam_no_jogo.py::TestAEscalaDaBateria::test_a_ida_e_a_volta_sao_o_mesmo_byte,"OS DOIS, e só da ESCALA: a ida e a volta do byte 52. A leitura pela pydualsense (`_read_battery_opt`) e a do sysfs (`battery_journal`) ficam sem mordida.",,,,,,,"o v1 não tem linha desta chave para este controle; a resposta mora em `energia.bateria.percentual` — `existe` foi herdado de lá · irmãs: `energia.bateria.jogo`, `energia.bateria.percentual` · 11/08: respondido por auditoria de código",energia.bateria.leitura_hefesto@dualsense,
energia.bateria.leitura_hefesto,pro,energia,Bateria — leitura pelo Hefesto,feat-bateria,,parcial,sem linha no v1,,,,,,,,,,,,,,,,,,,,,,,,,,,,,,,,,,,o v1 não tem linha desta chave para este controle; a resposta mora em `energia.bateria.degraus` — `existe` foi herdado de lá · irmãs: `energia.bateria.degraus`,energia.bateria.leitura_hefesto@pro,
energia.bateria.leitura_hefesto,sn30,energia,Bateria — leitura pelo Hefesto,feat-bateria,,tem,ambos,sim,sim,não,não,sysfs,sysfs,,,,,não há: o diário de bateria lê apenas `/sys/class/power_supply/ps-controller-battery-<mac>/` (prefixo do hid-playstation),não há: o diário de bateria lê apenas `/sys/class/power_supply/ps-controller-battery-<mac>/` (prefixo do hid-playstation),inferido-do-codigo,inferido-do-codigo,,,src/hefesto_dualsense4unix/daemon/battery_journal.py:89-93,src/hefesto_dualsense4unix/daemon/battery_journal.py:89-93,A canônica dos externos registra que é BOM que não leia: leria AUSENTE no caminho Nintendo e 100% mentiroso no caminho DS4.,A canônica dos externos registra que é BOM que não leia: leria AUSENTE no caminho Nintendo e 100% mentiroso no caminho DS4.,,,,,Bateria lida pelo Hefesto,Bateria lida pelo Hefesto,,,,,,,,,,energia.bateria.leitura_hefesto@sn30,sn30.bateria_lida_pelo_hefesto.ambos
energia.bateria.percentual,dualsense,energia,Bateria — percentual e estado de carga,feat-bateria,,tem,cabo+rádio,sim,sim,sim,sim,sysfs,sysfs,0x01 (para a rota 3),0x31,payload[52] = report[53],payload[52] = report[54],"TRÊS leituras independentes: (1) `ds.battery.Level` do handle da pydualsense; (2) /sys/class/power_supply/ps-controller-battery-<mac>/capacity + status, lido pelo diário a cada 30 s; (3) payload[52] do report cru — nibble baixo = nível (nibble*10+5), nibble alto = estado de carga. CLI `hefesto battery`.","idem, com payload[52] = report[54] no 0x31 (sob o portão de CRC).",medido,inferido-do-codigo,"O diário declara as DUAS réguas na MESMA linha (pct_kernel e pct_handle): se discordarem em mais de um degrau, o resultado é sobre o INSTRUMENTO, não sobre a bateria.",,core/backend_pydualsense.py:3647-3675; daemon/battery_journal.py:91-94; core/physical_report_reader.py:156-172,"core/physical_report_reader.py:156-172, :899","Decodificação: 0x0 descarregando, 0x1 carregando, 0x2 cheio (vira 100% carregando), 0xa/0xb/0xf desconhecido.",,"A §6 da canônica lista o byte 52 só como `ucBatteryLevel` e NÃO menciona o nibble ALTO de estado de carga, que o kernel nomeia e o código decodifica em cinco casos.",,MONTOU,MONTOU,Bateria — percentual e estado de carga,Bateria — percentual e estado de carga,tests/unit/test_o_som_e_a_bateria_que_faltavam_no_jogo.py::TestAEscalaDaBateria::test_a_ida_e_a_volta_sao_o_mesmo_byte,OS DOIS: os onze níveis vezes os dois estados de carga têm de fazer byte 52 -> porcentagem -> byte 52 idêntico. Os extratores por transporte estão em `::TestExtrairABateriaDoReportCru`.,,,,,,,,energia.bateria.percentual@dualsense,dualsense.bateria_percentual_e_estado_de_carga.usb | dualsense.bateria_percentual_e_estado_de_carga.bluetooth
energia.bateria.percentual,pro,energia,Bateria — percentual e estado de carga,feat-bateria,,desconhecido,sem linha no v1,,,,,,,,,,,,,,,,,,,,,,,,,,,,,,,,,,,"o v1 não tem linha desta chave para este controle; a peça existe, mas ninguém mediu ESTE aspecto — herdar das irmãs seria afirmar prova que não houve · irmãs: `energia.bateria.degraus`",energia.bateria.percentual@pro,
energia.bateria.percentual,sn30,energia,Bateria — percentual e estado de carga,feat-bateria,,nao-tem,nenhum,não,não,não,não,sysfs,sysfs,,,,,não existe: `POWER_SUPPLY_PROP_CAPACITY` não está no vetor de propriedades do driver,não existe: `POWER_SUPPLY_PROP_CAPACITY` não está no vetor de propriedades do driver,inferido-do-codigo,inferido-do-codigo,,,assets/dkms/hid-nintendo/hid-nintendo.c:2654-2659,assets/dkms/hid-nintendo/hid-nintendo.c:2654-2659,,,Régua INCOMPARÁVEL com a do DualSense/DS4 (percentual). Não somar nem comparar as duas.,Régua INCOMPARÁVEL com a do DualSense/DS4 (percentual). Não somar nem comparar as duas.,,,Bateria — PORCENTAGEM,Bateria — PORCENTAGEM,,,,,,,,,,energia.bateria.percentual@sn30,sn30.bateria_porcentagem.nenhum
energia.desligar,dualsense,energia,Desligar o controle por software,,,desconhecido,ambos,desconhecido,desconhecido,não,não,outro,outro,—,—,—,—,"NÃO LOCALIZADO (14/08/2026). (a) DESCARTADO: o `hid-playstation` não expõe subcomando de power-off nem de pareamento no caminho do DualSense, e o único byte de energia que este projeto toca é o common[9] (power_save_control). (b) NÃO TENTADO: varrer a faixa de feature reports do aparelho — o driver lê só 0x05 calibração, 0x09 pareamento e 0x20 firmware (assets/dkms/hid-playstation/hid-playstation.c:149-154) uma vez na probe e nunca mais — e os degraus altos da escada de OUTPUT por rádio. (c) O PS5 desliga este controle por software, logo o comando existe no firmware; o que falta é o mapeamento dele.","NÃO LOCALIZADO (14/08/2026). (a) DESCARTADO: o `hid-playstation` não expõe subcomando de power-off nem de pareamento no caminho do DualSense, e o único byte de energia que este projeto toca é o common[9] (power_save_control). (b) NÃO TENTADO: varrer a faixa de feature reports do aparelho — o driver lê só 0x05 calibração, 0x09 pareamento e 0x20 firmware (assets/dkms/hid-playstation/hid-playstation.c:149-154) uma vez na probe e nunca mais — e os degraus altos da escada de OUTPUT por rádio. (c) O PS5 desliga este controle por software, logo o comando existe no firmware; o que falta é o mapeamento dele.",inferido-do-codigo,inferido-do-codigo,"O único byte de energia que este projeto toca é common[9] (power_save_control), e só pelo bit4 de mudo do microfone.","O único byte de energia que este projeto toca é common[9] (power_save_control), e só pelo bit4 de mudo do microfone.",,,"Importa porque o latch da lightbar por BT só é desfeito pelo POWER-OFF, e hoje só sabemos provocá-lo com o dedo. CORRIGIDO em 14/08/2026: ""não há como provocá-lo por software"" era conclusão tirada de busca sem achado. O PS5 desliga este mesmo controle por software — o caminho existe, e é o nosso conhecimento dele que falta.","Importa porque o latch da lightbar por BT só é desfeito pelo POWER-OFF, e hoje só sabemos provocá-lo com o dedo. CORRIGIDO em 14/08/2026: ""não há como provocá-lo por software"" era conclusão tirada de busca sem achado. O PS5 desliga este mesmo controle por software — o caminho existe, e é o nosso conhecimento dele que falta.",,,,,Desligar o controle / gerir energia por software,Desligar o controle / gerir energia por software,,,,,,,,,"14/08/2026: LEI 1 — ""não há como provocá-lo por software"" e ""não há subcomando de power-off"" viraram ""NÃO LOCALIZADO"", com o que foi descartado, o que não foi tentado e a data. O PS5 desliga este controle por software, então o comando existe no firmware.",energia.desligar@dualsense,dualsense.desligar_o_controle_gerir_energia_por_softwa.ambos
energia.desligar,pro,energia,Desligar o controle por software,,,tem,cabo+rádio,sim,sim,não,não,hidraw,hidraw,saída 0x01 (subcmd 0x06),saída 0x01 (subcmd 0x06),,JC_SUBCMD_SET_HCI_STATE = 0x06,"mesma constante 0x06, mesmo report de saída 0x01 — igualmente nunca emitida pelo Linux","subcomando 0x06 — `00` desconectar/dormir, `01` reiniciar, `02` reiniciar em modo de pareamento. O LINUX NUNCA O MANDA.",inferido-do-codigo,inferido-do-codigo,,a constante existe em :133 e nenhum dos sete `subcmd_id = JC_SUBCMD` a usa,assets/dkms/hid-nintendo/hid-nintendo.c:133,"assets/dkms/hid-nintendo/hid-nintendo.c:133 versus :1226,:1240,:1265,:1549,:1562,:1575,:2704","Por cabo a semântica de ""desligar"" é discutível (o controle está alimentado), mas o subcomando não tem porteiro de bus.","É a ÚNICA alavanca real de ""desligar o Pro"" que existe. Se ela algum dia pedir ""desligar o controle pelo aplicativo"", é por aqui — e é código a escrever, não a ligar.",,"O firmware NÃO tem timer de ociosidade num host que não seja o Switch: ele fica em `sleep` e drena a bateria em uma ou duas semanas. GRAU MÉDIA — fonte única de comunidade, coerente com o medido aqui (20h33m de pé sem cair), o que não é confirmação.",,,Desligar o controle (SET_HCI_STATE),Desligar o controle (SET_HCI_STATE),,,,,,,,,família no v1: plataforma,energia.desligar@pro,pro.desligar_o_controle_set_hci_state.bluetooth | pro.desligar_o_controle_set_hci_state.usb
energia.desligar,sn30,energia,Desligar o controle por software,,,tem,ambos,sim,sim,não,não,hidraw,hidraw,"saída 0x01, subcmd 0x01/0x06/0x07/0x08","saída 0x01, subcmd 0x01/0x06/0x07/0x08",,,"subcomandos definidos e NUNCA emitidos: 0x01 MANUAL_BT_PAIRING, 0x06 SET_HCI_STATE, 0x07 RESET_PAIRING_INFO, 0x08 LOW_POWER_MODE. Só por hidraw cru","subcomandos definidos e NUNCA emitidos: 0x01 MANUAL_BT_PAIRING, 0x06 SET_HCI_STATE, 0x07 RESET_PAIRING_INFO, 0x08 LOW_POWER_MODE. Só por hidraw cru",inferido-do-codigo,inferido-do-codigo,,,assets/dkms/hid-nintendo/hid-nintendo.c:128-135 (os sete construtores de subcomando não incluem nenhum deles),assets/dkms/hid-nintendo/hid-nintendo.c:128-135 (os sete construtores de subcomando não incluem nenhum deles),"Consequência: o Linux nunca desliga este controle nem mexe no pareamento dele. Se há timer de ociosidade, não vem do driver.","Consequência: o Linux nunca desliga este controle nem mexe no pareamento dele. Se há timer de ociosidade, não vem do driver.",,,,,Desligar o controle / modo de baixo consumo / re-pareamento por subcomando,Desligar o controle / modo de baixo consumo / re-pareamento por subcomando,,,,,,,,,família no v1: identidade,energia.desligar@sn30,sn30.desligar_o_controle_modo_de_baixo_consumo_re.ambos
entrada.botoes,dualsense,entrada,"Botões digitais (A/B/X/Y, L/R, ZL/ZR, −, +, Home, Captura, L3/R3) + D-pad",dpad_up dpad_down dpad_left dpad_right,,tem,sem linha no v1,sim,sim,sim,sim,evdev,evdev,,,,,`BUTTON_MAP` traduz os códigos EV_KEY do nó de evdev; o D-pad chega como `ABS_HAT0X`/`ABS_HAT0Y` e vira quatro botões em `_refresh_dpad_buttons`,"o MESMO caminho, sem gate de transporte",inferido-do-codigo,medido,,"15/08/2026: A CORRESPONDÊNCIA vpad <-> físico ESTÁ CERTA, e agora é MEDIDA. Método: apertar o botão X em cada controle e ver qual `/dev/input/event*` emite EV_KEY code 304 value 1. Resultado, com os quatro por Bluetooth — 44:46:48:00:00:03 -> vpad Hefesto P1; d4:2f:4b:00:00:d8 -> P2; 14:3a:9a:00:00:ab -> P3 (confirmado isoladamente, 4 eventos); a0:fa:9c:00:00:f0 -> P4. O caminho do input está certo de ponta a ponta. MEDIDO em 15/08/2026: os nós evdev FÍSICOS ficam MUDOS para leitor externo — em dois ensaios, evento nenhum saiu dos quatro MACs físicos, só dos vpads. É comportamento CORRETO e deliberado (o co-op faz EVIOCGRAB no físico; é assim que o Hefesto esconde o controle do jogo), mas nunca tinha sido medido, e explica por que instrumento ingênuo que abre o evdev físico mede ZERO e conclui que o caminho está quebrado.","src/hefesto_dualsense4unix/core/evdev_reader.py:1069, :1329, :1381","src/hefesto_dualsense4unix/core/evdev_reader.py:1069, :1329, :1381",O caminho é evdev e é agnóstico de transporte — o bustype só vira RÓTULO (`core/evdev_reader.py:340`). O `physical_report_reader` não lê botão nenhum por hidraw; o único bit de botão que ele extrai é o clique do touchpad.,idem,,"BURACO DE OBSERVABILIDADE ABERTO, medido em 15/08/2026: a correspondência só pôde ser medida APERTANDO BOTÃO, e isso não é um detalhe de método — é a única via que existe. O `state_full` NÃO publica qual vpad corresponde a qual MAC: o campo `coop.players` é um NÚMERO (4), não uma lista. Então a pergunta ""o vpad e o controle físico correspondem?"" NÃO pode ser respondida por leitura, só apertando botão em cada controle e olhando qual `event*` emite — foi exatamente isso que esta medição teve de fazer. Some-se a isso que o evdev físico fica mudo para leitor externo (EVIOCGRAB do co-op, comportamento correto) e instrumento ingênuo mede ZERO e conclui errado. A cura — publicar a lista MAC -> vpad no `state_full` — não foi escrita, e src/ é de outro agente nesta leva.",,,,,tests/unit/test_evdev_reader.py::test_reader_start_com_device_fake,"OS DOIS (evdev): BTN_SOUTH tem de virar ""cross"". Cobre o mapeamento de botão; o D-pad por ABS_HAT0X/Y não é exercido.",,2026-08-15,aparelho,180,Assimetria de EVIDÊNCIA (15/08/2026): o caminho é evdev e é agnóstico de transporte — o bustype só vira rótulo. O rádio subiu para `medido` porque a correspondência vpad <-> físico foi medida nos quatro controles por Bluetooth; o cabo continua `inferido-do-codigo` porque nenhum dos quatro esteve no fio neste dia.,,"o v1 não tem linha desta chave para este controle; a resposta mora em `entrada.bruta` — `existe` foi herdado de lá · 11/08: respondido por auditoria de código · 15/08/2026: MOTIVO — a correspondência vpad <-> físico foi MEDIDA nos quatro controles (botão X, EV_KEY 304), e o silêncio do evdev físico para leitor externo (EVIOCGRAB do co-op) foi medido junto, em dois ensaios. `radio_confianca` subiu de `inferido-do-codigo` para `medido`; o `teste_que_morde` já estava preenchido e não mudou. O buraco de observabilidade que a medição escancarou ficou em `radio_ressalva`, e NÃO em `estado_hoje`, de propósito: `estado_hoje` é `SelectboxColumn` na bancada, e `tests/unit/test_bancada_nomeia_coluna_que_o_csv_nao_tem.py` reprova valor que não esteja transcrito no `ESTADOS` de bancada.py — a regra da casa é a lista se ajustar ao dado, mas bancada.py está fora do escopo desta leva. Se ela quiser o buraco em `estado_hoje`, é uma transcrição em bancada.py e a mudança de coluna aqui.",entrada.botoes@dualsense,
entrada.botoes,pro,entrada,"Botões digitais (A/B/X/Y, L/R, ZL/ZR, −, +, Home, Captura, L3/R3) + D-pad",dpad dpad_up dpad_down dpad_left dpad_right,ABS_HAT0X/ABS_HAT0Y ABS_HAT0Y- ABS_HAT0Y+ ABS_HAT0X- ABS_HAT0X+,tem,cabo+rádio,sim,sim,sim,sim,evdev,evdev,0x30 (entrada),0x30 (entrada),"JC_BTN_* = BIT(0..23): Y=0, X=1, B=2, A=3, R=6, ZR=7, MINUS=8, PLUS=9, RSTICK=10, LSTICK=11, HOME=12, CAP=13, DOWN=16, UP=17, RIGHT=18, LEFT=19, L=22, ZL=23",mesmos JC_BTN_* do cabo,"report de ENTRADA 0x30 (49 B no fio: 1 de ID + 48 de corpo), bitmap de 24 bits em `btns`; o kernel publica no nó evdev `Pro Controller`","IDÊNTICO ao cabo — report de ENTRADA 0x30, mesmo envelope, SEM CRC. O Bluetooth não muda o report do Pro (o oposto do DualSense).",inferido-do-codigo,medido,procon_button_mappings no driver; joycon_config_dpad; coop.py cria _SecondaryPlayer com evdev_path,"docs/protocol/externos-referencia-canonica.md §3.3, grau MEDIDO AQUI (07/08/2026)","assets/dkms/hid-nintendo/hid-nintendo.c:418-439, :496-509, :2440-2455; src/hefesto_dualsense4unix/core/evdev_reader.py:1069-1083","assets/dkms/hid-nintendo/hid-nintendo.c:867-881 (__joycon_hid_send, sem CRC nenhum)",O Hefesto NÃO adota o Pro no backend (o PyDualSenseController só abre VID/PID de DualSense). Mas o `GamepadReader` do co-op abre o nó evdev dele e lê botões/dpad para alimentar o vpad do jogador secundário.,"MEDIDO: 536 relatórios em 6,0 s, TODOS 0x30, TODOS de 49 bytes. Nada de 0x3F, nada de 0x21 fora de subcomando.","O report 0x3F (""botões simples"" de HID puro) é declarado no descritor e NUNCA chega: o driver pede SET_REPORT_MODE=0x30 e o Linux nunca pede outro modo.","A única diferença de conteúdo entre os barramentos é o report de SAÍDA 0x80 (comandos de USB), que só existe no cabo.",MONTOU,MONTOU,"Botões e D-pad (A/B/X/Y, L/R, ZL/ZR, −, +, Home, Capture, L3/R3)","Botões e D-pad (A/B/X/Y, L/R, ZL/ZR, −, +, Home, Capture, L3/R3)",,,,,,,,,,entrada.botoes@pro,pro.bot_es_e_d_pad_a_b_x_y_l_r_zl_zr_home_captur.usb | pro.bot_es_e_d_pad_a_b_x_y_l_r_zl_zr_home_captur.bluetooth
entrada.botoes,sn30,entrada,"Botões digitais (A/B/X/Y, L/R, ZL/ZR, −, +, Home, Captura, L3/R3) + D-pad",dpad,ABS_HAT0X/ABS_HAT0Y,tem,cabo+rádio,sim,parcial,não,não,evdev,evdev,entrada 0x30; saída 0x01 (subcmd 0x03),entrada 0x30,,,"nó evdev do gamepad: BTN_EAST/SOUTH/NORTH/WEST, BTN_TL/TR, BTN_TL2/TR2, BTN_SELECT/START, BTN_MODE, BTN_Z, BTN_THUMBL/R, ABS_HAT0X/Y. Depende do subcomando 0x03 (SET_REPORT_MODE→0x30) ter sido aceito na probe",mesmo nó evdev e mesmo report 0x30 — mas o firmware clone engasga com o protocolo de subcomando do hid-nintendo e o input morre com o link BT de pé,medido,medido,"MEDIDO 11/08/2026 no aparelho dela, pelo cabo e em modo Switch, com scripts/ver_botao.py: o botão do CORAÇÃO emite BTN_MODE (code 316, home) e o da ESTRELA emite BTN_Z (code 309, captura). Console e Linux concordam. O PEDIDO dela é outro e continua ABERTO: inverter os dois, de modo que a estrela acione o home, e que valha também no Switch. No console NÃO DÁ — o mapeamento vive no firmware e o SN30 Pro de 2018 não tem remapeamento persistente (medido por ela: o Ultimate Software não roda neste modelo). No Linux dá, por hwdb, e é reversível. O caminho no Linux NÃO é hwdb: o driver não emite scancode (input_report_key direto, hid-nintendo.c:1945) e o device não declara EV_MSC, então KEYBOARD_KEY seria ignorado em silêncio. Quem faz é o input-remapper, que intercepta no nível do evdev e já está instalado nesta máquina.","docs/usage/troubleshooting-8bitdo.md:31,204-222 — PROVADO instável, medido em 16/07/2026, com e sem Steam",assets/dkms/hid-nintendo/hid-nintendo.c:495-511,scripts/doctor.sh:3801-3850,O mapeamento é o `procon_button_mappings` genérico — o driver não tem tabela específica de SN30 Pro. Rótulos Nintendo: sem `SDL_GAMECONTROLLER_USE_BUTTON_LABELS=0` o A/B e X/Y chegam trocados ao jogo.,"Assinatura da morte, na MESMA instância hid: dezenas de `timeout waiting for input report` culminando em `joycon_enforce_subcmd_rate: exceeded max attempts`. O `bluetoothctl` segue dizendo Connected: yes.","Os dois controles Nintendo compartilham VID/PID 057e:2009. Ao mirar um deles em qualquer ferramenta, separe pelo bcdDevice (0200 = 8BitDo, 0210 = Pro genuíno) ou pela OUI do endereço (e0:f6:b5 é da Nintendo). O Hefesto NÃO adota este controle: o input vai direto pelo kernel/Steam (filtro `DUALSENSE_VENDOR=0x054C` + `DUALSENSE_PIDS={0x0CE6,0x0DF2}` em core/evdev_reader.py:28-29).","A recomendação da casa por rádio é trocar para o modo DirectInput/PS4 (`Start + A`), onde ele nem chega perto do hid-nintendo.",,,"Botões digitais (A/B/X/Y, L/R, ZL/ZR, −, +, Home, Captura, L3/R3) + D-pad",Botões digitais + D-pad,,,,2026-08-11,aparelho,180,"Diverge porque o FIRMWARE CLONE engasga com o protocolo de subcomando do hid-nintendo quando o transporte é rádio. Medido em 16/07/2026, com e sem Steam: por cabo a instância USB é PROVADA estável, sem um único timeout; por rádio a assinatura da morte é dezenas de `timeout waiting for input report` culminando em `joycon_enforce_subcmd_rate: exceeded max attempts`, com o `bluetoothctl` ainda dizendo `Connected: yes`. O canal em si é idêntico nos dois — quem quebra é o link. A recomendação da casa por rádio é trocar para o modo DirectInput/PS4. O `não` dos dois lados de `aciona` é outra coisa e não se confunde com isto: o Hefesto NÃO ADOTA este controle (o filtro de VID/PID em `core/evdev_reader.py:28-29` é só Sony), então o input vai direto pelo kernel e pelo Steam.",,"Par órfão CASADO por julgamento independente (confiança alta): procon_button_mappings é escolhido por TIPO de controle (hid-nintendo.c:2433-2437), nunca por barramento; o kernel não sabe publicar um subconjunto por rádio. O `parcial` do rádio é do link — cascata de timeouts até `joycon_enforce_subcmd_rate: exceeded max attempts`, com o bond de pé.",entrada.botoes@sn30,sn30.bot_es_digitais_a_b_x_y_l_r_zl_zr_home_captu.usb | sn30.bot_es_digitais_d_pad.bluetooth
entrada.bruta,dualsense,entrada,"Botões, sticks e gatilhos analógicos (entrada bruta)",l2 r2,,tem,cabo+rádio,sim,sim,sim,sim,evdev,evdev,0x01,0x31,payload[0..5] sticks/gatilhos; [7..10] botões,payload[0..5]; [7..10],"report de entrada 0x01: sticks e gatilhos em payload[0..5], contador em [6], botões e hat em [7..10]. Rota de interface: nó evdev do gamepad (BUTTON_MAP, 13 códigos).","report de entrada 0x31 (78 B, CRC seed 0xA1), mesmos offsets deslocados de 1; rota evdev idêntica.",inferido-do-codigo,medido,,"15/08/2026: os quatro DualSense por Bluetooth entregaram entrada bruta pelos vpads na mesma sessão em que a correspondência vpad <-> físico foi medida (ver `entrada.botoes@dualsense`). MEDIDO em 15/08/2026: os nós evdev FÍSICOS ficam MUDOS para leitor externo — em dois ensaios, evento nenhum saiu dos quatro MACs físicos, só dos vpads. É comportamento CORRETO e deliberado (o co-op faz EVIOCGRAB no físico; é assim que o Hefesto esconde o controle do jogo), mas nunca tinha sido medido, e explica por que instrumento ingênuo que abre o evdev físico mede ZERO e conclui que o caminho está quebrado.",core/evdev_reader.py:1069-1083,core/physical_report_reader.py:288-311,Só o gamepad ganhava ACL da 70-uaccess.rules do sistema (ID_INPUT_JOYSTICK) — por isso ele sempre funcionou e os nós auxiliares não.,,,"15/08/2026: o `MONTOU` do grau FICA. O que foi medido é que o evento chega ao vpad certo por rádio — não que os offsets do report 0x31 tenham sido conferidos byte a byte no aparelho neste dia. Subir o grau exige ensaio em docs/data/ensaios.csv, e nenhum foi escrito nesta leva.",MONTOU,MONTOU,"Botões, sticks e gatilhos analógicos (entrada bruta)","Botões, sticks e gatilhos analógicos (entrada bruta)",tests/unit/test_evdev_reader.py::test_reader_start_com_device_fake,"OS DOIS (evdev): ABS_Z vira l2_raw, ABS_RZ vira r2_raw, ABS_X vira lx e BTN_SOUTH vira ""cross"". Trocar qualquer um dos mapeamentos reprova.",,2026-08-15,aparelho,180,"Assimetria de EVIDÊNCIA (15/08/2026): a rota evdev é idêntica nos dois; só o envelope do report muda (0x01 no cabo, 0x31 com CRC 0xA1 no rádio). O rádio subiu para `medido` porque os quatro controles foram exercitados por Bluetooth; o cabo continua `inferido-do-codigo` porque nenhum deles esteve no fio neste dia.",,"família no v1: gatilho · 15/08/2026: MOTIVO — entrada bruta dos quatro controles por rádio chegando ao vpad certo, medida junto com a correspondência de `entrada.botoes`. `radio_confianca` subiu para `medido`; o grau continua `MONTOU` porque não há ensaio de bancada nesta leva.",entrada.bruta@dualsense,dualsense.bot_es_sticks_e_gatilhos_anal_gicos_entrada_.usb | dualsense.bot_es_sticks_e_gatilhos_anal_gicos_entrada_.bluetooth
entrada.bruta,pro,entrada,"Botões, sticks e gatilhos analógicos (entrada bruta)",zl zr,BTN_TL2 BTN_TR2,tem,sem linha no v1,,,,,,,,,,,,,,,,,,,,,,,,,,,,,,,,,,,o v1 não tem linha desta chave para este controle; a resposta mora em `entrada.botoes` — `existe` foi herdado de lá,entrada.bruta@pro,
entrada.bruta,sn30,entrada,"Botões, sticks e gatilhos analógicos (entrada bruta)",zl zr,BTN_TL2 BTN_TR2,tem,sem linha no v1,,,,,,,,,,,,,,,,,,,,,,,,,,,,,,,,,,,o v1 não tem linha desta chave para este controle; a resposta mora em `entrada.botoes` — `existe` foi herdado de lá,entrada.bruta@sn30,
entrada.stick,dualsense,entrada,Sticks analógicos (dois eixos por stick),stick_l stick_r,,tem,sem linha no v1,sim,sim,sim,sim,evdev,evdev,,,,,"`ABS_X`/`ABS_Y`/`ABS_RX`/`ABS_RY` do nó de evdev, normalizados por `normalizar_eixo`","o MESMO caminho, sem gate de transporte",inferido-do-codigo,inferido-do-codigo,,,"src/hefesto_dualsense4unix/core/evdev_reader.py:85, :1317","src/hefesto_dualsense4unix/core/evdev_reader.py:85, :1317",,,,,,,,,tests/unit/test_evdev_reader.py::test_reader_start_com_device_fake,OS DOIS (evdev): ABS_X tem de virar lx normalizado. Cobre um eixo de um stick; os outros três não são exercidos.,,,,,,,o v1 não tem linha desta chave para este controle; a resposta mora em `entrada.bruta` — `existe` foi herdado de lá · 11/08: respondido por auditoria de código,entrada.stick@dualsense,
entrada.stick,pro,entrada,Sticks analógicos (dois eixos por stick),stick_l stick_r,BTN_THUMBL BTN_THUMBR,tem,cabo+rádio,sim,sim,sim,sim,evdev,evdev,0x30 (entrada),0x30 (entrada),"JC_MAX_STICK_MAG = 32767, fuzz 250, flat 500",JC_MAX_STICK_MAG = 32767,"ABS_X/ABS_Y (esquerdo) e ABS_RX/ABS_RY (direito), 12 bits crus do report 0x30 mapeados pela calibração da flash SPI","idêntico ao cabo — mesmo report 0x30, mesmos eixos evdev",inferido-do-codigo,inferido-do-codigo,joycon_config_left_stick/right_stick; comentário do evdev_reader sobre a divergência de faixa,o driver não tem nenhum ramo de bus na configuração de eixos,"assets/dkms/hid-nintendo/hid-nintendo.c:2260-2290; src/hefesto_dualsense4unix/core/evdev_reader.py:62,:90,:1114-1118",assets/dkms/hid-nintendo/hid-nintendo.c:2440-2455,"A faixa do Pro é ±32767 e a do DualSense é 0..255 — o `evdev_reader` lê o `absinfo` no open justamente por isso (LUGAR-À-MESA-01/E2); no Pro o CENTRO do analógico é 0, que com o `& 0xFF` histórico viraria ""tudo para a esquerda"".",,,,MONTOU,MONTOU,"Analógicos (dois sticks, faixa −32767..32767)","Analógicos (dois sticks, faixa −32767..32767)",,,,,,,,,,entrada.stick@pro,pro.anal_gicos_dois_sticks_faixa_32767_32767.usb | pro.anal_gicos_dois_sticks_faixa_32767_32767.bluetooth
entrada.stick,sn30,entrada,Sticks analógicos (dois eixos por stick),stick_l stick_r,BTN_THUMBL BTN_THUMBR,tem,cabo+rádio,sim,parcial,não,não,evdev,evdev,,,,,"evdev ABS_X/ABS_Y (esquerdo) e ABS_RX/ABS_RY (direito), faixa ±32767 (`JC_MAX_STICK_MAG`), fuzz 250, flat 500","idêntico ao cabo (ABS_X/Y/RX/RY ±32767); a instabilidade é do link, não do eixo",inferido-do-codigo,inferido-do-codigo,,,"assets/dkms/hid-nintendo/hid-nintendo.c:213-217, :2261-2290",assets/dkms/hid-nintendo/hid-nintendo.c:2261-2290,Calibração aplicada pelo driver a partir da flash SPI (ver linha de calibração).,,,,,,Sticks analógicos (dois eixos por stick),Sticks analógicos,,,,,,,"Diverge porque o FIRMWARE CLONE engasga com o protocolo de subcomando do hid-nintendo quando o transporte é rádio. Medido em 16/07/2026, com e sem Steam: por cabo a instância USB é PROVADA estável, sem um único timeout; por rádio a assinatura da morte é dezenas de `timeout waiting for input report` culminando em `joycon_enforce_subcmd_rate: exceeded max attempts`, com o `bluetoothctl` ainda dizendo `Connected: yes`. O canal em si é idêntico nos dois — quem quebra é o link. A recomendação da casa por rádio é trocar para o modo DirectInput/PS4. Os eixos são byte a byte os mesmos nos dois (ABS_X/Y/RX/RY em mais ou menos 32767): a instabilidade é do link, não do eixo.",,"Par órfão CASADO por julgamento independente (confiança alta): joycon_config_left_stick/right_stick (hid-nintendo.c:2260-2290) são chamadas no ramo que decide por TIPO de controle, nunca por bus. O `parcial` do rádio é do link, não do eixo.",entrada.stick@sn30,sn30.sticks_anal_gicos_dois_eixos_por_stick.usb | sn30.sticks_anal_gicos.bluetooth
entrada.stick.calibracao,dualsense,entrada,Calibração de fábrica dos sticks,stick_l stick_r,,desconhecido,sem linha no v1,,,,,,,,,,,,,,,,,,,,,,,,,,,,,,,,,,,"o v1 não tem linha desta chave para este controle; a peça existe, mas ninguém mediu ESTE aspecto — herdar das irmãs seria afirmar prova que não houve · 11/08: a auditoria de código NÃO respondeu, e as duas coisas que parecem responder não respondem: o feature `0x05` que `core/backend_pydualsense.py:1079` lê é calibração da IMU, não dos sticks; e o `absinfo` que `core/evdev_reader.py:57` lê é a faixa DECLARADA pelo kernel, não calibração daquela unidade (o `flat`/`fuzz` sequer é aplicado — `core/evdev_reader.py:69`). As duas células ficam MUDAS de propósito",entrada.stick.calibracao@dualsense,
entrada.stick.calibracao,pro,entrada,Calibração de fábrica dos sticks,stick_l stick_r,BTN_THUMBL BTN_THUMBR,tem,sem linha no v1,,,,,,,,,,,,,,,,,,,,,,,,,,,,,,,,,,,o v1 não tem linha desta chave para este controle; a resposta mora em `movimento.imu.calibracao` — `existe` foi herdado de lá · irmãs: `entrada.stick`,entrada.stick.calibracao@pro,
entrada.stick.calibracao,sn30,entrada,Calibração de fábrica dos sticks,stick_l stick_r,BTN_THUMBL BTN_THUMBR,tem,ambos,sim,desconhecido,não,não,hidraw,hidraw,"saída 0x01, subcmd 0x10","saída 0x01, subcmd 0x10",,,subcomando 0x10 em `0x603d` (esquerdo) e `0x6046` (direito); calibração de usuária em `0x8010`/`0x801B` com mágico `0xB2 0xA1`. Falha vira aviso `Analog stick positions may be inaccurate`,subcomando 0x10 em `0x603d` (esquerdo) e `0x6046` (direito); calibração de usuária em `0x8010`/`0x801B` com mágico `0xB2 0xA1`. Falha vira aviso `Analog stick positions may be inaccurate`,medido,inferido-do-codigo,"MEDIDO 11/08, no `journalctl -k` do boot atual, com o clone no cabo em modo Switch: `nintendo 0003:057E:2009.0008: using factory cal for left stick` e `... right stick`. O clone TEM calibração de fábrica de stick na SPI e o driver a leu. O caminho de falha imprimiria `Analog stick positions may be inaccurate`, e essa linha não existe no boot.","não medido: em 11/08 o clone esteve na mesa só pelo cabo. O caminho de código é o mesmo, mas isso é analogia, não medição.","assets/dkms/hid-nintendo/hid-nintendo.c:185-212, :1251-1300, :2913-2923","assets/dkms/hid-nintendo/hid-nintendo.c:185-212, :1251-1300, :2913-2923","`using FACTORY cal` contra `using USER cal` é conteúdo de SPI, não versão de firmware: a calibração de usuária é o que um console Switch grava. O Pro genuíno desta casa diz `user`; o clone diz `factory`. Atualizar firmware não muda isso; calibrar num Switch muda.",,"O que está provado é que a calibração EXISTE e foi LIDA. Se os valores estão certos — se o stick anda direito com eles — é outra pergunta, e é de olho dela.",,,,Calibração de fábrica dos sticks,Calibração de fábrica dos sticks,,,,2026-08-11,aparelho,180,"Só o CABO foi medido: em 11/08 o clone esteve na mesa apenas pelo cabo, em modo Switch. O `não` dos dois lados de `aciona` continua valendo — quem lê a calibração é o driver, não este produto.",,"11/08 (A-11): SUBSTITUÍDO o `existe = desconhecido`. Respondido pelo log do boot atual, com o aparelho na mesa; `provado_por = aparelho` porque quem responde é o controle dela, não o fonte — o fonte só dá o mecanismo, que já estava citado.",entrada.stick.calibracao@sn30,sn30.calibra_o_de_f_brica_dos_sticks.ambos
gatilho.adaptativo,dualsense,gatilho,Gatilhos adaptativos (resistência por zona) — os dois,l2 r2,,tem,sem linha no v1,sim,sim,sim,sim,hidraw,hidraw,0x02 (saída),0x31 (saída),R = common[10..19] = report[11..20]; L = common[21..30] = report[22..31]; flag0 0x04 (R) e 0x08 (L),"OS MESMOS offsets no common; no buffer absoluto o bloco R fica em report[13..22] e o L em report[24..33] — deslocamento de +2 do envelope BT, nada mais","os dois blocos de 11 bytes são escritos INDEPENDENTEMENTE no mesmo report, cada um com seu bit de autorização; cada lado tem seu campo no desejado (`set_trigger`), então os dois convivem sem se sobrescrever",idêntico — o transporte só escolhe o envelope em `core/backend_pydualsense.py:852`,medido,medido,"ACEITE DELA em 11/08/2026, com a MESA CHEIA e o daemon VIVO, em DUAS rodadas — uma por lado, e o lado ocioso servindo de controle negativo na mesma mão. Comando: `hefesto-dualsense4unix test trigger --side {left,right} --mode Rigid --params '3,8'`, pela rota do DAEMON e não por `--raw`, que e a armadilha registrada desta casa (o `--raw` disputa o hidraw e imprime ""aplicado"" sem ter aplicado). Ela apertou o gatilho dos QUATRO controles em cada rodada, dois no cabo (P2, P3) e dois no radio (P1, P4). Literal dela: ""todos funcionaram"" (esquerdo) e ""deu certo o r2 em todos"" (direito). Em cada rodada o gatilho oposto continuou SOLTO — o comando agiu e não vazou de lado. ISTO SOBE O GRAU: ate hoje as linhas de gatilho estavam em `MONTOU`, que nesta casa significa que o produto montou o report certo e NADA sobre o aparelho obedecer. A VOLTA AO NEUTRO TAMBEM FOI MEDIDA, e ela vale tanto quanto a ida: `--mode Off` soltou o gatilho nos QUATRO controles, nos dois transportes. Literal dela: ""soltou em todos"". E o equivalente do `weak=0 strong=0` que provou, em 10/08, que o motor não fica preso — sem esta metade, uma feature que LIGA e não DESLIGA passaria por aprovada.","ACEITE DELA em 11/08/2026, com a MESA CHEIA e o daemon VIVO, em DUAS rodadas — uma por lado, e o lado ocioso servindo de controle negativo na mesma mão. Comando: `hefesto-dualsense4unix test trigger --side {left,right} --mode Rigid --params '3,8'`, pela rota do DAEMON e não por `--raw`, que e a armadilha registrada desta casa (o `--raw` disputa o hidraw e imprime ""aplicado"" sem ter aplicado). Ela apertou o gatilho dos QUATRO controles em cada rodada, dois no cabo (P2, P3) e dois no radio (P1, P4). Literal dela: ""todos funcionaram"" (esquerdo) e ""deu certo o r2 em todos"" (direito). Em cada rodada o gatilho oposto continuou SOLTO — o comando agiu e não vazou de lado. ISTO SOBE O GRAU: ate hoje as linhas de gatilho estavam em `MONTOU`, que nesta casa significa que o produto montou o report certo e NADA sobre o aparelho obedecer. A VOLTA AO NEUTRO TAMBEM FOI MEDIDA, e ela vale tanto quanto a ida: `--mode Off` soltou o gatilho nos QUATRO controles, nos dois transportes. Literal dela: ""soltou em todos"". E o equivalente do `weak=0 strong=0` que provou, em 10/08, que o motor não fica preso — sem esta metade, uma feature que LIGA e não DESLIGA passaria por aprovada.","src/hefesto_dualsense4unix/core/backend_pydualsense.py:804, :812, :2387; src/hefesto_dualsense4unix/core/ds_output_report.py:65-66; src/hefesto_dualsense4unix/core/trigger_effects.py:300","src/hefesto_dualsense4unix/core/backend_pydualsense.py:804, :812, :852; src/hefesto_dualsense4unix/core/ds_output_report.py:256","Esta chave é a pergunta 'os DOIS ao mesmo tempo': a resposta do código é sim, porque os blocos são disjuntos no common e cada um tem bit de autorização próprio.",idem,"O QUE ESTA MEDICAO NAO COBRE, dito porque a linha parece mais fechada do que esta: (1) um MODO so foi exercitado, `Rigid`, com um único jogo de parametros (posicao 3, forca 8) — o firmware tem oito modos e nenhum dos outros foi tocado; (2) o ELEMENTO ESPECIFICO não esta isolado: sabe-se que o conjunto funciona, não de qual bit de autorização (flag0 0x04 direito, 0x08 esquerdo) ou de qual byte o aparelho depende. E o mesmo estado em que o rumble estava na manhã de 11/08, antes do isolamento. (3) PREVISAO HERDADA E NAO MEDIDA: no mesmo dia ficou provado que o firmware obedece aos BYTES de motor com os bits de vibracao desligados. Os blocos de gatilho (common[10..20] e common[21..31]) também sao escritos em TODO report, fora de qualquer condicional (core/backend_pydualsense.py:799-815). Se o firmware os tratar do mesmo jeito, o keepalive apaga o efeito de gatilho que um jogo aplicou, pelo mesmo mecanismo. NINGUEM MEDIU ISSO. A PREVISAO HERDADA FOI MEDIDA, E CAIU — 11/08/2026. A suspeita era que o keepalive apagasse o efeito de gatilho de terceiro pelo mesmo mecanismo com que apaga o rumble. NAO APAGA: um `rigid(3,8)` escrito por report cru, por fora do daemon, com o daemon VIVO e rodando o código NAO curado, sobreviveu a 8 s e a 30 s. O rumble, sob o mesmo keepalive de 0,5 s, morria em menos de meio segundo. Sao mecanismos diferentes. O ensaio esta limpo: o R2 ficou SOLTO nas duas rodadas, e ele não recebeu bit de autorização — como o perfil ativo (Pragmata) tem `Pulse` configurado no direito, o R2 solto prova que o perfil não estava sendo reafirmado por cima. O QUE FICOU ABERTO, e não se resolve por argumento: o efeito NAO e eterno. Alguns minutos depois ela relatou os DOIS soltos. Logo existe algo que apaga o gatilho com período de MINUTOS, e não de milissegundos — não medido, sem suspeito nomeado. Candidatos a investigar pelo código: o tick do daemon (30 s online, fatiado em 2 s) e o `reassert_resolved_outputs`, que roda a cada tick.","O QUE ESTA MEDICAO NAO COBRE, dito porque a linha parece mais fechada do que esta: (1) um MODO so foi exercitado, `Rigid`, com um único jogo de parametros (posicao 3, forca 8) — o firmware tem oito modos e nenhum dos outros foi tocado; (2) o ELEMENTO ESPECIFICO não esta isolado: sabe-se que o conjunto funciona, não de qual bit de autorização (flag0 0x04 direito, 0x08 esquerdo) ou de qual byte o aparelho depende. E o mesmo estado em que o rumble estava na manhã de 11/08, antes do isolamento. (3) PREVISAO HERDADA E NAO MEDIDA: no mesmo dia ficou provado que o firmware obedece aos BYTES de motor com os bits de vibracao desligados. Os blocos de gatilho (common[10..20] e common[21..31]) também sao escritos em TODO report, fora de qualquer condicional (core/backend_pydualsense.py:799-815). Se o firmware os tratar do mesmo jeito, o keepalive apaga o efeito de gatilho que um jogo aplicou, pelo mesmo mecanismo. NINGUEM MEDIU ISSO. A PREVISAO HERDADA FOI MEDIDA, E CAIU — 11/08/2026. A suspeita era que o keepalive apagasse o efeito de gatilho de terceiro pelo mesmo mecanismo com que apaga o rumble. NAO APAGA: um `rigid(3,8)` escrito por report cru, por fora do daemon, com o daemon VIVO e rodando o código NAO curado, sobreviveu a 8 s e a 30 s. O rumble, sob o mesmo keepalive de 0,5 s, morria em menos de meio segundo. Sao mecanismos diferentes. O ensaio esta limpo: o R2 ficou SOLTO nas duas rodadas, e ele não recebeu bit de autorização — como o perfil ativo (Pragmata) tem `Pulse` configurado no direito, o R2 solto prova que o perfil não estava sendo reafirmado por cima. O QUE FICOU ABERTO, e não se resolve por argumento: o efeito NAO e eterno. Alguns minutos depois ela relatou os DOIS soltos. Logo existe algo que apaga o gatilho com período de MINUTOS, e não de milissegundos — não medido, sem suspeito nomeado. Candidatos a investigar pelo código: o tick do daemon (30 s online, fatiado em 2 s) e o `reassert_resolved_outputs`, que roda a cada tick.",O APARELHO OBEDECEU,O APARELHO OBEDECEU,,,tests/unit/test_paridade_transporte_gatilhos.py::test_modo_e_forcas_saem_nos_offsets_certos_nos_dois_transportes,"OS DOIS: o teste afere os DOIS blocos, então se um lado invadir o offset do outro ele reprova — que é exatamente a pergunta desta chave.","11/08/2026 — já registrado no bloco `MORDIDA PROVADA` de tests/unit/test_paridade_transporte_gatilhos.py:16-24, aqui só transcrito: zerando `common[10:32]` só quando `conType == BT`, com o `src/` copiado para fora da árvore, o arquivo reprova 12 de 25 (onze `[bt]` mais o caso que compara os dois lados); a MESMA morte só no cabo reprova 12, e desta vez os onze são `[usb]` — a rede não tem lado preferido. Antes desta camada a mesma morte reprovava 1 teste em 8589, e era um genérico que não sabia o que estava medindo.",2026-08-11,aparelho,180,"Sem assimetria: os quatro controles obedeceram ao mesmo comando no mesmo instante, dois no cabo e dois no radio, nos DOIS lados. So o envelope muda. MEDIDO 11/08/2026.",,o v1 não tem linha desta chave para este controle; a resposta mora em `gatilho.esquerdo.adaptativo` — `existe` foi herdado de lá · 11/08: respondido por auditoria de código,gatilho.adaptativo@dualsense,
gatilho.adaptativo,pro,gatilho,Gatilhos adaptativos (resistência por zona) — os dois,zl zr,BTN_TL2 BTN_TR2,nao-tem,nenhum,não,não,não,não,outro,outro,,,,,não-localizado — o aparelho NÃO TEM. Não há bloco de gatilho em report de saída nenhum do protocolo Switch.,não-localizado — o aparelho NÃO TEM. Não há bloco de gatilho em report de saída nenhum do protocolo Switch.,inferido-do-codigo,inferido-do-codigo,grep exaustivo nas constantes JC_SUBCMD_* e nos reports de saída 0x01/0x03/0x10/0x11/0x80,grep exaustivo nas constantes JC_SUBCMD_* e nos reports de saída 0x01/0x03/0x10/0x11/0x80,"assets/dkms/hid-nintendo/hid-nintendo.c:120-149, :1226,:1240,:1265,:1549,:1562,:1575,:2704","assets/dkms/hid-nintendo/hid-nintendo.c:120-149, :1226,:1240,:1265,:1549,:1562,:1575,:2704","AUSÊNCIA CONFIRMADA: os sete construtores de subcomando do driver (grep `subcmd_id = JC_SUBCMD` devolve exatamente 7 linhas) não incluem nada de gatilho, e a lista de subcomandos do cabeçalho (0x00 a 0x50) não tem nenhum.","AUSÊNCIA CONFIRMADA: os sete construtores de subcomando do driver (grep `subcmd_id = JC_SUBCMD` devolve exatamente 7 linhas) não incluem nada de gatilho, e a lista de subcomandos do cabeçalho (0x00 a 0x50) não tem nenhum.",O jogo que escrever um bloco de gatilho no vpad do Pro tem essa réplica DESCARTADA no backend (o MAC do Pro não casa handle nenhum) — não há para onde mandar.,O jogo que escrever um bloco de gatilho no vpad do Pro tem essa réplica DESCARTADA no backend (o MAC do Pro não casa handle nenhum) — não há para onde mandar.,,,Gatilhos adaptativos (resistência/força por zona),Gatilhos adaptativos (resistência/força por zona),,,,,,,,,,gatilho.adaptativo@pro,pro.gatilhos_adaptativos_resist_ncia_for_a_por_z.nenhum
gatilho.adaptativo,sn30,gatilho,Gatilhos adaptativos (resistência por zona) — os dois,zl zr,BTN_TL2 BTN_TR2,nao-tem,nenhum,não,não,não,não,outro,outro,,,,,o protocolo Switch não tem bloco de gatilho; os gatilhos são botões digitais,o protocolo Switch não tem bloco de gatilho; os gatilhos são botões digitais,inferido-do-codigo,inferido-do-codigo,,,assets/dkms/hid-nintendo/hid-nintendo.c:502-503,assets/dkms/hid-nintendo/hid-nintendo.c:502-503,É recurso exclusivo do DualSense (common[10..31] do report 0x02/0x31).,É recurso exclusivo do DualSense (common[10..31] do report 0x02/0x31).,,,,,Gatilhos adaptativos (resistência/efeito),Gatilhos adaptativos (resistência/efeito),,,,,,,,,,gatilho.adaptativo@sn30,sn30.gatilhos_adaptativos_resist_ncia_efeito.nenhum
gatilho.analogico,dualsense,gatilho,Gatilhos analógicos (eixo de curso em ZL/ZR ou L2/R2),l2 r2,,tem,sem linha no v1,sim,sim,sim,sim,evdev,evdev,,,,,`ABS_Z` vira `l2_raw` e `ABS_RZ` vira `r2_raw` no leitor de evdev; o repasse ao jogo sai no report 0x01 do vpad,"o MESMO caminho, sem gate de transporte",inferido-do-codigo,inferido-do-codigo,,,src/hefesto_dualsense4unix/core/evdev_reader.py:1325; src/hefesto_dualsense4unix/integrations/uhid_gamepad.py:1494; src/hefesto_dualsense4unix/integrations/uinput_gamepad.py:506,src/hefesto_dualsense4unix/core/evdev_reader.py:1325; src/hefesto_dualsense4unix/integrations/uhid_gamepad.py:1494,"A síntese digital→0/255 de `core/evdev_reader.py:1248` é PROTEGIDA para nunca ligar num DualSense: aqui o eixo existe, e sobrescrevê-lo mataria o gatilho adaptativo.",idem,"Por hidraw CRU ninguém responde: o `core/physical_report_reader.py` não lê L2/R2 — ele só extrai motion, o clique do touchpad, o jack e a bateria.",mesma lacuna no hidraw cru,,,,,tests/unit/test_evdev_reader.py::test_reader_start_com_device_fake,OS DOIS (evdev): ABS_Z -> l2_raw = 180 e ABS_RZ -> r2_raw = 255. É o curso analógico chegando pelo nó de evdev.,,,,,,,o v1 não tem linha desta chave para este controle; a resposta mora em `entrada.bruta` — `existe` foi herdado de lá · 11/08: respondido por auditoria de código,gatilho.analogico@dualsense,
gatilho.analogico,pro,gatilho,Gatilhos analógicos (eixo de curso em ZL/ZR ou L2/R2),zl zr,BTN_TL2 BTN_TR2,nao-tem,cabo+rádio,não,não,sim,sim,evdev,evdev,,,"JC_BTN_ZL = BIT(23), JC_BTN_ZR = BIT(7)","JC_BTN_ZL = BIT(23), JC_BTN_ZR = BIT(7)",ZL/ZR chegam como BTN_TL2/BTN_TR2 (EV_KEY). O driver NÃO publica ABS_Z nem ABS_RZ para o Pro.,"idêntico ao cabo — BTN_TL2/BTN_TR2, sem ABS_Z/ABS_RZ",medido,medido,"medido em 06/08/2026 e escrito no código: ""O Nintendo Pro não publica ABS_Z/ABS_RZ — o ZL/ZR dele é botão, não eixo""",,"src/hefesto_dualsense4unix/core/evdev_reader.py:1119-1124, :1353-1372; assets/dkms/hid-nintendo/hid-nintendo.c:2440-2455 (joycon_input_create do procon: só sticks, dpad e botões)",src/hefesto_dualsense4unix/core/evdev_reader.py:1353-1372,O Hefesto SINTETIZA o eixo: `_sintetizar_gatilho` transforma o botão em 0/255 quando o `absinfo` do open confirmou que o eixo FALTA neste aparelho. Sem isso o gatilho ficava 0 para sempre no vpad do Pro.,mesma síntese digital→0/255 do cabo,A síntese NUNCA liga num DualSense — lá o eixo existe e sobrescrevê-lo mataria o gatilho adaptativo.,,MONTOU,MONTOU,"Gatilhos ZL/ZR — são DIGITAIS, não há eixo analógico","Gatilhos ZL/ZR — são DIGITAIS, não há eixo analógico",,,,,,,,,,gatilho.analogico@pro,pro.gatilhos_zl_zr_s_o_digitais_n_o_h_eixo_anal_.usb | pro.gatilhos_zl_zr_s_o_digitais_n_o_h_eixo_anal_.bluetooth
gatilho.analogico,sn30,gatilho,Gatilhos analógicos (eixo de curso em ZL/ZR ou L2/R2),zl zr,BTN_TL2 BTN_TR2,nao-tem,nenhum,não,não,não,não,evdev,evdev,,,,,"não existe: no protocolo Switch ZL/ZR são bits, mapeados como BTN_TL2/BTN_TR2 (digitais). Não há ABS_Z/ABS_RZ no nó de gamepad","não existe: no protocolo Switch ZL/ZR são bits, mapeados como BTN_TL2/BTN_TR2 (digitais). Não há ABS_Z/ABS_RZ no nó de gamepad",inferido-do-codigo,inferido-do-codigo,,,assets/dkms/hid-nintendo/hid-nintendo.c:502-503,assets/dkms/hid-nintendo/hid-nintendo.c:502-503,,,"ABS_Z/ABS_RZ existem apenas no nó de IMU, e ali são acelerômetro/giroscópio — não confundir.","ABS_Z/ABS_RZ existem apenas no nó de IMU, e ali são acelerômetro/giroscópio — não confundir.",,,Gatilhos ANALÓGICOS (ZL/ZR com curso),Gatilhos ANALÓGICOS (ZL/ZR com curso),,,,,,,,,,gatilho.analogico@sn30,sn30.gatilhos_anal_gicos_zl_zr_com_curso.nenhum
gatilho.direito.adaptativo,dualsense,gatilho,Gatilho adaptativo DIREITO,l2 r2,,tem,cabo+rádio,sim,sim,sim,sim,hidraw,hidraw,0x02,0x31,common[10..20] = report[11..21]; flag0 0x04,common[10..20] = report[13..23],"output 0x02, bloco common[10..20], autorizado por flag0 bit 0x04. CLI `hefesto test trigger`; IPC `trigger.set {side, mode, params}` / `trigger.reset`.","output 0x31, common[10..20] = report[13..23]; flag0 0x04. SEM gate de transporte — só o envelope muda.",medido,medido,"ACEITE DELA em 11/08/2026, com a MESA CHEIA e o daemon VIVO, em DUAS rodadas — uma por lado, e o lado ocioso servindo de controle negativo na mesma mão. Comando: `hefesto-dualsense4unix test trigger --side {left,right} --mode Rigid --params '3,8'`, pela rota do DAEMON e não por `--raw`, que e a armadilha registrada desta casa (o `--raw` disputa o hidraw e imprime ""aplicado"" sem ter aplicado). Ela apertou o gatilho dos QUATRO controles em cada rodada, dois no cabo (P2, P3) e dois no radio (P1, P4). Literal dela: ""todos funcionaram"" (esquerdo) e ""deu certo o r2 em todos"" (direito). Em cada rodada o gatilho oposto continuou SOLTO — o comando agiu e não vazou de lado. ISTO SOBE O GRAU: ate hoje as linhas de gatilho estavam em `MONTOU`, que nesta casa significa que o produto montou o report certo e NADA sobre o aparelho obedecer. A VOLTA AO NEUTRO TAMBEM FOI MEDIDA, e ela vale tanto quanto a ida: `--mode Off` soltou o gatilho nos QUATRO controles, nos dois transportes. Literal dela: ""soltou em todos"". E o equivalente do `weak=0 strong=0` que provou, em 10/08, que o motor não fica preso — sem esta metade, uma feature que LIGA e não DESLIGA passaria por aprovada.","ACEITE DELA em 11/08/2026, com a MESA CHEIA e o daemon VIVO, em DUAS rodadas — uma por lado, e o lado ocioso servindo de controle negativo na mesma mão. Comando: `hefesto-dualsense4unix test trigger --side {left,right} --mode Rigid --params '3,8'`, pela rota do DAEMON e não por `--raw`, que e a armadilha registrada desta casa (o `--raw` disputa o hidraw e imprime ""aplicado"" sem ter aplicado). Ela apertou o gatilho dos QUATRO controles em cada rodada, dois no cabo (P2, P3) e dois no radio (P1, P4). Literal dela: ""todos funcionaram"" (esquerdo) e ""deu certo o r2 em todos"" (direito). Em cada rodada o gatilho oposto continuou SOLTO — o comando agiu e não vazou de lado. ISTO SOBE O GRAU: ate hoje as linhas de gatilho estavam em `MONTOU`, que nesta casa significa que o produto montou o report certo e NADA sobre o aparelho obedecer. A VOLTA AO NEUTRO TAMBEM FOI MEDIDA, e ela vale tanto quanto a ida: `--mode Off` soltou o gatilho nos QUATRO controles, nos dois transportes. Literal dela: ""soltou em todos"". E o equivalente do `weak=0 strong=0` que provou, em 10/08, que o motor não fica preso — sem esta metade, uma feature que LIGA e não DESLIGA passaria por aprovada.",core/backend_pydualsense.py:800-816; cli/cmd_test.py:75; daemon/ipc_server.py:110,"core/backend_pydualsense.py:800-816, :852","DUAS codificações no mesmo produto: com bloco CRU do jogo em posse (`_raw_trigger_right`), os 11 bytes vão VERBATIM; pelo caminho do PERFIL escreve-se modo em [10], forças 0..5 em [11..16] e força 6 em [19] — common[17], [18] e [20] ficam SEMPRE zero.",,"O QUE ESTA MEDICAO NAO COBRE, dito porque a linha parece mais fechada do que esta: (1) um MODO so foi exercitado, `Rigid`, com um único jogo de parametros (posicao 3, forca 8) — o firmware tem oito modos e nenhum dos outros foi tocado; (2) o ELEMENTO ESPECIFICO não esta isolado: sabe-se que o conjunto funciona, não de qual bit de autorização (flag0 0x04 direito, 0x08 esquerdo) ou de qual byte o aparelho depende. E o mesmo estado em que o rumble estava na manhã de 11/08, antes do isolamento. (3) PREVISAO HERDADA E NAO MEDIDA: no mesmo dia ficou provado que o firmware obedece aos BYTES de motor com os bits de vibracao desligados. Os blocos de gatilho (common[10..20] e common[21..31]) também sao escritos em TODO report, fora de qualquer condicional (core/backend_pydualsense.py:799-815). Se o firmware os tratar do mesmo jeito, o keepalive apaga o efeito de gatilho que um jogo aplicou, pelo mesmo mecanismo. NINGUEM MEDIU ISSO. A PREVISAO HERDADA FOI MEDIDA, E CAIU — 11/08/2026. A suspeita era que o keepalive apagasse o efeito de gatilho de terceiro pelo mesmo mecanismo com que apaga o rumble. NAO APAGA: um `rigid(3,8)` escrito por report cru, por fora do daemon, com o daemon VIVO e rodando o código NAO curado, sobreviveu a 8 s e a 30 s. O rumble, sob o mesmo keepalive de 0,5 s, morria em menos de meio segundo. Sao mecanismos diferentes. O ensaio esta limpo: o R2 ficou SOLTO nas duas rodadas, e ele não recebeu bit de autorização — como o perfil ativo (Pragmata) tem `Pulse` configurado no direito, o R2 solto prova que o perfil não estava sendo reafirmado por cima. O QUE FICOU ABERTO, e não se resolve por argumento: o efeito NAO e eterno. Alguns minutos depois ela relatou os DOIS soltos. Logo existe algo que apaga o gatilho com período de MINUTOS, e não de milissegundos — não medido, sem suspeito nomeado. Candidatos a investigar pelo código: o tick do daemon (30 s online, fatiado em 2 s) e o `reassert_resolved_outputs`, que roda a cada tick.","O QUE ESTA MEDICAO NAO COBRE, dito porque a linha parece mais fechada do que esta: (1) um MODO so foi exercitado, `Rigid`, com um único jogo de parametros (posicao 3, forca 8) — o firmware tem oito modos e nenhum dos outros foi tocado; (2) o ELEMENTO ESPECIFICO não esta isolado: sabe-se que o conjunto funciona, não de qual bit de autorização (flag0 0x04 direito, 0x08 esquerdo) ou de qual byte o aparelho depende. E o mesmo estado em que o rumble estava na manhã de 11/08, antes do isolamento. (3) PREVISAO HERDADA E NAO MEDIDA: no mesmo dia ficou provado que o firmware obedece aos BYTES de motor com os bits de vibracao desligados. Os blocos de gatilho (common[10..20] e common[21..31]) também sao escritos em TODO report, fora de qualquer condicional (core/backend_pydualsense.py:799-815). Se o firmware os tratar do mesmo jeito, o keepalive apaga o efeito de gatilho que um jogo aplicou, pelo mesmo mecanismo. NINGUEM MEDIU ISSO. A PREVISAO HERDADA FOI MEDIDA, E CAIU — 11/08/2026. A suspeita era que o keepalive apagasse o efeito de gatilho de terceiro pelo mesmo mecanismo com que apaga o rumble. NAO APAGA: um `rigid(3,8)` escrito por report cru, por fora do daemon, com o daemon VIVO e rodando o código NAO curado, sobreviveu a 8 s e a 30 s. O rumble, sob o mesmo keepalive de 0,5 s, morria em menos de meio segundo. Sao mecanismos diferentes. O ensaio esta limpo: o R2 ficou SOLTO nas duas rodadas, e ele não recebeu bit de autorização — como o perfil ativo (Pragmata) tem `Pulse` configurado no direito, o R2 solto prova que o perfil não estava sendo reafirmado por cima. O QUE FICOU ABERTO, e não se resolve por argumento: o efeito NAO e eterno. Alguns minutos depois ela relatou os DOIS soltos. Logo existe algo que apaga o gatilho com período de MINUTOS, e não de milissegundos — não medido, sem suspeito nomeado. Candidatos a investigar pelo código: o tick do daemon (30 s online, fatiado em 2 s) e o `reassert_resolved_outputs`, que roda a cada tick.",O APARELHO OBEDECEU,O APARELHO OBEDECEU,Gatilho adaptativo DIREITO (R2),Gatilho adaptativo DIREITO (R2),tests/unit/test_paridade_transporte_gatilhos.py::test_modo_e_forcas_saem_nos_offsets_certos_nos_dois_transportes,"OS DOIS: modo em common[10], seis forças em common[11..16] e a sétima avulsa em common[19], lidos por dentro do envelope de cada transporte.","11/08/2026 — já registrado no bloco `MORDIDA PROVADA` de tests/unit/test_paridade_transporte_gatilhos.py:16-24, aqui só transcrito: zerando `common[10:32]` só quando `conType == BT`, com o `src/` copiado para fora da árvore, o arquivo reprova 12 de 25 (onze `[bt]` mais o caso que compara os dois lados); a MESMA morte só no cabo reprova 12, e desta vez os onze são `[usb]` — a rede não tem lado preferido. Antes desta camada a mesma morte reprovava 1 teste em 8589, e era um genérico que não sabia o que estava medindo.",2026-08-11,aparelho,180,"Sem assimetria: os quatro controles obedeceram ao mesmo comando no mesmo instante, dois no cabo e dois no radio, nos DOIS lados. So o envelope muda. MEDIDO 11/08/2026.",,,gatilho.direito.adaptativo@dualsense,dualsense.gatilho_adaptativo_direito_r2.usb | dualsense.gatilho_adaptativo_direito_r2.bluetooth
gatilho.direito.adaptativo,pro,gatilho,Gatilho adaptativo DIREITO,zl zr,BTN_TL2 BTN_TR2,nao-tem,sem linha no v1,não,não,não,não,,,,,,,,,inferido-do-codigo,inferido-do-codigo,"o aparelho não tem gatilho adaptativo: sem a peça não há bloco de efeito por lado para aceitar, em transporte nenhum. A referência é a MESMA da linha irmã `gatilho.adaptativo@pro`, que foi auditada e responde `não` nos dois transportes.","o aparelho não tem gatilho adaptativo: sem a peça não há bloco de efeito por lado para aceitar, em transporte nenhum. Idem à linha irmã `gatilho.adaptativo@pro`.","assets/dkms/hid-nintendo/hid-nintendo.c:120-149, :1226,:1240,:1265,:1549,:1562,:1575,:2704","assets/dkms/hid-nintendo/hid-nintendo.c:120-149, :1226,:1240,:1265,:1549,:1562,:1575,:2704",,,,,,,,,,,,,,,,,"o v1 não tem linha desta chave para este controle; a resposta mora em `gatilho.adaptativo` — `existe` foi herdado de lá · 11/08: respondido `não` nos dois transportes a partir da AUSÊNCIA DA PEÇA neste mesmo aparelho (linha irmã `gatilho.adaptativo@pro`) — não é analogia com outro controle, e por isso a referência de código é a dela",gatilho.direito.adaptativo@pro,
gatilho.direito.adaptativo,sn30,gatilho,Gatilho adaptativo DIREITO,zl zr,BTN_TL2 BTN_TR2,nao-tem,sem linha no v1,não,não,não,não,,,,,,,,,inferido-do-codigo,inferido-do-codigo,"o aparelho não tem gatilho adaptativo: sem a peça não há bloco de efeito por lado para aceitar, em transporte nenhum. A referência é a MESMA da linha irmã `gatilho.adaptativo@sn30`, que foi auditada e responde `não` nos dois transportes.","o aparelho não tem gatilho adaptativo: sem a peça não há bloco de efeito por lado para aceitar, em transporte nenhum. Idem à linha irmã `gatilho.adaptativo@sn30`.",assets/dkms/hid-nintendo/hid-nintendo.c:502-503,assets/dkms/hid-nintendo/hid-nintendo.c:502-503,,,,,,,,,,,,,,,,,"o v1 não tem linha desta chave para este controle; a resposta mora em `gatilho.adaptativo` — `existe` foi herdado de lá · 11/08: respondido `não` nos dois transportes a partir da AUSÊNCIA DA PEÇA neste mesmo aparelho (linha irmã `gatilho.adaptativo@sn30`) — não é analogia com outro controle, e por isso a referência de código é a dela",gatilho.direito.adaptativo@sn30,
gatilho.esquerdo.adaptativo,dualsense,gatilho,Gatilho adaptativo ESQUERDO,l2 r2,,tem,cabo+rádio,sim,sim,sim,sim,hidraw,hidraw,0x02,0x31,common[21..31] = report[22..32]; flag0 0x08,common[21..31] = report[24..34],"output 0x02, bloco common[21..31], flag0 bit 0x08.","output 0x31, common[21..31] = report[24..34]; flag0 0x08.",medido,medido,"ACEITE DELA em 11/08/2026, com a MESA CHEIA e o daemon VIVO, em DUAS rodadas — uma por lado, e o lado ocioso servindo de controle negativo na mesma mão. Comando: `hefesto-dualsense4unix test trigger --side {left,right} --mode Rigid --params '3,8'`, pela rota do DAEMON e não por `--raw`, que e a armadilha registrada desta casa (o `--raw` disputa o hidraw e imprime ""aplicado"" sem ter aplicado). Ela apertou o gatilho dos QUATRO controles em cada rodada, dois no cabo (P2, P3) e dois no radio (P1, P4). Literal dela: ""todos funcionaram"" (esquerdo) e ""deu certo o r2 em todos"" (direito). Em cada rodada o gatilho oposto continuou SOLTO — o comando agiu e não vazou de lado. ISTO SOBE O GRAU: ate hoje as linhas de gatilho estavam em `MONTOU`, que nesta casa significa que o produto montou o report certo e NADA sobre o aparelho obedecer. A VOLTA AO NEUTRO TAMBEM FOI MEDIDA, e ela vale tanto quanto a ida: `--mode Off` soltou o gatilho nos QUATRO controles, nos dois transportes. Literal dela: ""soltou em todos"". E o equivalente do `weak=0 strong=0` que provou, em 10/08, que o motor não fica preso — sem esta metade, uma feature que LIGA e não DESLIGA passaria por aprovada.","ACEITE DELA em 11/08/2026, com a MESA CHEIA e o daemon VIVO, em DUAS rodadas — uma por lado, e o lado ocioso servindo de controle negativo na mesma mão. Comando: `hefesto-dualsense4unix test trigger --side {left,right} --mode Rigid --params '3,8'`, pela rota do DAEMON e não por `--raw`, que e a armadilha registrada desta casa (o `--raw` disputa o hidraw e imprime ""aplicado"" sem ter aplicado). Ela apertou o gatilho dos QUATRO controles em cada rodada, dois no cabo (P2, P3) e dois no radio (P1, P4). Literal dela: ""todos funcionaram"" (esquerdo) e ""deu certo o r2 em todos"" (direito). Em cada rodada o gatilho oposto continuou SOLTO — o comando agiu e não vazou de lado. ISTO SOBE O GRAU: ate hoje as linhas de gatilho estavam em `MONTOU`, que nesta casa significa que o produto montou o report certo e NADA sobre o aparelho obedecer. A VOLTA AO NEUTRO TAMBEM FOI MEDIDA, e ela vale tanto quanto a ida: `--mode Off` soltou o gatilho nos QUATRO controles, nos dois transportes. Literal dela: ""soltou em todos"". E o equivalente do `weak=0 strong=0` que provou, em 10/08, que o motor não fica preso — sem esta metade, uma feature que LIGA e não DESLIGA passaria por aprovada.",core/backend_pydualsense.py:800-816,"core/backend_pydualsense.py:800-816, :852","OS DOIS BYTES DESLIGAM: 0x05 é o MODE_OFF da enum da Sony, 0x00 é o que esta árvore usa em produção. Unificar é higiene, não correção.",,"O QUE ESTA MEDICAO NAO COBRE, dito porque a linha parece mais fechada do que esta: (1) um MODO so foi exercitado, `Rigid`, com um único jogo de parametros (posicao 3, forca 8) — o firmware tem oito modos e nenhum dos outros foi tocado; (2) o ELEMENTO ESPECIFICO não esta isolado: sabe-se que o conjunto funciona, não de qual bit de autorização (flag0 0x04 direito, 0x08 esquerdo) ou de qual byte o aparelho depende. E o mesmo estado em que o rumble estava na manhã de 11/08, antes do isolamento. (3) PREVISAO HERDADA E NAO MEDIDA: no mesmo dia ficou provado que o firmware obedece aos BYTES de motor com os bits de vibracao desligados. Os blocos de gatilho (common[10..20] e common[21..31]) também sao escritos em TODO report, fora de qualquer condicional (core/backend_pydualsense.py:799-815). Se o firmware os tratar do mesmo jeito, o keepalive apaga o efeito de gatilho que um jogo aplicou, pelo mesmo mecanismo. NINGUEM MEDIU ISSO. A PREVISAO HERDADA FOI MEDIDA, E CAIU — 11/08/2026. A suspeita era que o keepalive apagasse o efeito de gatilho de terceiro pelo mesmo mecanismo com que apaga o rumble. NAO APAGA: um `rigid(3,8)` escrito por report cru, por fora do daemon, com o daemon VIVO e rodando o código NAO curado, sobreviveu a 8 s e a 30 s. O rumble, sob o mesmo keepalive de 0,5 s, morria em menos de meio segundo. Sao mecanismos diferentes. O ensaio esta limpo: o R2 ficou SOLTO nas duas rodadas, e ele não recebeu bit de autorização — como o perfil ativo (Pragmata) tem `Pulse` configurado no direito, o R2 solto prova que o perfil não estava sendo reafirmado por cima. O QUE FICOU ABERTO, e não se resolve por argumento: o efeito NAO e eterno. Alguns minutos depois ela relatou os DOIS soltos. Logo existe algo que apaga o gatilho com período de MINUTOS, e não de milissegundos — não medido, sem suspeito nomeado. Candidatos a investigar pelo código: o tick do daemon (30 s online, fatiado em 2 s) e o `reassert_resolved_outputs`, que roda a cada tick.","O QUE ESTA MEDICAO NAO COBRE, dito porque a linha parece mais fechada do que esta: (1) um MODO so foi exercitado, `Rigid`, com um único jogo de parametros (posicao 3, forca 8) — o firmware tem oito modos e nenhum dos outros foi tocado; (2) o ELEMENTO ESPECIFICO não esta isolado: sabe-se que o conjunto funciona, não de qual bit de autorização (flag0 0x04 direito, 0x08 esquerdo) ou de qual byte o aparelho depende. E o mesmo estado em que o rumble estava na manhã de 11/08, antes do isolamento. (3) PREVISAO HERDADA E NAO MEDIDA: no mesmo dia ficou provado que o firmware obedece aos BYTES de motor com os bits de vibracao desligados. Os blocos de gatilho (common[10..20] e common[21..31]) também sao escritos em TODO report, fora de qualquer condicional (core/backend_pydualsense.py:799-815). Se o firmware os tratar do mesmo jeito, o keepalive apaga o efeito de gatilho que um jogo aplicou, pelo mesmo mecanismo. NINGUEM MEDIU ISSO. A PREVISAO HERDADA FOI MEDIDA, E CAIU — 11/08/2026. A suspeita era que o keepalive apagasse o efeito de gatilho de terceiro pelo mesmo mecanismo com que apaga o rumble. NAO APAGA: um `rigid(3,8)` escrito por report cru, por fora do daemon, com o daemon VIVO e rodando o código NAO curado, sobreviveu a 8 s e a 30 s. O rumble, sob o mesmo keepalive de 0,5 s, morria em menos de meio segundo. Sao mecanismos diferentes. O ensaio esta limpo: o R2 ficou SOLTO nas duas rodadas, e ele não recebeu bit de autorização — como o perfil ativo (Pragmata) tem `Pulse` configurado no direito, o R2 solto prova que o perfil não estava sendo reafirmado por cima. O QUE FICOU ABERTO, e não se resolve por argumento: o efeito NAO e eterno. Alguns minutos depois ela relatou os DOIS soltos. Logo existe algo que apaga o gatilho com período de MINUTOS, e não de milissegundos — não medido, sem suspeito nomeado. Candidatos a investigar pelo código: o tick do daemon (30 s online, fatiado em 2 s) e o `reassert_resolved_outputs`, que roda a cada tick.",O APARELHO OBEDECEU,O APARELHO OBEDECEU,Gatilho adaptativo ESQUERDO (L2),Gatilho adaptativo ESQUERDO (L2),tests/unit/test_paridade_transporte_gatilhos.py::test_modo_e_forcas_saem_nos_offsets_certos_nos_dois_transportes,"OS DOIS: modo em common[21], seis forças em common[22..27] e a sétima em common[30], por dentro do envelope de cada transporte.","11/08/2026 — já registrado no bloco `MORDIDA PROVADA` de tests/unit/test_paridade_transporte_gatilhos.py:16-24, aqui só transcrito: zerando `common[10:32]` só quando `conType == BT`, com o `src/` copiado para fora da árvore, o arquivo reprova 12 de 25 (onze `[bt]` mais o caso que compara os dois lados); a MESMA morte só no cabo reprova 12, e desta vez os onze são `[usb]` — a rede não tem lado preferido. Antes desta camada a mesma morte reprovava 1 teste em 8589, e era um genérico que não sabia o que estava medindo.",2026-08-11,aparelho,180,"Sem assimetria: os quatro controles obedeceram ao mesmo comando no mesmo instante, dois no cabo e dois no radio, nos DOIS lados. So o envelope muda. MEDIDO 11/08/2026.",,,gatilho.esquerdo.adaptativo@dualsense,dualsense.gatilho_adaptativo_esquerdo_l2.usb | dualsense.gatilho_adaptativo_esquerdo_l2.bluetooth
gatilho.esquerdo.adaptativo,pro,gatilho,Gatilho adaptativo ESQUERDO,zl zr,BTN_TL2 BTN_TR2,nao-tem,sem linha no v1,não,não,não,não,,,,,,,,,inferido-do-codigo,inferido-do-codigo,"o aparelho não tem gatilho adaptativo: sem a peça não há bloco de efeito por lado para aceitar, em transporte nenhum. A referência é a MESMA da linha irmã `gatilho.adaptativo@pro`, que foi auditada e responde `não` nos dois transportes.","o aparelho não tem gatilho adaptativo: sem a peça não há bloco de efeito por lado para aceitar, em transporte nenhum. Idem à linha irmã `gatilho.adaptativo@pro`.","assets/dkms/hid-nintendo/hid-nintendo.c:120-149, :1226,:1240,:1265,:1549,:1562,:1575,:2704","assets/dkms/hid-nintendo/hid-nintendo.c:120-149, :1226,:1240,:1265,:1549,:1562,:1575,:2704",,,,,,,,,,,,,,,,,"o v1 não tem linha desta chave para este controle; a resposta mora em `gatilho.adaptativo` — `existe` foi herdado de lá · 11/08: respondido `não` nos dois transportes a partir da AUSÊNCIA DA PEÇA neste mesmo aparelho (linha irmã `gatilho.adaptativo@pro`) — não é analogia com outro controle, e por isso a referência de código é a dela",gatilho.esquerdo.adaptativo@pro,
gatilho.esquerdo.adaptativo,sn30,gatilho,Gatilho adaptativo ESQUERDO,zl zr,BTN_TL2 BTN_TR2,nao-tem,sem linha no v1,não,não,não,não,,,,,,,,,inferido-do-codigo,inferido-do-codigo,"o aparelho não tem gatilho adaptativo: sem a peça não há bloco de efeito por lado para aceitar, em transporte nenhum. A referência é a MESMA da linha irmã `gatilho.adaptativo@sn30`, que foi auditada e responde `não` nos dois transportes.","o aparelho não tem gatilho adaptativo: sem a peça não há bloco de efeito por lado para aceitar, em transporte nenhum. Idem à linha irmã `gatilho.adaptativo@sn30`.",assets/dkms/hid-nintendo/hid-nintendo.c:502-503,assets/dkms/hid-nintendo/hid-nintendo.c:502-503,,,,,,,,,,,,,,,,,"o v1 não tem linha desta chave para este controle; a resposta mora em `gatilho.adaptativo` — `existe` foi herdado de lá · 11/08: respondido `não` nos dois transportes a partir da AUSÊNCIA DA PEÇA neste mesmo aparelho (linha irmã `gatilho.adaptativo@sn30`) — não é analogia com outro controle, e por isso a referência de código é a dela",gatilho.esquerdo.adaptativo@sn30,
gatilho.leitura,dualsense,gatilho,Gatilho — leitura do estado,l2 r2,,tem,cabo+rádio,sim,sim,não,não,hidraw,outro,0x01,0x31,não localizado no código (nenhum consumidor),não localizado,"Nibble ALTO do byte de status de cada gatilho no report de ENTRADA (a Apple nomeia os estados: feedbackNoLoad, weaponFiring, etc.).","idem, no report 0x31 de entrada.",afirmado-no-doc,afirmado-no-doc,Busca em toda a árvore não encontra leitura nenhuma desse nibble. Era a entrega E5 da TRIGGER-CANON-01 e ficou de fora.,,,,,,O offset exato do byte de status não está registrado no código deste projeto — não localizado.,,,,Gatilho — LEITURA do estado (o que o gatilho está sentindo),Gatilho — LEITURA do estado,,,,,,,,,Par órfão casado pela regra do parêntese: o rótulo do cabo é o do rádio mais um parêntese que descreve o mecanismo daquele transporte. Não passou por julgamento individual — foi casado pela mesma forma dos seis que passaram.,gatilho.leitura@dualsense,dualsense.gatilho_leitura_do_estado_o_que_o_gatilho_es.usb | dualsense.gatilho_leitura_do_estado.bluetooth
gatilho.leitura,pro,gatilho,Gatilho — leitura do estado,zl zr,BTN_TL2 BTN_TR2,desconhecido,sem linha no v1,,,,,,,,,,,,,,,,,,,,,,,,,,,,,,,,,,,o v1 não tem linha desta chave para este controle; `existe` vem das linhas irmãs da mesma peça,gatilho.leitura@pro,
gatilho.leitura,sn30,gatilho,Gatilho — leitura do estado,zl zr,BTN_TL2 BTN_TR2,desconhecido,sem linha no v1,,,,,,,,,,,,,,,,,,,,,,,,,,,,,,,,,,,o v1 não tem linha desta chave para este controle; `existe` vem das linhas irmãs da mesma peça,gatilho.leitura@sn30,
gatilho.modos_firmware,dualsense,gatilho,Gatilho — modos do firmware (enum),l2 r2,,tem,ambos,sim,sim,parcial,parcial,hidraw,hidraw,0x02 / 0x31,0x02 / 0x31,common[10] / common[21],common[10] / common[21],"byte 0 do bloco: 0x00 Off (MEDIDO), 0x05 Off oficial, 0x21 Feedback, 0x25 Weapon, 0x26 Vibration, 0x22 Bow, 0x23 Galloping, 0x27 Machine; legados 0x01/0x02/0x06; 0xFC/0xFD/0xFE DEBUG bloqueados.","byte 0 do bloco: 0x00 Off (MEDIDO), 0x05 Off oficial, 0x21 Feedback, 0x25 Weapon, 0x26 Vibration, 0x22 Bow, 0x23 Galloping, 0x27 Machine; legados 0x01/0x02/0x06; 0xFC/0xFD/0xFE DEBUG bloqueados.",medido,medido,"Ela mediu pelo TATO em 01/08: sete presets não faziam NADA (três mandavam 0x05, que é o OFF; quatro mandavam o modo oficial sem o BITMASK de zonas).","Ela mediu pelo TATO em 01/08: sete presets não faziam NADA (três mandavam 0x05, que é o OFF; quatro mandavam o modo oficial sem o BITMASK de zonas).","core/trigger_effects.py:105-130, :461-481, :81","core/trigger_effects.py:105-130, :461-481, :81","Empacotamento oficial: [1,2] = activeZones bitmask u16LE; [3..6] = forceZones u32LE com TRÊS BITS por zona e valor = strength-1 (strength 0 = zona INATIVA); Vibration [9] = frequência.","Empacotamento oficial: [1,2] = activeZones bitmask u16LE; [3..6] = forceZones u32LE com TRÊS BITS por zona e valor = strength-1 (strength 0 = zona INATIVA); Vibration [9] = frequência.",DIVERGÊNCIA VIVA: `weapon()` manda PULSE_B = 0x06 (Simple_Vibration legado) e `vibration()` manda PULSE_A = 0x22 (Bow). Confirmado no código hoje (trigger_effects.py:461 e :474). Ficaram fora do grupo dos SETE curados e do dos CINCO travados por sensação — ninguém mediu se fazem alguma coisa.,DIVERGÊNCIA VIVA: `weapon()` manda PULSE_B = 0x06 (Simple_Vibration legado) e `vibration()` manda PULSE_A = 0x22 (Bow). Confirmado no código hoje (trigger_effects.py:461 e :474). Ficaram fora do grupo dos SETE curados e do dos CINCO travados por sensação — ninguém mediu se fazem alguma coisa.,,,Gatilho — modos do firmware (enum),Gatilho — modos do firmware (enum),tests/unit/test_trigger_canon_01.py::test_a_enum_carrega_os_nomes_da_sony_sobre_os_mesmos_valores,"OS DOIS (é enum, não envelope): fossiliza os valores 0x05/0x21/0x22/0x23/0x25/0x26/0x27 e os apelidos. Renumerar o enum reprova.",,,,,,,,gatilho.modos_firmware@dualsense,dualsense.gatilho_modos_do_firmware_enum.ambos
gatilho.modos_firmware,pro,gatilho,Gatilho — modos do firmware (enum),zl zr,BTN_TL2 BTN_TR2,desconhecido,sem linha no v1,,,,,,,,,,,,,,,,,,,,,,,,,,,,,,,,,,,o v1 não tem linha desta chave para este controle; `existe` vem das linhas irmãs da mesma peça,gatilho.modos_firmware@pro,
gatilho.modos_firmware,sn30,gatilho,Gatilho — modos do firmware (enum),zl zr,BTN_TL2 BTN_TR2,desconhecido,sem linha no v1,,,,,,,,,,,,,,,,,,,,,,,,,,,,,,,,,,,o v1 não tem linha desta chave para este controle; `existe` vem das linhas irmãs da mesma peça,gatilho.modos_firmware@sn30,
identidade.cor_do_aparelho,dualsense,identidade,"Cor de fábrica do controle (a cor do plástico, lida do aparelho)",,,tem,cabo+rádio,sim,desconhecido,não,não,hidraw,hidraw,"feature 0x80 (64 B, ESCRITA) seguido de feature 0x81 (64 B, leitura)","os MESMOS 0x80 e 0x81, e os dois EXISTEM no `report_descriptor` destes quatro controles com 64 B cada — lido por rádio em 15/08/2026","na resposta do 0x81: buf[1] = 1 (base), buf[2] = 19 (num) e buf[3] = 2 — se os três não baterem, é erro e não se parseia. buf[4..20] = 17 caracteres ASCII, que são o serial de fábrica impresso na traseira. A COR são os caracteres 5 e 6 desse serial, isto é `serial[4:6]`: '00' White, '01' Midnight Black, '02' Cosmic Red, '03' Nova Pink, '04' Galactic Purple, '05' Starlight Blue, '06' Grey Camouflage, '07' Volcanic Red, '08' Sterling Silver, '09' Cobalt Blue, '10'-'12' Chroma Teal/Indigo/Pearl, '30' 30th Anniversary, e Z1..ZB para as edições especiais.","o mesmo layout — mas por rádio a leitura ainda precisa de retry e de validar `buf[0] == 0x81`, pela regra de `identidade.leitura_de_feature@dualsense`. NÃO TENTADO até 15/08/2026: ver `radio_ressalva`.","SET_FEATURE 0x80 com payload [0x01, 0x13] (base = 1, num = 19) e, em seguida, GET_FEATURE 0x81 de 64 bytes. É uma ESCRITA antes da leitura — sem o 0x80 o 0x81 devolve constante, o que a medição de 15/08/2026 confirma por rádio nos quatro controles.","o mesmo par 0x80 -> 0x81. Medido em 15/08/2026 por rádio nos quatro: SEM o SET prévio, o 0x81 volta IDÊNTICO nos quatro (constante), que é exatamente o comportamento esperado — a identidade só sai depois do comando.",afirmado-no-doc,incerto,"TRÊS implementações independentes concordam no mesmo par de reports e no mesmo recorte `serial[4:6]`: dualshock-tools.github.io (js/controllers/ds5-controller.js:196-226 e :404-414, com o mantenedor confirmando na issue #210), nsfm/dualsense-ts e TechAntohere/Senshi. Nenhuma delas é medição desta casa: por isso `afirmado-no-doc`, e não `medido`.","O QUE FOI MEDIDO POR RÁDIO em 15/08/2026, nos quatro controles: os reports 0x80 e 0x81 EXISTEM no descritor com 64 B e RESPONDEM ao GET (com retry e validação de id) — voltando constantes e idênticos nos quatro, porque não houve o SET_FEATURE 0x80 antes. Ou seja: o canal existe e está vivo no rádio. O que NÃO foi feito é o SET.",—  (zero linhas no produto: o Hefesto não lê a cor em lugar nenhum),—  (zero linhas no produto),"A COR DO CONTROLE EXISTE e está no aparelho, não em documentação: é o serial de fábrica de 17 caracteres, e a cor mora nos caracteres 5 e 6 dele. ESTA CASA JÁ TINHA ACHADO ISSO EM 10/08/2026 e nunca materializou — o achado ficou enterrado no transcrito de um subagente, e a sprint UNIDADE-COR-01 está aberta e não começada desde então. Esta linha existe para que o achado pare de depender de transcrito.","Não confundir com a `identidade.revisao_de_placa@dualsense`: aquela sai de graça do sysfs e NÃO é cor. Esta aqui é a cor de verdade, e custa uma escrita.","CAMINHO IDENTIFICADO, NÃO MEDIDO. A leitura exige uma ESCRITA no controle (SET_FEATURE 0x80) que ela ainda não autorizou, e por isso nada foi enviado a aparelho nenhum. `afirmado-no-doc` é o teto honesto enquanto o SET não for feito.","NÃO ENCONTRAMOS DEMONSTRAÇÃO POR RÁDIO, e isto NÃO é prova de impossibilidade (15/08/2026). O que está descartado, com o que descartou: o dualshock-tools — a única implementação que se sabe fazer a leitura funcionar — RECUSA Bluetooth de saída, então ninguém demonstrou o par 0x80 -> 0x81 por rádio. O que NÃO foi tentado: o SET em si, por falta de autorização dela. O que foi MEDIDO e joga a favor: os dois reports existem no descritor destes quatro controles e respondem ao GET por rádio. Escrever ""impossível"" aqui seria a falácia do perfil ausente — tomar ""não achamos o caminho"" por ""o aparelho não faz"".",,,,,,,,,,,,,"15/08/2026: LINHA NOVA. MOTIVO — a cor do controle é fonte de identidade real, foi achada por esta casa em 10/08/2026, nunca virou dado, e por isso a mesa de quatro controles de cores diferentes não conseguia nomear nenhum deles. Nasce com `cabo_confianca = afirmado-no-doc` (três implementações concordam, nós não medimos) e `radio_confianca = incerto` (o canal existe e responde por rádio, a leitura da cor por rádio ninguém demonstrou). `aciona` é `não` nos dois lados: o produto não lê a cor em lugar nenhum. Só `dualsense` — nada equivalente foi procurado no Pro nem no 8BitDo nesta leva.",identidade.cor_do_aparelho@dualsense,
identidade.firmware,dualsense,identidade,Atualização de firmware,,,parcial,só cabo,desconhecido,desconhecido,não,não,hidraw,hidraw,feature 0x20 (64 B),"feature 0x20 (64 B — tamanho lido do `report_descriptor` destes quatro controles em 15/08/2026, não de documentação)","dos 64 bytes o driver lê três campos: 24-27 = `hw_version`, 28-31 = `fw_version`, 44-45 = `update_version`. Os outros 56 não são lidos","os mesmos três campos que o driver lê (24-27 `hw_version`, 28-31 `fw_version`, 44-45 `update_version`), e por rádio o 0x20 só é aceito se o CRC-32 de semente 0xA3 conferir — conferiu nos quatro em 15/08/2026. Layout REAL dos 64 bytes do 0x20, conferido contra o driver e contra as quatro capturas de 15/08/2026: build_date[11]@1, build_time[8]@12, fw_type u16@20, sw_series u16@22, hardware_info u32@24, firmware_version u32@28, device_info[12]@32, update_version u16@44, update_image_info@46, sbl u32@48, venom u32@52, spider u32@56, crc32@60. Os bytes 32-43 (`device_info[12]`) DIFEREM por unidade e NINGUÉM NO MUNDO os decifrou (o printf está comentado no `dualsensectl` desde 2023) — não confundir com identidade de cor.","a leitura do feature 0x20 do FÍSICO existe só dentro de `capture_dualsense_blueprint`, que o próprio código declara FORA do caminho de criação (diagnóstico/recaptura). Ninguém parseia a versão. Escrita: nenhuma.","mesma leitura de diagnóstico; escrita: nenhuma. REGRA DE LEITURA POR RÁDIO (medida em 15/08/2026, e vale para toda medição futura desta casa): GET_FEATURE por Bluetooth sai pelo canal de controle L2CAP e bate no REPORT_REQ_TIMEOUT de 3 s do BlueZ — cada falha custa 3,2-3,7 s, que é a assinatura. A cura é REPETIR: dos quatro controles, dois responderam na 1ª tentativa e um só respondeu na 5ª. E é OBRIGATÓRIO validar `buf[0] == report_id`: um dos quatro devolveu um report com id 0x80 no lugar do 0x20 pedido — resposta TROCADA, não erro. Sem essa validação parseia-se lixo com convicção. O tamanho do buffer NÃO era a causa: o diagnóstico antigo de ""o GET_FEATURE por rádio não responde"" era o timeout do transporte, e é a mesma medição que já justifica o `feature_retries` do DKMS desta casa.",inferido-do-codigo,medido,"Os dois documentos de firmware abrem com aviso em caixa alta: o Hefesto NÃO atualiza firmware — zero código, zero CLI, zero aba. As ""fases 2 e 3"" nunca começaram. · 11/08: há rota de LEITURA, e ela é do kernel, não deste projeto — `firmware_version` e `hardware_version` são dois `DEVICE_ATTR_RO` do grupo `ps_device_attrs` (assets/dkms/hid-playstation/hid-playstation.c:1120-1147), alimentados pelo feature 0x20 lido UMA vez na probe (`:1904`). Lidos nesta máquina em 11/08: `fw = 0x0110002a` nos dois controles; `hw = 0x00000711` no do cabo e `0x00000710` no do rádio.","Mesma rota e mesmo nó de sysfs; o valor do rádio saiu da instância `0005:054C:0CE6.0006` em 11/08. · 15/08/2026: OS 16 FEATURE REPORTS FORAM LIDOS NOS QUATRO CONTROLES, POR RÁDIO, em 15/08/2026, com retry e validação de id. Os tamanhos saíram do próprio `report_descriptor` (payload + 1 byte de id), sem chute: 0x05 (41 B), 0x08 (48), 0x09 (20), 0x0b (42), 0x20 (64), 0x22 (64), 0x80 (64), 0x81 (64), 0x82 (10), 0x83 (64), 0xf0 (64), 0xf1 (64), 0xf2 (16), 0xf4 (64), 0xf5 (8), 0xf6 (547), 0xf7 (8). O CRC-32 de semente 0xA3 confere nos 12 reports capturados com CRC (0x09, 0x20 e 0x22 nos quatro): os dados são reais. O que cada um trouxe: 0x05 = calibração do IMU, per-unidade; 0x08 (48 B) = TODO ZERO, idêntico nos quatro; 0x09 = MAC do controle + `08 25 00` + MAC do host, constante; 0x0b = MAC + lista de pareamento; 0xf6 (547 B) = VAZIO (só o id não é zero); e 0x80, 0x81, 0x82, 0x83, 0xf0, 0xf1, 0xf2, 0xf4, 0xf5 e 0xf7 vieram IDÊNTICOS nos quatro (zeros ou constantes) SEM comando prévio — é por isso que a cor exige o SET_FEATURE 0x80 antes do GET. O zero do 0x08 e o vazio do 0xf6 são resultados NEGATIVOS e ficam registrados como medidos: quem for procurar identidade ali já sabe que não está. A mesa de 15/08/2026: QUATRO DualSense, os quatro por Bluetooth, re-pareados do zero depois de reset de fábrica. 14:3a:9a:00:00:ab (hidraw8, hw 0x00000711, BDM-050), 44:46:48:00:00:03 (hidraw5, hw 0x00000811, BDM-050), a0:fa:9c:00:00:f0 (hidraw10, hw 0x00000710, BDM-050) e d4:2f:4b:00:00:d8 (hidraw6, hw 0x00001111, BDM-060M). O `hardware_version` dos quatro é DIFERENTE (0x711, 0x811, 0x710, 0x1111), mas o byte `(hw>>16)&0xFF` — o que a struct da comunidade chama de *Variation* — é 0x00 nos quatro: o que varia é *Generation*, a revisão de placa. Ver a linha `identidade.revisao_de_placa@dualsense`.","src/hefesto_dualsense4unix/integrations/uhid_gamepad.py:636, :684; src/hefesto_dualsense4unix/integrations/uhid_blueprint.py:106; assets/dkms/hid-playstation/hid-playstation.c:153-154, :1120-1147, :1276-1293, :1904","src/hefesto_dualsense4unix/integrations/uhid_gamepad.py:636, :684; assets/dkms/hid-playstation/hid-playstation.c:153-154, :1120-1147, :1276-1293, :1904","O que o produto USA em regime é a constante congelada `CANONICAL_FEATURE_0X20`, escrita no VPAD — não a versão do controle real. E o `update_version` (44-45) NÃO é versão de firmware: é versão de capacidade, e é ele que decide `use_vibration_v2` (assets/dkms/hid-playstation/hid-playstation.c:1918-1923).",idem,"Registrado para ninguém ""descobrir"" isso como oportunidade. E LER NÃO É ATUALIZAR: o `existe = parcial` diz que a metade de leitura existe no Linux e a de ESCRITA não existe em transporte nenhum — nem no driver, nem aqui.","mesma assimetria: leitura sim, escrita não. · 15/08/2026: LER é que ficou medido, e só por RÁDIO — os quatro estavam por Bluetooth, nenhum passou pelo cabo neste dia. ESCREVER (atualizar firmware) continua não existindo em transporte nenhum, nem no driver nem aqui, e nada nesta leva mexeu nisso. A leitura dos 16 feature reports foi feita por INSTRUMENTO externo, com o daemon do Hefesto de pé; o produto continua sem parsear a versão.",,,Atualização de FIRMWARE,,,,,2026-08-15,aparelho,180,"Assimetria de EVIDÊNCIA, não de comportamento (15/08/2026): os dois lados de `aciona` continuam `não` — o Hefesto não atualiza firmware em transporte nenhum. O que diverge é quem foi medido: o rádio subiu para `medido` porque os 16 feature reports foram lidos nos quatro controles por Bluetooth em 15/08/2026; o cabo continua `inferido-do-codigo` porque nenhum dos quatro esteve no fio neste dia.",,"o v1 só tem a linha do cabo — o lado do rádio está VAZIO porque ninguém respondeu, não porque é não · 11/08: o lado do PRODUTO foi respondido (não atualiza firmware em transporte nenhum); o `desconhecido` do rádio espelha o do cabo, que o v1 já trazia — o aparelho é que continua sem resposta · 11/08 (A-11): PRIMEIRA célula com `provado_por = fonte-do-driver` — valor NOVO na régua, criado nesta leva porque ler o C que compilou o módulo carregado agora não é `teste`, não é `aparelho` e não é `descritor`. Ele vale MAIS que documentação (é o código que roda, e o `.c` desta árvore é byte a byte o de `/usr/src/`) e MENOS que ver o aparelho obedecer: prova o que o Linux MANDA, nunca o que o firmware FAZ com aquilo. `validade_dias = 180`, o mesmo prazo de `aparelho` e `descritor`, porque o que caduca é a relação entre kernel, firmware e este código — não o plástico. O `desconhecido` de `aceita` fica: o fonte do driver não diz se o aparelho aceitaria uma atualização por este caminho. · 15/08/2026: MOTIVO — os 16 feature reports declarados no descritor foram LIDOS nos quatro controles por rádio, com tamanhos exatos e CRC conferido, e isso derruba a afirmação de que os feature reports do DualSense nunca tinham sido lidos por esta casa. `radio_confianca` subiu de `inferido-do-codigo` para `medido`; `provado_por` passou de `fonte-do-driver` para `aparelho` e `provado_em` de 2026-08-11 para 2026-08-15 — a evidência do driver de 11/08 continua inteira em `cabo_evidencia` e não foi tocada. O layout do 0x20 registrado em `radio_offset` é o REAL: o desenho publicado em docs/research/firmware-dualsense-2026-04-survey.md:97-111 está na ordem errada e tipa dois `uint16_t` como `uint8_t` — quem implementar por ali lê lixo. Aquele arquivo é de outro agente desta leva e não foi editado daqui.",identidade.firmware@dualsense,dualsense.atualiza_o_de_firmware.usb
identidade.firmware,pro,identidade,Atualização de firmware,,,desconhecido,sem linha no v1,desconhecido,desconhecido,não,não,hidraw,hidraw,"saída 0x01, subcmd 0x02 (REQ_DEV_INFO); resposta no 0x21","saída 0x01, subcmd 0x02 (REQ_DEV_INFO); resposta no 0x21","offsets 0-1 do payload do subcomando: versão de firmware (maior, menor)",os mesmos offsets,"não há caminho de escrita: o Hefesto não atualiza firmware de controle nenhum, e o `hid-nintendo` não emite nada de atualização. E o de LEITURA existe mas é jogado fora pelo driver: `joycon_read_info` copia `data[4..9]` (endereço, assets/dkms/hid-nintendo/hid-nintendo.c:2714-2715) e `data[2]` (tipo, `:2738`), e NUNCA toca os offsets 0 e 1",idêntico — o `REQ_DEV_INFO` é o mesmo nos dois transportes,inferido-do-codigo,inferido-do-codigo,"CONFIRMADO por fonte em 11/08: `joycon_read_info` lê dois dos seis campos do `REQ_DEV_INFO`. Não há `DEVICE_ATTR` de versão, não há campo na struct, e o único `hid_info` do caminho imprime o endereço. A versão do Pro genuíno PASSOU por este kernel hoje, no mesmo pacote que produziu a linha `controller MAC = ...`, e foi descartada.",É pelo rádio que o Pro genuíno esteve na mesa em 11/08 — a linha `controller MAC` da instância `0005:057E:2009.0007` é a prova de que o `REQ_DEV_INFO` respondeu.,"assets/dkms/hid-nintendo/hid-nintendo.c:2696, :2714-2715, :2738","assets/dkms/hid-nintendo/hid-nintendo.c:2696, :2714-2715, :2738","Ler a versão exige mandar o `0x02` por `hidraw` — isto é, ESCREVER no aparelho, disputando o `hidraw` com o driver vivo. É a terceira armadilha do `CLAUDE.md` da raiz, e não há ferramenta pronta no Linux que faça isso.",idem,"O LAYOUT do payload — offsets 0-1 = versão — é engenharia reversa da comunidade (`dekuNukem/Nintendo_Switch_Reverse_Engineering`), grau MÉDIA, e é a mesma fonte que já foi refutada nesta casa em pelo menos um número. O que tem grau ALTA, por fonte, é o OUTRO lado da frase: o driver lê só `data[2]` e `data[4..9]`.",mesma ressalva de layout,,,,,,,,2026-08-11,fonte-do-driver,180,,,"o v1 não tem linha desta chave para este controle; `existe` vem das linhas irmãs da mesma peça · 11/08 (A-11): o MECANISMO está respondido pelo fonte do driver — a versão chega ao kernel e é jogada fora. O `existe = desconhecido` FICA: se o aparelho aceitaria uma atualização por algum caminho Linux não foi respondido, e o `aceita` dos dois lados continua `desconhecido` pelo mesmo motivo.",identidade.firmware@pro,
identidade.firmware,sn30,identidade,Atualização de firmware,,,desconhecido,ambos,desconhecido,desconhecido,não,não,hidraw,hidraw,saída 0x03; feature 0x70-0x75,saída 0x03; feature 0x70-0x75,,,o protocolo declara o report de saída 0x03 (FW_UPDATE_PKT) e os feature reports 0x70-0x75 (OTA/mem read/write/erase/launch); o driver não emite nenhum,o protocolo declara o report de saída 0x03 (FW_UPDATE_PKT) e os feature reports 0x70-0x75 (OTA/mem read/write/erase/launch); o driver não emite nenhum,inferido-do-codigo,inferido-do-codigo,"11/08: existe caminho Linux de LEITURA, e ele estava escondido pelo disfarce. O `fwupd` desta máquina (1.9.32, plugin `ebitdo` ligado, protocolo `com.8bitdo`) lê a versão em modo normal, e o `builtin.quirk` instalado associa o plugin a 24 pares VID/PID — entre eles `2DC8:6001` e `2DC8:6002`, que são os do modo D-input. `057E:2009` e `054C:05C4` NÃO estão na lista, e são justamente os dois disfarces que esta casa usa. Provado por leitura de `/usr/share/fwupd/quirks.d/builtin.quirk.gz` e por `fwupdmgr get-plugins`.",o mesmo `builtin.quirk` traz os pares de rádio do D-input (`2dc8:6101`/`6102`) fora da lista do plugin; nada foi tentado por rádio.,"assets/dkms/hid-nintendo/hid-nintendo.c:121, :158-165, :2714-2715, :2738","assets/dkms/hid-nintendo/hid-nintendo.c:121, :158-165, :2714-2715, :2738","A versão de firmware do clone PASSA por este kernel e é descartada: o `REQ_DEV_INFO` (`0x02`) devolve a versão nos offsets 0-1 do payload, e `joycon_read_info` lê apenas `data[4..9]` (endereço, assets/dkms/hid-nintendo/hid-nintendo.c:2714-2715) e `data[2]` (tipo, `:2738`). Não há `DEVICE_ATTR` de versão, não há campo na struct.",idem,"SUBSTITUÍDO em 11/08 o ""fora do repositório"": há caminho Linux, e ele é de LEITURA PURA (`fwupdmgr get-devices`; quem grava é `fwupdmgr update`). Mas ele EXIGE trocar o modo do controle para D-input (`B + Start`) e ligar o cabo — o que é ação dela, não do produto. E continua NÃO EXECUTADO: `fwupdmgr get-devices` nesta máquina devolveu só placa-mãe, CPU, NVMe e TPM, com o controle em modo Switch. O Hefesto NÃO atualiza firmware de controle nenhum (zero código, zero CLI, zero aba), e isso não muda.",O Hefesto NÃO atualiza firmware de controle nenhum. E por rádio nem o caminho de leitura foi tentado.,,,Atualização de firmware,Atualização de firmware,,,,,,,,,"11/08 (A-11): SUBSTITUÍDO ""Firmware de 8BitDo se atualiza pela ferramenta do fabricante — fora do repositório"", que era falso pela metade: a LEITURA tem caminho Linux instalado. `provado_por` fica VAZIO de propósito — o que responde aqui não é o fonte do driver nem o aparelho, é a configuração do `fwupd` desta máquina, e o caminho de leitura nunca foi percorrido até o fim. Carimbar seria afirmar mais do que se mediu.",identidade.firmware@sn30,sn30.atualiza_o_de_firmware.ambos
identidade.leitura_de_feature,dualsense,identidade,"Ler feature report do aparelho — a regra de leitura, e o que ela custa por rádio",,,tem,cabo+rádio,sim,sim,parcial,parcial,hidraw,hidraw,"os 16 que o descritor declara, com o tamanho já somado ao byte de id: 0x05 (41 B), 0x08 (48), 0x09 (20), 0x0b (42), 0x20 (64), 0x22 (64), 0x80 (64), 0x81 (64), 0x82 (10), 0x83 (64), 0xf0 (64), 0xf1 (64), 0xf2 (16), 0xf4 (64), 0xf5 (8), 0xf6 (547), 0xf7 (8)","os MESMOS 16, com os MESMOS tamanhos — lidos do descritor por rádio","o tamanho de cada um sai do próprio `report_descriptor`, não de tabela decorada: é o payload declarado mais 1 byte de id. Ler com buffer chutado é como se perde report.",idem. E o `buf[0]` da resposta é o id — que TEM de ser conferido contra o id pedido antes de qualquer parse.,"GET_FEATURE(id, tamanho do descritor). Por cabo não foi medido nesta leva: os quatro controles estavam por Bluetooth em 15/08/2026.","REGRA DE LEITURA POR RÁDIO (medida em 15/08/2026, e vale para toda medição futura desta casa): GET_FEATURE por Bluetooth sai pelo canal de controle L2CAP e bate no REPORT_REQ_TIMEOUT de 3 s do BlueZ — cada falha custa 3,2-3,7 s, que é a assinatura. A cura é REPETIR: dos quatro controles, dois responderam na 1ª tentativa e um só respondeu na 5ª. E é OBRIGATÓRIO validar `buf[0] == report_id`: um dos quatro devolveu um report com id 0x80 no lugar do 0x20 pedido — resposta TROCADA, não erro. Sem essa validação parseia-se lixo com convicção. O tamanho do buffer NÃO era a causa: o diagnóstico antigo de ""o GET_FEATURE por rádio não responde"" era o timeout do transporte, e é a mesma medição que já justifica o `feature_retries` do DKMS desta casa.",inferido-do-codigo,medido,"O produto lê feature report do FÍSICO só dentro de `capture_dualsense_blueprint`, que o próprio código declara FORA do caminho de criação (diagnóstico/recaptura) — daí o `aciona = parcial`. A cura de retry existe na outra ponta, no DKMS desta casa (`feature_retries`, assets/dkms/hid-playstation/README.md:174-218), com o backoff em unidades dos 3 s do BlueZ.","OS 16 FEATURE REPORTS FORAM LIDOS NOS QUATRO CONTROLES, POR RÁDIO, em 15/08/2026, com retry e validação de id. Os tamanhos saíram do próprio `report_descriptor` (payload + 1 byte de id), sem chute: 0x05 (41 B), 0x08 (48), 0x09 (20), 0x0b (42), 0x20 (64), 0x22 (64), 0x80 (64), 0x81 (64), 0x82 (10), 0x83 (64), 0xf0 (64), 0xf1 (64), 0xf2 (16), 0xf4 (64), 0xf5 (8), 0xf6 (547), 0xf7 (8). O CRC-32 de semente 0xA3 confere nos 12 reports capturados com CRC (0x09, 0x20 e 0x22 nos quatro): os dados são reais. O que cada um trouxe: 0x05 = calibração do IMU, per-unidade; 0x08 (48 B) = TODO ZERO, idêntico nos quatro; 0x09 = MAC do controle + `08 25 00` + MAC do host, constante; 0x0b = MAC + lista de pareamento; 0xf6 (547 B) = VAZIO (só o id não é zero); e 0x80, 0x81, 0x82, 0x83, 0xf0, 0xf1, 0xf2, 0xf4, 0xf5 e 0xf7 vieram IDÊNTICOS nos quatro (zeros ou constantes) SEM comando prévio — é por isso que a cor exige o SET_FEATURE 0x80 antes do GET. O zero do 0x08 e o vazio do 0xf6 são resultados NEGATIVOS e ficam registrados como medidos: quem for procurar identidade ali já sabe que não está. A mesa de 15/08/2026: QUATRO DualSense, os quatro por Bluetooth, re-pareados do zero depois de reset de fábrica. 14:3a:9a:00:00:ab (hidraw8, hw 0x00000711, BDM-050), 44:46:48:00:00:03 (hidraw5, hw 0x00000811, BDM-050), a0:fa:9c:00:00:f0 (hidraw10, hw 0x00000710, BDM-050) e d4:2f:4b:00:00:d8 (hidraw6, hw 0x00001111, BDM-060M).",src/hefesto_dualsense4unix/integrations/uhid_blueprint.py:106; assets/dkms/hid-playstation/README.md:174-218,"assets/dkms/hid-playstation/README.md:174-218, :463, :494","Esta linha é conhecimento de INSTRUMENTO, não de feature — e mora no mapa de propósito, porque foi aqui que a casa combinou guardar o que uma medição futura precisa saber antes de começar. Quem for medir qualquer feature report do DualSense lê esta linha primeiro.","O 0x08 (48 B) veio TODO ZERO e o 0xf6 (547 B) veio VAZIO (só o id não é zero), idênticos nos quatro. São resultados NEGATIVOS e ficam registrados como MEDIDOS: poupam a próxima pessoa de procurar identidade onde não há. Já os bytes 32-43 do 0x20 (`device_info[12]`) diferem por unidade e ninguém no mundo os decifrou — o printf está comentado no `dualsensectl` desde 2023. E o 0x22, no offset 45-51, traz ASCII (`AP4Y490`, `AP51877`) nos dois controles de `sw_series = 11` e BINÁRIO nos outros dois: o layout muda por série, e NÃO é código de cor.","`aciona = parcial` é literal: existe leitura, e ela é de diagnóstico. Não há retry nem validação de `buf[0]` no caminho de leitura do produto — o `feature_retries` que cura isto está no DKMS, e o próprio README dele diz que a forma nova ainda não foi validada.","O que ficou MEDIDO em 15/08/2026 é a LEITURA por rádio dos 16 reports com retry e validação de id, por instrumento externo, com o daemon do Hefesto de pé. NÃO é medição do produto fazendo isso: o Hefesto continua sem retry e sem validar `buf[0]`. E nenhuma ESCRITA foi feita em nenhum dos quatro controles.",,,,,,,,2026-08-15,aparelho,180,"Assimetria de EVIDÊNCIA e de CUSTO (15/08/2026). De evidência: o rádio foi medido nos quatro controles, o cabo não foi tocado nesta leva. De custo: por cabo o GET_FEATURE responde direto; por rádio ele sai pelo canal de controle L2CAP e cada falha custa 3,2-3,7 s no timeout do BlueZ — a mesma leitura que é trivial no fio precisa de até cinco tentativas no rádio.",,"15/08/2026: LINHA NOVA, e é aqui que ficou a REGRA DE LEITURA POR RÁDIO — retry por causa do timeout de 3 s do BlueZ, e validar `buf[0] == report_id` porque um dos quatro controles devolveu um report 0x80 no lugar do 0x20 pedido. MOTIVO da escolha do lugar: é conhecimento de instrumento e vale para toda medição futura, então precisava de um lugar que (a) o portão `check_paridade_transporte.py` leia, (b) saia publicado no `specs.html` e (c) apareça na família `identidade`, ao lado das linhas que dependem dele. Uma COLUNA nova serviria a (a) e (b), mas obrigaria a mexer no portão e no gerador, que não são desta leva — uma LINHA nova entrega os três sem tocar em código. `aciona = parcial` nos dois lados: o produto lê feature report, mas só em diagnóstico, e sem o retry nem a validação que esta linha descreve. Só `dualsense` — a régua foi medida neste aparelho, e o Pro e o 8BitDo têm outro protocolo.",identidade.leitura_de_feature@dualsense,
identidade.pareamento,dualsense,identidade,Pareamento / bond e esquecer o host,,,tem,sem linha no v1,,sim,,parcial,,outro,,,,,,"o salva-vidas de bonds é de SHELL, fora de `src/`: `scripts/bt_bonds_snapshot.sh` grava, `scripts/bt_bonds_restore.sh` devolve. Em `src/` não há uma linha de gestão de bond.",,inferido-do-codigo,,,,scripts/bt_bonds_snapshot.sh:1-40; scripts/bt_bonds_restore.sh:1-40,,"O `parcial` é o estado real: a gravação acontece sozinha, mas a VOLTA é manual por decisão declarada no cabeçalho do próprio script de restauro.",,Manual com sudo não é produto. O gatilho automático da volta continua em aberto.,,,,,,,,,,,,,"o v1 não tem linha desta chave para este controle; `existe` vem das linhas irmãs da mesma peça · 11/08: só o lado do RÁDIO foi respondido; parear/esquecer pelo CABO ninguém respondeu, e a célula fica muda",identidade.pareamento@dualsense,
identidade.pareamento,pro,identidade,Pareamento / bond e esquecer o host,,,tem,cabo+rádio,sim,sim,não,não,hidraw,hidraw,saída 0x01,saída 0x01,,"subcmds 0x01, 0x07, 0x08","mesmas constantes, mesmo report — nunca emitidas","MANUAL_BT_PAIRING 0x01 (três passos: manda o endereço do host, recebe o do controle, salva); RESET_PAIRING_INFO 0x07; LOW_POWER_MODE 0x08. NENHUM é emitido pelo Linux.",inferido-do-codigo,inferido-do-codigo,,o console manda `x08 00` após TODA conexão — desliga explicitamente o modo de baixa energia de transporte. O Linux nunca tira o controle desse estado.,assets/dkms/hid-nintendo/hid-nintendo.c:128-135,"assets/dkms/hid-nintendo/hid-nintendo.c:128, :134-135",,"Dá MECANISMO NOMEADO à hipótese ""o controle volta ao Switch e esquece este host"": o Switch reescreve a informação de pareamento por subcomando, e o BlueZ não fica sabendo.",,GRAU: ALTA para o Linux nunca emitir (verificado por grep); MÉDIA para a semântica de cada subcomando (fonte de comunidade).,,,"Pareamento manual, esquecer o host, HID OFF (0x01 / 0x07 / 0x08)","Pareamento manual, esquecer o host, HID OFF (0x01 / 0x07 / 0x08)",,,,,,,,,,identidade.pareamento@pro,pro.pareamento_manual_esquecer_o_host_hid_off_0x.bluetooth | pro.pareamento_manual_esquecer_o_host_hid_off_0x.usb
identidade.pareamento,sn30,identidade,Pareamento / bond e esquecer o host,,,tem,só rádio,,sim,,sim,,dbus,,,,,,BlueZ + `hefesto-bt-agent.service` (agente de pareamento do projeto). `ReconnectMode=device` é derivado dos atributos SDP que o PRÓPRIO controle publica,,medido,,,,docs/protocol/externos-referencia-canonica.md:890-928,,"Trocar de modo (Switch ↔ PS4) NÃO reaproveita o bond: são dois pareamentos distintos, e o bond do outro modo continua no BlueZ.",,"Medido em 25/07: com o controle pareado por BT e em uso pelo CABO, o BlueZ colecionou `Host is down (112)` e REMOVEU o device de `/var/lib/bluetooth/<adaptador>/`.",,MONTOU,,Pareamento / bond por Bluetooth,,,,,,,,,"o v1 só tem a linha do rádio — o lado do cabo está VAZIO porque ninguém respondeu, não porque é não",identidade.pareamento@sn30,sn30.pareamento_bond_por_bluetooth.bluetooth
identidade.req_dev_info,dualsense,identidade,REQ_DEV_INFO — endereço de rádio e tipo do controle,,,parcial,sem linha no v1,sim,sim,sim,sim,hidraw,hidraw,,feature 0x09 (20 B: 1 de id + 19 de payload — tamanho lido do `report_descriptor` destes quatro controles em 15/08/2026),,buf[0] = 0x09; buf[1..6] = MAC do controle em little-endian; buf[7..9] = `08 25 00` constante; buf[10..15] = MAC do host pareado. Conferido nos quatro em 15/08/2026.,"o endereço de rádio vem do `serial_number` do hidapi, que no DualSense é o MAC e é estável entre replugs; normalizado em `_key_to_uniq` e exposto por `primary_uniq`","a MESMA fonte — o código afirma que o controle real expõe o MAC (serial == HID_UNIQ) em USB E EM BT, e é por isso que não há divergência. 15/08/2026: CONFIRMADO NO APARELHO por outro caminho — o feature 0x09 lido por rádio nos quatro controles devolve o MAC do próprio controle mais o MAC do host, e os quatro MACs batem com os do `bluetoothctl`. REGRA DE LEITURA POR RÁDIO (medida em 15/08/2026, e vale para toda medição futura desta casa): GET_FEATURE por Bluetooth sai pelo canal de controle L2CAP e bate no REPORT_REQ_TIMEOUT de 3 s do BlueZ — cada falha custa 3,2-3,7 s, que é a assinatura. A cura é REPETIR: dos quatro controles, dois responderam na 1ª tentativa e um só respondeu na 5ª. E é OBRIGATÓRIO validar `buf[0] == report_id`: um dos quatro devolveu um report com id 0x80 no lugar do 0x20 pedido — resposta TROCADA, não erro. Sem essa validação parseia-se lixo com convicção. O tamanho do buffer NÃO era a causa: o diagnóstico antigo de ""o GET_FEATURE por rádio não responde"" era o timeout do transporte, e é a mesma medição que já justifica o `feature_retries` do DKMS desta casa.",inferido-do-codigo,medido,,"15/08/2026: A mesa de 15/08/2026: QUATRO DualSense, os quatro por Bluetooth, re-pareados do zero depois de reset de fábrica. 14:3a:9a:00:00:ab (hidraw8, hw 0x00000711, BDM-050), 44:46:48:00:00:03 (hidraw5, hw 0x00000811, BDM-050), a0:fa:9c:00:00:f0 (hidraw10, hw 0x00000710, BDM-050) e d4:2f:4b:00:00:d8 (hidraw6, hw 0x00001111, BDM-060M). O 0x09 dos quatro é constante entre leituras e distinto entre unidades — é o endereço de rádio, e é a única identidade por-unidade que sai de graça, sem comando prévio. Os outros candidatos a identidade foram DESCARTADOS no mesmo dia: HID_ID/PID é idêntico nos quatro (054C:0CE6, lido do `uevent`); o registro do BlueZ (`/var/lib/bluetooth/.../info`) é byte a byte idêntico (Vendor=1356 Product=3302 Version=256); o `iSerialNumber` do USB NÃO é o serial do produto — é o MAC em 12 hex (SDL, SDL_hidapi_ps5.c:391-403); o part number impresso (CFI-ZCT1W) não aparece em report nenhum; e o prefixo do MAC é fornecedor de rádio/lote, sem fonte nenhuma ligando-o à cor.","src/hefesto_dualsense4unix/core/backend_pydualsense.py:1143, :1448, :3545; src/hefesto_dualsense4unix/core/evdev_reader.py:634","src/hefesto_dualsense4unix/core/backend_pydualsense.py:1862, :3545; src/hefesto_dualsense4unix/core/sysfs_leds.py:335","O `parcial` do `existe` é de VOCABULÁRIO: o DualSense não tem o subcomando REQ_DEV_INFO (isso é hid-nintendo). A informação equivalente — endereço de rádio e tipo — existe e é lida, por outro caminho. O feature 0x09 do FÍSICO só é lido no diagnóstico; em regime o 0x09 é ESCRITO no vpad com MAC forjado.",idem,,"15/08/2026: o que ficou medido é a LEITURA do endereço por rádio, com instrumento externo e o daemon de pé. O produto continua tirando o `uniq` do `serial_number` do hidapi, não do feature 0x09 — a medição CONFIRMA a fonte, não muda o caminho. E o lado do cabo não foi medido neste dia: os quatro controles estavam por Bluetooth.",,,,,tests/unit/test_backend_multi_controller.py::TestDescribeControllers::test_descreve_cada_controle,"OS DOIS: o teste monta dois handles com serial de hidapi (o MAC) e exige que `describe_controllers` devolva o `uniq` normalizado (minúsculo, sem `:`) de cada um, um marcado `usb` e o outro `bt`, com o primário certo. Quebrar a normalização, perder o serial ou trocar o transporte reprova. O irmão `test_uniq_none_para_key_por_path` cobre o caso sem serial, em que o `uniq` tem de ser None em vez de virar MAC falso.",,2026-08-15,aparelho,180,"Assimetria de EVIDÊNCIA (15/08/2026): os dois lados acionam igual e pelo mesmo código, sem gate de transporte. O rádio subiu para `medido` porque o 0x09 foi lido nos quatro controles por Bluetooth; o cabo continua `inferido-do-codigo` porque nenhum dos quatro esteve no fio neste dia.",,"o v1 não tem linha desta chave para este controle; `existe` vem das linhas irmãs da mesma peça · 11/08: respondido por auditoria de código; `existe` passou de `desconhecido` para `parcial` porque o subcomando não existe mas a informação existe · 15/08/2026: MOTIVO — o feature 0x09 foi lido por rádio nos quatro controles e devolveu MAC do controle + MAC do host, batendo com o `bluetoothctl`; `radio_confianca` subiu para `medido`. A linha ganhou `teste_que_morde` no mesmo gesto, porque afirmação forte sem rede é o defeito que este portão existe para pegar — o nó apontado já existia e cobre exatamente a normalização de MAC descrita em `cabo_comando`.",identidade.req_dev_info@dualsense,
identidade.req_dev_info,pro,identidade,REQ_DEV_INFO — endereço de rádio e tipo do controle,,,tem,ambos,sim,sim,não,não,hidraw,hidraw,"saída 0x01 (subcmd 0x02), entrada 0x21","saída 0x01 (subcmd 0x02), entrada 0x21",MAC = 6 bytes a partir de `subcmd_reply.data[4]`; tipo do controle = `subcmd_reply.data[2]`,MAC = 6 bytes a partir de `subcmd_reply.data[4]`; tipo do controle = `subcmd_reply.data[2]`,subcomando 0x02 no report de saída 0x01; resposta no 0x21,subcomando 0x02 no report de saída 0x01; resposta no 0x21,inferido-do-codigo,inferido-do-codigo,,,assets/dkms/hid-nintendo/hid-nintendo.c:2699-2741,assets/dkms/hid-nintendo/hid-nintendo.c:2699-2741,O tipo é lido DALI e não do PID porque o NSO Genesis mente o PID entre USB e Bluetooth.,O tipo é lido DALI e não do PID porque o NSO Genesis mente o PID entre USB e Bluetooth.,"É o único ponto onde uso `ambos` — o subcomando é bit a bit o mesmo, e não achei nenhum ramo de bus nele. Se aparecer divergência medida, esta linha vira duas.","É o único ponto onde uso `ambos` — o subcomando é bit a bit o mesmo, e não achei nenhum ramo de bus nele. Se aparecer divergência medida, esta linha vira duas.",,,REQ_DEV_INFO — endereço de rádio e tipo do controle,REQ_DEV_INFO — endereço de rádio e tipo do controle,,,,,,,,,família no v1: plataforma,identidade.req_dev_info@pro,pro.req_dev_info_endere_o_de_r_dio_e_tipo_do_con.ambos
identidade.req_dev_info,sn30,identidade,REQ_DEV_INFO — endereço de rádio e tipo do controle,,,parcial,sem linha no v1,,,,,,,,,,,,,,,,,,,,,,,,,,,,,,,,,,,o v1 não tem linha desta chave para este controle; `existe` vem das linhas irmãs da mesma peça · irmãs: `identidade.req_dev_info.fallback`,identidade.req_dev_info@sn30,
identidade.req_dev_info.fallback,dualsense,identidade,Identidade quando o REQ_DEV_INFO não responde (endereço sintético),,,nao-tem,sem linha no v1,não,não,parcial,parcial,evdev,evdev,,,,,"não há endereço sintético para o DualSense: o fallback é uma chave VOLÁTIL por caminho (`path:<path>`) quando o `uniq` não vem, e ela nunca é persistida",idêntico,inferido-do-codigo,inferido-do-codigo,,,"src/hefesto_dualsense4unix/core/evdev_reader.py:586, :634; src/hefesto_dualsense4unix/core/backend_pydualsense.py:3545","src/hefesto_dualsense4unix/core/evdev_reader.py:586, :634; src/hefesto_dualsense4unix/daemon/subsystems/identity.py:67",A razão está escrita no código: esta perna é fechada em vendor e o `hid_playstation` NÃO FABRICA endereço. O detector de endereço sintético (`_is_synthetic_uniq`) é do hid-nintendo e só é chamado na espécie `external`.,idem,"`aceita=não` com `aciona=parcial` é legítimo aqui: o aparelho não oferece endereço sintético e o produto compensa com uma chave volátil, que resolve a sessão e não resolve a identidade.",,,,,,,,,,,,,,"o v1 não tem linha desta chave para este controle; a peça existe, mas ninguém mediu ESTE aspecto — herdar das irmãs seria afirmar prova que não houve · 11/08: respondido por auditoria de código",identidade.req_dev_info.fallback@dualsense,
identidade.req_dev_info.fallback,pro,identidade,Identidade quando o REQ_DEV_INFO não responde (endereço sintético),,,tem,sem linha no v1,,,,,,,,,,,,,,,,,,,,,,,,,,,,,,,,,,,o v1 não tem linha desta chave para este controle; a resposta mora em `identidade.req_dev_info` — `existe` foi herdado de lá · irmãs: `identidade.req_dev_info`,identidade.req_dev_info.fallback@pro,
identidade.req_dev_info.fallback,sn30,identidade,Identidade quando o REQ_DEV_INFO não responde (endereço sintético),,,parcial,só cabo,parcial,,sim,,sysfs,,,,,,"com `usb_probe_degrade=1`, `joycon_synthesize_info` tira o tipo do PID e fabrica `02` + VID(2B) + PID(2B) + bus(1B) — no caso `02:05:7E:00:00:03` (mascarado; os octetos 4-5 são o PID 0x2009). Bit 'localmente administrado' ligado",,inferido-do-codigo,,,,assets/dkms/hid-nintendo/hid-nintendo.c:2754-2830; src/hefesto_dualsense4unix/daemon/subsystems/external_identity.py:110-148,,"O Hefesto trata primeiro-octeto `02` como identidade VOLÁTIL: vale como sessão e NUNCA vai ao disco, porque é a tupla (VID, PID, bus) fantasiada de endereço — persistir gravaria uma FUSÃO de aparelhos.",,Dois clones idênticos plugados ao mesmo tempo recebem o MESMO endereço; o próprio comentário do driver admite.,,MONTOU,,Identidade quando o REQ_DEV_INFO não responde (endereço sintético),,,,,,,,,,"o v1 só tem a linha do cabo — o lado do rádio está VAZIO porque ninguém respondeu, não porque é não",identidade.req_dev_info.fallback@sn30,sn30.identidade_quando_o_req_dev_info_n_o_respond.usb
identidade.revisao_de_placa,dualsense,identidade,Revisão de placa (`hardware_version` do sysfs) — NÃO é a cor,,,tem,cabo+rádio,sim,sim,não,não,sysfs,sysfs,sem report próprio — o valor vem do feature 0x20 lido UMA vez na probe,"idem: feature 0x20 na probe, publicado depois pelo sysfs",bytes 24-27 do feature 0x20 (`hardware_info` u32),"os mesmos bytes 24-27, com o CRC-32 de semente 0xA3 conferido antes","`cat /sys/class/hidraw/hidrawN/device/hardware_version`. De graça, sem root, sem parar o daemon e sem disputar o hidraw: quem publica é o `hid_playstation`, por um `DEVICE_ATTR_RO` do grupo `ps_device_attrs`.",o mesmo nó de sysfs — não há diferença de transporte na leitura,medido,medido,"A rota é a mesma dos dois lados e é do KERNEL, não deste projeto: assets/dkms/hid-playstation/hid-playstation.c:1120-1147 (os dois `DEVICE_ATTR_RO`) alimentados pelo 0x20 lido em :1904. Registrado aqui porque é a leitura mais barata de identidade que existe — e a mais fácil de usar errado.","MEDIDO nos QUATRO controles em 15/08/2026, todos por Bluetooth: 14:3a:9a:00:00:ab -> 0x00000711 (BDM-050), 44:46:48:00:00:03 -> 0x00000811 (BDM-050), a0:fa:9c:00:00:f0 -> 0x00000710 (BDM-050), d4:2f:4b:00:00:d8 -> 0x00001111 (BDM-060M). Os quatro valores são DIFERENTES.","assets/dkms/hid-playstation/hid-playstation.c:1120-1147, :1904","assets/dkms/hid-playstation/hid-playstation.c:1120-1147, :1904","O byte `(hw >> 16) & 0xFF` — o que a struct da comunidade chama de *Variation* — é 0x00 nos quatro. O que varia é *Generation*, a revisão de placa. É chave de DIAGNÓSTICO (qual revisão de hardware estou depurando), não fonte de identidade estável.",O Hefesto NÃO lê este nó: `hardware_version` não aparece uma vez em src/ (conferido em 15/08/2026). Daí o `aciona = não` dos dois lados.,"NÃO É A COR, e a distinção é importante: hoje ele separa os quatro controles dela por ACASO DE LOTE. Dois controles da MESMA COR comprados juntos teriam o MESMO valor, e quem usar isto para nomear jogador vai ver dois ""controles iguais"" no dia em que ela comprar um par. A cor de verdade está em `identidade.cor_do_aparelho@dualsense`.","Mesma ressalva. E há uma segunda armadilha, medida em 15/08/2026 e registrada aqui para ninguém tropeçar nela: `src/hefesto_dualsense4unix/integrations/uhid_blueprint.py` fossiliza `hw_version = 0x0710` em TODO vpad forjado, então os quatro vpads afirmam ao kernel ser a placa do controle ROXO dela. Não é defeito hoje — é impressão digital duplicada, e derruba qualquer plano de distinguir vpads por este campo. NÃO consertado nesta leva: src/ é de outro agente.",,,,,,,,2026-08-15,aparelho,180,,,"15/08/2026: LINHA NOVA. MOTIVO — o `hardware_version` distinguiu os quatro controles de graça, sem root e sem parar o daemon, e por isso vai ser reencontrado e usado como ""a cor"" por quem vier depois. A linha existe para que o achado venha com o aviso colado: é revisão de placa, não cor. `medido` nos dois lados porque a leitura é do sysfs e não depende do transporte — os quatro estavam por rádio, e o valor sai igual pelo fio. `aciona = não` porque o produto não lê este nó.",identidade.revisao_de_placa@dualsense,
luz.led_home,dualsense,luz,LED do botão HOME / PS iluminado,ps,,nao-tem,ambos,não,não,não,não,outro,outro,—,—,—,—,O DualSense NÃO TEM LED de Home separado. O botão PS não é uma lâmpada endereçável; as luzes do aparelho são a lightbar (RGB) e os cinco player-LEDs brancos.,O DualSense NÃO TEM LED de Home separado. O botão PS não é uma lâmpada endereçável; as luzes do aparelho são a lightbar (RGB) e os cinco player-LEDs brancos.,inferido-do-codigo,inferido-do-codigo,"O caminho DualSense do hid-playstation registra `player_leds[5]` e o LED multicolor `:rgb:indicator`, e mais nada. O `:blue:player-5` que É um LED HOME pertence ao Nintendo Pro (hid-nintendo, subcomando 0x38), não a este controle.","O caminho DualSense do hid-playstation registra `player_leds[5]` e o LED multicolor `:rgb:indicator`, e mais nada. O `:blue:player-5` que É um LED HOME pertence ao Nintendo Pro (hid-nintendo, subcomando 0x38), não a este controle.",,,AUSÊNCIA DE HARDWARE.,AUSÊNCIA DE HARDWARE.,"O writer de externos do Hefesto trata o `:blue:player-5` do Pro como bit ""+5"" de jogador quando ele é o LED HOME de escala 0-15. Defeito conhecido, hoje inerte porque a luz dos externos está calada.","O writer de externos do Hefesto trata o `:blue:player-5` do Pro como bit ""+5"" de jogador quando ele é o LED HOME de escala 0-15. Defeito conhecido, hoje inerte porque a luz dos externos está calada.",,,LED de HOME / botão PS iluminado,LED de HOME / botão PS iluminado,,,,,,,,,,luz.led_home@dualsense,dualsense.led_de_home_bot_o_ps_iluminado.ambos
luz.led_home,pro,luz,LED do botão HOME / PS iluminado,home,BTN_MODE,tem,cabo+rádio,sim,sim,não,não,sysfs,sysfs,saída 0x01,saída 0x01,"subcmd 0x38; data = [0x01, brilho<<4, brilho|(brilho<<4), 0x11, 0x11]","subcmd 0x38, 5 bytes de argumento","subcomando SET_HOME_LIGHT = 0x38, CINCO bytes de argumento, no report de saída 0x01. Nó `<inst-hid>:blue:player-5`, `max_brightness = 15` (é um programa de PWM, não um liga/desliga).","mesmo subcomando 0x38 — e é um subcomando A MAIS, somado aos quatro dos verdes: cinco subcomandos por chamada de `write_player_number`, cada um com ≥60 ms de janela",medido,medido,max_brightness = 0xF medido em /sys/class/leds/*057E*/max_brightness; registrado só quando `jc_type_has_right(ctlr)`,,"assets/dkms/hid-nintendo/hid-nintendo.c:1232-1249, :2573-2588; src/hefesto_dualsense4unix/core/external_leds.py:41-57, :98-144",assets/dkms/hid-nintendo/hid-nintendo.c:2573-2588; src/hefesto_dualsense4unix/core/external_leds.py:126-138,"O NOME MENTE: o kernel monta o nó com `LED_FUNCTION_PLAYER5`, mas NÃO é um quinto jogador — é o LED HOME, subcomando SEPARADO dos verdes.",É a ORIGEM MEDIDA do bombardeio de subcomando que matava o 8BitDo por rádio.,"DEFEITO CONHECIDO NO NOSSO WRITER: `write_player_number` escreve `1` nesse nó para significar ""some 5 aos verdes"" (R-25). Escrever 1 num nó de 15 degraus acende o HOME no brilho mínimo. Hoje inerte (portão fechado); o doc marca como ""não voltar sem corrigir"".","A documentação pública descreve o 0x38 completo com 25 bytes de argumento (ciclos, duração, intensidades, transição); o Linux manda a versão curta de 5. GRAU MÉDIA para os 25 bytes — fonte única de comunidade.",,,LED HOME (a lâmpada AZUL do anel do botão Home),LED HOME (a lâmpada AZUL do anel do botão Home),,,,,,,,,,luz.led_home@pro,pro.led_home_a_l_mpada_azul_do_anel_do_bot_o_hom.usb | pro.led_home_a_l_mpada_azul_do_anel_do_bot_o_hom.bluetooth
luz.led_home,sn30,luz,LED do botão HOME / PS iluminado,home,BTN_MODE,desconhecido,cabo+rádio,desconhecido,desconhecido,não,não,sysfs,sysfs,"saída 0x01, subcmd 0x38","saída 0x01, subcmd 0x38",,,"`echo 0..15 > /sys/class/leds/<inst>:blue:player-5/brightness` → subcomando 0x38 (SET_HOME_LIGHT), 5 bytes `01, b<<4, b|(b<<4), 0x11, 0x11`. É subcomando SEPARADO do dos verdes","mesmo nó e mesmo subcomando 0x38, com o rate limiter de 60 ms",inferido-do-codigo,inferido-do-codigo,"MEDIDO 11/08, com o clone no cabo: o nó `0003:057E:2009.0008:blue:player-5` EXISTE e tem `max_brightness=15` (assets/dkms/hid-nintendo/hid-nintendo.c:2586). Isso prova o NÓ, e só o nó.","não medido: em 11/08 o clone esteve na mesa só pelo cabo. O registro do nó não tem gate de transporte no fonte, mas isso é leitura de código, não medição.","assets/dkms/hid-nintendo/hid-nintendo.c:143, :1233-1250, :747, :2573-2586","assets/dkms/hid-nintendo/hid-nintendo.c:143, :1233-1250, :747, :2573-2586","O nó é registrado sempre que `jc_type_has_right` (verdadeiro para o tipo PRO, que é o que o clone vira pelo PID) — a EXISTÊNCIA do nó não prova que há lâmpada Home no plástico do SN30 Pro.","Idem: o nó é registrado por TIPO, e o tipo do clone foi sintetizado a partir do PID — `jc_type_has_right()` (assets/dkms/hid-nintendo/hid-nintendo.c:747) respondeu ""sim"" sem que o aparelho confirmasse nada.","DEFEITO CONHECIDO do Hefesto: `write_player_number` escreve `1` neste nó como bit '+5' da numeração, quando ele é o LED HOME de escala 0-15 — ou seja, 1/15 de brilho no anel de Home. GRAU ALTA de que está errado; hoje calado pelo portão. Não voltar sem corrigir. E a LÂMPADA continua SEM PROVA: o nó existir não acende plástico nenhum — é a P-4 da canônica dos externos e o `A-LÂMPADA-DO-CLONE-01` do índice de 11/08, cinco segundos de olho.","Idem: nó registrado por tipo, não por hardware. Sem medição do plástico.",,,"LED HOME (nó `:blue:player-5`, brilho 0–15)","LED HOME (nó `:blue:player-5`, brilho 0–15)",,,,2026-08-11,aparelho,180,"Só o CABO foi medido. Os dois lados de `aciona` dizem `não` pelo mesmo motivo — o produto não aciona o Home LED corretamente em transporte nenhum —, então a divergência é de EVIDÊNCIA, não de comportamento.",,"11/08 (A-11): o NÓ entrou como medido; o `existe` fica `desconhecido` de propósito, porque a pergunta desta chave é a LÂMPADA, e ela é de olho dela. Nó medido não é lâmpada provada.",luz.led_home@sn30,sn30.led_home_n_blue_player_5_brilho_0_15.usb | sn30.led_home_n_blue_player_5_brilho_0_15.bluetooth
luz.led_jogador,dualsense,luz,LED de jogador (as lâmpadas de numeração),led-jogador,,tem,cabo+rádio,sim,sim,sim,sim,hidraw,hidraw,0x02 (fallback),—,common[43] = report[44]; flag1 0x10,—,"Preferida: sysfs — escrever 0/1 em /sys/class/leds/<inputN>:white:player-1..5/brightness. Fallback: output 0x02, common[43], flag1 bit 0x10. IPC `led.player_set {bits:[bool]*5}`.",ÚNICA rota: sysfs <inputN>:white:player-1..5/brightness. A rota hidraw é suprimida incondicionalmente por BT.,medido,medido,"ACEITE DELA em 11/08/2026, com um jogo em sessão (AppId 1599660, na allowlist de exceção de Steam Input) e QUATRO controles na mesa: ""na hora do vamos ver os 4 conectaram certinho. cada qual com seu player rumble e afins"". Medido no mesmo instante, por scripts/medir_steam_virtual_gamepad.sh e varredura de /sys/class/input: dois DualSense físicos, DOIS vpads do Hefesto (P1 e P2) e ZERO espelhos Xbox da Steam; o jogo recebeu SDL_GAMECONTROLLER_IGNORE_DEVICES=0x054c/0x0ce6 (esconde o físico) e PROTON_DISABLE_HIDRAW=0x054C/0x0CE6 (sem tocar no 0x0DF2 do vpad).","ACEITE DELA em 11/08/2026, com um jogo em sessão (AppId 1599660, na allowlist de exceção de Steam Input) e QUATRO controles na mesa: ""na hora do vamos ver os 4 conectaram certinho. cada qual com seu player rumble e afins"". Medido no mesmo instante, por scripts/medir_steam_virtual_gamepad.sh e varredura de /sys/class/input: dois DualSense físicos, DOIS vpads do Hefesto (P1 e P2) e ZERO espelhos Xbox da Steam; o jogo recebeu SDL_GAMECONTROLLER_IGNORE_DEVICES=0x054c/0x0ce6 (esconde o físico) e PROTON_DISABLE_HIDRAW=0x054C/0x0CE6 (sem tocar no 0x0DF2 do vpad). Medido por ela em 09/08: a escrita do player-LED NÃO é quem derruba a lightbar (hipótese dela, eliminada com variável única, instrumento `player-leds off/on`).","core/sysfs_leds.py:225-232; core/backend_pydualsense.py:820, :2745-2780",core/backend_pydualsense.py:1890-1893; assets/77-dualsense-leds.rules,"MEDIDO 11/08/2026 no aparelho dela, com o daemon PARADO para ninguem poder culpar o daemon. A distincao importa e custou a sessão inteira: a ESCRITA por sysfs não produz efeito visivel no aparelho, e a LEITURA e cache puro — dualsense_player_led_get_brightness (hid-playstation.c:1348-1354) devolve uma variavel em RAM do kernel, sem ida nenhuma ao aparelho. A rota HID, essa, CHEGA: escrever o report com valid_flag1=0x10 e o byte 43 muda o aparelho na hora (provado por pisca de 20s que ela viu, e por apagar tudo e ela confirmar). CONSEQUENCIA: `cat` naquele no devolve o que foi escrito, nunca o que o aparelho faz — e qualquer diagnostico que confie nele mente, inclusive doctor.sh:497. Vale nos DOIS transportes: o cabo recebeu 0x02 de 64 B e o radio 0x31 de 78 B com CRC.","MEDIDO 11/08/2026 no aparelho dela, com o daemon PARADO para ninguem poder culpar o daemon. A distincao importa e custou a sessão inteira: a ESCRITA por sysfs não produz efeito visivel no aparelho, e a LEITURA e cache puro — dualsense_player_led_get_brightness (hid-playstation.c:1348-1354) devolve uma variavel em RAM do kernel, sem ida nenhuma ao aparelho. A rota HID, essa, CHEGA: escrever o report com valid_flag1=0x10 e o byte 43 muda o aparelho na hora (provado por pisca de 20s que ela viu, e por apagar tudo e ela confirmar). CONSEQUENCIA: `cat` naquele no devolve o que foi escrito, nunca o que o aparelho faz — e qualquer diagnostico que confie nele mente, inclusive doctor.sh:497. Vale nos DOIS transportes: o cabo recebeu 0x02 de 64 B e o radio 0x31 de 78 B com CRC.","P4 RESOLVIDO em 11/08/2026 pelo FONTE do driver, e não por observação: assets/dkms/hid-playstation/hid-playstation.c:1836-1842 traz player_ids[3] = BIT(4)|BIT(3)|BIT(1)|BIT(0) = 0b11011 = xx-xx. O CODIGO DESTA CASA ESTAVA CERTO (core/led_control.py:105-114); o x-xx- que a canonica atribuia ao jogador 4 e o _PLAYER_LED_OVERFLOW (led_control.py:119). A tabela do driver e 4, 10, 21, 27, 31, e as cinco figuras sao PALINDROMOS — não ha como errar por orientacao, o que torna a pergunta ""esquerda ou direita"" mal formulada desde o inicio. FICA REGISTRADO, para ninguem repetir o caminho: quatro tentativas de ler o padrão por olho falharam antes disso, porque foram escritos valores (0x02, 0x08, 0x05, 0x01, 0x10) que a tabela do driver não produz.","P4 RESOLVIDO em 11/08/2026 pelo FONTE do driver, e não por observação: assets/dkms/hid-playstation/hid-playstation.c:1836-1842 traz player_ids[3] = BIT(4)|BIT(3)|BIT(1)|BIT(0) = 0b11011 = xx-xx. O CODIGO DESTA CASA ESTAVA CERTO (core/led_control.py:105-114); o x-xx- que a canonica atribuia ao jogador 4 e o _PLAYER_LED_OVERFLOW (led_control.py:119). A tabela do driver e 4, 10, 21, 27, 31, e as cinco figuras sao PALINDROMOS — não ha como errar por orientacao, o que torna a pergunta ""esquerda ou direita"" mal formulada desde o inicio. FICA REGISTRADO, para ninguem repetir o caminho: quatro tentativas de ler o padrão por olho falharam antes disso, porque foram escritos valores (0x02, 0x08, 0x05, 0x01, 0x10) que a tabela do driver não produz.",MONTOU,MONTOU,LED de jogador (5 lâmpadas),LED de jogador (5 lâmpadas),tests/unit/test_paridade_transporte_player_led.py::test_o_padrao_do_jogador_sai_no_byte_certo_nos_dois,"OS DOIS, por dentro do envelope: os cinco padrões (P1=4, P2=10, P3=21, P4=27, ALL=31) têm de sair em common[43] com o bit 0x10 do flag1. Mais forte que a rota sysfs, que não toca o report.",,2026-08-11,aparelho,180,"Sem assimetria de transporte para o player LED: cabo e radio obedecem ao mesmo byte 43 sob valid_flag1=0x10, so o envelope muda. MEDIDO 11/08/2026.",,,luz.led_jogador@dualsense,dualsense.led_de_jogador_5_l_mpadas.usb | dualsense.led_de_jogador_5_l_mpadas.bluetooth
luz.led_jogador,pro,luz,LED de jogador (as lâmpadas de numeração),led-jogador,,tem,cabo+rádio,sim,sim,não,não,sysfs,sysfs,saída 0x01 (rumble + subcomando),saída 0x01,subcmd 0x30; data[0] = (flash<<4)|on; JC_NUM_LEDS = 4,subcmd 0x30; JC_SUBCMD_RATE_LIMITER_BT_MS = 60; JC_SUBCMD_RATE_MAX_ATTEMPTS = 25,"subcomando SET_PLAYER_LIGHTS = 0x30, UM byte de argumento `(flash << 4) | on`, dentro do report de saída 0x01. Exposto como quatro nós `<inst-hid>:green:player-1..4`, `max_brightness = 1`.","mesmo subcomando 0x30 no mesmo report 0x01 — MAS cada subcomando custa ≥60 ms de janela de TX (contra 20 ms no cabo), e o driver ainda exige 3 relatórios de entrada consecutivos com delta de 8–17 ms antes de liberar",medido,medido,"Foto do aparelho dela em 11/08/2026: quatro LED numa faixa recuada na aresta frontal, entre os grips, no vao que os ombros deixam. No Pro, dois acesos e dois apagados; no SN30, três acesos e um apagado. Posicao desenhada em assets/control-svg a partir dos marcos do próprio desenho (o vao entre os ombros), não de estimativa. a leitura da constante mora no TICK (`ExternalLedSync`), não em `apply_player_number`, de propósito — a capacidade fica viva e testável","Foto do aparelho dela em 11/08/2026: quatro LED numa faixa recuada na aresta frontal, entre os grips, no vao que os ombros deixam. No Pro, dois acesos e dois apagados; no SN30, três acesos e um apagado. Posicao desenhada em assets/control-svg a partir dos marcos do próprio desenho (o vao entre os ombros), não de estimativa. sem `subcmd_silence_streak_max=3` (remendo desta casa), UMA escrita de LED num controle calado custa 4 × 25 × 500 ms = 50 segundos segurando o `output_mutex`","assets/dkms/hid-nintendo/hid-nintendo.c:1219-1230, :2466-2510; src/hefesto_dualsense4unix/core/external_leds.py:98-144; src/hefesto_dualsense4unix/daemon/subsystems/external_identity.py:194, :1244-1262","assets/dkms/hid-nintendo/hid-nintendo.c:971-1047, :883-911; src/hefesto_dualsense4unix/daemon/subsystems/external_identity.py:194","MEDIDO 11/08/2026, observação dela no aparelho: os quatro LED de jogador do Pro e do 8BitDo sao CUMULATIVOS — o player N acende os N PRIMEIROS da esquerda para a direita (player 3 = três acesos). Confere com core/external_leds.py:129-131, que escreve `1 if i <= verdes else 0`. A observação CONFIRMA o código em vez de contradize-lo, e por isso a celula sobe de inferido-do-código para medido. ATENCAO: isto NAO vale para o DualSense, que usa padrão simetrico (led_control.py:105-114) — sao duas semanticas diferentes na mesma coluna do mapa. O CÓDIGO existe e funciona (`write_player_number` → `_set_brightness` nos quatro nós), mas o portão `EXTERNAL_PLAYER_LED_ENABLED = False` está FECHADO desde 07/08/2026 02:59 — DECISÃO DELA, por princípio: o produto para de acender número de jogador nos externos enquanto eles não forem jogadores de verdade.","MEDIDO 11/08/2026, observação dela no aparelho: os quatro LED de jogador do Pro e do 8BitDo sao CUMULATIVOS — o player N acende os N PRIMEIROS da esquerda para a direita (player 3 = três acesos). Confere com core/external_leds.py:129-131, que escreve `1 if i <= verdes else 0`. A observação CONFIRMA o código em vez de contradize-lo, e por isso a celula sobe de inferido-do-código para medido. ATENCAO: isto NAO vale para o DualSense, que usa padrão simetrico (led_control.py:105-114) — sao duas semanticas diferentes na mesma coluna do mapa. Mesma decisão dela: portão fechado. Antes de fechar, era AQUI que o bombardeio matava o rádio.",CUSTO MEDIDO: escrever UM nó verde recompõe o bitmap dos QUATRO e manda um subcomando 0x30 — quatro subcomandos redundantes por chamada. Calar a luz curou de tabela 348 recusas de subcomando (06-07/08) → ZERO desde 15:27:48 de 07/08.,,,,LED de jogador — as QUATRO lâmpadas VERDES,LED de jogador — as QUATRO lâmpadas VERDES,,,,2026-08-11,aparelho,180,,,,luz.led_jogador@pro,pro.led_de_jogador_as_quatro_l_mpadas_verdes.usb | pro.led_de_jogador_as_quatro_l_mpadas_verdes.bluetooth
luz.led_jogador,sn30,luz,LED de jogador (as lâmpadas de numeração),led-jogador,,tem,cabo+rádio,sim,sim,não,não,sysfs,sysfs,"saída 0x01, subcmd 0x30","saída 0x01, subcmd 0x30",,,"`echo 0|1 > /sys/class/leds/<inst>:green:player-{1..4}/brightness` (inst = `0003:057E:2009.XXXX`, `max_brightness=1`). Cada escrita recompõe o bitmap dos quatro e emite UM subcomando 0x30 (SET_PLAYER_LIGHTS), payload de 1 byte `(flash<<4)|on`","mesmo caminho sysfs → subcomando 0x30, mas cada subcomando paga o rate limiter de 60 ms + janela de TX; com o firmware clone é onde as recusas `-110`/`ETIMEDOUT` aparecem",medido,medido,"Foto do aparelho dela em 11/08/2026: quatro LED numa faixa recuada na aresta frontal, entre os grips, no vao que os ombros deixam. No Pro, dois acesos e dois apagados; no SN30, três acesos e um apagado. Posicao desenhada em assets/control-svg a partir dos marcos do próprio desenho (o vao entre os ombros), não de estimativa. `EXTERNAL_PLAYER_LED_ENABLED = False` (external_identity.py:194) — decisão dela de 07/08/2026: zero escritas, sem apagar","Foto do aparelho dela em 11/08/2026: quatro LED numa faixa recuada na aresta frontal, entre os grips, no vao que os ombros deixam. No Pro, dois acesos e dois apagados; no SN30, três acesos e um apagado. Posicao desenhada em assets/control-svg a partir dos marcos do próprio desenho (o vao entre os ombros), não de estimativa. src/hefesto_dualsense4unix/core/external_leds.py:198-260 (nota datada de 07/08/2026)","assets/dkms/hid-nintendo/hid-nintendo.c:1219-1230, :2536-2555; src/hefesto_dualsense4unix/core/external_leds.py:98-134","assets/dkms/hid-nintendo/hid-nintendo.c:968-1047, :2536-2555","MEDIDO 11/08/2026, observação dela no aparelho: os quatro LED de jogador do Pro e do 8BitDo sao CUMULATIVOS — o player N acende os N PRIMEIROS da esquerda para a direita (player 3 = três acesos). Confere com core/external_leds.py:129-131, que escreve `1 if i <= verdes else 0`. A observação CONFIRMA o código em vez de contradize-lo, e por isso a celula sobe de inferido-do-código para medido. ATENCAO: isto NAO vale para o DualSense, que usa padrão simetrico (led_control.py:105-114) — sao duas semanticas diferentes na mesma coluna do mapa. A regra `assets/79-external-controller-leds.rules` faz `chmod 0666` no `brightness` de `*057E:*:green:player-*` — é o que torna a escrita possível sem sudo. O Hefesto INSTALA a regra e hoje NÃO escreve nada.","MEDIDO 11/08/2026, observação dela no aparelho: os quatro LED de jogador do Pro e do 8BitDo sao CUMULATIVOS — o player N acende os N PRIMEIROS da esquerda para a direita (player 3 = três acesos). Confere com core/external_leds.py:129-131, que escreve `1 if i <= verdes else 0`. A observação CONFIRMA o código em vez de contradize-lo, e por isso a celula sobe de inferido-do-código para medido. ATENCAO: isto NAO vale para o DualSense, que usa padrão simetrico (led_control.py:105-114) — sao duas semanticas diferentes na mesma coluna do mapa. Medido em 07/08 no Pro genuíno: 3 de 5 escritas falharam com `-110` e o leitor de sysfs continuou mostrando o padrão PEDIDO — o `brightness` guarda o pedido, nunca reverte na falha.",Uma chamada de `write_player_number` custa 5 escritas de sysfs = 5 subcomandos (4 verdes redundantes + 1 azul). Foi a origem medida do bombardeio.,"Não existe, em ponto nenhum da árvore, caminho que saiba que uma escrita de player-LED falhou.",,,LED de jogador — as 4 lâmpadas verdes,LED de jogador — as 4 lâmpadas verdes,,,,2026-08-11,aparelho,180,"Diverge porque o FIRMWARE CLONE engasga com o protocolo de subcomando do hid-nintendo quando o transporte é rádio. Medido em 16/07/2026, com e sem Steam: por cabo a instância USB é PROVADA estável, sem um único timeout; por rádio a assinatura da morte é dezenas de `timeout waiting for input report` culminando em `joycon_enforce_subcmd_rate: exceeded max attempts`, com o `bluetoothctl` ainda dizendo `Connected: yes`. O canal em si é idêntico nos dois — quem quebra é o link. A recomendação da casa por rádio é trocar para o modo DirectInput/PS4. Aqui há um agravante próprio: cada escrita de player-LED emite UM subcomando 0x30, e por rádio cada subcomando paga o limitador de 60 ms mais a janela de TX — é onde as recusas `-110`/`ETIMEDOUT` aparecem. E não existe, em ponto nenhum da árvore, caminho que saiba que uma escrita de player-LED FALHOU: o `brightness` guarda o pedido e nunca reverte.",,,luz.led_jogador@sn30,sn30.led_de_jogador_as_4_l_mpadas_verdes.usb | sn30.led_de_jogador_as_4_l_mpadas_verdes.bluetooth
luz.led_jogador.escrita_hefesto,dualsense,luz,LED de jogador — escrita pelo Hefesto,led-jogador,,tem,sem linha no v1,sim,sim,sim,parcial,hidraw,sysfs,0x02 (saída),— (a rota de report é suprimida),common[43] = report[44]; autorizado por common[1] bit 0x10 (PLAYER_INDICATOR_CONTROL_ENABLE),`brightness` dos nós `<prefixo>:white:player-1..5`,DUAS rotas no cabo: o `brightness` do sysfs e a escrita crua por hidraw em common[43],"SÓ o sysfs. Por Bluetooth a rota da pydualsense é SEMPRE suprimida, e a supressão apaga o bit 0x10 do flag1.",inferido-do-codigo,inferido-do-codigo,,,"src/hefesto_dualsense4unix/core/sysfs_leds.py:228; src/hefesto_dualsense4unix/core/backend_pydualsense.py:820, :2839","src/hefesto_dualsense4unix/core/sysfs_leds.py:228; src/hefesto_dualsense4unix/core/backend_pydualsense.py:767, :1899",,,,"Sem nó de sysfs gravável, o rádio fica SEM escrita de LED de jogador — e é aí que a supressão vira ausência de feature, não só de rota.",,,,,tests/unit/test_paridade_transporte_player_led.py::test_o_padrao_do_jogador_sai_no_byte_certo_nos_dois,"OS DOIS pela rota do report. A política que cria a assimetria tem mordida própria no mesmo arquivo — `::test_sob_supressao_o_player_led_nao_sai_em_nenhum_dos_dois` — mas nenhuma delas prova a rota sysfs, que é a única que sobra no rádio.",,,,,"Diverge por POLÍTICA, não por protocolo: o common[43] é o mesmo byte nos dois envelopes, mas por Bluetooth a escrita crua de LED é suprimida (LIGHTBAR-BT-NEVER-01) porque ela latcheava a lightbar apagada até o power-off. No rádio sobra só o sysfs — se o nó não existir ou não for gravável, a feature some.",,"o v1 não tem linha desta chave para este controle; a peça existe, mas ninguém mediu ESTE aspecto — herdar das irmãs seria afirmar prova que não houve · irmãs: `luz.led_jogador` · 11/08: respondido por auditoria de código",luz.led_jogador.escrita_hefesto@dualsense,
luz.led_jogador.escrita_hefesto,pro,luz,LED de jogador — escrita pelo Hefesto,led-jogador,,desconhecido,sem linha no v1,,,,,,,,,,,,,,,,,,,,,,,,,,,,,,,,,,,"o v1 não tem linha desta chave para este controle; a peça existe, mas ninguém mediu ESTE aspecto — herdar das irmãs seria afirmar prova que não houve · irmãs: `luz.led_jogador`, `luz.led_jogador.leitura`, `luz.led_jogador.padrao_driver`, `luz.led_jogador.quinto`, `luz.led_jogador.udev`",luz.led_jogador.escrita_hefesto@pro,
luz.led_jogador.escrita_hefesto,sn30,luz,LED de jogador — escrita pelo Hefesto,led-jogador,,tem,ambos,sim,sim,não,não,sysfs,sysfs,,,,,"existe e está DESLIGADA: `EXTERNAL_PLAYER_LED_ENABLED = False`, lido no tick do `ExternalLedSync` — zero escritas, sem apagar","existe e está DESLIGADA: `EXTERNAL_PLAYER_LED_ENABLED = False`, lido no tick do `ExternalLedSync` — zero escritas, sem apagar",medido,medido,,,"src/hefesto_dualsense4unix/daemon/subsystems/external_identity.py:158-194, :1244-1262","src/hefesto_dualsense4unix/daemon/subsystems/external_identity.py:158-194, :1244-1262",Decisão dela de 07/08/2026 ('calar a luz até a entrega existir'). Calar curou de tabela um defeito técnico: 348 recusas de subcomando em 06-07/08 → ZERO desde 15:27:48 de 07/08.,Decisão dela de 07/08/2026 ('calar a luz até a entrega existir'). Calar curou de tabela um defeito técnico: 348 recusas de subcomando em 06-07/08 → ZERO desde 15:27:48 de 07/08.,O caminho de volta é UMA LINHA — e voltar sem corrigir o `:blue:player-5` repete o defeito do LED HOME.,O caminho de volta é UMA LINHA — e voltar sem corrigir o `:blue:player-5` repete o defeito do LED HOME.,,,Escrita de LED de jogador pelo Hefesto (a numeração aparecer na lâmpada),Escrita de LED de jogador pelo Hefesto (a numeração aparecer na lâmpada),,,,,,,,,,luz.led_jogador.escrita_hefesto@sn30,sn30.escrita_de_led_de_jogador_pelo_hefesto_a_num.ambos
luz.led_jogador.leitura,dualsense,luz,LED de jogador — leitura (saber o que está aceso),led-jogador,,parcial,sem linha no v1,não,não,parcial,parcial,sysfs,sysfs,,,,,"`get_players()` lê o `brightness` dos cinco nós — que é a MEMÓRIA DO KERNEL, o valor PEDIDO, não o que a lâmpada faz",idêntico,inferido-do-codigo,inferido-do-codigo,"CONFIRMADO por fonte em 11/08: `dualsense_player_led_get_brightness` (assets/dkms/hid-playstation/hid-playstation.c:1348-1354) devolve `!!(ds->player_leds_state & BIT(...))` — um `u8` que mora na RAM do driver, escrito pelo próprio driver. Não há report de entrada nem feature que devolva o padrão que o firmware está exibindo, e o nó de sysfs não tem por onde disparar leitura de hardware.","mesma função, mesmo caminho — não há gate de transporte.","src/hefesto_dualsense4unix/core/sysfs_leds.py:238, :259; src/hefesto_dualsense4unix/core/external_leds.py:195; assets/dkms/hid-playstation/hid-playstation.c:983-986, :1348-1354","src/hefesto_dualsense4unix/core/sysfs_leds.py:238, :259; src/hefesto_dualsense4unix/core/external_leds.py:195; assets/dkms/hid-playstation/hid-playstation.c:983-986, :1348-1354",O aviso está escrito no próprio código: a leitura NÃO ENXERGA LÂMPADA NENHUMA — uma escrita que falhou com -110 continua sendo lida como acesa.,idem,"Fonte de INTENÇÃO, nunca de estado. Não existe report de entrada nem feature que devolva o padrão que o FIRMWARE está exibindo — agora com prova de fonte, não só por ausência de `grep`. Por HID, a pergunta ""o que a lâmpada está fazendo"" continua sem canal.",mesma lacuna,,,,,,,,2026-08-11,fonte-do-driver,180,,,"o v1 não tem linha desta chave para este controle; a peça existe, mas ninguém mediu ESTE aspecto — herdar das irmãs seria afirmar prova que não houve · irmãs: `luz.led_jogador` · 11/08: respondido por auditoria de código · 11/08 (A-11): confirmado pelo fonte do driver, e o `parcial` fica — lê-se a intenção, nunca o estado.",luz.led_jogador.leitura@dualsense,
luz.led_jogador.leitura,pro,luz,LED de jogador — leitura (saber o que está aceso),led-jogador,,nao-tem,ambos,não,não,parcial,parcial,sysfs,sysfs,,,,,"`read_player_pattern` lê o `brightness` da classe LED — que guarda o valor PEDIDO, não o aceso","`read_player_pattern` lê o `brightness` da classe LED — que guarda o valor PEDIDO, não o aceso",medido,medido,83 falhas no kernel contra ZERO avisos do daemon na mesma janela,83 falhas no kernel contra ZERO avisos do daemon na mesma janela,src/hefesto_dualsense4unix/core/external_leds.py:198-260,src/hefesto_dualsense4unix/core/external_leds.py:198-260,"MEDIDO em 07/08 15h24: os cinco nós do Pro liam 1,1,0,0,0 (exatamente o slot 2 pedido) e TRÊS daquelas cinco escritas tinham falhado com -110 (ETIMEDOUT). No hid-nintendo a escrita é assíncrona: o `write(2)` volta com sucesso 1,18 s a 3,45 s ANTES de o erro existir.","MEDIDO em 07/08 15h24: os cinco nós do Pro liam 1,1,0,0,0 (exatamente o slot 2 pedido) e TRÊS daquelas cinco escritas tinham falhado com -110 (ETIMEDOUT). No hid-nintendo a escrita é assíncrona: o `write(2)` volta com sucesso 1,18 s a 3,45 s ANTES de o erro existir.","NÃO EXISTE, em ponto nenhum da árvore, um caminho que saiba que uma escrita de player-LED FALHOU. E o ""intruso"" que o log acusa foi, em 11 de 11 repinturas de 07/08, a nossa própria escrita anterior — o daemon perseguindo o próprio eco.","NÃO EXISTE, em ponto nenhum da árvore, um caminho que saiba que uma escrita de player-LED FALHOU. E o ""intruso"" que o log acusa foi, em 11 de 11 repinturas de 07/08, a nossa própria escrita anterior — o daemon perseguindo o próprio eco.",,,Leitura do LED de jogador (saber o que está aceso),Leitura do LED de jogador (saber o que está aceso),,,,,,,,,,luz.led_jogador.leitura@pro,pro.leitura_do_led_de_jogador_saber_o_que_est_ac.ambos
luz.led_jogador.leitura,sn30,luz,LED de jogador — leitura (saber o que está aceso),led-jogador,,desconhecido,sem linha no v1,,,,,,,,,,,,,,,,,,,,,,,,,,,,,,,,,,,"o v1 não tem linha desta chave para este controle; a peça existe, mas ninguém mediu ESTE aspecto — herdar das irmãs seria afirmar prova que não houve · irmãs: `luz.led_jogador`, `luz.led_jogador.escrita_hefesto`, `luz.led_jogador.padrao_driver`, `luz.led_jogador.pisca`, `luz.led_jogador.udev`",luz.led_jogador.leitura@sn30,
luz.led_jogador.padrao_driver,dualsense,luz,LED de jogador — o padrão que o driver acende na probe,led-jogador,,tem,sem linha no v1,sim,sim,parcial,parcial,outro,outro,,,,,"o produto só RECONHECE que o probe do `hid_playstation` escreve o LED de jogador com a numeração DO KERNEL, e por isso instala uma graça de 0,5 s antes de replicar",idêntico,inferido-do-codigo,inferido-do-codigo,"assets/dkms/hid-playstation/hid-playstation.c:1836-1842 (a tabela `player_ids[5]`) e `:2000` (a única escrita, logo depois de `ps_device_set_player_id`). O índice é `ds->base.player_id % 5` (`:1844`), base zero.",mesma tabela e mesma escrita — o caminho não tem gate de transporte.,"src/hefesto_dualsense4unix/integrations/uhid_gamepad.py:380; assets/dkms/hid-playstation/hid-playstation.c:673-682, :1836-1842, :1844, :2000","src/hefesto_dualsense4unix/integrations/uhid_gamepad.py:380; assets/dkms/hid-playstation/hid-playstation.c:673-682, :1836-1842, :1844, :2000","Os cinco padrões, do fonte: P1 = `BIT(2)` = 4 = `--x--`; P2 = 10 = `-x-x-`; P3 = 21 = `x-x-x`; P4 = 27 = `xx-xx`; P5 = 31 = `xxxxx`. São os mesmos cinco valores que este projeto escreve em `common[43]` — o código desta casa sempre esteve certo.",idem,"RESPONDIDO em 11/08 pelo fonte, e o que sobra é outra pergunta. O padrão é `player_ids[5]` = 4, 10, 21, 27, 31 (assets/dkms/hid-playstation/hid-playstation.c:1836-1842), aplicado UMA vez na probe (`:2000`). Quem escolhe o índice é `ida_alloc` sobre um IDA GLOBAL do módulo (`:673-682`), que conta QUALQUER dispositivo PlayStation — inclusive o gamepad virtual desta casa —, e o sexto controle volta a `--x--` por causa do `% 5`. O que continua sem resposta é o PLÁSTICO: se o console PS5 desenha o P4 assim, é pergunta de olho, e está enfileirada no índice de 11/08 como `P4-NO-PLÁSTICO-01`.",mesma lacuna de plástico,,,,,,,,2026-08-11,fonte-do-driver,180,,,"o v1 não tem linha desta chave para este controle; a peça existe, mas ninguém mediu ESTE aspecto — herdar das irmãs seria afirmar prova que não houve · irmãs: `luz.led_jogador` · 11/08: respondido por auditoria de código · 11/08 (A-11): SUBSTITUÍDA a frase ""QUAL padrão o driver acende não está escrito em lugar nenhum do repositório"" — está escrito, no fonte do DKMS desta máquina, e agora com `arquivo:linha`.",luz.led_jogador.padrao_driver@dualsense,
luz.led_jogador.padrao_driver,pro,luz,LED de jogador — o padrão que o driver acende na probe,led-jogador,,tem,ambos,sim,sim,não,não,sysfs,sysfs,,,"tabela: {1,0,0,0}, {1,1,0,0}, {1,1,1,0}, {1,1,1,1}, {1,0,0,1}, {1,0,1,0}, {1,0,1,1}, {0,1,1,0}","tabela: {1,0,0,0}, {1,1,0,0}, {1,1,1,0}, {1,1,1,1}, {1,0,0,1}, {1,0,1,0}, {1,0,1,1}, {0,1,1,0}","`joycon_leds_create` aloca um id num IDA GLOBAL, usa `player_id % 8` como índice na tabela oficial da Nintendo e loga `assigned player N led pattern` — antes de qualquer software","`joycon_leds_create` aloca um id num IDA GLOBAL, usa `player_id % 8` como índice na tabela oficial da Nintendo e loga `assigned player N led pattern` — antes de qualquer software",medido,medido,"SEGUNDO-ESCRITOR-01 (08/08): medido com o portão da luz FECHADO e ZERO escritas nossas, o `hid-nintendo` emite o padrão e o firmware recusa subcomando 1 a 2 vezes por conexão","SEGUNDO-ESCRITOR-01 (08/08): medido com o portão da luz FECHADO e ZERO escritas nossas, o `hid-nintendo` emite o padrão e o firmware recusa subcomando 1 a 2 vezes por conexão","assets/dkms/hid-nintendo/hid-nintendo.c:623-641, :2513-2555","assets/dkms/hid-nintendo/hid-nintendo.c:623-641, :2513-2555","NÃO EXISTE estado ""sem número"" no Pro. Com a escrita nossa calada, o que fica aceso é o padrão do kernel ou o resíduo da última escrita nossa — hoje congelado em player-1=1, player-2=1 desde 15:24:01 de 07/08.","NÃO EXISTE estado ""sem número"" no Pro. Com a escrita nossa calada, o que fica aceso é o padrão do kernel ou o resíduo da última escrita nossa — hoje congelado em player-1=1, player-2=1 desde 15:24:01 de 07/08.","Consequência: o critério ""zero recusas de subcomando"" é INATINGÍVEL, e qualquer detector que compare o aparelho contra ""o que NÓS escrevemos"" acha, após cada conexão, um padrão que não escrevemos — semente de laço infinito.","Consequência: o critério ""zero recusas de subcomando"" é INATINGÍVEL, e qualquer detector que compare o aparelho contra ""o que NÓS escrevemos"" acha, após cada conexão, um padrão que não escrevemos — semente de laço infinito.",,,"LED de jogador — o padrão que o DRIVER acende sozinho, no probe","LED de jogador — o padrão que o DRIVER acende sozinho, no probe",,,,,,,,,,luz.led_jogador.padrao_driver@pro,pro.led_de_jogador_o_padr_o_que_o_driver_acende_.ambos
luz.led_jogador.padrao_driver,sn30,luz,LED de jogador — o padrão que o driver acende na probe,,,tem,ambos,sim,sim,não,não,sysfs,sysfs,"saída 0x01, subcmd 0x30","saída 0x01, subcmd 0x30",,,"`joycon_leds_create` aloca um id num IDA global, usa `player_id % 8` na tabela oficial da Nintendo e loga `assigned player N led pattern` — antes de qualquer escrita nossa","`joycon_leds_create` aloca um id num IDA global, usa `player_id % 8` na tabela oficial da Nintendo e loga `assigned player N led pattern` — antes de qualquer escrita nossa",inferido-do-codigo,inferido-do-codigo,docs/process/sprints/2026-08-08-SEGUNDO-ESCRITOR-01-o-driver-do-kernel-também-escreve-a-barra.md,docs/process/sprints/2026-08-08-SEGUNDO-ESCRITOR-01-o-driver-do-kernel-também-escreve-a-barra.md,assets/dkms/hid-nintendo/hid-nintendo.c:2512-2555,assets/dkms/hid-nintendo/hid-nintendo.c:2512-2555,"Não existe estado 'sem número' neste controle: o kernel é um SEGUNDO ESCRITOR. Qualquer detector que compare o aparelho contra 'o que nós escrevemos' vai achar, após cada conexão, um padrão que nós não escrevemos.","Não existe estado 'sem número' neste controle: o kernel é um SEGUNDO ESCRITOR. Qualquer detector que compare o aparelho contra 'o que nós escrevemos' vai achar, após cada conexão, um padrão que nós não escrevemos.",,,,,Padrão de jogador que o DRIVER acende sozinho na probe,Padrão de jogador que o DRIVER acende sozinho na probe,,,,,,,,,família no v1: plataforma,luz.led_jogador.padrao_driver@sn30,sn30.padr_o_de_jogador_que_o_driver_acende_sozinh.ambos
luz.led_jogador.pisca,dualsense,luz,LED de jogador — pisca em hardware,led-jogador,,nao-tem,sem linha no v1,,,não,não,sysfs,sysfs,,,,,"não há. `ps_led_info` tem o campo `blink_set` (`hid-playstation.c:132`) e o `player_leds_info` do DualSense (`:1858-1869`) o deixa NULO nos cinco nós, então `ps_led_register` (`:986`) instala `led->blink_set = NULL` e o sysfs não ganha `delay_on`/`delay_off` que cheguem ao aparelho",idêntico — não há gate de transporte neste caminho,inferido-do-codigo,inferido-do-codigo,,,"assets/dkms/hid-playstation/hid-playstation.c:132, :986, :1858-1869, :2402, :2927-2928","assets/dkms/hid-playstation/hid-playstation.c:132, :986, :1858-1869","O DualShock4 USA o campo: o nó `global` da barra dele passa `dualshock4_led_set_blink` (assets/dkms/hid-playstation/hid-playstation.c:2402, :2927-2928). A diferença é do driver e é por APARELHO, não por transporte.",idem,"Isto responde a ROTA LINUX, não o firmware do PS5: o provado é que o kernel não oferece pisca em hardware nos cinco nós do DualSense. Se o aparelho aceitaria por outro caminho, ninguém respondeu — e por isso as duas células de `aceita` ficam MUDAS de propósito.",mesma ressalva,,,,,,,,2026-08-11,fonte-do-driver,180,,,"o v1 não tem linha desta chave para este controle; a peça existe, mas ninguém mediu ESTE aspecto — herdar das irmãs seria afirmar prova que não houve · irmãs: `luz.led_jogador` · 11/08: o lado do PRODUTO está respondido e é NÃO — zero `blink`, `delay_on` ou `delay_off` em todo o `src/` · 11/08 (A-11): o lado do KERNEL também está respondido, pelo fonte: o nó de LED do DualSense não aceita gatilho de pisca em hardware, porque o `blink_set` nasce nulo. `aceita` continua mudo — o aparelho não foi perguntado.",luz.led_jogador.pisca@dualsense,
luz.led_jogador.pisca,pro,luz,LED de jogador — pisca em hardware,led-jogador,,desconhecido,sem linha no v1,,,,,,,,,,,,,,,,,,,,,,,,,,,,,,,,,,,"o v1 não tem linha desta chave para este controle; a peça existe, mas ninguém mediu ESTE aspecto — herdar das irmãs seria afirmar prova que não houve · irmãs: `luz.led_jogador`, `luz.led_jogador.leitura`, `luz.led_jogador.padrao_driver`, `luz.led_jogador.quinto`, `luz.led_jogador.udev`",luz.led_jogador.pisca@pro,
luz.led_jogador.pisca,sn30,luz,LED de jogador — pisca em hardware,,,tem,ambos,sim,sim,não,não,hidraw,hidraw,"saída 0x01, subcmd 0x30","saída 0x01, subcmd 0x30",,,"o protocolo aceita `(flash<<4)|on`, mas o driver SEMPRE manda `flash = 0` — não há caminho em sysfs para pedir pisca. Só por hidraw cru","o protocolo aceita `(flash<<4)|on`, mas o driver SEMPRE manda `flash = 0` — não há caminho em sysfs para pedir pisca. Só por hidraw cru",inferido-do-codigo,inferido-do-codigo,,,assets/dkms/hid-nintendo/hid-nintendo.c:1219-1230,assets/dkms/hid-nintendo/hid-nintendo.c:1219-1230,Comportamento idêntico nos dois transportes; muda só o custo do rate limiter.,Comportamento idêntico nos dois transportes; muda só o custo do rate limiter.,,,,,Pisca de LED em HARDWARE (nibble `flash` do subcomando 0x30),Pisca de LED em HARDWARE (nibble `flash` do subcomando 0x30),,,,,,,,,,luz.led_jogador.pisca@sn30,sn30.pisca_de_led_em_hardware_nibble_flash_do_sub.ambos
luz.led_jogador.quinto,dualsense,luz,LED de jogador — a quinta lâmpada,led-jogador,,tem,sem linha no v1,sim,sim,sim,sim,hidraw,sysfs,,,"bit4 do bitmask que vai para common[43] (LED 5, o extremo direito)",o quinto nó do glob `<prefixo>:white:player-*`,"a quinta lâmpada é de primeira classe: os padrões de `_PLAYER_LED_PATTERNS` são tuplas de CINCO, e o bit4 do bitmask é escrito como os outros quatro",idêntico pelo sysfs — o glob pega os cinco nós,inferido-do-codigo,inferido-do-codigo,,,src/hefesto_dualsense4unix/core/led_control.py:106; src/hefesto_dualsense4unix/core/backend_pydualsense.py:2851,src/hefesto_dualsense4unix/core/led_control.py:106; src/hefesto_dualsense4unix/core/sysfs_leds.py:311,,,,,,,,,tests/unit/test_paridade_transporte_player_led.py::test_o_padrao_do_jogador_sai_no_byte_certo_nos_dois,OS DOIS: o caso `ALL = 31` é `0b11111` — a quinta lâmpada acesa. Perder o bit4 reprova no cabo e no rádio.,,,,,,,"o v1 não tem linha desta chave para este controle; a peça existe, mas ninguém mediu ESTE aspecto — herdar das irmãs seria afirmar prova que não houve · irmãs: `luz.led_jogador` · 11/08: respondido por auditoria de código",luz.led_jogador.quinto@dualsense,
luz.led_jogador.quinto,pro,luz,LED de jogador — a quinta lâmpada,led-jogador,,nao-tem,nenhum,não,não,não,não,sysfs,sysfs,,,JC_NUM_LEDS = 4,JC_NUM_LEDS = 4,"não-localizado — só existem QUATRO lâmpadas de jogador. O nó `:blue:player-5` é o LED HOME (escala 0-15, subcomando 0x38), não um quinto jogador.","não-localizado — só existem QUATRO lâmpadas de jogador. O nó `:blue:player-5` é o LED HOME (escala 0-15, subcomando 0x38), não um quinto jogador.",medido,medido,"o nome do nó vem de LED_FUNCTION_PLAYER5 no kernel, mas o `brightness_set_blocking` dele é `joycon_home_led_brightness_set`","o nome do nó vem de LED_FUNCTION_PLAYER5 no kernel, mas o `brightness_set_blocking` dele é `joycon_home_led_brightness_set`",assets/dkms/hid-nintendo/hid-nintendo.c:2573-2588,assets/dkms/hid-nintendo/hid-nintendo.c:2573-2588,"CONTRASTE com o DualSense, que tem CINCO lâmpadas brancas.","CONTRASTE com o DualSense, que tem CINCO lâmpadas brancas.","É exatamente onde o nosso `write_player_number` erra: usa o HOME como bit ""+5"" da numeração. A numeração de 5 a 9 precisa de OUTRO desenho, porque só existem 4 lâmpadas.","É exatamente onde o nosso `write_player_number` erra: usa o HOME como bit ""+5"" da numeração. A numeração de 5 a 9 precisa de OUTRO desenho, porque só existem 4 lâmpadas.",,,Quinto LED de jogador,Quinto LED de jogador,,,,,,,,,,luz.led_jogador.quinto@pro,pro.quinto_led_de_jogador.nenhum
luz.led_jogador.quinto,sn30,luz,LED de jogador — a quinta lâmpada,led-jogador,,nao-tem,sem linha no v1,não,não,não,não,sysfs,sysfs,"saída 0x01, subcmd 0x30 (os quatro verdes)","saída 0x01, subcmd 0x30 (os quatro verdes)",,,"não existe quinta lâmpada de JOGADOR: `joycon_player_led_names[]` tem QUATRO entradas (assets/dkms/hid-nintendo/hid-nintendo.c:623-628), e `JC_NUM_LEDS` é o `ARRAY_SIZE` delas. O bitmap do subcomando 0x30 recompõe só esses quatro bits (`:2536-2547`)",idêntico — o caminho não tem gate de transporte,inferido-do-codigo,inferido-do-codigo,,,"assets/dkms/hid-nintendo/hid-nintendo.c:623-628, :2536-2547, :2573-2586","assets/dkms/hid-nintendo/hid-nintendo.c:623-628, :2536-2547, :2573-2586","O nó `:blue:player-5` EXISTE e engana pelo nome: ele é o LED HOME, com OUTRO subcomando (0x38), OUTRA escala (0-15) e OUTRO registro (assets/dkms/hid-nintendo/hid-nintendo.c:2573-2586). Está mapeado na chave `luz.led_home`, que é onde a pergunta dele mora.",idem,"É esta a raiz do defeito D-2: `write_player_number` trata o `:blue:player-5` como bit '+5' da numeração. Só existem QUATRO lâmpadas de jogador neste hardware, e a numeração de 5 a 9 precisa de outro desenho. O ramo ""hardware SEM o nó azul"" nunca dispara aqui: o clone tem o nó.",mesma raiz,,,,,,,,2026-08-11,fonte-do-driver,180,,,"o v1 não tem linha desta chave para este controle; a peça existe, mas ninguém mediu ESTE aspecto — herdar das irmãs seria afirmar prova que não houve · irmãs: `luz.led_jogador`, `luz.led_jogador.escrita_hefesto`, `luz.led_jogador.padrao_driver`, `luz.led_jogador.pisca`, `luz.led_jogador.udev` · 11/08 (A-11): respondido pelo fonte do driver — `não-tem`, e o motivo é de contagem: quatro nomes de LED de jogador, não cinco.",luz.led_jogador.quinto@sn30,
luz.led_jogador.udev,dualsense,luz,LED de jogador — regra udev que o torna gravável sem sudo,led-jogador,,tem,sem linha no v1,sim,sim,sim,sim,sysfs,sysfs,,,,,"a regra casa por `SUBSYSTEM==""leds"", KERNEL==""*:white:player-*""` e dá 0666 ao `brightness`","a MESMA regra — ela é agnóstica de transporte por construção, porque casa pelo subsistema `leds`, não pelo barramento",inferido-do-codigo,inferido-do-codigo,,,"assets/77-dualsense-leds.rules:33; scripts/install_udev.sh:125, :189","assets/77-dualsense-leds.rules:33; scripts/install_udev.sh:125, :189","O caminho do arquivo é `assets/`, não `assets/udev/` — quem procurar no lugar errado conclui que a regra não existe.",idem,,,,,,,,,,,,,,,"o v1 não tem linha desta chave para este controle; a peça existe, mas ninguém mediu ESTE aspecto — herdar das irmãs seria afirmar prova que não houve · irmãs: `luz.led_jogador` · 11/08: respondido por auditoria de código; é ESTA regra que sustenta o único caminho de LED de jogador que sobra no rádio",luz.led_jogador.udev@dualsense,
luz.led_jogador.udev,pro,luz,LED de jogador — regra udev que o torna gravável sem sudo,led-jogador,,tem,ambos,sim,sim,sim,sim,sysfs,sysfs,,,,,`chmod 0666` no `brightness` de `*057E:*:green:player-*` e `*057E:*:blue:player-*`,`chmod 0666` no `brightness` de `*057E:*:green:player-*` e `*057E:*:blue:player-*`,medido,medido,,,assets/79-external-controller-leds.rules:1-6,assets/79-external-controller-leds.rules:1-6,"A TAG uaccess foi REMOVIDA de propósito: numa regra ≥73 o logind nunca a converte em ACL. Sem a regra, a escrita falha em SILÊNCIO e o LED fica no default do kernel.","A TAG uaccess foi REMOVIDA de propósito: numa regra ≥73 o logind nunca a converte em ACL. Sem a regra, a escrita falha em SILÊNCIO e o LED fica no default do kernel.","A regra está instalada e viva; quem não escreve é o produto, pelo portão `EXTERNAL_PLAYER_LED_ENABLED = False`.","A regra está instalada e viva; quem não escreve é o produto, pelo portão `EXTERNAL_PLAYER_LED_ENABLED = False`.",MONTOU,MONTOU,Regra udev 79 — tornar o LED do Pro gravável sem sudo,Regra udev 79 — tornar o LED do Pro gravável sem sudo,,,,,,,,,,luz.led_jogador.udev@pro,pro.regra_udev_79_tornar_o_led_do_pro_grav_vel_s.ambos
luz.led_jogador.udev,sn30,luz,LED de jogador — regra udev que o torna gravável sem sudo,led-jogador,,tem,ambos,sim,sim,sim,sim,sysfs,sysfs,,,,,"`assets/79-external-controller-leds.rules`: `chmod 0666` no `brightness` de `*057E:*:green:player-*` e `*057E:*:blue:player-*` (o `TAG+=""uaccess""` foi removido de propósito — regra ≥73 nunca vira ACL)","`assets/79-external-controller-leds.rules`: `chmod 0666` no `brightness` de `*057E:*:green:player-*` e `*057E:*:blue:player-*` (o `TAG+=""uaccess""` foi removido de propósito — regra ≥73 nunca vira ACL)",inferido-do-codigo,inferido-do-codigo,,,assets/79-external-controller-leds.rules:47-48,assets/79-external-controller-leds.rules:47-48,Instalada e ativa; sem ela a escrita falharia em SILÊNCIO e o LED ficaria no default do kernel.,Instalada e ativa; sem ela a escrita falharia em SILÊNCIO e o LED ficaria no default do kernel.,Hoje a capacidade que ela habilita não é usada por ninguém (portão da luz fechado).,Hoje a capacidade que ela habilita não é usada por ninguém (portão da luz fechado).,MONTOU,MONTOU,Regra udev que torna os LEDs graváveis sem sudo,Regra udev que torna os LEDs graváveis sem sudo,,,,,,,,,,luz.led_jogador.udev@sn30,sn30.regra_udev_que_torna_os_leds_grav_veis_sem_s.ambos
luz.led_microfone,dualsense,luz,LED do microfone (o botão de mudo iluminado),mic,,tem,cabo+rádio,sim,sim,sim,sim,hidraw,hidraw,0x02,0x31,common[8] = report[9]; flag1 0x01,common[8] = report[11],"output 0x02, common[8], autorizado por valid_flag1 bit0 (0x01).","output 0x31, common[8] = report[11]; flag1 0x01.",medido,inferido-do-codigo,Confirmado no código hoje: flag1 nasce com 0x01 ligado e NÃO é limpo em ramo nenhum; common[8] é escrito SEM `if`.,,"core/backend_pydualsense.py:793, :751, :2403-2416","core/backend_pydualsense.py:793, :751",,,"LED-SEM-DONO-01 ABERTA: o common[8] é o único byte de áudio que ficou sem a disciplina de posse. Enquanto isso valer, ""o LED está apagado"" NÃO prova nada, e qualquer aceite que use o LED como evidência nasce inválido. A docstring de set_mic_led ainda diz ""outReport[9] USB / outReport[10] BT"" — o correto por BT é report[11].",Mesma falta de dono do USB.,MONTOU,MONTOU,Microfone — LED do botão de mudo,Microfone — LED do botão de mudo,,,,,,,,,,luz.led_microfone@dualsense,dualsense.microfone_led_do_bot_o_de_mudo.usb | dualsense.microfone_led_do_bot_o_de_mudo.bluetooth
luz.led_microfone,pro,luz,LED do microfone (o botão de mudo iluminado),,,nao-tem,nenhum,não,não,não,não,outro,outro,,,,,não-localizado — não há botão de mudo nem LED de microfone no Pro,não-localizado — não há botão de mudo nem LED de microfone no Pro,inferido-do-codigo,inferido-do-codigo,,,assets/dkms/hid-nintendo/hid-nintendo.c:2513-2600,assets/dkms/hid-nintendo/hid-nintendo.c:2513-2600,Os cinco nós de LED do Pro são os quatro verdes de jogador mais o azul do HOME. Não há um sexto.,Os cinco nós de LED do Pro são os quatro verdes de jogador mais o azul do HOME. Não há um sexto.,,,,,LED do microfone (o botão de mudo iluminado),LED do microfone (o botão de mudo iluminado),,,,,,,,,,luz.led_microfone@pro,pro.led_do_microfone_o_bot_o_de_mudo_iluminado.nenhum
luz.led_microfone,sn30,luz,LED do microfone (o botão de mudo iluminado),,,desconhecido,sem linha no v1,,,,,,,,,,,,,,,,,,,,,,,,,,,,,,,,,,,o v1 não tem linha desta chave para este controle; `existe` vem das linhas irmãs da mesma peça,luz.led_microfone@sn30,
luz.lightbar.brilho,dualsense,luz,Lightbar — brilho de hardware,lightbar,,tem,cabo+rádio,sim,sim,não,não,hidraw,hidraw,0x02,0x31,common[42] = report[43]; flag2 0x01 em common[38]=report[39],common[42] = report[45],"output 0x02, common[42] (led_brightness, 0-2), autorizado por valid_flag2 bit0.","output 0x31, common[42] = report[45], autorizado por valid_flag2 bit0.",inferido-do-codigo,inferido-do-codigo,"`common[42] = int(self.light.brightness.value)` e NADA nesta árvore altera `light.brightness` — o default da pydualsense é Brightness.high = 0x0. O byte sai sempre 0. · 11/08, pelo fonte: o KERNEL também não escreve. O campo `led_brightness` existe na struct de saída (assets/dkms/hid-playstation/hid-playstation.c:343) e o driver nunca o toca; o bit que o autoriza — `valid_flag2` bit0 — NÃO ESTÁ NEM DEFINIDO no fonte, que só declara BIT(1) (`LIGHTBAR_SETUP_CONTROL_ENABLE`) e BIT(2) (`COMPATIBLE_VIBRATION2`) em assets/dkms/hid-playstation/hid-playstation.c:218-219. Ninguém liga esse byte nesta máquina.","Duplamente inerte por BT: além de nunca receber valor, o bloco inteiro cai sob `suppress_leds`, que zera flag2 0x01. E o driver não o liga em transporte nenhum.","core/backend_pydualsense.py:819; assets/dkms/hid-playstation/hid-playstation.c:218-219, :343","core/backend_pydualsense.py:764-777, :819; assets/dkms/hid-playstation/hid-playstation.c:218-219, :343","O ""brilho"" que o produto oferece (led.set {brightness: 0.0-1.0}) é MULTIPLICAÇÃO de RGB em Python, outra grandeza. Nada no caminho toca common[42].","A rota sysfs também não alcança: o nó RGB é `led_classdev_mc` com `max_brightness = 255` (intensidade de cor, outra grandeza) e os cinco nós de player são `max_brightness = 1`. Nenhum deles escreve `common[42]`.",Quem lê a doc e a tela pode concluir que são o mesmo controle. Não são.,"mesma confusão possível do lado do cabo, com o agravante do `suppress_leds`.",,,Lightbar — brilho de HARDWARE (3 níveis),Lightbar — brilho de HARDWARE (3 níveis),,,,2026-08-11,fonte-do-driver,180,,,"11/08 (A-11): respondido pelo fonte do driver — o brilho de HARDWARE da barra continua `aciona = não` nos dois transportes, e agora se sabe que não é só o produto que não escreve: o kernel não tem sequer o bit de autorização definido. Quem for implementar escreve `common[42]` E inventa o `valid_flag2` bit0, porque o driver não o empresta.",luz.lightbar.brilho@dualsense,dualsense.lightbar_brilho_de_hardware_3_n_veis.usb | dualsense.lightbar_brilho_de_hardware_3_n_veis.bluetooth
luz.lightbar.brilho,pro,luz,Lightbar — brilho de hardware,,,nao-tem,sem linha no v1,não,não,não,não,,,,,,,,,inferido-do-codigo,inferido-do-codigo,"o aparelho não tem lightbar: sem a peça não há brilho, fade nem claim para devolver, em transporte nenhum. A referência é a MESMA da linha irmã `luz.lightbar.cor@pro`, que foi auditada e responde `não` nos dois transportes.","o aparelho não tem lightbar: sem a peça não há brilho, fade nem claim para devolver, em transporte nenhum. Idem à linha irmã `luz.lightbar.cor@pro`.",src/hefesto_dualsense4unix/core/external_leds.py:296-325; assets/dkms/hid-nintendo/hid-nintendo.c (nenhuma menção a lightbar),src/hefesto_dualsense4unix/core/external_leds.py:296-325; assets/dkms/hid-nintendo/hid-nintendo.c (nenhuma menção a lightbar),,,,,,,,,,,,,,,,,"o v1 não tem linha desta chave para este controle; `não-tem` vem de a PEÇA não existir neste aparelho · irmãs: `luz.lightbar.cor` · 11/08: respondido `não` nos dois transportes a partir da AUSÊNCIA DA PEÇA neste mesmo aparelho (linha irmã `luz.lightbar.cor@pro`) — não é analogia com outro controle, e por isso a referência de código é a dela",luz.lightbar.brilho@pro,
luz.lightbar.brilho,sn30,luz,Lightbar — brilho de hardware,,,nao-tem,sem linha no v1,não,não,não,não,,,,,,,,,inferido-do-codigo,inferido-do-codigo,"o aparelho não tem lightbar: sem a peça não há brilho, fade nem claim para devolver, em transporte nenhum. A referência é a MESMA da linha irmã `luz.lightbar.cor@sn30`, que foi auditada e responde `não` nos dois transportes.","o aparelho não tem lightbar: sem a peça não há brilho, fade nem claim para devolver, em transporte nenhum. Idem à linha irmã `luz.lightbar.cor@sn30`.","docs/protocol/externos-referencia-canonica.md:745, :1089","docs/protocol/externos-referencia-canonica.md:745, :1089",,,,,,,,,,,,,,,,,"o v1 não tem linha desta chave para este controle; `não-tem` vem de a PEÇA não existir neste aparelho · irmãs: `luz.lightbar.cor` · 11/08: respondido `não` nos dois transportes a partir da AUSÊNCIA DA PEÇA neste mesmo aparelho (linha irmã `luz.lightbar.cor@sn30`) — não é analogia com outro controle, e por isso a referência de código é a dela",luz.lightbar.brilho@sn30,
luz.lightbar.cor,dualsense,luz,Lightbar — cor RGB,lightbar,,tem,cabo+rádio,sim,sim,sim,sim,sysfs,sysfs,0x02 (fallback hidraw),—,common[44..46] = report[45..47]; flag1 0x04 em common[1]=report[2],"sob supressão, flag1 0x04 e flag2 0x02|0x01 saem ZERADOS e common[41..46] não é escrito","Preferida: sysfs — escrever ""r g b"" em /sys/class/leds/<inputN>:rgb:indicator/multi_intensity e 255 em brightness. Fallback: output report 0x02, common[44..46], autorizado por valid_flag1 bit 0x04.","ÚNICA rota: sysfs multi_intensity (o kernel monta o 0x31 e o CRC). A rota hidraw é SUPRIMIDA incondicionalmente por BT — `handle._suppress_leds = (key in mapping or self._detect_transport(handle) == ""bt"")`.",medido,medido,"Medido 03/08: o MESMO comando de sysfs, no mesmo instante, pintou o controle no USB e não pintou o do rádio. Comandos pendentes mandados por BT materializaram-se ao plugar o cabo.","ACEITE DELA em 12/08/2026 00h20, e fecha uma investigacao de dezesseis dias. A barra do DualSense OBEDECE por Bluetooth — o que trava não e o transporte, e a INSTANCIA DE CONEXAO. Prova em três passos, todos com o olho dela: (1) instancia uhid .0016 do roxo (a0:fa), nascida as 20:46:21 com outra conexão subindo junto e dois USB ja na mesa: barra APAGADA, e escrever 255 255 255 com o daemon PARADO não acendeu; (2) derrubei o controle pelo BlueZ e ela o acordou pelo botao PS — ele voltou como instancia .0017 e a barra ACENDEU (""lighbar azul""); (3) com o daemon PARADO, escrevi VERDE PURO nesta instancia nova e ela confirmou: ""verde"". Cor arbitraria, que nenhum padrão do driver produz. A RECONEXAO CURA, e o gesto e barato: não precisa desligar o controle no botao de energia, basta um Disconnect pelo D-Bus do BlueZ mais o botao PS.",core/sysfs_leds.py:149; core/backend_pydualsense.py:817-823,"core/backend_pydualsense.py:1890-1893, :764-777, :817-823","MEDIDO 11/08/2026, foto dela de dois DualSense acesos ao mesmo tempo (o roxo em AZUL, o branco em VERMELHO): a lightbar sao DUAS tiras, uma de cada lado do touchpad, na costura entre ele e a carcaca — não uma peca so. Desenhadas em assets/control-svg/dualsense.svg ancoradas nas bordas do touchpad, e conferidas por renderizacao. Por cabo NUNCA houve o defeito de claim. O fallback hidraw só é exercido se a regra 77-dualsense-leds.rules não estiver aplicada (ela faz chmod 0666 no multi_intensity).","MEDIDO 11/08/2026, foto dela de dois DualSense acesos ao mesmo tempo (o roxo em AZUL, o branco em VERMELHO): a lightbar sao DUAS tiras, uma de cada lado do touchpad, na costura entre ele e a carcaca — não uma peca so. Desenhadas em assets/control-svg/dualsense.svg ancoradas nas bordas do touchpad, e conferidas por renderizacao. É a feature mais quebrada do aparelho: a barra apaga na adoção e passa a IGNORAR as escritas do kernel (330 mil escritas ignoradas ao vivo), persistindo até o POWER-OFF FÍSICO.","multi_intensity NÃO é a verdade do hardware — é a memória do último valor escrito VIA CLASSE LED. Escrita por hidraw (jogo em Modo Nativo) não a atualiza. RECONFIRMADO em 11/08/2026, com a mesa cheia e o DAEMON PARADO — e o valor deste ensaio e ter ELIMINADO um suspeito. Escrevendo 255 255 255 em `multi_intensity` dos QUATRO controles no mesmo instante, com o daemon fora do caminho: os dois do CABO acenderam branco, os dois do RADIO não mudaram. Literal dela: ""só os cabo ficaram branco e o do bt não"". O QUE ISSO ELIMINA: no mesmo dia foi visto no journal dela um `lightbar_reassert_skip_cache`, em que o daemon decide NAO reescrever a cor porque o cache do sysfs ja mostra o valor desejado — e esse cache e o valor PEDIDO, nunca o ACESO (o próprio código admite, core/backend_pydualsense.py:1706-1713). Era suspeito plausivel. Com o daemon parado o comportamento e IDENTICO, entao ele não e a causa. CONTRASTE COM O RUMBLE, medido no mesmo dia: la parar o daemon CURAVA; aqui não muda nada. Sao defeitos diferentes, com donos diferentes — não trate os dois como um so.","SEPARE AS DUAS COISAS, porque eu as misturei em 12/08 e ela me corrigiu. O QUE ESTA PROVADO: a barra OBEDECE por Bluetooth. Verde puro escrito com o daemon parado, cor que nenhum padrão do driver produz, e ela viu verde. Isso sustenta o grau `O APARELHO OBEDECEU` e nada mais. O QUE NAO ESTA PROVADO, e eu afirmei antes da hora: QUE A CAUSA SEJA A INSTANCIA DE CONEXAO. O próprio `scripts/eliminacao.py` devolve CONFUSO para esse suspeito — o mesmo lado deu resultados diferentes (com=['não obedece','obedece']). Um ensaio de cada lado não isola nada. E HA ALERTA DELA, 12/08/2026, que vale mais que o meu ensaio: *""não e so instancia de conexão, se escavar o projeto vai ver que isso e um falso positivo recorrente""*. Ou seja, `reconectar cura` ja foi concluido antes nesta casa e caiu depois. Enquanto a escavacao desse histórico não estiver feita, tratar a instancia como causa e repetir um erro que a casa ja pagou. A ARMADILHA DO PROPRIO ENSAIO, registrada: a primeira escrita de verde foi com o DAEMON VIVO e ela respondeu ""não ficou, ainda ta azul""; eu quase gravei `não obedece`. O cache voltara para [0 0 255] em menos de um minuto, porque o daemon reescreve a cor DELE — e azul era o que ele queria, entao a barra ESTAVA obedecendo, so que a ele. Regra que fica: para provar obediência de cor, use cor que NINGUEM MAIS queira, e com o daemon parado.",O APARELHO OBEDECEU,O APARELHO OBEDECEU,Lightbar (cor RGB),Lightbar (cor RGB),tests/unit/test_paridade_transporte_lightbar.py::test_a_cor_sai_nos_bytes_certos_nos_dois_transportes,OS DOIS: o RGB pedido tem de chegar intacto em common[44..46] lido de DENTRO do envelope — trocar R por B reprova no cabo e no rádio.,"11/08/2026 — já registrado no bloco `MORDIDA PROVADA` de tests/unit/test_paridade_transporte_lightbar.py:18-27, aqui só transcrito: trocando `TouchpadColor[0]` por `TouchpadColor[2]` dentro de `_build_common`, com o `src/` copiado para fora da árvore, o arquivo reprova 12 de 17 (seis `[usb]` e seis `[bt]`) — antes desta camada a mesma mutação reprovava 0 na suíte INTEIRA; e zerando `common[44..46]` só quando `conType == BT` reprovam 7, com os `[usb]` verdes, que é a forma exata da regressão que este mapa existe para pegar.",2026-08-12,aparelho,180,A barra obedece nos DOIS transportes — medido em 12/08/2026 com cor arbitraria e daemon parado. O que faz uma conexão de radio nascer travada continua SEM CAUSA ISOLADA.,,,luz.lightbar.cor@dualsense,dualsense.lightbar_cor_rgb.usb | dualsense.lightbar_cor_rgb.bluetooth
luz.lightbar.cor,pro,luz,Lightbar — cor RGB,,,nao-tem,nenhum,não,não,não,não,outro,outro,,,,,"não-localizado — o aparelho NÃO TEM. Não há nó `:red`/`:green`/`:blue`/`:global` no caminho `hid-nintendo`, nem campo de cor em report de saída nenhum.","não-localizado — o aparelho NÃO TEM. Não há nó `:red`/`:green`/`:blue`/`:global` no caminho `hid-nintendo`, nem campo de cor em report de saída nenhum.",inferido-do-codigo,inferido-do-codigo,"o caminho de lightbar RGB do `write_lightbar_slot` é do 8BitDo em modo PS4 (driver playstation), não do Pro","o caminho de lightbar RGB do `write_lightbar_slot` é do 8BitDo em modo PS4 (driver playstation), não do Pro",src/hefesto_dualsense4unix/core/external_leds.py:296-325; assets/dkms/hid-nintendo/hid-nintendo.c (nenhuma menção a lightbar),src/hefesto_dualsense4unix/core/external_leds.py:296-325; assets/dkms/hid-nintendo/hid-nintendo.c (nenhuma menção a lightbar),"`resolve_external_leds` bifurca: `(""nintendo"", inst)` quando há a barra verde, `(""ds4"", prefixo)` quando só há a lightbar RGB. O Pro cai SEMPRE no primeiro ramo.","`resolve_external_leds` bifurca: `(""nintendo"", inst)` quando há a barra verde, `(""ds4"", prefixo)` quando só há a lightbar RGB. O Pro cai SEMPRE no primeiro ramo.",,,,,Lightbar RGB,Lightbar RGB,,,,,,,,,,luz.lightbar.cor@pro,pro.lightbar_rgb.nenhum
luz.lightbar.cor,sn30,luz,Lightbar — cor RGB,,,nao-tem,nenhum,não,não,não,não,outro,outro,,,,,"não existe em modo Switch: o `hid-nintendo` não registra nó RGB nenhum, e o plástico do SN30 Pro não tem barra","não existe em modo Switch: o `hid-nintendo` não registra nó RGB nenhum, e o plástico do SN30 Pro não tem barra",medido,medido,'O SN30 Pro não tem lightbar RGB' — canônica dos externos,'O SN30 Pro não tem lightbar RGB' — canônica dos externos,"docs/protocol/externos-referencia-canonica.md:745, :1089","docs/protocol/externos-referencia-canonica.md:745, :1089",,,"Em modo PS4 (o OUTRO modo do mesmo plástico) o kernel expõe `<inputNN>:red|green|blue|global` porque o driver do DS4 os registra incondicionalmente — nós de driver, não lâmpadas do aparelho.","Em modo PS4 (o OUTRO modo do mesmo plástico) o kernel expõe `<inputNN>:red|green|blue|global` porque o driver do DS4 os registra incondicionalmente — nós de driver, não lâmpadas do aparelho.",,,Lightbar RGB,Lightbar RGB,,,,,,,,,,luz.lightbar.cor@sn30,sn30.lightbar_rgb.nenhum
luz.lightbar.fade,dualsense,luz,Lightbar — fade in/out,lightbar,,tem,cabo+rádio,sim,sim,não,não,hidraw,hidraw,0x02,0x31,common[41] = report[42]; flag2 0x02,common[41] = report[44],"output 0x02, common[41]; bit1 = LIGHT_OUT (fade out), autorizado por valid_flag2 bit1.","output 0x31, common[41] = report[44]; flag2 bit1.",medido,inferido-do-codigo,"`common[41] = int(self.light.pulseOptions.value)` e nada altera pulseOptions (default PulseOptions.Off = 0x0). O byte é escrito em TODO report, sempre com zero.",Sob supressão de BT o flag2 0x02 é explicitamente limpo (LIGHTBAR-BT-KEEPALIVE-01: reengatar o SETUP em regime trava a exibição no firmware).,core/backend_pydualsense.py:818,core/backend_pydualsense.py:764-777,O driver desta máquina diz textualmente: `report.common->lightbar_setup = DS_OUTPUT_LIGHTBAR_SETUP_LIGHT_OUT; /* Fade light out. */`,"Fora de supressão (USB) o flag2 sai de ledOption=Both=0x03 em TODO report, com setup e brilho ligados — escolha deliberada e travada por teste.","PERIGO REGISTRADO: a LIGHTBAR-BT-CLAIM-01 propunha usar LIGHT_OUT para ""tomar a barra de volta"". Testado ao vivo: NENHUM EFEITO. Quem executasse escreveria código para APAGAR a barra achando que a acendia.",A referência canônica não distingue os dois regimes.,,,Lightbar — fade in/out (lightbar_setup),Lightbar — fade in/out (lightbar_setup),,,,,,,,,,luz.lightbar.fade@dualsense,dualsense.lightbar_fade_in_out_lightbar_setup.usb | dualsense.lightbar_fade_in_out_lightbar_setup.bluetooth
luz.lightbar.fade,pro,luz,Lightbar — fade in/out,,,nao-tem,sem linha no v1,não,não,não,não,,,,,,,,,inferido-do-codigo,inferido-do-codigo,"o aparelho não tem lightbar: sem a peça não há brilho, fade nem claim para devolver, em transporte nenhum. A referência é a MESMA da linha irmã `luz.lightbar.cor@pro`, que foi auditada e responde `não` nos dois transportes.","o aparelho não tem lightbar: sem a peça não há brilho, fade nem claim para devolver, em transporte nenhum. Idem à linha irmã `luz.lightbar.cor@pro`.",src/hefesto_dualsense4unix/core/external_leds.py:296-325; assets/dkms/hid-nintendo/hid-nintendo.c (nenhuma menção a lightbar),src/hefesto_dualsense4unix/core/external_leds.py:296-325; assets/dkms/hid-nintendo/hid-nintendo.c (nenhuma menção a lightbar),,,,,,,,,,,,,,,,,"o v1 não tem linha desta chave para este controle; `não-tem` vem de a PEÇA não existir neste aparelho · irmãs: `luz.lightbar.cor` · 11/08: respondido `não` nos dois transportes a partir da AUSÊNCIA DA PEÇA neste mesmo aparelho (linha irmã `luz.lightbar.cor@pro`) — não é analogia com outro controle, e por isso a referência de código é a dela",luz.lightbar.fade@pro,
luz.lightbar.fade,sn30,luz,Lightbar — fade in/out,,,nao-tem,sem linha no v1,não,não,não,não,,,,,,,,,inferido-do-codigo,inferido-do-codigo,"o aparelho não tem lightbar: sem a peça não há brilho, fade nem claim para devolver, em transporte nenhum. A referência é a MESMA da linha irmã `luz.lightbar.cor@sn30`, que foi auditada e responde `não` nos dois transportes.","o aparelho não tem lightbar: sem a peça não há brilho, fade nem claim para devolver, em transporte nenhum. Idem à linha irmã `luz.lightbar.cor@sn30`.","docs/protocol/externos-referencia-canonica.md:745, :1089","docs/protocol/externos-referencia-canonica.md:745, :1089",,,,,,,,,,,,,,,,,"o v1 não tem linha desta chave para este controle; `não-tem` vem de a PEÇA não existir neste aparelho · irmãs: `luz.lightbar.cor` · 11/08: respondido `não` nos dois transportes a partir da AUSÊNCIA DA PEÇA neste mesmo aparelho (linha irmã `luz.lightbar.cor@sn30`) — não é analogia com outro controle, e por isso a referência de código é a dela",luz.lightbar.fade@sn30,
luz.lightbar.release_leds,dualsense,luz,Lightbar — devolver o claim (RELEASE_LEDS 0x08),lightbar,,tem,cabo+rádio,sim,sim,não,parcial,hidraw,hidraw,0x02,0x31,valid_flag1 bit3 (0x08) em common[1]=report[2],valid_flag1 0x08 em common[1] = report[4],Não aplicável na prática: o caminho USB não tem o claim.,"output 0x31 de 78 B com tag 0x10, TODO o common zerado exceto common[1]=0x08, CRC seed 0xA2. Superfícies: CLI `hefesto lightbar-reset [--uniq]`; IPC `lightbar.reset`.",medido,medido,O `build_bt_release_leds_report` só monta o envelope BT. O cabo escapa — o caminho USB não tem esse claim (medido 17-18/07).,`send_release_leds` tem UM único chamador em src/: o método-instrumento `enviar_release_leds`. Os dois blocos automáticos (adoção de handle novo e wake) viraram comentários datados; há teste que lê a ÁRVORE DE SINTAXE e reprova se voltarem.,core/lightbar_reset.py:40-88,core/lightbar_reset.py:40-88; cli/app.py:131; daemon/ipc_server.py:135; core/backend_pydualsense.py:2147,"MEDIDO 11/08/2026, foto dela de dois DualSense acesos ao mesmo tempo (o roxo em AZUL, o branco em VERMELHO): a lightbar sao DUAS tiras, uma de cada lado do touchpad, na costura entre ele e a carcaca — não uma peca so. Desenhadas em assets/control-svg/dualsense.svg ancoradas nas bordas do touchpad, e conferidas por renderizacao.","MEDIDO 11/08/2026, foto dela de dois DualSense acesos ao mesmo tempo (o roxo em AZUL, o branco em VERMELHO): a lightbar sao DUAS tiras, uma de cada lado do touchpad, na costura entre ele e a carcaca — não uma peca so. Desenhadas em assets/control-svg/dualsense.svg ancoradas nas bordas do touchpad, e conferidas por renderizacao. O kernel DEFINE DS_OUTPUT_VALID_FLAG1_RELEASE_LEDS e NUNCA o envia (grep devolve a definição, zero usos). Mandá-lo é decisão exclusiva deste projeto, copiada do SDL.",,"INSTRUMENTO, não cura. Só sai por gesto explícito. Custo colateral MEDIDO: o 0x08 APAGA os player-LEDs sempre, e eles não voltam sozinhos.",,,Lightbar — devolver o claim (RELEASE_LEDS 0x08),Lightbar — devolver o claim (RELEASE_LEDS 0x08),tests/unit/test_lightbar_reset.py::TestBuildReport::test_flag1_reset_leds_e_resto_zerado,RÁDIO: report[4] tem de ser 0x08 (valid_flag1 RELEASE_LEDS) e TODO o resto do common tem de sair zerado.,,2026-08-11,aparelho,180,"Diverge porque o CLAIM só existe de um lado. Por cabo não há o claim que o RELEASE_LEDS devolve — medido em 17-18/07 — e por isso o `build_bt_release_leds_report` só monta o envelope BT. Registrado para que a célula do cabo seja lida como `não se aplica`. RESSALVA que a auditoria de 11/08 achou e que contradiz este parágrafo no código: `core/lightbar_reset.py:73` monta o 0x31 SEMPRE, e `enviar_release_leds` itera todos os handles sem consultar o transporte — o gate que este raciocínio pressupõe não existe.",,,luz.lightbar.release_leds@dualsense,dualsense.lightbar_devolver_o_claim_release_leds_0x08.usb | dualsense.lightbar_devolver_o_claim_release_leds_0x08.bluetooth
luz.lightbar.release_leds,pro,luz,Lightbar — devolver o claim (RELEASE_LEDS 0x08),,,nao-tem,sem linha no v1,não,não,não,não,,,,,,,,,inferido-do-codigo,inferido-do-codigo,"o aparelho não tem lightbar: sem a peça não há brilho, fade nem claim para devolver, em transporte nenhum. A referência é a MESMA da linha irmã `luz.lightbar.cor@pro`, que foi auditada e responde `não` nos dois transportes.","o aparelho não tem lightbar: sem a peça não há brilho, fade nem claim para devolver, em transporte nenhum. Idem à linha irmã `luz.lightbar.cor@pro`.",src/hefesto_dualsense4unix/core/external_leds.py:296-325; assets/dkms/hid-nintendo/hid-nintendo.c (nenhuma menção a lightbar),src/hefesto_dualsense4unix/core/external_leds.py:296-325; assets/dkms/hid-nintendo/hid-nintendo.c (nenhuma menção a lightbar),,,,,,,,,,,,,,,,,"o v1 não tem linha desta chave para este controle; `não-tem` vem de a PEÇA não existir neste aparelho · irmãs: `luz.lightbar.cor` · 11/08: respondido `não` nos dois transportes a partir da AUSÊNCIA DA PEÇA neste mesmo aparelho (linha irmã `luz.lightbar.cor@pro`) — não é analogia com outro controle, e por isso a referência de código é a dela",luz.lightbar.release_leds@pro,
luz.lightbar.release_leds,sn30,luz,Lightbar — devolver o claim (RELEASE_LEDS 0x08),,,nao-tem,sem linha no v1,não,não,não,não,,,,,,,,,inferido-do-codigo,inferido-do-codigo,"o aparelho não tem lightbar: sem a peça não há brilho, fade nem claim para devolver, em transporte nenhum. A referência é a MESMA da linha irmã `luz.lightbar.cor@sn30`, que foi auditada e responde `não` nos dois transportes.","o aparelho não tem lightbar: sem a peça não há brilho, fade nem claim para devolver, em transporte nenhum. Idem à linha irmã `luz.lightbar.cor@sn30`.","docs/protocol/externos-referencia-canonica.md:745, :1089","docs/protocol/externos-referencia-canonica.md:745, :1089",,,,,,,,,,,,,,,,,"o v1 não tem linha desta chave para este controle; `não-tem` vem de a PEÇA não existir neste aparelho · irmãs: `luz.lightbar.cor` · 11/08: respondido `não` nos dois transportes a partir da AUSÊNCIA DA PEÇA neste mesmo aparelho (linha irmã `luz.lightbar.cor@sn30`) — não é analogia com outro controle, e por isso a referência de código é a dela",luz.lightbar.release_leds@sn30,
luz.recursos_proprios,dualsense,luz,"Recursos próprios do fabricante (turbo, LEDs de modo)",,,desconhecido,sem linha no v1,,,,,,,,,,,,,,,,,,,,,,,,,,,,,,,,,,,"o v1 não tem linha desta chave para este controle; `existe` vem das linhas irmãs da mesma peça · 11/08: o lado do PRODUTO está respondido e é NÃO — zero ocorrências de `turbo` em todo o `src/`. O único indicador proprietário implementado para o DualSense é o LED do microfone, e ele tem chave própria (`luz.led_microfone`, `core/backend_pydualsense.py:2497`). Se o aparelho tem recurso proprietário que ninguém procurou, as células continuam MUDAS de propósito",luz.recursos_proprios@dualsense,
luz.recursos_proprios,pro,luz,"Recursos próprios do fabricante (turbo, LEDs de modo)",,,desconhecido,sem linha no v1,,,,,,,,,,,,,,,,,,,,,,,,,,,,,,,,,,,o v1 não tem linha desta chave para este controle; `existe` vem das linhas irmãs da mesma peça,luz.recursos_proprios@pro,
luz.recursos_proprios,sn30,luz,"Recursos próprios do fabricante (turbo, LEDs de modo)",,,desconhecido,ambos,desconhecido,desconhecido,não,não,outro,outro,,,,,não localizado,não localizado,incerto,incerto,,,,,Nenhum arquivo do repositório descreve o Turbo nem a semântica dos LEDs de modo do firmware 8BitDo além de uma citação de manual na canônica dos externos (linha 1212).,Nenhum arquivo do repositório descreve o Turbo nem a semântica dos LEDs de modo do firmware 8BitDo além de uma citação de manual na canônica dos externos (linha 1212).,O padrão de LED que aparece ao ligar pode ser do FIRMWARE (indicação de modo) e não do driver — mais um escritor na mesma barra.,O padrão de LED que aparece ao ligar pode ser do FIRMWARE (indicação de modo) e não do driver — mais um escritor na mesma barra.,,,"Turbo, LEDs de indicação de modo e demais recursos próprios da 8BitDo","Turbo, LEDs de indicação de modo e demais recursos próprios da 8BitDo",,,,,,,,,,luz.recursos_proprios@sn30,sn30.turbo_leds_de_indica_o_de_modo_e_demais_recu.ambos
luz.replica_output_jogo,dualsense,luz,"Réplica do output do jogo (lightbar, LED de jogador, gatilho)",lightbar,,tem,sem linha no v1,sim,sim,sim,parcial,uhid,uhid,0x02 (o report que o JOGO escreve no vpad),0x02 na leitura; 0x31 na escrita ao físico,"do vpad: gatilho R body[10..20] sob flag0 0x04, gatilho L body[21..31] sob flag0 0x08, jogador body[43] & 0x1F sob flag1 0x10, lightbar body[44..46] sob flag1 0x04",mesma leitura; na escrita ao físico o bloco de gatilho vai VERBATIM para common[10..20]/[21..31],"`_replicate_from_output` lê o 0x02 que o jogo escreveu no vpad e reescreve no controle real: gatilho por report, luz por report","o gatilho replicado SAI pelos dois transportes; a lightbar e o LED de jogador, por Bluetooth, dependem do sysfs",inferido-do-codigo,inferido-do-codigo,,,"src/hefesto_dualsense4unix/integrations/uhid_gamepad.py:2225; src/hefesto_dualsense4unix/core/backend_pydualsense.py:3226, :3264; src/hefesto_dualsense4unix/daemon/subsystems/gamepad.py:1074","src/hefesto_dualsense4unix/integrations/uhid_gamepad.py:2225; src/hefesto_dualsense4unix/core/backend_pydualsense.py:1899, :3226",,,,,,,,,,,,,,,"Diverge SÓ NA LUZ, e pelo mesmo motivo de `luz.led_jogador.escrita_hefesto`: o bloco de gatilho que o jogo manda é replicado verbatim nos dois transportes, mas a lightbar e o LED de jogador por Bluetooth caem na supressão de escrita crua (LIGHTBAR-BT-NEVER-01) e sobram só pelo sysfs. Um jogo que pinte a barra vai pintar no cabo e pode não pintar no rádio.",,o v1 não tem linha desta chave para este controle; `existe` vem das linhas irmãs da mesma peça · 11/08: respondido por auditoria de código,luz.replica_output_jogo@dualsense,
luz.replica_output_jogo,pro,luz,"Réplica do output do jogo (lightbar, LED de jogador, gatilho)",,,nao-tem,ambos,não,não,não,não,uhid,uhid,,,,,o jogo escreve no vpad do Pro → `apply_game_trigger/lightbar/player_leds(target_uniq=MAC do Pro)` → `set_game_trigger_for`/`set_game_output_for` no backend NÃO acham handle → descartado em silêncio,o jogo escreve no vpad do Pro → `apply_game_trigger/lightbar/player_leds(target_uniq=MAC do Pro)` → `set_game_trigger_for`/`set_game_output_for` no backend NÃO acham handle → descartado em silêncio,inferido-do-codigo,inferido-do-codigo,,,src/hefesto_dualsense4unix/daemon/subsystems/coop.py:590-636; src/hefesto_dualsense4unix/daemon/subsystems/gamepad.py:998-1036,src/hefesto_dualsense4unix/daemon/subsystems/coop.py:590-636; src/hefesto_dualsense4unix/daemon/subsystems/gamepad.py:998-1036,"Sem broadcast, de propósito: replicar efeito de gatilho em TODOS os controles pintaria o jogador errado (é o bug P1-lightbar). Aqui o descarte é a resposta certa — o Pro não tem lightbar nem gatilho adaptativo para onde replicar.","Sem broadcast, de propósito: replicar efeito de gatilho em TODOS os controles pintaria o jogador errado (é o bug P1-lightbar). Aqui o descarte é a resposta certa — o Pro não tem lightbar nem gatilho adaptativo para onde replicar.","O LED de jogador é o único que o Pro TEM e que a réplica poderia acender — e não acende, porque o caminho passa pelo backend de DualSense e não pelo sysfs de externo.","O LED de jogador é o único que o Pro TEM e que a réplica poderia acender — e não acende, porque o caminho passa pelo backend de DualSense e não pelo sysfs de externo.",,,"Réplica do output do JOGO (gatilho adaptativo, lightbar, LED de jogador) no Pro","Réplica do output do JOGO (gatilho adaptativo, lightbar, LED de jogador) no Pro",,,,,,,,,,luz.replica_output_jogo@pro,pro.r_plica_do_output_do_jogo_gatilho_adaptativo.ambos
luz.replica_output_jogo,sn30,luz,"Réplica do output do jogo (lightbar, LED de jogador, gatilho)",,,desconhecido,sem linha no v1,,,,,,,,,,,,,,,,,,,,,,,,,,,,,,,,,,,o v1 não tem linha desta chave para este controle; `existe` vem das linhas irmãs da mesma peça,luz.replica_output_jogo@sn30,
movimento.acelerometro,dualsense,movimento,Acelerômetro — número para a interface,feat-acelerometro,,tem,ambos,sim,sim,não,não,evdev,evdev,—,—,ABS_X / ABS_Y / ABS_Z (não lidos),ABS_X / ABS_Y / ABS_Z (não lidos),"Nenhum. O `MotionSensorReader` diz explicitamente que ABS_X/Y/Z são o acelerômetro e ""não entram aqui"".","Nenhum. O `MotionSensorReader` diz explicitamente que ABS_X/Y/Z são o acelerômetro e ""não entram aqui"".",inferido-do-codigo,inferido-do-codigo,Não há acelerômetro na interface. Nenhum caminho do Hefesto o converte em número.,Não há acelerômetro na interface. Nenhum caminho do Hefesto o converte em número.,core/evdev_reader.py:1781-1783,core/evdev_reader.py:1781-1783,"Para o produto, o acelerômetro não é um número — é PASSAGEM.","Para o produto, o acelerômetro não é um número — é PASSAGEM.","Não há registro dizendo se isso é lacuna ou decisão. A pergunta ""alguém quer o acelerômetro em número?"" não está respondida em lugar nenhum.","Não há registro dizendo se isso é lacuna ou decisão. A pergunta ""alguém quer o acelerômetro em número?"" não está respondida em lugar nenhum.",,,Acelerômetro — número para a INTERFACE,Acelerômetro — número para a INTERFACE,tests/unit/test_sensores_status.py::test_motion_reader_ignora_o_acelerometro_do_mesmo_node,"OS DOIS, e morde a AUSÊNCIA: trava que ABS_X/ABS_Y do mesmo nó NÃO podem virar giroscópio. É prova de que o acelerômetro não é lido para a interface, não prova de que ele funciona.",,,,,,,,movimento.acelerometro@dualsense,dualsense.aceler_metro_n_mero_para_a_interface.ambos
movimento.acelerometro,pro,movimento,Acelerômetro — número para a interface,feat-acelerometro,,tem,cabo+rádio,sim,sim,não,não,evdev,evdev,entrada 0x30,entrada 0x30,"JC_IMU_ACCEL_RES_PER_G = 4096 LSB/g, faixa ±8 g",JC_IMU_ACCEL_RES_PER_G = 4096,"mesmo nó `Pro Controller (IMU)`, eixos ABS_X/ABS_Y/ABS_Z; 3 amostras por relatório 0x30",idêntico ao cabo,inferido-do-codigo,inferido-do-codigo,constantes do driver conferidas no módulo carregado nesta máquina,,"assets/dkms/hid-nintendo/hid-nintendo.c:236-259, :2380-2392",assets/dkms/hid-nintendo/hid-nintendo.c:236-239,"ARMADILHA DE ESCALA: o DualSense é 8192 LSB/g (±4 g) e 1024 LSB/(°/s); o Pro é 4096 LSB/g (±8 g) e 14,247 LSB/(°/s). Quem comparar eixos sem converter erra por 2× no acelerômetro e ~14× no giroscópio.",,"O Hefesto NÃO decodifica acelerômetro de aparelho nenhum — nem do DualSense (lá ele viaja como bytes opacos até o vpad). No Pro não há nem isso: não há espelho de motion para externo, por decisão (""gyro nativo, sem espelho"").",,,,Acelerômetro,Acelerômetro,,,,,,,,,,movimento.acelerometro@pro,pro.aceler_metro.usb | pro.aceler_metro.bluetooth
movimento.acelerometro,sn30,movimento,Acelerômetro — número para a interface,feat-acelerometro,,tem,cabo+rádio,sim,sim,não,não,evdev,evdev,entrada 0x30,entrada 0x30,ABS_X/Y/Z do nó (IMU),,"mesmo nó `(IMU)`: ABS_X/ABS_Y/ABS_Z, ±32767, `resolution = 4096` LSB/g (faixa ±8 g)","idêntico ao cabo (ABS_X/Y/Z, 4096 LSB/g), sujeito à perda de relatórios do rádio",inferido-do-codigo,inferido-do-codigo,,,"assets/dkms/hid-nintendo/hid-nintendo.c:229-239, :2362-2373",assets/dkms/hid-nintendo/hid-nintendo.c:2362-2373,,,,,,,Acelerômetro,Acelerômetro,,,,,,,,,,movimento.acelerometro@sn30,sn30.aceler_metro.usb | sn30.aceler_metro.bluetooth
movimento.acelerometro.jogo,dualsense,movimento,Acelerômetro — dado para o jogo,feat-acelerometro,,tem,cabo+rádio,sim,sim,sim,sim,uhid,uhid,0x01,0x31,payload[21..26] = report[22..27],payload[21..26] = report[23..28],Viaja como bytes OPACOS dentro da mesma janela de 25 B copiada ao vpad (payload[21..26]).,"idem, sob o portão de CRC do 0x31 (payload[21..26] = report[23..28]).",inferido-do-codigo,inferido-do-codigo,O kernel confirma DS_ACC_RES_PER_G = 8192 (±4 g).,,core/physical_report_reader.py:102-107,core/physical_report_reader.py:296-315,,,"O nome ""janela de motion"" subestima o que ela carrega: giroscópio, acelerômetro, sensor_timestamp E os dois pontos de toque.",,MONTOU,MONTOU,Acelerômetro — dado para o JOGO,Acelerômetro — dado para o JOGO,tests/unit/test_physical_report_reader.py::TestExtractMotionWindow::test_usb_e_fatia_exata_do_buffer,"CABO: a janela de motion tem de ser a fatia EXATA do buffer cru, que é por onde os bytes 21-26 do acelerômetro viajam verbatim até o jogo. O irmão do RÁDIO é `::test_bt_extrai_a_janela_com_crc_valido`.",,,,,,,,movimento.acelerometro.jogo@dualsense,dualsense.aceler_metro_dado_para_o_jogo.usb | dualsense.aceler_metro_dado_para_o_jogo.bluetooth
movimento.acelerometro.jogo,pro,movimento,Acelerômetro — dado para o jogo,feat-acelerometro,,nao-tem,sem linha no v1,não,não,não,não,,,,,,,,,inferido-do-codigo,inferido-do-codigo,"o dado de movimento do Pro não é espelhado para o jogo em transporte nenhum — a linha irmã `movimento.giroscopio.jogo@pro` já responde `não` dos dois lados, e o acelerômetro segue o mesmo caminho.",idem à linha irmã `movimento.giroscopio.jogo@pro`.,src/hefesto_dualsense4unix/daemon/subsystems/coop.py:857-885,src/hefesto_dualsense4unix/daemon/subsystems/coop.py:857-885,,,,,,,,,,,,,,,,,o v1 não tem linha desta chave para este controle; a resposta mora em `movimento.giroscopio.jogo` — `existe` foi herdado de lá · irmãs: `movimento.acelerometro` · 11/08: respondido `não` nos dois a partir da linha irmã do MESMO aparelho,movimento.acelerometro.jogo@pro,
movimento.acelerometro.jogo,sn30,movimento,Acelerômetro — dado para o jogo,feat-acelerometro,,parcial,sem linha no v1,,,,,,,,,,,,,,,,,,,,,,,,,,,,,,,,,,,o v1 não tem linha desta chave para este controle; a resposta mora em `movimento.giroscopio.jogo` — `existe` foi herdado de lá · irmãs: `movimento.acelerometro`,movimento.acelerometro.jogo@sn30,
movimento.giroscopio,dualsense,movimento,Giroscópio — número para a interface,feat-giroscopio,,tem,cabo+rádio,sim,sim,sim,sim,evdev,evdev,—,—,ABS_RX / ABS_RY / ABS_RZ,ABS_RX / ABS_RY / ABS_RZ,"Nó evdev ""… Motion Sensors"" já decodificado pelo kernel; lê ABS_RX/RY/RZ e divide pela `resolution` que o node DECLARA (o hardcode 1024 é só fallback). Nasce e morre por demanda no SensorHub (TTL 5 s).",idem — o nó evdev é criado pelo kernel nos dois transportes; a rota não ramifica.,inferido-do-codigo,inferido-do-codigo,,,"core/evdev_reader.py:1754-1768, :1460; daemon/sensor_hub.py",core/evdev_reader.py:1771-1840,Existe mesmo com a emulação desligada.,,Funcionava por ACIDENTE até 09/08: o kernel classifica o nó como ID_INPUT_ACCELEROMETER=1 e a 70-uaccess.rules do sistema só dá ACL a ID_INPUT_JOYSTICK. Só funcionava porque ela está no grupo `input` POR FORA do produto. Curado com a regra 72-hefesto-touchpad-motion-uaccess.rules.,,MONTOU,MONTOU,Giroscópio — número para a INTERFACE,Giroscópio — número para a INTERFACE,tests/unit/test_sensores_status.py::test_motion_reader_mapeia_abs_r_para_os_tres_eixos,OS DOIS (evdev/kernel): ABS_RX/RY/RZ têm de virar x/y/z em graus por segundo pela resolução do `absinfo`. Não olha byte de report nenhum.,,,,,,,,movimento.giroscopio@dualsense,dualsense.girosc_pio_n_mero_para_a_interface.usb | dualsense.girosc_pio_n_mero_para_a_interface.bluetooth
movimento.giroscopio,pro,movimento,Giroscópio — número para a interface,feat-giroscopio,,tem,cabo+rádio,sim,sim,parcial,não,evdev,evdev,entrada 0x30; subcmd de ligar = 0x40,entrada 0x30,"JC_IMU_GYRO_RES_PER_DPS = 14247 (isto é 14,247 LSB por grau/s), faixa ±2000 °/s, escala interna ×1000",JC_IMU_GYRO_RES_PER_DPS = 14247,"3 amostras por relatório 0x30. Nó evdev SEPARADO `Pro Controller (IMU)`, eixos ABS_RX/RY/RZ com `INPUT_PROP_ACCELEROMETER`. Ligado pelo DRIVER, sozinho, no probe (subcomando ENABLE_IMU 0x40, data[0]=0x01).","idêntico ao cabo — mesmo report 0x30, mesmo subcomando 0x40 mandado pelo driver no probe",inferido-do-codigo,medido,"`joycon_enable_imu` é chamado dentro de `joycon_init` sob `if (joycon_has_imu(ctlr))`, SEM porteiro de bus, e `joycon_has_imu` é verdadeiro para procon","MEDIDO: 89,2 relatórios/s (536 em 6,0 s) × 3 amostras = 268 amostras/s, batendo com os 267 SYN/s medidos no nó de IMU","assets/dkms/hid-nintendo/hid-nintendo.c:839-844, :1569-1580, :2925-2947; src/hefesto_dualsense4unix/core/external_leds.py:155-192; src/hefesto_dualsense4unix/daemon/subsystems/external_identity.py:196-212, :878-940; src/hefesto_dualsense4unix/core/evdev_reader.py:1404-1461","src/hefesto_dualsense4unix/daemon/subsystems/external_identity.py:205, :902; docs/protocol/externos-referencia-canonica.md:347-367","O Hefesto escreve o Enable-IMU CRU no hidraw (`enable_imu`, 12 bytes) SÓ por USB e SÓ para a OUI e0f6b5, ≤2 tentativas por adoção espaçadas ≥2 s. Mas ele NÃO LÊ o giroscópio do Pro: o `MotionSensorReader` só descobre nós de DualSense (`_discover_dualsense_por_nome`, filtrado por VID/PID Sony).","A escrita do `enable_imu` do Hefesto está BLOQUEADA por rádio de propósito (`_IMU_ENABLE_ALLOWED_BUS = ""usb""`, FASE 1 do GYRO-02). E a leitura continua sem existir.","O `enable_imu` do Hefesto é PROVÁVEL CÓDIGO MORTO: o pacote é byte a byte o que o driver monta, e o driver já o manda no probe em TODO barramento. A docstring do módulo ainda diz que o hid-nintendo ""declara mas não ativa"" a IMU — isso é FALSO nesta versão do driver. Ninguém mediu a IMU COM e SEM a nossa escrita.","O default do driver `JC_IMU_DFLT_AVG_DELTA_MS = 15` é 36% maior que a realidade deste link (11,2 ms) — ele se corrige sozinho depois de 300 amostras. As fontes públicas de 60/120 Hz e 8 ms ficam REFUTADAS.",,,Giroscópio,Giroscópio,,,,,,,"Diverge por GATE EXPLÍCITO nosso, e o gate pode estar protegendo código morto. O driver liga a IMU sozinho no probe, em TODO barramento (`joycon_enable_imu` dentro de `joycon_init`, sem porteiro de bus). A escrita CRUA de Enable-IMU do Hefesto, essa, está bloqueada por rádio de propósito (`_IMU_ENABLE_ALLOWED_BUS = ""usb""`, fase 1 do GYRO-02). Como o driver já manda o mesmo pacote nos dois, o gate provavelmente não muda nada — e ninguém mediu a IMU COM e SEM a nossa escrita. A leitura, em qualquer transporte, não existe: o leitor de motion só descobre nós de DualSense.",,,movimento.giroscopio@pro,pro.girosc_pio.usb | pro.girosc_pio.bluetooth
movimento.giroscopio,sn30,movimento,Giroscópio — número para a interface,feat-giroscopio,,tem,cabo+rádio,sim,sim,não,não,evdev,evdev,entrada 0x30,entrada 0x30,ABS_RX/RY/RZ do nó (IMU),,"nó evdev SEPARADO, nomeado `<nome> (IMU)`: ABS_RX/ABS_RY/ABS_RZ, faixa ±32767000, `resolution = 14247` (= 14,247 LSB por grau/s, escala ×1000), mais MSC_TIMESTAMP. 3 amostras por relatório de entrada 0x30","mesmo nó `(IMU)`, mesmos eixos e mesma escala; a perda de amostras é do rádio",inferido-do-codigo,inferido-do-codigo,,,"assets/dkms/hid-nintendo/hid-nintendo.c:243-261, :2333-2392",assets/dkms/hid-nintendo/hid-nintendo.c:2333-2392; docs/protocol/externos-referencia-canonica.md:347-372,Escala DIFERENTE do DualSense (1024 LSB/(°/s)): comparar eixos sem converter erra por ~14x no giroscópio e 2x no acelerômetro (4096 vs 8192 LSB/g).,"Medição de taxa (feita no Pro GENUÍNO, não neste controle): 89,2 relatórios/s = 11,2 ms, 268 amostras/s — 36% mais rápido que o default `JC_IMU_DFLT_AVG_DELTA_MS=15` que o driver usa até corrigir sozinho após 300 amostras.","O nó é criado sob `joycon_has_imu(tipo PRO)`, sem perguntar ao aparelho — a existência do nó NÃO prova o sensor.","O contador de perda só avisa acima de 3 relatórios seguidos (`>` e não `>=`), e conta RELATÓRIOS, não amostras: a perda real é maior que a medida, por construção.",,,Giroscópio,Giroscópio,,,,,,,,,"14/08/2026: LEI 2 — `radio_confianca` caiu de `medido` para `inferido-do-codigo`: a medição de taxa citada foi feita no Pro GENUÍNO, e não neste clone. A própria célula já dizia isso entre parênteses.",movimento.giroscopio@sn30,sn30.girosc_pio.usb | sn30.girosc_pio.bluetooth
movimento.giroscopio.jogo,dualsense,movimento,Giroscópio — dado para o jogo (espelho ao vpad),feat-giroscopio,,tem,cabo+rádio,sim,sim,sim,sim,uhid,uhid,0x01 (entrada USB),0x31 (entrada BT),giroscópio payload[15..20] = report[16..21],giroscópio payload[15..20] = report[17..22],"2º fd O_RDONLY no hidraw do físico; `_struct_base` reconhece o report 0x01 e o payload começa em report[1]; copia VERBATIM report[16..40] (payload[15..39]) para `vpad.forward_motion`, injetado no report 0x01 do vpad via /dev/uhid.","idem, mas o portão EXIGE report 0x31 com 78 bytes exatos e CRC-32 válido (seed 0xA1 sobre os 74 primeiros); payload começa em report[2]; janela = report[17..42].",medido,medido,"SENSOR-VIVO-01 (29/07): giroscópio CHEGA ao jogo, motion_streaming=true, motion_hz=189,2.",Medido 03/08 com os controles PARADOS: ~300 Hz de reports lidos do hidraw. O DualSense por BT NÃO emudece em repouso — a premissa BT-SURDO-01 caiu.,"core/physical_report_reader.py:102-118, :288-311, :970",core/physical_report_reader.py:285-311,"Zero matemática no caminho — cópia byte a byte. Escala do aparelho: 1024 LSB por grau/s (±2048 °/s), confirmado no fonte do kernel instalado.","Teto de silêncio de 30,0 s por BT (o motivo original — ""o firmware BT emudece em repouso"" — foi refutado; o teto continua por outro defeito).","Teto de silêncio antes de largar o fd: 1,0 s por USB (contra 30,0 s por BT), decidido pelo bus HID do sysfs.","FURO ABERTO (BT-FURO-FINO-01 defeito 1), CONFIRMADO NO CÓDIGO HOJE: `_struct_base` NÃO testa o bit1 de report[1] (INPUT_FLAG_AUDIO = 0x02). O pacote de áudio do microfone tem o MESMO id 0x31, o MESMO tamanho e CRC VÁLIDO — logo bytes de Opus entrariam como giroscópio. O irmão dualsense_bt_audio.py:265 FAZ a checagem. Inerte só porque a ponte de mic nasce DESLIGADA.",MONTOU,MONTOU,Giroscópio — dado para o JOGO (espelho ao vpad),Giroscópio — dado para o JOGO (espelho ao vpad),tests/unit/test_physical_report_reader.py::TestExtractMotionWindow::test_bt_extrai_a_janela_com_crc_valido,RÁDIO: a janela só é extraída com o CRC-32 de entrada válido. O irmão do CABO é `::test_usb_e_fatia_exata_do_buffer`.,,,,,,,,movimento.giroscopio.jogo@dualsense,dualsense.girosc_pio_dado_para_o_jogo_espelho_ao_vpad.usb | dualsense.girosc_pio_dado_para_o_jogo_espelho_ao_vpad.bluetooth
movimento.giroscopio.jogo,pro,movimento,Giroscópio — dado para o jogo (espelho ao vpad),feat-giroscopio,,nao-tem,ambos,não,não,não,não,uhid,uhid,,,,,"NÃO EXISTE para externo, por DESIGN: `_start_player_motion_reader` desiste quando `hidraw_path(identity)` devolve None, que é sempre o caso de um controle sem handle no backend","NÃO EXISTE para externo, por DESIGN: `_start_player_motion_reader` desiste quando `hidraw_path(identity)` devolve None, que é sempre o caso de um controle sem handle no backend",inferido-do-codigo,inferido-do-codigo,,,src/hefesto_dualsense4unix/daemon/subsystems/coop.py:857-885,src/hefesto_dualsense4unix/daemon/subsystems/coop.py:857-885,"Comentário no próprio código: ""externo/sem handle: gyro nativo, sem espelho"" — decisão da mantenedora no estudo de 19/07: dar-lhe vpad com espelho reverteria o 8BIT-02.","Comentário no próprio código: ""externo/sem handle: gyro nativo, sem espelho"" — decisão da mantenedora no estudo de 19/07: dar-lhe vpad com espelho reverteria o 8BIT-02.","O Pro passa direto ao jogo com o gyro NATIVO dele (nó `Pro Controller (IMU)`), pelo kernel — o que só funciona se o jogo enxergar o físico, e o co-op faz EVIOCGRAB no nó de gamepad.","O Pro passa direto ao jogo com o gyro NATIVO dele (nó `Pro Controller (IMU)`), pelo kernel — o que só funciona se o jogo enxergar o físico, e o co-op faz EVIOCGRAB no nó de gamepad.",,,Espelho de motion (giroscópio cru do físico → vpad),Espelho de motion (giroscópio cru do físico → vpad),,,,,,,,,,movimento.giroscopio.jogo@pro,pro.espelho_de_motion_girosc_pio_cru_do_f_sico_v.ambos
movimento.giroscopio.jogo,sn30,movimento,Giroscópio — dado para o jogo (espelho ao vpad),feat-giroscopio,,parcial,ambos,parcial,parcial,parcial,parcial,outro,outro,,,,,depende do Steam Input estar ATIVO para aquele app — e o `hefesto-steam-input-guard` reaplica Steam Input OFF,depende do Steam Input estar ATIVO para aquele app — e o `hefesto-steam-input-guard` reaplica Steam Input OFF,afirmado-no-doc,afirmado-no-doc,docs/usage/troubleshooting-8bitdo.md:241-253,docs/usage/troubleshooting-8bitdo.md:241-253,assets/hefesto-steam-input-guard.service; assets/hefesto-steam-input-guard.timer; scripts/disable_steam_input.sh,assets/hefesto-steam-input-guard.service; assets/hefesto-steam-input-guard.timer; scripts/disable_steam_input.sh,"Conflito declarado: 'não há configuração que dê gyro + guard ao mesmo tempo hoje'. Jogos já configurados podem ter `UseSteamControllerConfig=0` persistido, o que desliga o Steam Input do app para TODOS os controles.","Conflito declarado: 'não há configuração que dê gyro + guard ao mesmo tempo hoje'. Jogos já configurados podem ter `UseSteamControllerConfig=0` persistido, o que desliga o Steam Input do app para TODOS os controles.","É a única ação do Hefesto com efeito NEGATIVO medido sobre este controle — e é deliberada, não defeito.","É a única ação do Hefesto com efeito NEGATIVO medido sobre este controle — e é deliberada, não defeito.",,,Giroscópio CHEGANDO ao jogo,Giroscópio CHEGANDO ao jogo,,,,,,,,,,movimento.giroscopio.jogo@sn30,sn30.girosc_pio_chegando_ao_jogo.ambos
movimento.giroscopio.taxa,dualsense,movimento,Giroscópio — taxa declarada contra entregue,feat-giroscopio,,tem,ambos,sim,sim,parcial,parcial,uhid,uhid,—,—,—,—,"O SDL declara DualSense USB 250 Hz, BT 1000 Hz, Edge USB 1000 Hz. O vpad deste projeto se declara EDGE (PID 0x0DF2) e entrega os ~250 Hz do físico.","O SDL declara DualSense USB 250 Hz, BT 1000 Hz, Edge USB 1000 Hz. O vpad deste projeto se declara EDGE (PID 0x0DF2) e entrega os ~250 Hz do físico.",medido,medido,"Confirmado que o vpad é Edge por construção. · 11/08: a metade do APARELHO está medida — 250,0 Hz no cabo, por duas réguas independentes (relógio do host e relógio do controle) e pelo `bInterval 6` do descritor. O que continua NÃO MEDIDO é o que o SDL DECLARA ao jogo.","Confirmado que o vpad é Edge por construção. · 11/08: a metade do APARELHO está medida — o rádio entrega rajadas, entre ~38 e ~392 Hz sustentados, NUNCA os 1000 Hz que o SDL declara para Bluetooth. O que continua NÃO MEDIDO é o que o SDL DECLARA ao jogo.","integrations/uhid_gamepad.py:123; assets/dkms/hid-playstation/hid-playstation.c:437, :483-484, :2873-2877 (o CONTRA-exemplo: o driver só negocia taxa com o DualShock4)","integrations/uhid_gamepad.py:123; assets/dkms/hid-playstation/hid-playstation.c:437, :483-484, :2873-2877 (o CONTRA-exemplo: o driver só negocia taxa com o DualShock4)",Um jogo que integre velocidade angular pela taxa DECLARADA teria escala 4x errada — e a razão 4 agora tem os dois números: 1000 declarado contra 250 medido no cabo.,Um jogo que integre velocidade angular pela taxa DECLARADA teria escala 4x errada.,"A pergunta encolheu, não fechou: deixou de ser ""qual é a taxa"" e passou a ser ""o que o SDL declara ao jogo"". Só medível contra a SDL3 que a Steam distribui, nunca contra a libSDL2 do sistema — que já produziu um alarme falso inteiro nesta casa. E `GYRO-EDGE-RATE-01` é NOME DE DIVERGÊNCIA, não arquivo de sprint — está registrado em `docs/process/DIVERGENCIAS-NOMEADAS.md`, e é lá que se procura.","Mesma metade que falta. E aqui a diferença é maior: o SDL declara 1000 Hz para Bluetooth, e o aparelho nunca entregou isso em janela nenhuma.",,,Giroscópio — TAXA declarada vs entregue,Giroscópio — TAXA declarada vs entregue,tests/unit/test_physical_report_reader.py::TestThrottle::test_cap_de_taxa_segura_uma_rajada_de_bt,"RÁDIO: uma rajada de ~765 Hz de Bluetooth tem de sair capada em 250 Hz. NÃO confere ""declarada contra entregue"", que é o nome desta chave — só o teto.",,2026-08-11,aparelho,180,,,"11/08 (A-11): SUBSTITUÍDO o ""a TAXA nunca foi medida"". A do APARELHO está medida nos dois transportes; a que o SDL DECLARA ao jogo continua por medir, e é o `TAXA-QUE-O-JOGO-VÊ-01` do índice de 11/08. A confiança sobe para `medido` só na metade que foi medida — o `parcial` de `aciona` é o que segura a outra metade.",movimento.giroscopio.taxa@dualsense,dualsense.girosc_pio_taxa_declarada_vs_entregue.ambos
movimento.giroscopio.taxa,pro,movimento,Giroscópio — taxa declarada contra entregue,feat-giroscopio,,desconhecido,sem linha no v1,,,,,,,,,,,,,,,,,,,,,,,,,,,,,,,,,,,"o v1 não tem linha desta chave para este controle; a peça existe, mas ninguém mediu ESTE aspecto — herdar das irmãs seria afirmar prova que não houve · irmãs: `movimento.giroscopio`, `movimento.giroscopio.jogo`",movimento.giroscopio.taxa@pro,
movimento.giroscopio.taxa,sn30,movimento,Giroscópio — taxa declarada contra entregue,feat-giroscopio,,desconhecido,sem linha no v1,,,,,,,,,,,,,,,,,,,,,,,,,,,,,,,,,,,"o v1 não tem linha desta chave para este controle; a peça existe, mas ninguém mediu ESTE aspecto — herdar das irmãs seria afirmar prova que não houve · irmãs: `movimento.giroscopio`, `movimento.giroscopio.jogo`",movimento.giroscopio.taxa@sn30,
movimento.imu.calibracao,dualsense,movimento,Calibração de fábrica da IMU,,,tem,cabo+rádio,sim,sim,sim,sim,hidraw,hidraw,0x05 (feature),0x05 (feature),41 bytes,4 últimos bytes = CRC-32 seed 0xA3,"HIDIOCGFEATURE num fd efêmero (NÃO a get_feature_report da hidapi, que corta o report id), 41 bytes; carimbado no blueprint do vpad.","idem, mas SÓ por BT os quatro últimos bytes são validados como CRC-32 seed 0xA3 antes de aceitar. Falha ⇒ None e o vpad fica com o 0x05 canônico embutido.",inferido-do-codigo,inferido-do-codigo,"CONFIRMADO por fonte em 11/08: o driver faz a mesma leitura, uma vez na probe — `DS_FEATURE_REPORT_CALIBRATION 0x05` com `..._SIZE 41` (assets/dkms/hid-playstation/hid-playstation.c:149-150), lido em `dualsense_get_calibration_data` (`:1165-1170`). Os 41 bytes e o ""uma vez na probe"" não são convenção deste projeto: são o que o kernel faz.",É o ÚNICO ramo por transporte na leitura de feature. E o kernel faz o mesmo: `__ps_get_report` confere o CRC-32 de semente `PS_FEATURE_CRC32_SEED 0xA3` (assets/dkms/hid-playstation/hid-playstation.c:137) antes de aceitar o buffer (`:878`).,"core/backend_pydualsense.py:1069-1131, :87-123; assets/dkms/hid-playstation/hid-playstation.c:149-150, :1165-1170, :1219-1232, :1252-1265","core/backend_pydualsense.py:1125; assets/dkms/hid-playstation/hid-playstation.c:137, :878, :1165-1170","IMUTÁVEL por unidade — cachear por MAC está certo. Sem isso, a calibração canônica de UMA unidade faz as outras derivarem.","A rede de segurança do driver interessa ao vpad desta casa: se qualquer `sens_denom` sair zero, ele NÃO falha — avisa e cai na escala nominal (assets/dkms/hid-playstation/hid-playstation.c:1219-1232, :1252-1265). Um DualSense virtual que devolva 41 bytes zerados é ACEITO, com aviso no `dmesg` e sensor sem calibração.","IMUTÁVEL por unidade é afirmação sobre o aparelho, e continua sem medição direta: o que está provado é que kernel e produto leem o mesmo report uma vez e nunca o releem.",,MONTOU,MONTOU,Calibração da IMU (feature report 0x05),Calibração da IMU (feature report 0x05),tests/unit/test_read_calibration.py::TestReadCalibration::test_bt_com_crc_corrompido_vira_none,"RÁDIO: feature 0x05 com CRC-32 de semente 0xA3 corrompido tem de virar `None`, e não calibração podre. O irmão do CABO é `::test_usb_devolve_o_report_integro`.",,2026-08-11,fonte-do-driver,180,,,"11/08 (A-11): o `inferido-do-código` fica, e ganha a segunda fonte — o mesmo feature 0x05 de 41 bytes, lido uma vez na probe, está no fonte do DKMS desta máquina.",movimento.imu.calibracao@dualsense,dualsense.calibra_o_da_imu_feature_report_0x05.usb | dualsense.calibra_o_da_imu_feature_report_0x05.bluetooth
movimento.imu.calibracao,pro,movimento,Calibração de fábrica da IMU,stick_l stick_r,BTN_THUMBL BTN_THUMBR,tem,cabo+rádio,sim,sim,não,não,hidraw,hidraw,"saída 0x01 (subcmd 0x10), resposta em entrada 0x21",saída 0x01 (subcmd 0x10),"IMU de fábrica 0x6020 (24 B, até 0x6037); IMU de usuário: mágico 0x8026, dados 0x8028; sticks de fábrica 0x603d/0x6046; sticks de usuário: mágico 0x8010/0x801B (bytes 0xB2 0xA1)","0x8010, 0x801B, 0x8026, 0x6020","subcomando SPI_FLASH_READ = 0x10, com `put_unaligned_le32(start_addr)` + `data[4] = size`; a resposta começa no 6º byte de `subcmd_reply.data`",idêntico ao cabo — os passos 2 a 5 da sequência de probe por rádio são exatamente as leituras de SPI,inferido-do-codigo,inferido-do-codigo,"sem o byte mágico, o driver usa a de fábrica","docs/protocol/externos-referencia-canonica.md §3.2, a sequência exata do probe por rádio","assets/dkms/hid-nintendo/hid-nintendo.c:186-212, :1251-1300",assets/dkms/hid-nintendo/hid-nintendo.c:2839-2985,"CONTRASTE DURO com o DualSense, onde a calibração é o feature report 0x05 de 41 bytes: um instrumento escrito para um NÃO SERVE para o outro.",,"O co-op do Hefesto passa `calibration_0x05=None` para o vpad do Pro (fail-safe → 0x05 canônico embutido) porque NÓS ainda não lemos a calibração dele. CORRIGIDO em 14/08/2026: ""não há como ler"" está desmentido por esta mesma linha — o caminho é o subcomando SPI_FLASH_READ 0x10 nos endereços 0x6020 e 0x8026, que as colunas de comando e de offset já descrevem. Falta implementação nossa, não peça no aparelho. O que de fato não serve é o 0x05 do DualSense: o formato é outro.",,,,Calibração de sticks e de IMU,Calibração de sticks e de IMU,,,,,,,,,"14/08/2026: LEI 1 — ""não há como ler a calibração dele por esse caminho"" estava desmentido por esta mesma linha, que traz o subcomando SPI_FLASH_READ 0x10 e os endereços. Reescrito: falta implementação nossa, não peça no aparelho.",movimento.imu.calibracao@pro,pro.calibra_o_de_sticks_e_de_imu.usb | pro.calibra_o_de_sticks_e_de_imu.bluetooth
movimento.imu.calibracao,sn30,movimento,Calibração de fábrica da IMU,,,tem,ambos,sim,desconhecido,não,não,hidraw,hidraw,"saída 0x01, subcmd 0x10; resposta no 0x21","saída 0x01, subcmd 0x10; resposta no 0x21",,,subcomando 0x10 (SPI_FLASH_READ) em `0x6020..0x6037` (24 bytes); calibração de usuária em `0x8026` (mágico) / `0x8028` (dados). Log de sucesso: `using factory cal for IMU`,subcomando 0x10 (SPI_FLASH_READ) em `0x6020..0x6037` (24 bytes); calibração de usuária em `0x8026` (mágico) / `0x8028` (dados). Log de sucesso: `using factory cal for IMU`,medido,afirmado-no-doc,"MEDIDO 11/08, no `journalctl -k` do boot atual, com o clone no cabo em modo Switch: `nintendo 0003:057E:2009.0008: using factory cal for IMU`. E a IMU é REAL, não bytes chegando: medida por VALOR e não por taxa, 6 s em repouso, o eixo Z do acelerômetro parado entre 4153 e 4269 no clone e entre 4200 e 4207 no Pro genuíno — a gravidade na MESMA escala nos dois. Um firmware que mentisse não acertaria a escala do genuíno por acaso.",docs/usage/troubleshooting-8bitdo.md:35-37 cita `using factory cal for IMU` como PROVA de que o gyro do SN30 Pro é real — e por rádio isso continua sendo afirmação de documento: em 11/08 o clone esteve na mesa só pelo cabo.,"assets/dkms/hid-nintendo/hid-nintendo.c:203-212, :1483-1490","assets/dkms/hid-nintendo/hid-nintendo.c:203-212, :1483-1490","É o OPOSTO do DualSense, onde a calibração é o feature report 0x05 de 41 bytes.","É o OPOSTO do DualSense, onde a calibração é o feature report 0x05 de 41 bytes.","A TAXA sozinha não prova sensor real — o `0x30` sempre carrega os bytes de IMU, e zeros produziriam a mesma taxa. Quem prova é a distribuição por eixo, que é o que está na evidência. E sobra uma diferença sem causa: em repouso o acelerômetro do clone é 4 a 6 vezes mais ruidoso que o do genuíno (desvio 7,3/5,5/9,1 contra 1,8/1,5/1,4). Peça ou filtragem — SEM PROVA para qual.","Essa citação aparece em UM único arquivo do repositório, sem sprint/estudo que registre a medição — e o Pro genuíno emite a MESMA linha. Grau honesto para o RÁDIO: afirmação do doc.",,,Calibração de fábrica da IMU,Calibração de fábrica da IMU,,,,2026-08-11,aparelho,180,"Só o CABO foi medido, e é o mesmo motivo das outras linhas do clone: em 11/08 ele esteve na mesa apenas pelo cabo, em modo Switch.",,"11/08 (A-11): SUBSTITUÍDO o `existe = desconhecido` e o `afirmado-no-doc` DO CABO. O lado do rádio continua `afirmado-no-doc` de propósito — não foi medido, e herdar do cabo seria afirmar prova que não houve.",movimento.imu.calibracao@sn30,sn30.calibra_o_de_f_brica_da_imu.ambos
movimento.imu.ligar,dualsense,movimento,Ligar a IMU,,,nao-tem,sem linha no v1,não,não,não,não,hidraw,hidraw,,,,,"NÃO LOCALIZADO no report de SAÍDA: o `common` de 47 bytes, validado contra o `hid-playstation`, não tem bit de habilitar sensor — e o físico emite giroscópio SEMPRE, então não achamos para que serviria. A varredura de feature reports nunca foi feita (14/08/2026); ver a ressalva.",idem,inferido-do-codigo,inferido-do-codigo,,,src/hefesto_dualsense4unix/core/ds_output_report.py:19-26; src/hefesto_dualsense4unix/core/physical_report_reader.py:8,src/hefesto_dualsense4unix/core/ds_output_report.py:19-26; src/hefesto_dualsense4unix/core/physical_report_reader.py:191,"O `set_motion_streaming` que existe na árvore é flag DO VPAD, não do físico — ele decide se o espelho emite, não se o sensor liga.",idem,"A afirmação cobre o REPORT DE SAÍDA. Se houver feature report capaz de ligar ou desligar a IMU, ninguém procurou.","SUBSTITUÍDO em 14/08/2026: a premissa ""por Bluetooth o firmware EMUDECE em repouso"" (GYRO-BT-SILENCIO-01 / BT-SURDO-01) foi REFUTADA por medição em 03/08 — com os controles PARADOS o hidraw entregou cerca de 300 Hz de reports, e isso está escrito na linha `movimento.giroscopio.jogo@dualsense`, lado rádio. O teto de silêncio antes de reabrir continua por transporte (1,0 s no cabo contra 30,0 s no rádio), mas por OUTRO defeito: o motivo original não vale mais.",,,,,,,,,,,"Não achamos comando de ligar a IMU em nenhum dos dois lados, e o teto de silêncio antes de concluir que o nó morreu é assimétrico: 1 s no cabo contra 30 s no rádio. SUBSTITUÍDO em 14/08/2026 o motivo que estava escrito aqui — ""por Bluetooth o firmware para de emitir com o controle parado"" foi REFUTADO pela medição de 03/08 (cerca de 300 Hz com os controles parados). O teto de 30 s continua de pé; a causa dele voltou a ser pergunta aberta.",,"o v1 não tem linha desta chave para este controle; a peça existe, mas ninguém mediu ESTE aspecto — herdar das irmãs seria afirmar prova que não houve · irmãs: `movimento.imu.calibracao` · 11/08: respondido por auditoria de código; `existe` passou a `não-tem` porque a PEÇA 'ligar a IMU' não existe neste aparelho · 14/08/2026: FATO ERRADO SUBSTITUÍDO: a ressalva e a assimetria afirmavam que ""por Bluetooth o firmware emudece em repouso"" (GYRO-BT-SILENCIO-01 / BT-SURDO-01). A medição de 03/08 registrada em `movimento.giroscopio.jogo@dualsense` REFUTOU isso — cerca de 300 Hz com os controles parados. O teto de 30 s continua; a causa voltou a ser pergunta aberta. O `cabo_comando` também deixou de dizer ""não existe"".",movimento.imu.ligar@dualsense,
movimento.imu.ligar,pro,movimento,Ligar a IMU,,,desconhecido,sem linha no v1,,,,,,,,,,,,,,,,,,,,,,,,,,,,,,,,,,,"o v1 não tem linha desta chave para este controle; a peça existe, mas ninguém mediu ESTE aspecto — herdar das irmãs seria afirmar prova que não houve · irmãs: `movimento.imu.calibracao`, `movimento.imu.perda`",movimento.imu.ligar@pro,
movimento.imu.ligar,sn30,movimento,Ligar a IMU,,,tem,cabo+rádio,sim,sim,não,não,hidraw,hidraw,"saída 0x01, subcmd 0x40","saída 0x01, subcmd 0x40",,,"o DRIVER já o envia no probe, dentro de `joycon_init`, sob `joycon_has_imu(ctlr)` — SEM porteiro de barramento. O Hefesto tem um duplicado (`enable_imu`: 12 bytes `01 <pkt> <8B rumble neutro> 40 01` no /dev/hidrawN) que NUNCA dispara neste controle",o driver envia no probe também por rádio (sem porteiro de bus); o duplicado do Hefesto é bloqueado por `_IMU_ENABLE_ALLOWED_BUS = 'usb'` além do gate de OUI,inferido-do-codigo,inferido-do-codigo,,,"src/hefesto_dualsense4unix/daemon/subsystems/external_identity.py:196-212, :899-902; core/external_leds.py:155-192",assets/dkms/hid-nintendo/hid-nintendo.c:2925-2947; src/hefesto_dualsense4unix/daemon/subsystems/external_identity.py:205,"O gatilho do Hefesto é `key[:6] != NINTENDO_REAL_OUI` (`e0f6b5`, o Pro GENUÍNO) e `bus == 'usb'`. O 8BitDo tem OUI `e4:17:d8` (ou identidade sintética no cabo degradado) — nunca casa.","Com `usb_probe_degrade` ligado (só USB), a falha do 0x40 vira aviso `continuing without motion` em vez de matar a probe — por BT ela ainda mata.","O próprio comentário do código diz por quê: 'NÃO confundir com o 8BitDo em modo Switch (mesmo VID/PID 057e:2009, IMU nativa já viva — nada a fazer nele)'. Isso é AFIRMAÇÃO do código, não medição.",,,,Ligar a IMU (subcomando 0x40 / arg 0x01),Ligar a IMU (subcomando 0x40 / arg 0x01),,,,,,,,,,movimento.imu.ligar@sn30,sn30.ligar_a_imu_subcomando_0x40_arg_0x01.usb | sn30.ligar_a_imu_subcomando_0x40_arg_0x01.bluetooth
movimento.imu.perda,dualsense,movimento,Perda de amostras de IMU,,,parcial,sem linha no v1,parcial,sim,não,parcial,hidraw,hidraw,0x01 (entrada),0x31 (entrada),,,não há contador: o report USB inválido cai no `continue` sem ser contabilizado,"`_bt_drops` conta os reports rejeitados, e só incrementa sob `data[0] == INPUT_REPORT_BT`",inferido-do-codigo,inferido-do-codigo,,,"src/hefesto_dualsense4unix/core/physical_report_reader.py:17, :112","src/hefesto_dualsense4unix/core/physical_report_reader.py:513, :536, :793","O `parcial` do lado do cabo é do APARELHO: o envelope USB não tem CRC, então POR CRC não se distingue report corrompido de report ausente. CORRIGIDO em 14/08/2026: isso não fecha a pergunta, fecha um caminho. O `sensor_timestamp` existe no report e É a régua que falta — ele é repassado VERBATIM e nunca parseado. NÃO TENTADO: contar buraco por delta de `sensor_timestamp`, que é exatamente o que o `hid-nintendo` faz para o Pro.",O contador do rádio conta REPORTS BT REJEITADOS por CRC ou tamanho. Não é o mesmo que amostra de IMU perdida: perda por coalescência do teto de 250 Hz não é contada em lugar nenhum.,,"Chamar `bt_drops` de 'perda de amostras de IMU' seria a mentira barata desta linha. Ele mede o que o produto DESCARTOU, não o que o link comeu.",,,,,tests/unit/test_physical_report_reader.py::TestExtractMotionWindow::test_bt_extrai_a_janela_com_crc_valido,"RÁDIO, e de raspão: prova que a janela só sai com CRC válido, que é a condição de onde o contador de descarte nasce. O contador em si (`bt_drops`) não é aferido, e o cabo não tem nada.",,,,,"Diverge por GATE EXPLÍCITO no código: `core/physical_report_reader.py:793` só incrementa o contador quando o report é o 0x31 do Bluetooth. No cabo não existe contador equivalente. A razão de fundo é o protocolo — o 0x31 traz CRC-32 e o 0x01 não, então só o rádio dá como saber que um report chegou errado. Consequência prática: uma degradação de link no CABO é invisível para a telemetria.",,"o v1 não tem linha desta chave para este controle; a peça existe, mas ninguém mediu ESTE aspecto — herdar das irmãs seria afirmar prova que não houve · irmãs: `movimento.imu.calibracao` · 11/08: respondido por auditoria de código; a detecção de gap por `sensor_timestamp` continua MUDA porque o campo nunca foi parseado",movimento.imu.perda@dualsense,
movimento.imu.perda,pro,movimento,Perda de amostras de IMU,,,tem,cabo+rádio,sim,sim,não,não,outro,outro,,,JC_IMU_DROPPED_PKT_WARNING = 3,"JC_IMU_DROPPED_PKT_WARNING = 3, e o teste é `>` (não `>=`)",mesmo contador (não há ramo de bus),o driver conta relatórios 0x30 perdidos e loga por `hid_warn_ratelimited` quando a rajada passa de 3,inferido-do-codigo,medido,,o número CRESCE enquanto se mede — toda contagem desta métrica tem de vir com carimbo de hora,assets/dkms/hid-nintendo/hid-nintendo.c:1718-1725,"assets/dkms/hid-nintendo/hid-nintendo.c:227, :1718-1725",Nunca medido por cabo nesta casa — todas as contagens publicadas são de links Bluetooth.,MEDIDO em 07/08 19h41: 1613 episódios e 10285 relatórios perdidos no dia; 2684 e 18897 no boot inteiro.,,"Duas armadilhas: perdas de 1 a 3 relatórios NÃO aparecem no journal (a perda real é maior que a medida, por construção), e `N` conta RELATÓRIOS, não amostras — cada um vale 3. A soma é um PISO.",,,Perda de amostras de IMU,Perda de amostras de IMU (o instrumento de rádio que está de graça no journal),,,,,,,,,"Par órfão CASADO por julgamento independente (confiança alta): as duas linhas citam o mesmo trecho (hid-nintendo.c:1718-1725) e a detecção é puro delta de tempo, sem consultar hdev->bus. O parêntese do lado do rádio era título de seção grudado pelo extrator, não outra feature. ATENÇÃO: o número é SÓ do rádio (07/08/2026); por cabo nunca se mediu nesta casa. E o que está gravado em offset é a constante JC_IMU_DROPPED_PKT_WARNING = 3, que não é offset.",movimento.imu.perda@pro,pro.perda_de_amostras_de_imu_o_instrumento_de_r_.bluetooth | pro.perda_de_amostras_de_imu.usb
movimento.imu.perda,sn30,movimento,Perda de amostras de IMU,,,desconhecido,sem linha no v1,,,,,,,,,,,,,,,,,,,,,,,,,,,,,,,,,,,"o v1 não tem linha desta chave para este controle; a peça existe, mas ninguém mediu ESTE aspecto — herdar das irmãs seria afirmar prova que não houve · irmãs: `movimento.imu.calibracao`, `movimento.imu.ligar`",movimento.imu.perda@sn30,
plataforma.adocao,dualsense,plataforma,"Adoção pelo Hefesto (grab, vpad, perfil)",,,tem,sem linha no v1,sim,sim,sim,sim,evdev,evdev,,,,,"`dev.grab()` no nó de evdev, orquestrado por `_set_evdev_grab`; o hidraw do físico é escondido pelo broker","idêntico, sem gate de transporte",inferido-do-codigo,inferido-do-codigo,,,"src/hefesto_dualsense4unix/core/evdev_reader.py:1181; src/hefesto_dualsense4unix/daemon/subsystems/gamepad.py:152, :206","src/hefesto_dualsense4unix/core/evdev_reader.py:1181; src/hefesto_dualsense4unix/daemon/subsystems/gamepad.py:152, :206",,,,,,,,,,,,,,,,,o v1 não tem linha desta chave para este controle; `existe` vem das linhas irmãs da mesma peça · 11/08: respondido por auditoria de código,plataforma.adocao@dualsense,
plataforma.adocao,pro,plataforma,"Adoção pelo Hefesto (grab, vpad, perfil)",,,nao-tem,ambos,não,não,não,não,hidraw,hidraw,,,,,o `PyDualSenseController` só abre handles cujo VID/PID casa `DUALSENSE_PIDS`; o broker valida o hidraw como 054c:0ce6,o `PyDualSenseController` só abre handles cujo VID/PID casa `DUALSENSE_PIDS`; o broker valida o hidraw como 054c:0ce6,inferido-do-codigo,inferido-do-codigo,,,src/hefesto_dualsense4unix/core/backend_pydualsense.py:1416-1492; src/hefesto_dualsense4unix/broker/hidraw_broker.py:80-86,src/hefesto_dualsense4unix/core/backend_pydualsense.py:1416-1492; src/hefesto_dualsense4unix/broker/hidraw_broker.py:80-86,"O Pro NÃO É ADOTADO: o input dele segue pelo kernel/Steam. Ele entra na interface como EXTERNO, com ficha read-only, sem card de glifos e sem visualização por botão.","O Pro NÃO É ADOTADO: o input dele segue pelo kernel/Steam. Ele entra na interface como EXTERNO, com ficha read-only, sem card de glifos e sem visualização por botão.","DIVERGÊNCIA (c) doc: `scripts/doctor.sh:3849` imprime ""o daemon só abre DualSense (filtro Sony 054c) e é incapaz de tocar um device Nintendo (057e)"". A frase é FORTE DEMAIS: `enable_imu` abre o hidraw de um 057e com O_WRONLY e escreve. A ressalva que salva o doctor é que a escrita é travada em bus==usb e OUI e0f6b5, então nunca alcança o cenário que ele diagnostica (8BitDo por rádio).","DIVERGÊNCIA (c) doc: `scripts/doctor.sh:3849` imprime ""o daemon só abre DualSense (filtro Sony 054c) e é incapaz de tocar um device Nintendo (057e)"". A frase é FORTE DEMAIS: `enable_imu` abre o hidraw de um 057e com O_WRONLY e escreve. A ressalva que salva o doctor é que a escrita é travada em bus==usb e OUI e0f6b5, então nunca alcança o cenário que ele diagnostica (8BitDo por rádio).",,,"Adoção do Pro pelo backend (input, output desejado, perfil)","Adoção do Pro pelo backend (input, output desejado, perfil)",,,,,,,,,,plataforma.adocao@pro,pro.ado_o_do_pro_pelo_backend_input_output_desej.ambos
plataforma.adocao,sn30,plataforma,"Adoção pelo Hefesto (grab, vpad, perfil)",a b x y,BTN_EAST BTN_SOUTH BTN_NORTH BTN_WEST,tem,ambos,sim,sim,não,não,uhid,uhid,,,,,"não acontece: o backend só abre handles com VID/PID em `DUALSENSE_PIDS`, e o co-op só cria jogador a partir de `discover_dualsense_evdevs()`","não acontece: o backend só abre handles com VID/PID em `DUALSENSE_PIDS`, e o co-op só cria jogador a partir de `discover_dualsense_evdevs()`",inferido-do-codigo,inferido-do-codigo,,,src/hefesto_dualsense4unix/core/backend_pydualsense.py:1416-1492; daemon/subsystems/coop.py:304-380,src/hefesto_dualsense4unix/core/backend_pydualsense.py:1416-1492; daemon/subsystems/coop.py:304-380,"Consequência prática: perfil, curvas, mapeamento de botões e ajustes por controle do Hefesto NÃO alcançam este aparelho. Ele passa direto ao jogo com o gyro nativo dele.","Consequência prática: perfil, curvas, mapeamento de botões e ajustes por controle do Hefesto NÃO alcançam este aparelho. Ele passa direto ao jogo com o gyro nativo dele.",,,,,"Adoção pelo Hefesto (grab do evdev, gamepad virtual, espelho de motion, perfil de botões)","Adoção pelo Hefesto (grab do evdev, gamepad virtual, espelho de motion, perfil de botões)",,,,,,,,,família no v1: movimento,plataforma.adocao@sn30,sn30.ado_o_pelo_hefesto_grab_do_evdev_gamepad_vir.ambos
plataforma.camera_ir,dualsense,plataforma,Câmera IR,,,desconhecido,sem linha no v1,,,,,,,,,,,,,,,,,,,,,,,,,,,,,,,,,,,"o v1 não tem linha desta chave para este controle; `existe` vem das linhas irmãs da mesma peça · 11/08: a auditoria não achou uma ocorrência de câmera, IR ou infravermelho em `src/`. Que o DualSense não tenha câmera IR é conhecimento de aparelho, não de código, e ninguém mediu — as células ficam MUDAS de propósito",plataforma.camera_ir@dualsense,
plataforma.camera_ir,pro,plataforma,Câmera IR,,,nao-tem,nenhum,não,não,não,não,outro,outro,,,,,"não-localizado — a câmera IR é do Joy-Con DIREITO, não do Pro Controller. O Pro compartilha o canal de MCU (0x11/0x31), mas não há sensor de IR no plástico.","não-localizado — a câmera IR é do Joy-Con DIREITO, não do Pro Controller. O Pro compartilha o canal de MCU (0x11/0x31), mas não há sensor de IR no plástico.",incerto,incerto,"o driver não distingue IR de NFC em lugar nenhum, e não emite nada nesse canal","o driver não distingue IR de NFC em lugar nenhum, e não emite nada nesse canal","assets/dkms/hid-nintendo/hid-nintendo.c:123, :155 (constantes sem emissor)","assets/dkms/hid-nintendo/hid-nintendo.c:123, :155 (constantes sem emissor)","Os reports de MCU do descritor do Pro cobrem ""MCU/NFC/IR"" como família; o que existe no Pro é o NFC.","Os reports de MCU do descritor do Pro cobrem ""MCU/NFC/IR"" como família; o que existe no Pro é o NFC.","GRAU HONESTO: não medido nesta casa e não decidível pelo código — o driver não pergunta ao aparelho o que há no canal de MCU. A ausência de IR no Pro é conhecimento de fora, não achado deste repositório.","GRAU HONESTO: não medido nesta casa e não decidível pelo código — o driver não pergunta ao aparelho o que há no canal de MCU. A ausência de IR no Pro é conhecimento de fora, não achado deste repositório.",,,Câmera IR,Câmera IR,,,,,,,,,,plataforma.camera_ir@pro,pro.c_mera_ir.nenhum
plataforma.camera_ir,sn30,plataforma,Câmera IR,,,desconhecido,sem linha no v1,,,,,,,,,,,,,,,,,,,,,,,,,,,,,,,,,,,o v1 não tem linha desta chave para este controle; `existe` vem das linhas irmãs da mesma peça,plataforma.camera_ir@sn30,
plataforma.crc32,dualsense,plataforma,CRC-32 no envelope (integridade de report),,,tem,sem linha no v1,não,sim,não,sim,hidraw,hidraw,0x02 (saída) e 0x01 (entrada),"0x31 (saída e entrada), 0x32 (áudio), feature 0x05","não há campo de CRC no envelope USB: 64 bytes, [0]=0x02, [1..47]=common, resto zero","os QUATRO ÚLTIMOS bytes do report, little-endian: report[74..77] do envelope de 78 bytes, sobre o byte de semente + report[0..73]",nada a fazer: `build_usb_report` não calcula nem confere CRC porque o envelope não tem,"`bt_crc32` é o `ps_check_crc32` do kernel. TRÊS sementes, uma por sentido: 0xA2 na saída (HIDP DATA|OUTPUT), 0xA1 na entrada (DATA|INPUT) e 0xA3 no feature (GET_FEATURE). `stamp_bt_seq` recalcula o CRC quando regrava o nibble de sequência.",inferido-do-codigo,inferido-do-codigo,"CONFIRMADO por fonte: o envelope USB do DualSense é `DS_INPUT_REPORT_USB 0x01` de 64 B e `DS_OUTPUT_REPORT_USB 0x02` de 63 B (assets/dkms/hid-playstation/hid-playstation.c:140-147), sem campo de CRC. O driver não calcula nem confere nada nesse caminho.","CONFIRMADO por fonte: o `bt_crc32` deste projeto é, semente a semente, o `ps_check_crc32` do kernel (assets/dkms/hid-playstation/hid-playstation.c:795). As três sementes estão no fonte com nome — `PS_INPUT_CRC32_SEED 0xA1`, `PS_OUTPUT_CRC32_SEED 0xA2`, `PS_FEATURE_CRC32_SEED 0xA3` (`:136-138`) — e o driver as usa nos dois sentidos que lhe cabem: entrada (`:1587`) e feature (`:878`).","src/hefesto_dualsense4unix/core/ds_output_report.py:12, :248; assets/dkms/hid-playstation/hid-playstation.c:140-147 (o envelope USB, sem campo de CRC)","src/hefesto_dualsense4unix/core/ds_output_report.py:51, :57-58, :231, :268, :273; src/hefesto_dualsense4unix/core/physical_report_reader.py:302; src/hefesto_dualsense4unix/core/backend_pydualsense.py:1137, :873; assets/dkms/hid-playstation/hid-playstation.c:136-138, :795, :878, :1587","O envelope de saída por cabo tem 63 B de `common` mais o report id; o `common` é a mesma struct de 47 bytes dos dois transportes (assets/dkms/hid-playstation/hid-playstation.c:319-348), e é por isso que o offset de um campo é o mesmo nos dois — o que muda é onde o `common` começa.","Os três sentidos são conferidos de verdade, e em lugares diferentes: a saída é GERADA, a entrada é VALIDADA no leitor de motion, e o feature 0x05 é VALIDADO na leitura de calibração. O áudio por BT usa 0xA2 e 0xA1 no `integrations/dualsense_bt_audio.py`.",,,,,,,tests/unit/test_paridade_transporte_envelope.py::TestOQueSoOBluetoothTem::test_o_cabo_nao_tem_crc_nem_sequencia,"OS DOIS LADOS DA ASSIMETRIA, que é o que nenhum teste fazia: prova que o envelope do cabo NÃO tem CRC, tag nem sequência, e o irmão `::test_o_radio_tem_tag_crc_e_sequencia` prova que o do rádio tem os três. `::test_crc_invertido_reprova` fecha o vetor negativo.",,2026-08-11,fonte-do-driver,180,"Diverge POR PROTOCOLO, e é a assimetria mais limpa do mapa inteiro: o envelope USB 0x02 não tem campo de CRC e o BT 0x31 tem quatro bytes de CRC-32 obrigatórios. O código implementa a diferença com gate explícito de transporte na leitura de calibração e por report-id no leitor de entrada. Consequência que já mordeu: um report de rádio malformado é DESCARTADO em silêncio pelo firmware, e no cabo o mesmo erro passaria — foi assim que o 'cor nunca funcionou por BT' viveu tanto tempo.",,"o v1 não tem linha desta chave para este controle; `existe` vem das linhas irmãs da mesma peça · 11/08: respondido por auditoria de código · 11/08 (A-11): confirmado pelo fonte do driver — as três sementes e a função são as do kernel, com `arquivo:linha`.",plataforma.crc32@dualsense,
plataforma.crc32,pro,plataforma,CRC-32 no envelope (integridade de report),,,nao-tem,cabo+rádio,não,não,não,não,hidraw,hidraw,,,,,idem — não existe,"NÃO EXISTE no Pro, em barramento nenhum. `__joycon_hid_send` só faz `kmemdup` + `hid_hw_output_report`.",inferido-do-codigo,inferido-do-codigo,,"docs/protocol/externos-referencia-canonica.md §3.3: ""Um instrumento que assuma CRC no Pro escreve lixo""",assets/dkms/hid-nintendo/hid-nintendo.c:867-881,"assets/dkms/hid-nintendo/hid-nintendo.c:867-881, :580-586",,"CONTRASTE TOTAL com o DualSense, onde o 0x31 de BT carrega CRC-32 com sementes 0xA1 (entrada), 0xA2 (saída) e 0xA3 (feature). O único ""número de sequência"" do Pro é o `packet_num` de 4 bits (0..0xF) no byte 1 da saída.",,ARMADILHA DE INSTRUMENTO NOMEADA: quem portar o medidor do DualSense para o Pro sem tirar o CRC escreve bytes de lixo no fim de cada report.,,,CRC-32 no envelope (integridade de report),CRC-32 no envelope (integridade de report),,,,,,,,,,plataforma.crc32@pro,pro.crc_32_no_envelope_integridade_de_report.bluetooth | pro.crc_32_no_envelope_integridade_de_report.usb
plataforma.crc32,sn30,plataforma,CRC-32 no envelope (integridade de report),,,desconhecido,sem linha no v1,,,,,,,,,,,,,,,,,,,,,,,,,,,,,,,,,,,o v1 não tem linha desta chave para este controle; `existe` vem das linhas irmãs da mesma peça,plataforma.crc32@sn30,
plataforma.diagnostico_morte_radio,dualsense,plataforma,Diagnóstico da morte por rádio (doctor),,,tem,sem linha no v1,não,sim,não,parcial,outro,outro,,,,,não se aplica: o diagnóstico é da morte por RÁDIO,o `doctor.sh` detecta o DualSense ÓRFÃO (driver `hid_playstation` abortou a probe e o controle não existe para o sistema) e aponta a cura `scripts/bt_rebind_orphans.sh`,inferido-do-codigo,inferido-do-codigo,,,src/hefesto_dualsense4unix/cli/cmd_doctor.py:139,"scripts/doctor.sh:440; src/hefesto_dualsense4unix/cli/cmd_doctor.py:139, :146",,,,"Em `src/` não há um único check de morte por rádio escrito em Python: o `cli/cmd_doctor.py` apenas EXECUTA o shell. É por isso que o `aciona` é `parcial` — a cura está na casa, e não está no produto.",,,,,,,,,,,"Diverge porque a pergunta só existe de um lado: o diagnóstico é da morte por rádio, e no cabo não há o que diagnosticar por este caminho. Registrado para que a célula do cabo seja lida como 'não se aplica', e não como buraco.",,o v1 não tem linha desta chave para este controle; `existe` vem das linhas irmãs da mesma peça · 11/08: respondido por auditoria de código,plataforma.diagnostico_morte_radio@dualsense,
plataforma.diagnostico_morte_radio,pro,plataforma,Diagnóstico da morte por rádio (doctor),,,desconhecido,sem linha no v1,,,,,,,,,,,,,,,,,,,,,,,,,,,,,,,,,,,o v1 não tem linha desta chave para este controle; `existe` vem das linhas irmãs da mesma peça,plataforma.diagnostico_morte_radio@pro,
plataforma.diagnostico_morte_radio,sn30,plataforma,Diagnóstico da morte por rádio (doctor),,,tem,só rádio,,sim,,sim,,outro,,,,,,`scripts/doctor.sh` lê `journalctl -b -k` e procura a CASCATA na mesma instância hid: N× `timeout waiting for input report` culminando em `joycon_enforce_subcmd_rate: exceeded max attempts` (limiar ≥10),,inferido-do-codigo,,,,scripts/doctor.sh:3801-3850,,Linha isolada de `exceeded max attempts` NÃO é morte (houve caso medido em que o controle viveu mais ~8 minutos). Só a cascata diagnostica.,,DIVERGÊNCIA: o mesmo check imprime 'o daemon só abre DualSense e é incapaz de tocar um device Nintendo (057e)'. A frase é forte demais — `enable_imu` abre hidraw de 057e por USB; o que salva o diagnóstico é que o gate de OUI exclui este aparelho.,,MONTOU,,Diagnóstico da morte por Bluetooth (doctor),,,,,,,,,"o v1 só tem a linha do rádio — o lado do cabo está VAZIO porque ninguém respondeu, não porque é não",plataforma.diagnostico_morte_radio@sn30,sn30.diagn_stico_da_morte_por_bluetooth_doctor.bluetooth
plataforma.distinguir_clone,dualsense,plataforma,Distinguir o genuíno do clone,,,parcial,sem linha no v1,parcial,parcial,parcial,parcial,hidraw,hidraw,,,,,"só VID/PID: `0x054C` com `{0x0CE6, 0x0DF2}`, revalidado no descritor do fd por `HIDIOCGRAWINFO`; e `_is_virtual_hidraw` distingue o NOSSO vpad do físico",as MESMAS checagens — o broker aceita bus `0003` (USB) e `0005` (Bluetooth),inferido-do-codigo,inferido-do-codigo,,,"src/hefesto_dualsense4unix/core/evdev_reader.py:28-29; src/hefesto_dualsense4unix/broker/hidraw_broker.py:108, :473; src/hefesto_dualsense4unix/core/backend_pydualsense.py:151",src/hefesto_dualsense4unix/broker/hidraw_broker.py:209; src/hefesto_dualsense4unix/core/backend_pydualsense.py:151,,,"NÃO HÁ verificação de autenticidade Sony: nada de desafio-resposta, nada de anti-clone. Um clone que declare o VID/PID certo passa igual. Todo o vocabulário de 'clone' em `src/` é sobre Nintendo/8BitDo.",mesma lacuna,,,,,,,,,,,,,o v1 não tem linha desta chave para este controle; `existe` vem das linhas irmãs da mesma peça · 11/08: respondido por auditoria de código,plataforma.distinguir_clone@dualsense,
plataforma.distinguir_clone,pro,plataforma,Distinguir o genuíno do clone,,,tem,cabo+rádio,sim,parcial,parcial,sim,sysfs,outro,,,"ATTRS{bcdDevice}==""0210"" (genuíno) / ""0200"" (clone)","key[:6] == ""e0f6b5"" (NINTENDO_REAL_OUI)","`bcdDevice` no descritor USB: 0210 = genuíno, 0200 = clone. Regra udev 84 casa idVendor+idProduct+bcdDevice no MESMO `usb_device` pai e entrega `HEFESTO_CONTROLLER_VARIANT` em quatro camadas (usb, hid, hidraw, input) mais os symlinks /dev/hefesto/nintendo-pro e /dev/hefesto/8bitdo-pro-clone.","o ÚNICO discriminador por rádio é a OUI do endereço: e0:f6:b5 genuíno, e4:17:d8 clone",medido,medido,`grep -rn HEFESTO_CONTROLLER_VARIANT src/` devolve ZERO,"external_identity.py:200, bt_active_mode.sh:104-108, 82-nintendo-pro-nosniff.rules:23-24",assets/84-nintendo-pro-variant.rules:1-68,src/hefesto_dualsense4unix/daemon/subsystems/external_identity.py:200; scripts/bt_active_mode.sh:104-108,"COLIDEM em VID, PID, serial (000000000001), HID_NAME (""Nintendo Co., Ltd. Pro Controller"") e MODALIAS. O bcdDevice é legível ANTES da probe do driver — dá para diagnosticar o estado QUEBRADO, não só o curado.","O `bcdDevice` NÃO atravessa: o Modalias publicado por rádio é `usb:v057Ep2009d0001` nos dois, e o campo `d` é 0001 fixo, não o bcdDevice. Três lugares independentes da árvore concordam com a doutrina da OUI.","DIVERGÊNCIA (b) código: a marca é escrita, instalada e conferida pelo doctor, e NÃO TEM LEITOR NO PRODUTO. É cura escrita e nunca ligada — a classe de defeito mais cara desta casa. Limite honesto declarado na própria regra: dois clones idênticos juntos colidem no symlink.",,,MONTOU,Distinguir o Pro GENUÍNO do clone 8BitDo,Distinguir o Pro GENUÍNO do clone 8BitDo,,,,,,,"Diverge porque o DISCRIMINADOR não atravessa o rádio. Por cabo o `bcdDevice` separa genuíno (0210) de clone (0200) e é legível ANTES da probe do driver. Por rádio o `bcdDevice` não existe: o Modalias sai `usb:v057Ep2009d0001` nos dois, com o campo `d` fixo, e o único discriminador é a OUI do endereço. O `parcial` do cabo NÃO é falta de dado — é que a marca é escrita, instalada e conferida pelo doctor e NÃO TEM LEITOR NO PRODUTO: cura escrita e nunca ligada, que é a classe de defeito mais cara desta casa.",,,plataforma.distinguir_clone@pro,pro.distinguir_o_pro_genu_no_do_clone_8bitdo.usb | pro.distinguir_o_pro_genu_no_do_clone_8bitdo.bluetooth
plataforma.distinguir_clone,sn30,plataforma,Distinguir o genuíno do clone,,,tem,cabo+rádio,sim,sim,parcial,sim,sysfs,sysfs,,,,,"`ATTR{bcdDevice}=='0200'` (clone) contra `'0210'` (genuíno) — VID, PID, serial `000000000001`, HID_NAME e MODALIAS COLIDEM. A regra 84 marca `HEFESTO_CONTROLLER_VARIANT=8bitdo-pro-clone` em usb/hid/hidraw/input e cria o symlink `/dev/hefesto/8bitdo-pro-clone`","a única chave é a OUI do endereço: `e4:17:d8` = 8BitDo, `e0:f6:b5` = Nintendo. O `bcdDevice` NÃO existe por rádio; o Modalias sai `usb:v057Ep2009d0001` nos dois (o campo `d` é fixo `0001`)",medido,medido,,,assets/84-nintendo-pro-variant.rules:55-68,docs/protocol/externos-referencia-canonica.md:809-819; src/hefesto_dualsense4unix/daemon/subsystems/external_identity.py:200; scripts/bt_active_mode.sh:104-108,A marca funciona MESMO com a probe quebrada (o nível USB/hid existe sem driver).,"A OUI separa clone de genuíno, mas NÃO diz em que modo o clone está — quem separa os modos é o par nome + VID/PID mais o driver que pegou.","DIVERGÊNCIA: `grep -rn HEFESTO_CONTROLLER_VARIANT src/` devolve ZERO — a regra é instalada e conferida pelo doctor, e nenhum código do produto a lê. Cura escrita e nunca ligada.","DÍVIDA DE GRAU BAIXO: que este controle mantenha o MESMO endereço ao trocar de modo nunca foi medido; a IDENT-01 (25/07) mediu DOIS endereços, um por modo. As regras udev casam por HID_UNIQ — se o endereço muda, elas mudam de alvo sem avisar.",,MONTOU,Discriminar clone × Pro genuíno,Discriminar clone × Pro genuíno,,,,,,,"Mesma raiz do Pro, e o mesmo defeito de leitura. Por cabo o `bcdDevice` (0200 contra 0210) separa, e funciona MESMO com a probe quebrada, porque o nível USB/hid existe sem driver. Por rádio a única chave é a OUI (`e4:17:d8` para 8BitDo). O `parcial` do cabo é porque `HEFESTO_CONTROLLER_VARIANT` não é lido por uma linha de `src/`. DÍVIDA ainda aberta: nunca se mediu se este controle mantém o MESMO endereço ao trocar de modo — a IDENT-01 mediu DOIS endereços, um por modo, e as regras udev casam por endereço.",,,plataforma.distinguir_clone@sn30,sn30.discriminar_clone_pro_genu_no.usb | sn30.discriminar_clone_pro_genu_no.bluetooth
plataforma.escrita_crua,dualsense,plataforma,Escrita crua por hidraw (qualquer subcomando),,,tem,sem linha no v1,sim,sim,parcial,sim,hidraw,hidraw,0x02 (único OUTPUT declarado no cabo) — o produto manda 0x31,0x31 (Reset LED) e 0x32 (mic),,,DOIS caminhos crus na árvore: o report de Reset LED (`hefesto lightbar-reset` → IPC `lightbar.reset` → `enviar_release_leds`) e o pedido de microfone por BT. O segundo tem gate de barramento e não roda no cabo.,"os dois caminhos rodam: o Reset LED é o caso de uso PROJETADO, e o pedido de mic escreve o 0x32 direto no hidraw",medido,inferido-do-codigo,"Descritor HID lido do aparelho dela em 11/08/2026: por cabo (hidraw4) o único OUTPUT declarado e 0x02, 47 B; por radio (hidraw5) sao nove, do 0x31 ao 0x39. Escrita de teste no mesmo dia: os 78 B do 0x31 do produto foram ACEITOS pelo kernel nos DOIS nos (78/78 B, sem errno). hidraw e cru e não valida report ID contra o descritor.",,"src/hefesto_dualsense4unix/core/lightbar_reset.py:10, :53, :73; src/hefesto_dualsense4unix/core/backend_pydualsense.py:2187","src/hefesto_dualsense4unix/core/lightbar_reset.py:73; src/hefesto_dualsense4unix/integrations/dualsense_bt_audio.py:378, :1013",,,"MEDIDO em 11/08/2026, e MAIS ESTREITO do que uma leitura apressada sugere. O envio automático do 0x08 na adocao FOI REMOVIDO em 03/08 (LIGHTBAR-BT-CULPADO-01: ele era a causa do defeito que veio curar). O único chamador hoje e o instrumento sob demanda enviar_release_leds (core/backend_pydualsense.py:2187), e ESSE varre self._handles inteiro sem consultar transporte — com um controle no cabo na mesa, ele recebe um 0x31 de 78 B que o descritor do cabo não declara como saida. O kernel aceita; o que o APARELHO faz com esse report NAO FOI OBSERVADO. A docstring de core/lightbar_reset.py:10 (""cabo USB escapa"") fala do claim do firmware, não de um gate no código — não ha gate.",O `cli/cmd_test.py --raw` NÃO é escrita crua em hidraw — são parâmetros de gatilho pela API da pydualsense. Confundir os dois já custou caro nesta casa.,,,,,,,,2026-08-11,descritor,180,"Diverge por gate EXPLÍCITO num caminho e por gate AUSENTE no outro. O pedido de microfone tem `if bus != _BUS_BLUETOOTH: continue` e por isso é só do rádio. Já o Reset LED deveria ser só do rádio pela própria documentação do módulo, e não é: falta o gate, e o cabo recebe um 0x31 de 78 bytes. É pista de defeito, não decisão registrada.",,o v1 não tem linha desta chave para este controle; `existe` vem das linhas irmãs da mesma peça · 11/08: respondido por auditoria de código,plataforma.escrita_crua@dualsense,
plataforma.escrita_crua,pro,plataforma,Escrita crua por hidraw (qualquer subcomando),,,desconhecido,sem linha no v1,,,,,,,,,,,,,,,,,,,,,,,,,,,,,,,,,,,o v1 não tem linha desta chave para este controle; `existe` vem das linhas irmãs da mesma peça,plataforma.escrita_crua@pro,
plataforma.escrita_crua,sn30,plataforma,Escrita crua por hidraw (qualquer subcomando),,,tem,cabo+rádio,sim,sim,não,não,hidraw,hidraw,saída 0x01,saída 0x01,,,"`open(/dev/hidrawN, O_WRONLY)` + `write()` do envelope de 12+ bytes: `output_id(1)=0x01` + `packet_num(1)` (0..0xF) + `rumble_data(8)` + `subcmd_id(1)` + dados. SEM CRC em barramento nenhum","mesmo envelope 0x01, sem CRC — mas competindo com o `joycon_enforce_subcmd_rate` do driver (60 ms + janela de TX)",inferido-do-codigo,inferido-do-codigo,,,"assets/dkms/hid-nintendo/hid-nintendo.c:867-881, :1160-1170","assets/dkms/hid-nintendo/hid-nintendo.c:867-881, :968-1047",É o OPOSTO do DualSense por BT (que exige tag 0x10 e CRC-32 semente 0xA2). Um instrumento que assuma CRC neste controle escreve lixo.,,DÍVIDA SEM PROVA que o Hefesto carrega para o Pro genuíno: escrever 12 bytes contra os 48 de corpo que o descritor declara para o 0x01 — que o firmware honre report curto nunca foi provado.,"Escrever no hidraw por fora do driver, por rádio, é exatamente o gesto que a casa mediu como letal neste firmware.",,,Escrita CRUA por hidraw (qualquer subcomando),Escrita CRUA por hidraw (qualquer subcomando),,,,,,,,,,plataforma.escrita_crua@sn30,sn30.escrita_crua_por_hidraw_qualquer_subcomando.usb | sn30.escrita_crua_por_hidraw_qualquer_subcomando.bluetooth
plataforma.handshake_usb,dualsense,plataforma,"Handshake USB, baudrate 3M e no-timeout",,,desconhecido,sem linha no v1,,,,,,,,,,,,,,,,,,,,,,,,,,,,,,,,,,,"o v1 não tem linha desta chave para este controle; `existe` vem das linhas irmãs da mesma peça · 11/08: a auditoria NÃO achou nada — handshake, baudrate 3M e no-timeout são vocabulário do hid-nintendo e não aparecem no caminho DualSense. As únicas ocorrências de `handshake` em `src/` são o handshake de force-feedback do uinput (`integrations/uinput_gamepad.py:575`), que é outra coisa. As células ficam MUDAS de propósito",plataforma.handshake_usb@dualsense,
plataforma.handshake_usb,pro,plataforma,"Handshake USB, baudrate 3M e no-timeout",,,tem,cabo+rádio,sim,não,não,não,hidraw,outro,saída 0x80; resposta em entrada 0x81,,"JC_USB_CMD_CONN_STATUS 0x01, HANDSHAKE 0x02, BAUDRATE_3M 0x03, NO_TIMEOUT 0x04, EN_TIMEOUT 0x05",,"report de SAÍDA 0x80, dois bytes significativos: `buf[0]=0x80`, `buf[1]=cmd`. Ordem: (CONN_STATUS 0x01 opcional) → HANDSHAKE 0x02 → BAUDRATE_3M 0x03 → HANDSHAKE 0x02 de novo → NO_TIMEOUT 0x04.",NÃO EXISTE por rádio — o driver vai direto ao `joycon_read_info()` (REQ_DEV_INFO 0x02),inferido-do-codigo,inferido-do-codigo,"com `usb_cmd_pad_to_report=1` (remendo desta casa) o driver transmite os 64 bytes que o descritor declara (`85 80 09 05 75 08 95 3f 91 83`) e o endpoint OUT espera, em vez de só 2",,"assets/dkms/hid-nintendo/hid-nintendo.c:168-183, :862-864, :1101-1123, :2846-2876","assets/dkms/hid-nintendo/hid-nintendo.c:862, :2847","EXCLUSIVO DO CABO: todo o ramo roda sob `joycon_using_usb()`, que é literalmente `hdev->bus == BUS_USB`.",É a ÚNICA diferença de conteúdo entre os dois barramentos no Pro.,"É a aposta forte da casa contra o CLONE, que ignora o transfer curto — no genuíno o padding não é necessário.",,,,"Handshake USB, baudrate 3M e no-timeout","Handshake USB, baudrate 3M e no-timeout",,,,,,,"Diverge por CONSTRUÇÃO do driver, e é a ÚNICA diferença de conteúdo entre os dois barramentos no Pro. Todo o ramo de handshake roda sob `joycon_using_usb()`, que é literalmente `hdev->bus == BUS_USB`; por rádio o driver vai direto ao `joycon_read_info()`. A sequência do cabo é 0x80 com CONN_STATUS, HANDSHAKE, BAUDRATE_3M, HANDSHAKE de novo e NO_TIMEOUT, e é a aposta forte da casa contra o clone, que ignora o transfer curto.",,,plataforma.handshake_usb@pro,pro.handshake_usb_baudrate_3m_e_no_timeout.usb | pro.handshake_usb_baudrate_3m_e_no_timeout.bluetooth
plataforma.handshake_usb,sn30,plataforma,"Handshake USB, baudrate 3M e no-timeout",,,parcial,só cabo,parcial,,não,,hidraw,,saída 0x80; resposta 0x81,,,,"output report 0x80 com `[0]=0x80, [1]=cmd`: 0x01 status de conexão, 0x02 handshake, 0x03 baudrate 3M, 0x04 no-timeout. Ordem: (conn status) → handshake → baudrate → handshake → no-timeout",,medido,,"assets/dkms/hid-nintendo/README.md:47-95 — 4 tentativas × 4000 ms falham igual, logo não é timeout",,"assets/dkms/hid-nintendo/hid-nintendo.c:168-172, :1101-1123, :2840-2880",,"É EXCLUSIVO do cabo (`joycon_using_usb` = `hdev->bus == BUS_USB`). O firmware clone NÃO responde ao handshake curto de 2 bytes; o driver cai no ramo 'assume ble pro controller' e o `-110` seguinte é consequência, não causa.",,"A cura é `usb_cmd_pad_to_report=1` (mandar os 64 bytes que o próprio descritor do controle declara: `85 80 09 05 75 08 95 3f 91 83`, endpoint OUT `wMaxPacketSize=0x40`).",,,,Handshake USB + baudrate 3M + no-timeout,,,,,,,,,,"o v1 só tem a linha do cabo — o lado do rádio está VAZIO porque ninguém respondeu, não porque é não",plataforma.handshake_usb@sn30,sn30.handshake_usb_baudrate_3m_no_timeout.usb
plataforma.inventario,dualsense,plataforma,Inventário read-only do controle na interface e na CLI,cross circle square triangle,,tem,sem linha no v1,sim,sim,sim,sim,outro,outro,,,,,"`hefesto controller list` (CLI) e o cartão da GUI leem `describe_controllers`, que já INCLUI o campo `transport`",a MESMA lista,inferido-do-codigo,inferido-do-codigo,,,"src/hefesto_dualsense4unix/cli/cmd_controller.py:138; src/hefesto_dualsense4unix/core/backend_pydualsense.py:3507, :3536","src/hefesto_dualsense4unix/cli/cmd_controller.py:138; src/hefesto_dualsense4unix/core/backend_pydualsense.py:3507, :3536",,,,,,,,,,,,,,,,,o v1 não tem linha desta chave para este controle; `existe` vem das linhas irmãs da mesma peça · 11/08: respondido por auditoria de código,plataforma.inventario@dualsense,
plataforma.inventario,pro,plataforma,Inventário read-only do controle na interface e na CLI,a b x y,BTN_EAST BTN_SOUTH BTN_NORTH BTN_WEST,desconhecido,sem linha no v1,,,,,,,,,,,,,,,,,,,,,,,,,,,,,,,,,,,o v1 não tem linha desta chave para este controle; `existe` vem das linhas irmãs da mesma peça,plataforma.inventario@pro,
plataforma.inventario,sn30,plataforma,Inventário read-only do controle na interface e na CLI,a b x y,BTN_EAST BTN_SOUTH BTN_NORTH BTN_WEST,tem,ambos,sim,sim,sim,sim,evdev,evdev,,,,,"IPC `controller.list {""external"": true}` → `discover_external_gamepads()`: name, vid/pid, bus, uniq, driver, evdev_path e hidraw irmão. Sem filtro de vendor; DualSense e virtuais são excluídos","IPC `controller.list {""external"": true}` → `discover_external_gamepads()`: name, vid/pid, bus, uniq, driver, evdev_path e hidraw irmão. Sem filtro de vendor; DualSense e virtuais são excluídos",inferido-do-codigo,inferido-do-codigo,,,src/hefesto_dualsense4unix/core/evdev_reader.py:691-735,src/hefesto_dualsense4unix/core/evdev_reader.py:691-735,É a ÚNICA coisa que o Hefesto faz com este controle e que a usuária vê. A ficha é read-only e mostra o modo (`input_mode` → 'nintendo') com um seletor SEGMENTADO não clicável.,É a ÚNICA coisa que o Hefesto faz com este controle e que a usuária vê. A ficha é read-only e mostra o modo (`input_mode` → 'nintendo') com um seletor SEGMENTADO não clicável.,"CUSTO: abre TODOS os nós de /dev/input (~10-40 ms) — proibido no event loop; roda sob opt-in, em thread.","CUSTO: abre TODOS os nós de /dev/input (~10-40 ms) — proibido no event loop; roda sob opt-in, em thread.",MONTOU,MONTOU,Inventário read-only do controle na interface e na CLI,Inventário read-only do controle na interface e na CLI,,,,,,,,,,plataforma.inventario@sn30,sn30.invent_rio_read_only_do_controle_na_interfac.ambos
plataforma.limitador_subcomando,dualsense,plataforma,Limitador de subcomando (o que governa toda escrita),,,tem,sem linha no v1,sim,sim,sim,sim,hidraw,hidraw,,,"REPORT_THREAD_THROTTLE_SEC = 0.008 s, teto adaptativo 0.032 s, OUT_REPORT_KEEPALIVE_SEC = 0.5 s",os MESMOS números — não há valor por transporte,"não é limitador de SUBCOMANDO (isso é hid-nintendo): é um estrangulamento do laço de OUTPUT, com dedup de report idêntico e keepalive de 0,5 s; o teto escala com o número de controles","mesmo laço, mesmos números",inferido-do-codigo,inferido-do-codigo,,,"src/hefesto_dualsense4unix/core/backend_pydualsense.py:213, :221, :228, :536","src/hefesto_dualsense4unix/core/backend_pydualsense.py:200-207, :508, :1575; src/hefesto_dualsense4unix/integrations/dualsense_bt_audio.py:68",,"Não há gate, mas a MOTIVAÇÃO é o rádio: o código cita `DualSense input CRC's check failed` e a contenção de CRC com múltiplos controles em BT. Parcimônia extra, só no rádio, existe no microfone.",,Este é o parágrafo que a família de COMBINAÇÃO herda: o teto que escala com o NÚMERO DE CONTROLES é o único lugar da árvore que reconhece que dois controles na mesa não é o mesmo que um.,,,,,,,,,,,,,o v1 não tem linha desta chave para este controle; `existe` vem das linhas irmãs da mesma peça · 11/08: respondido por auditoria de código; o rótulo é do vocabulário Nintendo — no DualSense o que governa a escrita é o estrangulamento do laço de output,plataforma.limitador_subcomando@dualsense,
plataforma.limitador_subcomando,pro,plataforma,Limitador de subcomando (o que governa toda escrita),,,tem,cabo+rádio,sim,sim,não,não,hidraw,hidraw,,,"JC_INPUT_REPORT_MIN_DELTA 8, MAX_DELTA 17, VALID_DELTA_REQ 3, TX_OFFSET_MS 4, RATE_LIMITER_USB_MS 20, RATE_MAX_ATTEMPTS 25",JC_SUBCMD_RATE_LIMITER_BT_MS = 60,"`joycon_enforce_subcmd_rate` roda antes de CADA subcomando e de CADA pacote de rumble: exige 3 relatórios de entrada consecutivos com delta de 8–17 ms, mais 20 ms desde o último envio, e ainda dorme 4 ms antes de transmitir. Teto de 25 tentativas.","as mesmas três condições, mas com 60 ms em vez de 20 ms desde o último envio",inferido-do-codigo,medido,,"isso MUDA a leitura do E-1: as 348 recusas de 06-07/08 foram pedidos NOSSOS barrados antes de ir ao ar — o storm era de CPU e de log, não de rádio",assets/dkms/hid-nintendo/hid-nintendo.c:971-1047,assets/dkms/hid-nintendo/hid-nintendo.c:1021-1035; assets/modprobe.d/hefesto-hid-nintendo.conf:11-16,"É o orçamento real de escrita do Pro. LED, rumble e qualquer subcomando disputam a MESMA janela.","Ao estourar as 25 tentativas o comportamento DEPENDE do módulo: no vanilla o driver loga `exceeded max attempts` e TRANSMITE ASSIM MESMO, sem ritmo (é o que derruba o link); com `skip_tx_on_rate_exceeded=1` (ligado aqui) devolve -EAGAIN e nenhum byte vai ao rádio.",,,,,Limitador de subcomando (o que governa TODA escrita),Limitador de subcomando (o que governa TODA escrita),,,,,,,,,,plataforma.limitador_subcomando@pro,pro.limitador_de_subcomando_o_que_governa_toda_e.usb | pro.limitador_de_subcomando_o_que_governa_toda_e.bluetooth
plataforma.limitador_subcomando,sn30,plataforma,Limitador de subcomando (o que governa toda escrita),,,desconhecido,sem linha no v1,,,,,,,,,,,,,,,,,,,,,,,,,,,,,,,,,,,o v1 não tem linha desta chave para este controle; `existe` vem das linhas irmãs da mesma peça,plataforma.limitador_subcomando@sn30,
plataforma.link_parametros,dualsense,plataforma,"Parâmetros do link (supervisão, sniff negociado, latência)",,,desconhecido,sem linha no v1,,,não,não,outro,outro,,,,,"não se aplica: no cabo não há enlace Bluetooth, logo não há supervisão, sniff nem latência de link para negociar. O `não` registra isso, não uma falta de resposta","ninguém mexe. O `hid-playstation` NÃO pede taxa nem parâmetro de link ao DualSense em transporte nenhum: não há campo, função nem padrão. Para o DualShock4 ele tem os quatro (assets/dkms/hid-playstation/hid-playstation.c:437 `DS4_BT_DEFAULT_POLL_INTERVAL_MS`, :483-484, :2566-2570, :2873-2877, :3022); para o DualSense, nada equivalente existe no fonte",inferido-do-codigo,inferido-do-codigo,,,"assets/dkms/hid-playstation/hid-playstation.c:437, :483-484, :2566-2570, :2873-2877, :3022 (o CONTRA-exemplo: é tudo do DualShock4)","assets/dkms/hid-playstation/hid-playstation.c:437, :483-484, :2566-2570, :2873-2877, :3022 (o CONTRA-exemplo: é tudo do DualShock4)",O que sobra no rádio é o que o BlueZ e o firmware negociam sozinhos — e ler esses números continua sem instrumento nesta casa (a linha irmã do `sn30` registra os três caminhos que falharam por permissão).,idem,"ATENÇÃO ao nome: esta chave é PARÂMETRO DO ENLACE Bluetooth, não parâmetro de módulo. Os três `module_param` do DKMS (`feature_retries`, `ds4_short_pairing_info`, `ds4_synthetic_mac`) estão registrados em `plataforma.probe.retry@dualsense`, que é onde eles agem.",,,,,,,,,2026-08-11,fonte-do-driver,180,"Os dois lados dizem `não` por motivos diferentes, e é de propósito: no rádio porque o driver não tem alavanca nenhuma para o DualSense; no cabo porque não existe enlace Bluetooth a parametrizar.",,"o v1 não tem linha desta chave para este controle; `existe` vem das linhas irmãs da mesma peça · 11/08: a auditoria NÃO achou supervisão, sniff negociado nem latência de link em `src/`. O único `_SUPERVISAO_S` da árvore é o supervisor de THREAD do monitor de microfone (`app/mic_monitor.py:344`) e não tem relação com o link Bluetooth · 11/08 (A-11): o fonte do driver fecha o lado do KERNEL — ele também não mexe. `existe` fica `desconhecido`: os números do enlace continuam sem quem os leia nesta máquina.",plataforma.link_parametros@dualsense,
plataforma.link_parametros,pro,plataforma,"Parâmetros do link (supervisão, sniff negociado, latência)",,,desconhecido,sem linha no v1,,,,,,,,,,,,,,,,,,,,,,,,,,,,,,,,,,,o v1 não tem linha desta chave para este controle; `existe` vem das linhas irmãs da mesma peça,plataforma.link_parametros@pro,
plataforma.link_parametros,sn30,plataforma,"Parâmetros do link (supervisão, sniff negociado, latência)",,,desconhecido,só rádio,,desconhecido,,não,,outro,,,,,,não localizado — nenhum instrumento da árvore lê esses números,,incerto,,,,docs/protocol/externos-referencia-canonica.md:1014-1036 (P-1),,,,"Os três caminhos falharam por permissão: `btmon` sem CAP_NET_RAW sai 0 e imprime NADA, `btmgmt info` vem vazio, `/sys/kernel/debug/bluetooth/hci0` dá permissão negada.",,,,Timeout de supervisão / intervalo de sniff negociado / latência do link,,,,,,,,,"o v1 só tem a linha do rádio — o lado do cabo está VAZIO porque ninguém respondeu, não porque é não",plataforma.link_parametros@sn30,sn30.timeout_de_supervis_o_intervalo_de_sniff_neg.bluetooth
plataforma.mapeamento_posicao,dualsense,plataforma,Mapeamento por posição nos jogos lançados pelo Hefesto,,,nao-tem,sem linha no v1,não,não,não,não,outro,outro,,,,,"a única medida de mapeamento por posição no ambiente de lançamento é `SDL_GAMECONTROLLER_USE_BUTTON_LABELS=0`, e o próprio comentário ao lado declara que ela é INÓCUA para DualSense — existe para Nintendo/8BitDo","a mesma linha, o mesmo nada",inferido-do-codigo,inferido-do-codigo,,,src/hefesto_dualsense4unix/daemon/launch_env.py:978-979,src/hefesto_dualsense4unix/daemon/launch_env.py:978-979,,,,,,,,,,,,,,,,,o v1 não tem linha desta chave para este controle; `existe` vem das linhas irmãs da mesma peça · 11/08: respondido por auditoria de código — para o DualSense esta chave é do vocabulário dos EXTERNOS e não descreve nada aqui,plataforma.mapeamento_posicao@dualsense,
plataforma.mapeamento_posicao,pro,plataforma,Mapeamento por posição nos jogos lançados pelo Hefesto,,,desconhecido,sem linha no v1,,,,,,,,,,,,,,,,,,,,,,,,,,,,,,,,,,,o v1 não tem linha desta chave para este controle; `existe` vem das linhas irmãs da mesma peça,plataforma.mapeamento_posicao@pro,
plataforma.mapeamento_posicao,sn30,plataforma,Mapeamento por posição nos jogos lançados pelo Hefesto,,,tem,ambos,sim,sim,sim,sim,outro,outro,,,,,`SDL_GAMECONTROLLER_USE_BUTTON_LABELS=0` no ambiente do wrapper de lançamento — entra em toda variante,`SDL_GAMECONTROLLER_USE_BUTTON_LABELS=0` no ambiente do wrapper de lançamento — entra em toda variante,inferido-do-codigo,inferido-do-codigo,,,src/hefesto_dualsense4unix/daemon/launch_env.py:975-979,src/hefesto_dualsense4unix/daemon/launch_env.py:975-979,8BIT-03: sem isso o SDL segue as etiquetas Nintendo e A/B (e X/Y) chegam trocados. Inócuo para DualSense/Xbox. É a segunda coisa que o Hefesto realmente faz por este controle.,8BIT-03: sem isso o SDL segue as etiquetas Nintendo e A/B (e X/Y) chegam trocados. Inócuo para DualSense/Xbox. É a segunda coisa que o Hefesto realmente faz por este controle.,,,MONTOU,MONTOU,Mapeamento por POSIÇÃO nos jogos lançados pelo Hefesto,Mapeamento por POSIÇÃO nos jogos lançados pelo Hefesto,,,,,,,,,,plataforma.mapeamento_posicao@sn30,sn30.mapeamento_por_posi_o_nos_jogos_lan_ados_pel.ambos
plataforma.modo_relatorio,dualsense,plataforma,Modo de relatório (SET_REPORT_MODE),,,desconhecido,sem linha no v1,,,,,,,,,,,,,,,,,,,,,,,,,,,,,,,,,,,"o v1 não tem linha desta chave para este controle; `existe` vem das linhas irmãs da mesma peça · 11/08: a auditoria NÃO achou equivalente Sony do SET_REPORT_MODE, e nem transição forçada de 0x01 para 0x31 no rádio. O que existe é RECONHECIMENTO na leitura: o id de entrada difere por transporte (`core/physical_report_reader.py:105`) e o `_struct_base` despacha por ele (`:285`) — e o leitor abre o hidraw em O_RDONLY (`:232`), logo nunca escreve para mudar modo. O feature 0x05 é calibração de IMU, não modo de relatório. As células ficam MUDAS de propósito",plataforma.modo_relatorio@dualsense,
plataforma.modo_relatorio,pro,plataforma,Modo de relatório (SET_REPORT_MODE),,,tem,ambos,sim,sim,não,não,hidraw,hidraw,saída 0x01 (subcmd 0x03),saída 0x01 (subcmd 0x03),data[0] = 0x30,data[0] = 0x30,"subcomando 0x03 com `data[0] = 0x30` (standard, full report mode), mandado uma vez no probe","subcomando 0x03 com `data[0] = 0x30` (standard, full report mode), mandado uma vez no probe",inferido-do-codigo,inferido-do-codigo,,,assets/dkms/hid-nintendo/hid-nintendo.c:1543-1554,assets/dkms/hid-nintendo/hid-nintendo.c:1543-1554,É por isso que só chega o 0x30 e nunca o 0x3F: o Linux nunca pede outro modo.,É por isso que só chega o 0x30 e nunca o 0x3F: o Linux nunca pede outro modo.,,,,,Modo de relatório (SET_REPORT_MODE),Modo de relatório (SET_REPORT_MODE),,,,,,,,,,plataforma.modo_relatorio@pro,pro.modo_de_relat_rio_set_report_mode.ambos
plataforma.modo_relatorio,sn30,plataforma,Modo de relatório (SET_REPORT_MODE),,,parcial,ambos,parcial,parcial,não,não,hidraw,hidraw,saída 0x01 subcmd 0x03; entrada 0x30,saída 0x01 subcmd 0x03; entrada 0x30,,,"subcomando 0x03 com argumento 0x30. Se falhar (e `usb_probe_degrade` estiver ligado), o driver segue e o input só existe se o controle transmitir 0x30 espontaneamente — o parser só aceita 0x30/0x21/0x31 e exige `size >= 12`; o 0x3F (botões simples) NUNCA é tratado","subcomando 0x03 com argumento 0x30. Se falhar (e `usb_probe_degrade` estiver ligado), o driver segue e o input só existe se o controle transmitir 0x30 espontaneamente — o parser só aceita 0x30/0x21/0x31 e exige `size >= 12`; o 0x3F (botões simples) NUNCA é tratado",inferido-do-codigo,inferido-do-codigo,,,"assets/dkms/hid-nintendo/hid-nintendo.c:1549, :2953-2968, :2993-2999","assets/dkms/hid-nintendo/hid-nintendo.c:1549, :2953-2968, :2993-2999",,,"Limite honesto declarado no README do DKMS e NÃO validado: 'é plausível que transmita (é o que faz o clone funcionar sob hid-generic), mas não foi validado'.","Limite honesto declarado no README do DKMS e NÃO validado: 'é plausível que transmita (é o que faz o clone funcionar sob hid-generic), mas não foi validado'.",,,Modo de relatório completo (SET_REPORT_MODE → 0x30),Modo de relatório completo (SET_REPORT_MODE → 0x30),,,,,,,,,,plataforma.modo_relatorio@sn30,sn30.modo_de_relat_rio_completo_set_report_mode_0.ambos
plataforma.nfc,dualsense,plataforma,NFC / amiibo,,,nao-tem,ambos,não,não,não,não,outro,outro,—,—,—,—,O DualSense NÃO TEM leitor NFC. (O Nintendo Pro tem os canais MCU e nenhum consumidor no Linux — mas isso é outro aparelho.),O DualSense NÃO TEM leitor NFC. (O Nintendo Pro tem os canais MCU e nenhum consumidor no Linux — mas isso é outro aparelho.),inferido-do-codigo,inferido-do-codigo,Nenhuma referência a NFC no caminho DualSense do hid-playstation nem em src/.,Nenhuma referência a NFC no caminho DualSense do hid-playstation nem em src/.,,,"AUSÊNCIA DE HARDWARE, não lacuna de produto.","AUSÊNCIA DE HARDWARE, não lacuna de produto.",,,,,NFC / amiibo,NFC / amiibo,,,,,,,,,,plataforma.nfc@dualsense,dualsense.nfc_amiibo.ambos
plataforma.nfc,pro,plataforma,NFC / amiibo,,,tem,cabo+rádio,sim,sim,não,não,hidraw,hidraw,saída 0x11/0x12; entrada 0x31/0x32/0x33,saída 0x11/0x12; entrada 0x31/0x32/0x33,"subcmds 0x20, 0x21, 0x22",,"saídas 0x11 e 0x12; entradas 0x31, 0x32, 0x33 (361 bytes); subcomandos RESET_MCU 0x20, SET_MCU_CONFIG 0x21, SET_MCU_STATE 0x22",mesmos reports e subcomandos — o envelope do Pro não muda por transporte,inferido-do-codigo,inferido-do-codigo,"`grep -n ""subcmd_id = JC_SUBCMD""` devolve exatamente sete linhas e nenhuma é 0x20/0x21/0x22",,"assets/dkms/hid-nintendo/hid-nintendo.c:123, :138-140, :155, :2993-2999",assets/dkms/hid-nintendo/hid-nintendo.c:120-141,O APARELHO tem. O DRIVER declara as constantes e NÃO EMITE nenhuma: o único uso do 0x31 é aceitá-lo no `joycon_ctlr_read_handler`. Zero suporte a NFC/amiibo no kernel e zero no Hefesto.,idem cabo: nem o kernel nem o Hefesto emitem,"Registrado para ninguém ""descobrir"" isso como oportunidade: é o caminho de NFC e amiibo, sem uso nenhum neste produto.",,,,NFC / amiibo (canais de MCU),NFC / amiibo (canais de MCU),,,,,,,,,,plataforma.nfc@pro,pro.nfc_amiibo_canais_de_mcu.usb | pro.nfc_amiibo_canais_de_mcu.bluetooth
plataforma.nfc,sn30,plataforma,NFC / amiibo,,,desconhecido,ambos,desconhecido,desconhecido,não,não,hidraw,hidraw,saída 0x11; entrada 0x31; subcmd 0x20-0x22,saída 0x11; entrada 0x31; subcmd 0x20-0x22,,,"o canal existe no protocolo — saída 0x11 (`JC_OUTPUT_MCU_DATA`), entrada 0x31, subcomandos 0x20 RESET_MCU / 0x21 SET_MCU_CONFIG / 0x22 SET_MCU_STATE — e NENHUM é emitido pelo driver: o único uso do 0x31 é aceitar o relatório","o canal existe no protocolo — saída 0x11 (`JC_OUTPUT_MCU_DATA`), entrada 0x31, subcomandos 0x20 RESET_MCU / 0x21 SET_MCU_CONFIG / 0x22 SET_MCU_STATE — e NENHUM é emitido pelo driver: o único uso do 0x31 é aceitar o relatório",inferido-do-codigo,inferido-do-codigo,,,"assets/dkms/hid-nintendo/hid-nintendo.c:123, :138-140, :2993-2999","assets/dkms/hid-nintendo/hid-nintendo.c:123, :138-140, :2993-2999",Zero suporte a NFC no kernel e zero no Hefesto.,Zero suporte a NFC no kernel e zero no Hefesto.,Se o SN30 Pro tem hardware de NFC é PERGUNTA EM ABERTO — não localizei medição nem afirmação no repositório. O Pro genuíno tem; um clone não necessariamente.,Se o SN30 Pro tem hardware de NFC é PERGUNTA EM ABERTO — não localizei medição nem afirmação no repositório. O Pro genuíno tem; um clone não necessariamente.,,,NFC / amiibo (canal MCU),NFC / amiibo (canal MCU),,,,,,,,,,plataforma.nfc@sn30,sn30.nfc_amiibo_canal_mcu.ambos
plataforma.probe,dualsense,plataforma,Subir a probe (o controle EXISTIR para o sistema),,,tem,sem linha no v1,sim,sim,sim,sim,hidraw,hidraw,,,,,"`hidapi.enumerate(vendor_id=DUALSENSE_VENDOR)` filtrado por `DUALSENSE_PIDS`, e depois `connect`","o MESMÍSSIMO caminho — a enumeração é por VID/PID, SEM filtro de barramento; o transporte só é descoberto DEPOIS de abrir",inferido-do-codigo,inferido-do-codigo,,,"src/hefesto_dualsense4unix/core/backend_pydualsense.py:1441, :1503; src/hefesto_dualsense4unix/core/evdev_reader.py:1433","src/hefesto_dualsense4unix/core/backend_pydualsense.py:1441, :3737; src/hefesto_dualsense4unix/core/evdev_reader.py:1433",Que a probe não tenha gate de barramento é o que faz o DualSense por Bluetooth ser encontrado pelo mesmo código do cabo. É uma decisão que o mapa registra para que ninguém a 'otimize' de volta.,idem,,,,,,,,,,,,,,,o v1 não tem linha desta chave para este controle; `existe` vem das linhas irmãs da mesma peça · 11/08: respondido por auditoria de código,plataforma.probe@dualsense,
plataforma.probe,pro,plataforma,Subir a probe (o controle EXISTIR para o sistema),,,desconhecido,sem linha no v1,,,,,,,,,,,,,,,,,,,,,,,,,,,,,,,,,,,o v1 não tem linha desta chave para este controle; `existe` vem das linhas irmãs da mesma peça,plataforma.probe@pro,
plataforma.probe,sn30,plataforma,Subir a probe (o controle EXISTIR para o sistema),,,parcial,só cabo,parcial,,sim,,outro,,,,,,"depende de QUATRO parâmetros do módulo DKMS: `usb_cmd_pad_to_report=1`, `usb_send_conn_status=1`, `usb_probe_degrade=1` e `register_leds_on_set_failure=1` (dependência declarada: sem o último a probe morre em `joycon_leds_create`)",,medido,,"assets/dkms/hid-nintendo/README.md:47-70; instalado por install.sh (DKMS é DEFAULT, opt-out --no-dkms)",,"assets/modprobe.d/hefesto-hid-nintendo.conf (última linha); assets/dkms/hid-nintendo/hid-nintendo.c:52-112, :2557-2560, :2594-2598",,"Sem eles: `Failed to get joycon info; ret=-110` → device SEM driver nenhum (só `modalias power report_descriptor subsystem uevent`), sem hidraw, sem input, sem LED, sem bateria — e o `hid-generic` não assume porque um driver específico casou. E o `register_leds_on_set_failure` tem preço declarado: com ele em Y o nó de LED é registrado MESMO quando o único `set` falhou (assets/dkms/hid-nintendo/hid-nintendo.c:2557-2560 para os verdes, :2594-2598 para o Home), e o nó passa a afirmar um padrão que o aparelho nunca recebeu.",,"ESTADO ATUALIZADO em 11/08: o `hid_nintendo` ESTÁ carregado, e os onze parâmetros do módulo foram lidos vivos em `/sys/module/hid_nintendo/parameters/` (assets/dkms/hid-nintendo/hid-nintendo.c:52-112 declara os onze, todos `0644`). O clone probou inteiro pelo cabo em modo Switch: `hidraw7`, dois nós de input, cinco LEDs, bateria e calibração de fábrica. A ressalva anterior — ""`lsmod` vazio, `/sys/module/hid_nintendo` inexistente"" — descrevia uma mesa vazia, e caducou no mesmo dia.",,MONTOU,,Subir a probe no cabo (o controle EXISTIR em modo Switch por USB),,,,,2026-08-11,fonte-do-driver,180,"Só o CABO foi respondido. Pelo rádio, em modo Switch, o clone nunca foi pareado nesta casa — é o `8BITDO-NO-RÁDIO-01` do índice de 11/08, uma sessão dela. O lado do rádio fica MUDO porque ninguém respondeu.",,"o v1 só tem a linha do cabo — o lado do rádio está VAZIO porque ninguém respondeu, não porque é não · 11/08 (A-11): SUBSTITUÍDA a ressalva que dizia que o módulo não estava carregado. A célula continua sem `teste_que_morde`, e é uma das quinze reprovações de `sem-mordida` do censo — dívida antiga, não desta leva.",plataforma.probe@sn30,sn30.subir_a_probe_no_cabo_o_controle_existir_em_.usb
plataforma.probe.retry,dualsense,plataforma,Retry de probe,,,tem,sem linha no v1,sim,sim,sim,sim,outro,outro,,,,,"`reconnect_loop` retenta a probe a cada `RECONNECT_PROBE_INTERVAL_SEC = 5.0` s, com backoff exponencial; o `_open_one` devolve `None` no timeout de init e o probe periódico retenta","o MESMO laço, sem gate de transporte",inferido-do-codigo,inferido-do-codigo,"11/08, pelo fonte: o DKMS acrescenta `feature_retries` (uint, `0644`, padrão 0 = uma tentativa, teto 10), lido NA PROBE (assets/dkms/hid-playstation/hid-playstation.c:30-33, :939-959) — mudar exige replug, nunca `rmmod`, que derrubaria todos os controles conectados. É a ÚNICA coisa que este fork muda no caminho do DualSense; `ds4_short_pairing_info` (`:73-76`) e `ds4_synthetic_mac` (`:78-81`) só tocam o DualShock4.","É no rádio que o número do driver importa: uma tentativa que expira já gastou os 3 s de `REPORT_REQ_TIMEOUT` do BlueZ, e por isso o espaçamento por BT começa em 2x3000 ms e dobra até 4x3000 ms (assets/dkms/hid-playstation/hid-playstation.c:42, :52-53). No USB fica em 100 ms fixos (`:62`).","src/hefesto_dualsense4unix/daemon/connection.py:27, :86, :373; src/hefesto_dualsense4unix/core/backend_pydualsense.py:1481; assets/dkms/hid-playstation/hid-playstation.c:30-33, :939-959","src/hefesto_dualsense4unix/daemon/connection.py:27, :86, :373; assets/dkms/hid-playstation/hid-playstation.c:30-33, :42, :52-53, :62, :939-959",O retry do DRIVER e o do PRODUTO são coisas diferentes e não se somam: o do driver retenta um FEATURE REPORT dentro de uma probe; o do produto retenta a PROBE INTEIRA a cada 5 s. Quem confundir os dois vai procurar o número errado quando um controle não subir.,idem,,,,,,,,,,2026-08-11,fonte-do-driver,180,,,"o v1 não tem linha desta chave para este controle; a peça existe, mas ninguém mediu ESTE aspecto — herdar das irmãs seria afirmar prova que não houve · 11/08: respondido por auditoria de código · 11/08 (A-11): o retry do DRIVER entrou, com o fonte do DKMS. Nenhuma das duas células de `aciona` mudou: elas descrevem o laço do produto, que já estava respondido.",plataforma.probe.retry@dualsense,
plataforma.probe.retry,pro,plataforma,Retry de probe,,,desconhecido,sem linha no v1,,,,,,,,,,,,,,,,,,,,,,,,,,,,,,,,,,,"o v1 não tem linha desta chave para este controle; a peça existe, mas ninguém mediu ESTE aspecto — herdar das irmãs seria afirmar prova que não houve",plataforma.probe.retry@pro,
plataforma.probe.retry,sn30,plataforma,Retry de probe,,,parcial,só rádio,,parcial,,sim,,outro,,,,,,"`bt_probe_retries=3` (laço com backoff em volta do `joycon_init`, só Bluetooth) + `sync_send_tries=4`, `input_report_wait_ms=500`, `probe_info_timeout_ms=4000`",,afirmado-no-doc,,,,assets/modprobe.d/hefesto-hid-nintendo.conf,,"O `usb_probe_degrade` NÃO vale por rádio de propósito: lá uma falha significa link degradado, e fingir que o controle respondeu seria mentira.",,Nunca foi medido com ESTE controle em modo Switch por rádio — não há bond dele neste adaptador desde 25/07.,,MONTOU,,Retry de probe por rádio,,,,,,,,,"o v1 só tem a linha do rádio — o lado do cabo está VAZIO porque ninguém respondeu, não porque é não",plataforma.probe.retry@sn30,sn30.retry_de_probe_por_r_dio.bluetooth
plataforma.referencias_nintendo,dualsense,plataforma,Referências a Nintendo em src/,,,nao-tem,sem linha no v1,não,não,não,não,outro,outro,,,,,"há muitas referências a Nintendo em `src/`, e NENHUMA toca o caminho DualSense: todas vivem no subsistema de controles externos",idem,inferido-do-codigo,inferido-do-codigo,,,"src/hefesto_dualsense4unix/core/external_leds.py:1, :138; src/hefesto_dualsense4unix/daemon/subsystems/external_identity.py:151; src/hefesto_dualsense4unix/core/evdev_reader.py:416",src/hefesto_dualsense4unix/core/external_leds.py:138; src/hefesto_dualsense4unix/daemon/subsystems/external_identity.py:151,,,,,,,,,,,,,,,,,"o v1 não tem linha desta chave para este controle; `existe` vem das linhas irmãs da mesma peça · 11/08: respondido por auditoria de código — a resposta é a separação, e ela está limpa",plataforma.referencias_nintendo@dualsense,
plataforma.referencias_nintendo,pro,plataforma,Referências a Nintendo em src/,,,nao-tem,ambos,não,não,não,não,outro,outro,,,,,não é feature do aparelho — é uma DIVERGÊNCIA doc×código que muda como se lê tudo acima,não é feature do aparelho — é uma DIVERGÊNCIA doc×código que muda como se lê tudo acima,medido,medido,"grep confirmado nesta sessão: broker/hidraw_broker.py, core/external_leds.py, core/evdev_reader.py, daemon/subsystems/external_identity.py, daemon/subsystems/coop.py e mais 11","grep confirmado nesta sessão: broker/hidraw_broker.py, core/external_leds.py, core/evdev_reader.py, daemon/subsystems/external_identity.py, daemon/subsystems/coop.py e mais 11",docs/usage/troubleshooting-8bitdo.md versus src/hefesto_dualsense4unix/core/external_leds.py,docs/usage/troubleshooting-8bitdo.md versus src/hefesto_dualsense4unix/core/external_leds.py,"`docs/usage/troubleshooting-8bitdo.md` afirma, como PROVADO NO CÓDIGO, que há ""zero referências a Nintendo/8BitDo em src/"". Hoje é FALSO: 16 arquivos de src/ citam Nintendo ou 8BitDo, e `core/external_leds.py` existe justamente para escrever nesses controles.","`docs/usage/troubleshooting-8bitdo.md` afirma, como PROVADO NO CÓDIGO, que há ""zero referências a Nintendo/8BitDo em src/"". Hoje é FALSO: 16 arquivos de src/ citam Nintendo ou 8BitDo, e `core/external_leds.py` existe justamente para escrever nesses controles.",A conclusão de fundo (o Hefesto não causou as mortes por BT do 8BitDo) pode continuar certa; a PROVA citada caducou e precisa de nota datada.,A conclusão de fundo (o Hefesto não causou as mortes por BT do 8BitDo) pode continuar certa; a PROVA citada caducou e precisa de nota datada.,,,Referências a Nintendo em src/ (a prova que a página de uso cita),Referências a Nintendo em src/ (a prova que a página de uso cita),,,,,,,,,,plataforma.referencias_nintendo@pro,pro.refer_ncias_a_nintendo_em_src_a_prova_que_a_.ambos
plataforma.referencias_nintendo,sn30,plataforma,Referências a Nintendo em src/,,,desconhecido,sem linha no v1,,,,,,,,,,,,,,,,,,,,,,,,,,,,,,,,,,,o v1 não tem linha desta chave para este controle; `existe` vem das linhas irmãs da mesma peça,plataforma.referencias_nintendo@sn30,
plataforma.slot_jogador,dualsense,plataforma,Slot / número de jogador atribuído pelo Hefesto,,,tem,sem linha no v1,sim,sim,sim,sim,outro,outro,,,,,"`slot_for` mapeia MAC → posição, e a cor por slot sai de `core/led_control.py:158`","a MESMA função — a chave é o MAC/`uniq`, não o transporte",inferido-do-codigo,inferido-do-codigo,,,src/hefesto_dualsense4unix/daemon/subsystems/identity.py:543; src/hefesto_dualsense4unix/core/led_control.py:158,src/hefesto_dualsense4unix/daemon/subsystems/identity.py:543; src/hefesto_dualsense4unix/core/led_control.py:158,Que o slot seja chaveado pelo MAC e não pelo transporte é o que faz o número do jogador sobreviver a trocar o cabo pelo rádio no meio da partida.,idem,,,,,,,,,,,,,,,o v1 não tem linha desta chave para este controle; `existe` vem das linhas irmãs da mesma peça · 11/08: respondido por auditoria de código,plataforma.slot_jogador@dualsense,
plataforma.slot_jogador,pro,plataforma,Slot / número de jogador atribuído pelo Hefesto,,,desconhecido,sem linha no v1,,,,,,,,,,,,,,,,,,,,,,,,,,,,,,,,,,,o v1 não tem linha desta chave para este controle; `existe` vem das linhas irmãs da mesma peça,plataforma.slot_jogador@pro,
plataforma.slot_jogador,sn30,plataforma,Slot / número de jogador atribuído pelo Hefesto,,,tem,ambos,sim,sim,sim,sim,outro,outro,,,,,`ExternalIdentityRegistry` dá um slot ao aparelho e o persiste em `config_dir()/controllers.json` — a ATRIBUIÇÃO roda sempre; a EXIBIÇÃO na lâmpada está calada,`ExternalIdentityRegistry` dá um slot ao aparelho e o persiste em `config_dir()/controllers.json` — a ATRIBUIÇÃO roda sempre; a EXIBIÇÃO na lâmpada está calada,inferido-do-codigo,inferido-do-codigo,"docs/usage/troubleshooting-8bitdo.md:93-102 (LUGAR-À-MESA-01, 06/08/2026)","docs/usage/troubleshooting-8bitdo.md:93-102 (LUGAR-À-MESA-01, 06/08/2026)",src/hefesto_dualsense4unix/daemon/subsystems/external_identity.py:1238-1262,src/hefesto_dualsense4unix/daemon/subsystems/external_identity.py:1238-1262,"O slot serve à fila e à ordem, não à contagem de jogadores: com um DualSense, um Pro e este controle ligados, o `coop status` respondeu 'jogadores ativos: 1'.","O slot serve à fila e à ordem, não à contagem de jogadores: com um DualSense, um Pro e este controle ligados, o `coop status` respondeu 'jogadores ativos: 1'.",,,MONTOU,MONTOU,Slot / número de jogador atribuído pelo Hefesto,Slot / número de jogador atribuído pelo Hefesto,,,,,,,,,,plataforma.slot_jogador@sn30,sn30.slot_n_mero_de_jogador_atribu_do_pelo_hefest.ambos
plataforma.sniff,dualsense,plataforma,Sniff / link policy do rádio,,,nao-tem,sem linha no v1,,não,,não,,outro,,,,,,"não há uma ocorrência de `sniff`, `link_policy` ou `hci_` em todo o `src/`. Fora de `src/`, a regra `assets/82-nintendo-pro-nosniff.rules:23` é disparada pelo OUI do NINTENDO PRO, não pelo do DualSense.",,inferido-do-codigo,,,,scripts/bt_active_mode.sh:27; assets/82-nintendo-pro-nosniff.rules:23,,"É DECISÃO, não esquecimento: `scripts/bt_active_mode.sh:27` diz, com todas as letras, que os DualSense seguem conectados normalmente SEM sniff. O produto escolheu não aplicar.",,,,,,,,,,,,,,,o v1 não tem linha desta chave para este controle; `existe` vem das linhas irmãs da mesma peça · 11/08: respondido por auditoria de código; o lado do CABO fica MUDO porque sniff é conceito de rádio e a pergunta não tem sentido no cabo,plataforma.sniff@dualsense,
plataforma.sniff,pro,plataforma,Sniff / link policy do rádio,,,tem,cabo+rádio,não,sim,não,sim,outro,outro,,,,"ENV{HID_UNIQ}==""e0:f6:b5:*"" → bt_nosniff_now.sh",não se aplica — não há link Bluetooth,"o Pro genuíno é tirado do SNIFF POR-LINK: `hcitool lp <MAC> RSWITCH`, escopado à OUI e0:f6:b5, na borda do connect (regra udev 82) e reaplicado a cada 2 min pelo `bt_active_mode.sh`",inferido-do-codigo,medido,,"com o SNIFF devolvido, o clone probou em 54 s na 1ª tentativa; ""só o nome"" (alias Nintendo) NÃO é alternativa — medido em 22/07, o Pro durou mais mas ainda caiu sob carga pesada",,assets/82-nintendo-pro-nosniff.rules:1-24; scripts/bt_active_mode.sh:70-130,,"REQUISITOS OPOSTOS, medidos no A/B de 23/07: o Pro genuíno CAI SOB CARGA com sniff e fica ESTÁVEL sem; o 8BitDo clone em modo Switch PRECISA do sniff (sem ele a probe morre em `Failed to get joycon info; ret=-110`, 4 probes falhadas / 0 sucessos). Por isso o default do adaptador continua COM sniff e a recusa é por-link.",,"A regra 82 casa por HID_UNIQ, isto é, POR ENDEREÇO. Se algum dia o endereço mudar, ela muda de alvo sem avisar.",,MONTOU,Sniff / link policy do rádio,Sniff / link policy do rádio,,,,,,,"Diverge porque a pergunta só existe de um lado: no cabo não há link Bluetooth, logo não há sniff. Por rádio a divergência é entre os DOIS APARELHOS, e foi medida no A/B de 23/07 com requisitos OPOSTOS: o Pro genuíno CAI SOB CARGA com sniff e fica estável sem; o 8BitDo clone em modo Switch PRECISA do sniff (sem ele a probe morre em `Failed to get joycon info; ret=-110`). Por isso o default do adaptador continua COM sniff e a recusa é POR-LINK, escopada à OUI `e0:f6:b5`.",,,plataforma.sniff@pro,pro.sniff_link_policy_do_r_dio.bluetooth | pro.sniff_link_policy_do_r_dio.usb
plataforma.sniff,sn30,plataforma,Sniff / link policy do rádio,,,tem,só rádio,,sim,,sim,,outro,,,,,,"`hciconfig hci0 lp rswitch,hold,sniff,park` — o DEFAULT do adaptador é mantido COM sniff porque este controle PRECISA dele; o no-sniff (`hcitool lp <MAC> RSWITCH`) é por-link e escopado à OUI `e0:f6:b5` do Pro genuíno",,medido,,,,scripts/bt_active_mode.sh:75-134; assets/82-nintendo-pro-nosniff.rules:8-19,,"A/B de 23/07: com no-sniff GLOBAL este controle acumulou 4 probes falhadas e 0 sucessos, sempre `Failed to get joycon info; ret=-110`; com o sniff devolvido, probou em 54 s na primeira tentativa.",,É a única regra da casa em que dois controles têm requisitos de firmware OPOSTOS. Este é o aparelho que o escopo por OUI existe para não matar.,,MONTOU,,SNIFF do link (política de rádio),,,,,,,,,"o v1 só tem a linha do rádio — o lado do cabo está VAZIO porque ninguém respondeu, não porque é não",plataforma.sniff@sn30,sn30.sniff_do_link_pol_tica_de_r_dio.bluetooth
plataforma.taxa_relatorios,dualsense,plataforma,Taxa de relatórios de entrada,,,parcial,sem linha no v1,parcial,parcial,parcial,parcial,hidraw,hidraw,entrada 0x01 (64 B),entrada 0x31 (78 B),MOTION_EMIT_MAX_HZ = 250.0; _HZ_STALE_S = 1.0,os MESMOS números — o teto de 250 Hz não distingue transporte,"o que o produto mede NÃO é a taxa do controle: é a taxa de EMISSÃO do espelho de motion ao vpad, com média móvel e teto","a mesma medida, com o mesmo teto",inferido-do-codigo,inferido-do-codigo,"MEDIDO 11/08, duas réguas e o descritor concordando: relógio do host 250,0 Hz (2501 reports em 10,000 s) e relógio do controle 250,0 Hz (delta médio 4000,3 us). O descritor USB fecha a conta sozinho: interface 3, endpoints de interrupção com `bInterval 6`, e em High Speed `2^5 x 125 us = 4000 us` = 250 Hz. Os 250 Hz do cabo são o intervalo de serviço do endpoint, não afirmação do SDL.","MEDIDO 11/08, cinco janelas de 8 a 10 s no mesmo controle parado: 363,3 / 239,9 / 334,1 / 55,4 / 69,7 Hz pelo relógio do host, e 392,4 / 38,3 / 48,5 Hz pelo relógio do controle. NÃO há taxa típica: o fluxo é em RAJADAS — o p05 do intervalo é teimosamente 1255 us (~797 Hz instantâneos) e o p95 chega a 187 ms. Os 1000 Hz que o SDL declara para Bluetooth não aparecem em janela nenhuma.","src/hefesto_dualsense4unix/core/physical_report_reader.py:177, :221, :555; src/hefesto_dualsense4unix/daemon/ipc_handlers.py:2366; assets/dkms/hid-playstation/hid-playstation.c:437, :483-484, :2566-2570, :2873-2877, :3022 (o CONTRA-exemplo: é tudo do DualShock4)","src/hefesto_dualsense4unix/core/physical_report_reader.py:177, :555; src/hefesto_dualsense4unix/integrations/uhid_gamepad.py:949; assets/dkms/hid-playstation/hid-playstation.c:437, :483-484, :2566-2570, :2873-2877, :3022 (o CONTRA-exemplo: é tudo do DualShock4)","O driver não impõe taxa nenhuma ao DualSense: não há campo, função nem padrão. Para o DualShock4 ele tem os quatro (assets/dkms/hid-playstation/hid-playstation.c:437, :483-484, :2566-2570, :2873-2877, :3022); para o DualSense, nada. O que chega é o que o aparelho e o transporte decidem.","Idem — e por isso a variação do rádio é do enlace, não de configuração que alguém possa ter mexido aqui.",,"O teto de 250 Hz ACHATA o rádio, e o número que a interface mostra por BT é o teto, não o aparelho. CORREÇÃO DATADA de 11/08: os `~765 Hz` que os comentários do código repetiam NÃO são taxa sustentada do rádio — são a taxa INSTANTÂNEA dentro da rajada (o p05 do intervalo é 1255 us, ~797 Hz). A sustentada fica entre ~38 e ~392 Hz conforme a janela. O número não some: muda de significado, e o teto continua justificado pelo PICO.",,,,,,,,2026-08-11,aparelho,180,"Não há gate de transporte, e é justamente esse o problema: o mesmo teto de 250 Hz é aplicado aos dois. Só que o aparelho é assimétrico de outro jeito do que se dizia — o cabo entrega 250,0 Hz ESTÁVEIS (o endpoint impõe) e o rádio entrega RAJADAS, com sustentada entre ~38 e ~392 Hz e pico instantâneo de ~797 Hz. A medida é simétrica onde o aparelho é assimétrico, e por isso o número publicado ESCONDE a diferença em vez de mostrá-la. Não é decisão registrada: é efeito colateral do teto — e o teto fica, porque quem o justifica é o pico, não a média.",,"o v1 não tem linha desta chave para este controle; `existe` vem das linhas irmãs da mesma peça · 11/08: respondido por auditoria de código · 11/08 (A-11): SUBSTITUÍDO o `~765 Hz` como fato do aparelho. `provado_por = aparelho` porque quem responde aqui é a medição no controle dela, com as duas réguas declaradas; o que o fonte do driver acrescenta é o contra-exemplo do DualShock4, que prova que para o DualSense não há alavanca nenhuma.",plataforma.taxa_relatorios@dualsense,
plataforma.taxa_relatorios,pro,plataforma,Taxa de relatórios de entrada,,,tem,cabo+rádio,sim,sim,não,não,hidraw,hidraw,entrada 0x30,entrada 0x30,,,não medido nesta casa,"relatórios 0x30 no fio: 89,2/s, um a cada 11,2 ms",incerto,medido,não-localizado — não há CSV nem sprint com medição de taxa do Pro por cabo,"o `avg_delta` que o kernel APRENDE é 11 ms em 1460 das 1613 amostras do dia, com cauda até 22 ms",docs/protocol/externos-referencia-canonica.md:347-367 (só BT),docs/protocol/externos-referencia-canonica.md:351-354,"Todas as medições publicadas de taxa do Pro são de link Bluetooth. Por cabo o limitador é mais folgado (20 ms contra 60 ms), mas isso governa a SAÍDA, não a entrada.","MEDIDO em 6,0 s de hidraw puro (536 relatórios). Duas janelas longas concordam (89,1/s em 5,0 s; 89,2/s em 6,0 s); a de 3,0 s deu 86/s e é curta demais.",,"CORREÇÃO DATADA: a página de uso registrava ""~268 pacotes por segundo"" — aquilo era a taxa de AMOSTRAS de IMU (89,2 × 3), não a de relatórios. Os números são compatíveis.",,,Taxa de relatórios de entrada,Taxa de relatórios de entrada,,,,,,,,,,plataforma.taxa_relatorios@pro,pro.taxa_de_relat_rios_de_entrada.bluetooth | pro.taxa_de_relat_rios_de_entrada.usb
plataforma.taxa_relatorios,sn30,plataforma,Taxa de relatórios de entrada,,,tem,sem linha no v1,sim,,não,,hidraw,,entrada 0x30,,,,"não há alavanca: o protocolo Switch não tem campo de taxa, e o produto não mede nem publica esta taxa para este controle",,medido,,"MEDIDO 11/08, com o clone na mesa PELO CABO, em modo Switch: 200,5 amostras de IMU por segundo por contagem de `SYN_REPORT` no evdev em 6 s, e 199,4 numa segunda rota, em outra sessão e com outra régua. Como cada relatório `0x30` carrega TRÊS amostras de IMU (`hid-nintendo.c:1646`), isso são ~66,8 RELATÓRIOS por segundo, um a cada 14,96 ms — exatamente o ramo de 15 ms que o comentário do driver declara para Pro Controller por USB (`:223` `JC_IMU_DFLT_AVG_DELTA_MS 15`, `:1649-1651`).",,"assets/dkms/hid-nintendo/hid-nintendo.c:223, :1646, :1649-1651, :1814",,"AMOSTRA NÃO É RELATÓRIO, e confundir os dois já produziu número errado nesta casa: a linha irmã `plataforma.taxa_relatorios@pro` traz a mesma correção datada (""~268 pacotes por segundo"" eram 89,2 x 3). Aqui vale igual: 200,5 é amostra; ~66,8 é relatório.",,"A taxa sozinha NÃO prova IMU real — o `0x30` sempre carrega os bytes de IMU, e um firmware que mandasse zeros produziria a mesma taxa. O que prova é a distribuição por eixo, medida no mesmo dia: eixo Z parado em ~4200 nos dois controles, a gravidade na mesma escala. Isso está na linha de IMU, não aqui.",,,,,,,,,2026-08-11,aparelho,180,"Só o CABO foi respondido, e de propósito: em 11/08 o clone esteve na mesa apenas pelo cabo, em modo Switch. Pelo rádio cada medição começa por um pareamento novo, e isso é uma sessão dela — está enfileirado no índice de 11/08 como `8BITDO-NO-RÁDIO-01`. O lado do rádio fica MUDO porque ninguém respondeu, não porque é não.",,"o v1 não tem linha desta chave para este controle; `existe` vem das linhas irmãs da mesma peça · irmãs: `plataforma.taxa_relatorios.botao` · 11/08 (A-11): SUBSTITUÍDO o `existe = não-tem`, que era falso — herdado da irmã `.botao`, onde o `não-tem` é verdade (não há BOTÃO de taxa). Ter taxa de relatórios e ter botão para mudá-la são coisas diferentes.",plataforma.taxa_relatorios@sn30,
plataforma.taxa_relatorios.botao,dualsense,plataforma,Taxa de relatórios — botão na interface,cross circle square triangle,,desconhecido,sem linha no v1,,,,,,,,,,,,,,,,,,,,,,,,,,,,,,,,,,,"o v1 não tem linha desta chave para este controle; a peça existe, mas ninguém mediu ESTE aspecto — herdar das irmãs seria afirmar prova que não houve · 11/08: a auditoria respondeu o lado do PRODUTO e é NÃO — não há botão de medir taxa em lugar nenhum da interface, só EXIBIÇÃO de texto (`app/widgets/controller_card.py:973`). A medição por linha de comando existe fora de `src/`, em `scripts/benchmark_polling.py`. As células ficam MUDAS de propósito",plataforma.taxa_relatorios.botao@dualsense,
plataforma.taxa_relatorios.botao,pro,plataforma,Taxa de relatórios — botão na interface,a b x y,BTN_EAST BTN_SOUTH BTN_NORTH BTN_WEST,tem,sem linha no v1,,,,,,,,,,,,,,,,,,,,,,,,,,,,,,,,,,,o v1 não tem linha desta chave para este controle; a resposta mora em `plataforma.taxa_relatorios` — `existe` foi herdado de lá · irmãs: `plataforma.taxa_relatorios`,plataforma.taxa_relatorios.botao@pro,
plataforma.taxa_relatorios.botao,sn30,plataforma,Taxa de relatórios — botão na interface,,,nao-tem,só rádio,,não,,não,,hidraw,,,,,,"não existe equivalente no protocolo Switch. A única alavanca é o rate limiter do driver (20 ms USB / 60 ms BT, 25 tentativas, offset de 4 ms)",,inferido-do-codigo,,,,assets/dkms/hid-nintendo/hid-nintendo.c:968-980,,O DualShock 4 (o OUTRO modo deste plástico) tem: 6 bits baixos do `hw_control` do report de saída 0x11. Nem o Pro nem o DualSense têm.,,,,,,Botão de taxa de rádio (poll interval programável),,,,,,,,,"o v1 só tem a linha do rádio — o lado do cabo está VAZIO porque ninguém respondeu, não porque é não",plataforma.taxa_relatorios.botao@sn30,sn30.bot_o_de_taxa_de_r_dio_poll_interval_program.bluetooth
plataforma.transporte_radio,dualsense,plataforma,Transporte de rádio (tipo de link),,,tem,sem linha no v1,sim,sim,sim,sim,hidraw,hidraw,,,,,`get_transport` / `_detect_transport` leem o `conType` da pydualsense e devolvem `usb` ou `bt`; pela perna de evdev o bus sai do sysfs,a MESMA função,inferido-do-codigo,inferido-do-codigo,,,"src/hefesto_dualsense4unix/core/backend_pydualsense.py:3727, :3737; src/hefesto_dualsense4unix/core/evdev_reader.py:340","src/hefesto_dualsense4unix/core/backend_pydualsense.py:3727, :3737; src/hefesto_dualsense4unix/core/lightbar_reset.py:116","Esta é a linha que PRODUZ a assimetria de todas as outras: o valor daqui alimenta o gate de CRC do feature 0x05 e o gate da lightbar. Se ela mentir, todos os gates mentem juntos.",idem,,,,,,,,,,,,,,,o v1 não tem linha desta chave para este controle; `existe` vem das linhas irmãs da mesma peça · 11/08: respondido por auditoria de código,plataforma.transporte_radio@dualsense,
plataforma.transporte_radio,pro,plataforma,Transporte de rádio (tipo de link),,,desconhecido,sem linha no v1,,,,,,,,,,,,,,,,,,,,,,,,,,,,,,,,,,,o v1 não tem linha desta chave para este controle; `existe` vem das linhas irmãs da mesma peça,plataforma.transporte_radio@pro,
plataforma.transporte_radio,sn30,plataforma,Transporte de rádio (tipo de link),,,tem,só rádio,,sim,,não,,dbus,,,,,,"HID CLÁSSICO sobre L2CAP (BR/EDR), não HID over GATT: UUID `0x1124` presente, `0x1812` ausente, `AddressType=public`, `org.bluez.Bearer.BREDR1`",,medido,,,,docs/protocol/externos-referencia-canonica.md:859-866,,"Nenhum ajuste de conexão LE (intervalo, latência de GATT) se aplica a este aparelho.",,"Medido no modo PS4 deste plástico, não no modo Switch.",,,,Transporte de rádio (tipo de link),,,,,,,,,"o v1 só tem a linha do rádio — o lado do cabo está VAZIO porque ninguém respondeu, não porque é não",plataforma.transporte_radio@sn30,sn30.transporte_de_r_dio_tipo_de_link.bluetooth
plataforma.udev_autosuspend,dualsense,plataforma,Regra udev — o controle nunca dorme no barramento USB,,,tem,sem linha no v1,sim,não,sim,não,sysfs,outro,,,,,a regra casa `054c:0ce6` e `054c:0df2` e escreve `power/control=on` com `autosuspend_delay_ms=-1`; instalada pelo `install_udev.sh`. Em `src/` há ainda o parâmetro global de kernel `usbcore.autosuspend=-1`.,"não se aplica: a regra é `SUBSYSTEM==""usb""`",inferido-do-codigo,inferido-do-codigo,,,assets/72-ps5-controller-autosuspend.rules:14-15; scripts/install_udev.sh:105; src/hefesto_dualsense4unix/integrations/kernel_cmdline.py:32,assets/72-ps5-controller-autosuspend.rules:14-15,,,,,,,,,,,,,,,"Diverge POR CONSTRUÇÃO, e a explicação é trivial e vale registrar para ninguém procurar bug: autosuspend é conceito do barramento USB. A regra casa `SUBSYSTEM==""usb""` e, no rádio, não há o que suspender pelo mesmo mecanismo. O sono do rádio é outro assunto, e mora em `plataforma.sniff` e `plataforma.link_parametros`.",,o v1 não tem linha desta chave para este controle; `existe` vem das linhas irmãs da mesma peça · 11/08: respondido por auditoria de código,plataforma.udev_autosuspend@dualsense,
plataforma.udev_autosuspend,pro,plataforma,Regra udev — o controle nunca dorme no barramento USB,,,tem,só cabo,sim,,sim,,sysfs,,,,,,"`power/control=on` e `power/autosuspend_delay_ms=-1` para todo `ATTR{idVendor}==""057e""`",,medido,,,,assets/81-hefesto-usb-power.rules,,,,"Trata genuíno e clone igual, de propósito — o tratamento de energia é idêntico para os dois.",,MONTOU,,Regra udev 81 — o Pro nunca dorme no barramento USB,,,,,,,,,,"o v1 só tem a linha do cabo — o lado do rádio está VAZIO porque ninguém respondeu, não porque é não",plataforma.udev_autosuspend@pro,pro.regra_udev_81_o_pro_nunca_dorme_no_barrament.usb
plataforma.udev_autosuspend,sn30,plataforma,Regra udev — o controle nunca dorme no barramento USB,,,desconhecido,sem linha no v1,,,,,,,,,,,,,,,,,,,,,,,,,,,,,,,,,,,o v1 não tem linha desta chave para este controle; `existe` vem das linhas irmãs da mesma peça,plataforma.udev_autosuspend@sn30,
plataforma.vigia_zumbi,dualsense,plataforma,Vigia de zumbi (link de pé e controle mudo),,,tem,sem linha no v1,sim,sim,sim,sim,evdev,evdev,,,,,"`is_stale` compara o nó aberto com o nó canônico de agora; `heal_evdev_if_stale` dispara a cura, e o tique é de 2 s no ciclo de vida do daemon","o MESMÍSSIMO caminho, sem gate de transporte",inferido-do-codigo,inferido-do-codigo,,,"src/hefesto_dualsense4unix/core/evdev_reader.py:864; src/hefesto_dualsense4unix/core/backend_pydualsense.py:1980, :1985; src/hefesto_dualsense4unix/daemon/lifecycle.py:3889",src/hefesto_dualsense4unix/core/evdev_reader.py:864; src/hefesto_dualsense4unix/core/backend_pydualsense.py:1980; src/hefesto_dualsense4unix/daemon/lifecycle.py:3889,O cruzamento é 'HID conectado E evdev mudo ou obsoleto' — a definição de zumbi desta casa.,idem,,,,,,,,,,,,,,,o v1 não tem linha desta chave para este controle; `existe` vem das linhas irmãs da mesma peça · 11/08: respondido por auditoria de código,plataforma.vigia_zumbi@dualsense,
plataforma.vigia_zumbi,pro,plataforma,Vigia de zumbi (link de pé e controle mudo),,,desconhecido,sem linha no v1,,,,,,,,,,,,,,,,,,,,,,,,,,,,,,,,,,,o v1 não tem linha desta chave para este controle; `existe` vem das linhas irmãs da mesma peça,plataforma.vigia_zumbi@pro,
plataforma.vigia_zumbi,sn30,plataforma,Vigia de zumbi (link de pé e controle mudo),,,parcial,só rádio,,parcial,,sim,,dbus,,,,,,`scripts/bt_health_watchdog.sh` combina `Connected=true` + zero `hidraw` + cache de SDP sem `[ServiceRecords]`,,medido,,,,scripts/bt_health_watchdog.sh:165,,"BURACO VIVO: a vigia PULA todo aparelho cujo cache de SDP já tenha `[ServiceRecords]` — e este controle tem o cache completo. Em 07/08 ele passou a 'sem HID nenhum, ACL vivo, Connected=true' e quatro passagens do watchdog depois não disseram uma palavra.",,`ServicesResolved=false` NÃO implica controle mudo — medido: o Pro entrega 89 relatórios/s com ela em false.,,MONTOU,,Vigia de zumbi (link de pé e controle mudo),,,,,,,,,"o v1 só tem a linha do rádio — o lado do cabo está VAZIO porque ninguém respondeu, não porque é não",plataforma.vigia_zumbi@sn30,sn30.vigia_de_zumbi_link_de_p_e_controle_mudo.bluetooth
plataforma.vpad,dualsense,plataforma,Gamepad virtual (vpad) que o Hefesto cria,,,tem,sem linha no v1,sim,sim,sim,sim,uhid,uhid,,,,,"`make_virtual_pad` cria o vpad por uhid (nasce Edge, PID 0x0DF2), com queda para uinput quando o uhid não sobe","a MESMA função, sem gate de transporte",inferido-do-codigo,inferido-do-codigo,,,src/hefesto_dualsense4unix/integrations/virtual_pad.py:150; src/hefesto_dualsense4unix/integrations/uhid_gamepad.py:123,src/hefesto_dualsense4unix/integrations/virtual_pad.py:150; src/hefesto_dualsense4unix/integrations/uhid_gamepad.py:670,,"O vpad é SEMPRE `BUS_USB` emitindo report de entrada 0x01, mesmo quando o físico está no rádio. É proposital: o SDL usa `size == 64` para decidir 'é USB, modo enhanced'.",,,,,,,tests/unit/test_uhid_gamepad.py::TestEncoderAnalogico::test_repouso_espelha_o_report_do_controle_fisico,"Lado do VPAD: o payload de repouso byte a byte (sticks em ~128, d-pad em 8) e `len(payload) + 1 == 64`, que é o tamanho que o SDL usa para decidir ""é USB, modo enhanced"".",,,,,"Não é assimetria de resultado, é assimetria ESCONDIDA de propósito: o físico por Bluetooth fala 0x31, e o vpad que o representa fala 0x01 de 64 bytes como se fosse cabo. Quem depurar o jogo vai ver um controle USB onde o aparelho é de rádio — e é isso que faz o jogo funcionar.",,o v1 não tem linha desta chave para este controle; `existe` vem das linhas irmãs da mesma peça · 11/08: respondido por auditoria de código,plataforma.vpad@dualsense,
plataforma.vpad,pro,plataforma,Gamepad virtual (vpad) que o Hefesto cria,,,tem,cabo+rádio,sim,sim,sim,sim,uhid,uhid,,,,,"o co-op cria um vpad uhid DualSense Edge (PID 0x0DF2) para o jogador do Pro, com o 0x05 canônico embutido (nunca a calibração dele)","idêntico ao cabo — o vpad NASCE sempre com BUS_USB, o jogo nunca vê Bluetooth",inferido-do-codigo,inferido-do-codigo,"`calibration_0x05=calib` é None para externos, fail-safe",,src/hefesto_dualsense4unix/daemon/subsystems/coop.py:655-690,"src/hefesto_dualsense4unix/integrations/uhid_gamepad.py:94, :123","Decisão de produto do VPAD-09: uniformidade, dedup segura e rumble por hidraw para todos. O Hefesto lê os botões do Pro por evdev (com EVIOCGRAB) e os republica no vpad.","Consequência: o jogo sempre escreve o report de output 0x02 (USB) no vpad, mesmo com o Pro no rádio.",O jogo vê um DualSense Edge onde há um Pro Controller — com giroscópio NEUTRO (não há espelho de motion para externo) e sem gatilho analógico real (0 ou 255 sintetizados).,,MONTOU,MONTOU,Gamepad virtual (vpad) que o Hefesto cria para o Pro,Gamepad virtual (vpad) que o Hefesto cria para o Pro,,,,,,,,,,plataforma.vpad@pro,pro.gamepad_virtual_vpad_que_o_hefesto_cria_para.usb | pro.gamepad_virtual_vpad_que_o_hefesto_cria_para.bluetooth
plataforma.vpad,sn30,plataforma,Gamepad virtual (vpad) que o Hefesto cria,,,desconhecido,sem linha no v1,,,,,,,,,,,,,,,,,,,,,,,,,,,,,,,,,,,o v1 não tem linha desta chave para este controle; `existe` vem das linhas irmãs da mesma peça,plataforma.vpad@sn30,
toque.touchpad,dualsense,toque,Touchpad — os pontos de toque,touchpad,,tem,cabo+rádio,sim,sim,sim,sim,uhid,uhid,0x01,0x31,payload[32..35] e [36..39] = report[33..36] e [37..40],payload[32..35] e [36..39] = report[34..37] e [38..41],Viajam dentro da janela crua de 25 B copiada ao vpad: payload[32..35] e payload[36..39].,"idem, sob o portão de CRC do 0x31.",medido,inferido-do-codigo,Medido ao vivo com o dedo FORA do touchpad: o 0x80 aparece em payload[32] e payload[36].,,integrations/uhid_gamepad.py:455-486; core/physical_report_reader.py:102-107,core/physical_report_reader.py:296-315,"Geometria confirmada no fonte do kernel: 1920x1080, 2 pontos, DS_TOUCH_POINT_INACTIVE = BIT(7) — a flag de contato é INVERTIDA (0x80 = SEM dedo).",,,Mesmo furo do bit de ÁUDIO: um quadro Opus com CRC válido entraria como pontos de toque.,MONTOU,MONTOU,Touchpad — os DOIS pontos de toque (ao jogo),Touchpad — os DOIS pontos de toque (ao jogo),tests/unit/test_uhid_gamepad.py::TestEncoderAnalogico::test_touchpad_nasce_sem_toque_fantasma,"Lado do VPAD: os offsets dos dois pontos de toque (32 e 36) e a flag de contato INVERTIDA (0x80 = sem dedo) têm de nascer inativas. É o report que o jogo lê, não o do físico.",,,,,,,,toque.touchpad@dualsense,dualsense.touchpad_os_dois_pontos_de_toque_ao_jogo.usb | dualsense.touchpad_os_dois_pontos_de_toque_ao_jogo.bluetooth
toque.touchpad,pro,toque,Touchpad — os pontos de toque,,,nao-tem,nenhum,não,não,não,não,outro,outro,,,,,não-localizado — o aparelho NÃO TEM,não-localizado — o aparelho NÃO TEM,inferido-do-codigo,inferido-do-codigo,"`joycon_input_create` do procon cria só sticks, dpad e botões; nenhum `input_mt_*` no módulo","`joycon_input_create` do procon cria só sticks, dpad e botões; nenhum `input_mt_*` no módulo",assets/dkms/hid-nintendo/hid-nintendo.c:2440-2455,assets/dkms/hid-nintendo/hid-nintendo.c:2440-2455,"Não há geometria, pontos de toque nem bit de clique de touchpad em report nenhum do protocolo Switch, e o driver não cria nó de touchpad para o Pro.","Não há geometria, pontos de toque nem bit de clique de touchpad em report nenhum do protocolo Switch, e o driver não cria nó de touchpad para o Pro.",,,,,Touchpad,Touchpad,,,,,,,,,,toque.touchpad@pro,pro.touchpad.nenhum
toque.touchpad,sn30,toque,Touchpad — os pontos de toque,,,nao-tem,nenhum,não,não,não,não,outro,outro,,,,,"o aparelho não tem, e o driver não registra nó de touchpad para o tipo PRO","o aparelho não tem, e o driver não registra nó de touchpad para o tipo PRO",inferido-do-codigo,inferido-do-codigo,,,assets/dkms/hid-nintendo/hid-nintendo.c:2333-2392 (só gamepad e IMU),assets/dkms/hid-nintendo/hid-nintendo.c:2333-2392 (só gamepad e IMU),,,,,,,Touchpad,Touchpad,,,,,,,,,,toque.touchpad@sn30,sn30.touchpad.nenhum
toque.touchpad.clique,dualsense,toque,Touchpad — o clique (botão),touchpad,,tem,cabo+rádio,sim,sim,sim,sim,uhid,uhid,0x01,0x31,payload[9] & 0x02 = report[10] & 0x02,payload[9] & 0x02 = report[11] & 0x02,"Bit 0x02 do payload[9] (BUTTONS2_OFFSET / TOUCHPAD_CLICK_BIT), lido por BORDA e entregue a `vpad.forward_touchpad_click`. O kernel nomeia o mesmo bit DS_BUTTONS2_TOUCHPAD.","idem, com o portão de CRC do 0x31: payload[9] = report[11].",medido,inferido-do-codigo,"SENSOR-VIVO-01: o clique NÃO chegava ao jogo — faltava uma linha de fiação, curada.",,"core/physical_report_reader.py:126-130, :815","core/physical_report_reader.py:120-130, :288-311","Não vem na janela de motion: tem caminho próprio, mas passa pelo MESMO `_struct_base` — um portão, dois consumidores.",,"A disciplina é deliberada: se o clique tivesse parser próprio sem CRC, rádio corrompido viraria mapa abrindo sozinho no meio da partida.",,MONTOU,MONTOU,Touchpad — o CLIQUE (botão),Touchpad — o CLIQUE (botão),tests/unit/test_touchpad_click_no_jogo.py::TestExtrairOCliqueDoReportCru::test_usb_ignora_os_outros_bits_do_mesmo_byte,CABO: só o bit 0x02 do payload[9] é clique — o PS (0x01) e o mudo do mic (0x04) moram no mesmo byte e não podem vazar. O irmão do RÁDIO é `::test_bt_com_crc_valido`.,,,,,,,,toque.touchpad.clique@dualsense,dualsense.touchpad_o_clique_bot_o.usb | dualsense.touchpad_o_clique_bot_o.bluetooth
toque.touchpad.clique,pro,toque,Touchpad — o clique (botão),,,nao-tem,sem linha no v1,não,não,não,não,,,,,,,,,inferido-do-codigo,inferido-do-codigo,"o aparelho não tem touchpad: sem a peça não há clique, cursor nem escrita para aceitar, em transporte nenhum. A referência é a MESMA da linha irmã `toque.touchpad@pro`, que foi auditada e responde `não` nos dois transportes.","o aparelho não tem touchpad: sem a peça não há clique, cursor nem escrita para aceitar, em transporte nenhum. Idem à linha irmã `toque.touchpad@pro`.",assets/dkms/hid-nintendo/hid-nintendo.c:2440-2455,assets/dkms/hid-nintendo/hid-nintendo.c:2440-2455,,,,,,,,,,,,,,,,,"o v1 não tem linha desta chave para este controle; `não-tem` vem de a PEÇA não existir neste aparelho · irmãs: `toque.touchpad` · 11/08: respondido `não` nos dois transportes a partir da AUSÊNCIA DA PEÇA neste mesmo aparelho (linha irmã `toque.touchpad@pro`) — não é analogia com outro controle, e por isso a referência de código é a dela",toque.touchpad.clique@pro,
toque.touchpad.clique,sn30,toque,Touchpad — o clique (botão),,,nao-tem,sem linha no v1,não,não,não,não,,,,,,,,,inferido-do-codigo,inferido-do-codigo,"o aparelho não tem touchpad: sem a peça não há clique, cursor nem escrita para aceitar, em transporte nenhum. A referência é a MESMA da linha irmã `toque.touchpad@sn30`, que foi auditada e responde `não` nos dois transportes.","o aparelho não tem touchpad: sem a peça não há clique, cursor nem escrita para aceitar, em transporte nenhum. Idem à linha irmã `toque.touchpad@sn30`.",assets/dkms/hid-nintendo/hid-nintendo.c:2333-2392 (só gamepad e IMU),assets/dkms/hid-nintendo/hid-nintendo.c:2333-2392 (só gamepad e IMU),,,,,,,,,,,,,,,,,"o v1 não tem linha desta chave para este controle; `não-tem` vem de a PEÇA não existir neste aparelho · irmãs: `toque.touchpad` · 11/08: respondido `não` nos dois transportes a partir da AUSÊNCIA DA PEÇA neste mesmo aparelho (linha irmã `toque.touchpad@sn30`) — não é analogia com outro controle, e por isso a referência de código é a dela",toque.touchpad.clique@sn30,
toque.touchpad.cursor,dualsense,toque,Touchpad — cursor do mouse (o dedo),touchpad,,tem,cabo+rádio,sim,sim,sim,sim,evdev,evdev,—,—,ABS_X / ABS_Y / BTN_TOUCH,ABS_X / ABS_Y / BTN_TOUCH,"Nó evdev separado ""… Touchpad"": ABS_X (0-1919), ABS_Y (0-1079), BTN_TOUCH → `TouchpadReader.consume_motion()` → REL_X/REL_Y no mouse uinput.","idem — nó evdev criado pelo kernel nos dois transportes, sem ramo.",medido,inferido-do-codigo,VALIDADO POR ELA no desktop e no jogo (fd2bcb2).,,core/evdev_reader.py:1502-1546; daemon/subsystems/mouse.py:168-176,"core/evdev_reader.py:1448, :1502-1546","Leitura de UM dedo só — não há slot de multitoque (nenhum ABS_MT no arquivo). O aparelho entrega dois pontos e o vpad os repassa crus, mas o Hefesto enxerga um dedo.",,"O curinga NOSSO `*DualSense*Touchpad` da regra 76 apagava o touchpad FÍSICO do libinput em USB, BT, Edge e vpad, nos TRÊS modos — o dedo andava e o cursor não. Curado: só o VPAD fica fora do libinput.","Mesma armadilha de ACL do giroscópio: ID_INPUT_TOUCHPAD=1 não ganhava ACL da 70-uaccess.rules. Curado em 09/08.CONTRASTE OBSERVADO POR ELA em 11/08/2026: por Bluetooth o TOUCHPAD move o cursor mas os gatilhos e o analogico NAO — esta linha e a única das três emulacoes que funciona no radio, segundo o olho dela. Ver `entrada.emulacao_mouse.gatilhos@dualsense` e `entrada.emulacao_mouse.analogico@dualsense`, abertas por causa disso. NAO MEDIDO.",MONTOU,MONTOU,Touchpad — cursor do mouse (o dedo),Touchpad — cursor do mouse (o dedo),tests/unit/test_evdev_reader_touchpad.py::TestTouchpadReaderMotion::test_acumula_delta_enquanto_dedo_apoiado,OS DOIS (evdev): o delta de ABS_X/ABS_Y só pode acumular com BTN_TOUCH apoiado — é o que impede o cursor de saltar quando o dedo sai.,,,,,,,,toque.touchpad.cursor@dualsense,dualsense.touchpad_cursor_do_mouse_o_dedo.usb | dualsense.touchpad_cursor_do_mouse_o_dedo.bluetooth
toque.touchpad.cursor,pro,toque,Touchpad — cursor do mouse (o dedo),,,nao-tem,sem linha no v1,não,não,não,não,,,,,,,,,inferido-do-codigo,inferido-do-codigo,"o aparelho não tem touchpad: sem a peça não há clique, cursor nem escrita para aceitar, em transporte nenhum. A referência é a MESMA da linha irmã `toque.touchpad@pro`, que foi auditada e responde `não` nos dois transportes.","o aparelho não tem touchpad: sem a peça não há clique, cursor nem escrita para aceitar, em transporte nenhum. Idem à linha irmã `toque.touchpad@pro`.",assets/dkms/hid-nintendo/hid-nintendo.c:2440-2455,assets/dkms/hid-nintendo/hid-nintendo.c:2440-2455,,,,,,,,,,,,,,,,,"o v1 não tem linha desta chave para este controle; `não-tem` vem de a PEÇA não existir neste aparelho · irmãs: `toque.touchpad` · 11/08: respondido `não` nos dois transportes a partir da AUSÊNCIA DA PEÇA neste mesmo aparelho (linha irmã `toque.touchpad@pro`) — não é analogia com outro controle, e por isso a referência de código é a dela",toque.touchpad.cursor@pro,
toque.touchpad.cursor,sn30,toque,Touchpad — cursor do mouse (o dedo),,,nao-tem,sem linha no v1,não,não,não,não,,,,,,,,,inferido-do-codigo,inferido-do-codigo,"o aparelho não tem touchpad: sem a peça não há clique, cursor nem escrita para aceitar, em transporte nenhum. A referência é a MESMA da linha irmã `toque.touchpad@sn30`, que foi auditada e responde `não` nos dois transportes.","o aparelho não tem touchpad: sem a peça não há clique, cursor nem escrita para aceitar, em transporte nenhum. Idem à linha irmã `toque.touchpad@sn30`.",assets/dkms/hid-nintendo/hid-nintendo.c:2333-2392 (só gamepad e IMU),assets/dkms/hid-nintendo/hid-nintendo.c:2333-2392 (só gamepad e IMU),,,,,,,,,,,,,,,,,"o v1 não tem linha desta chave para este controle; `não-tem` vem de a PEÇA não existir neste aparelho · irmãs: `toque.touchpad` · 11/08: respondido `não` nos dois transportes a partir da AUSÊNCIA DA PEÇA neste mesmo aparelho (linha irmã `toque.touchpad@sn30`) — não é analogia com outro controle, e por isso a referência de código é a dela",toque.touchpad.cursor@sn30,
toque.touchpad.escrita,dualsense,toque,Touchpad — escrita (qualquer),touchpad,,nao-tem,ambos,não,não,não,não,outro,outro,—,—,—,—,"Não existe. Não localizei report, offset nem bit de saída de touchpad em src/.","Não existe. Não localizei report, offset nem bit de saída de touchpad em src/.",inferido-do-codigo,inferido-do-codigo,"O campo `TouchpadColor` da pydualsense é, na verdade, a COR DA LIGHTBAR em common[44..46] — o nome engana.","O campo `TouchpadColor` da pydualsense é, na verdade, a COR DA LIGHTBAR em common[44..46] — o nome engana.",,,,,,,,,Touchpad — ESCRITA (qualquer),Touchpad — ESCRITA (qualquer),,,,,,,,,,toque.touchpad.escrita@dualsense,dualsense.touchpad_escrita_qualquer.ambos
toque.touchpad.escrita,pro,toque,Touchpad — escrita (qualquer),,,nao-tem,sem linha no v1,não,não,não,não,,,,,,,,,inferido-do-codigo,inferido-do-codigo,"o aparelho não tem touchpad: sem a peça não há clique, cursor nem escrita para aceitar, em transporte nenhum. A referência é a MESMA da linha irmã `toque.touchpad@pro`, que foi auditada e responde `não` nos dois transportes.","o aparelho não tem touchpad: sem a peça não há clique, cursor nem escrita para aceitar, em transporte nenhum. Idem à linha irmã `toque.touchpad@pro`.",assets/dkms/hid-nintendo/hid-nintendo.c:2440-2455,assets/dkms/hid-nintendo/hid-nintendo.c:2440-2455,,,,,,,,,,,,,,,,,"o v1 não tem linha desta chave para este controle; `não-tem` vem de a PEÇA não existir neste aparelho · irmãs: `toque.touchpad` · 11/08: respondido `não` nos dois transportes a partir da AUSÊNCIA DA PEÇA neste mesmo aparelho (linha irmã `toque.touchpad@pro`) — não é analogia com outro controle, e por isso a referência de código é a dela",toque.touchpad.escrita@pro,
toque.touchpad.escrita,sn30,toque,Touchpad — escrita (qualquer),,,nao-tem,sem linha no v1,não,não,não,não,,,,,,,,,inferido-do-codigo,inferido-do-codigo,"o aparelho não tem touchpad: sem a peça não há clique, cursor nem escrita para aceitar, em transporte nenhum. A referência é a MESMA da linha irmã `toque.touchpad@sn30`, que foi auditada e responde `não` nos dois transportes.","o aparelho não tem touchpad: sem a peça não há clique, cursor nem escrita para aceitar, em transporte nenhum. Idem à linha irmã `toque.touchpad@sn30`.",assets/dkms/hid-nintendo/hid-nintendo.c:2333-2392 (só gamepad e IMU),assets/dkms/hid-nintendo/hid-nintendo.c:2333-2392 (só gamepad e IMU),,,,,,,,,,,,,,,,,"o v1 não tem linha desta chave para este controle; `não-tem` vem de a PEÇA não existir neste aparelho · irmãs: `toque.touchpad` · 11/08: respondido `não` nos dois transportes a partir da AUSÊNCIA DA PEÇA neste mesmo aparelho (linha irmã `toque.touchpad@sn30`) — não é analogia com outro controle, e por isso a referência de código é a dela",toque.touchpad.escrita@sn30,
vibracao.haptics_vcm,dualsense,vibracao,Haptics VCM / PCM (motores voice-coil com forma de onda),feat-rumble-esquerdo feat-rumble-direito,,tem,cabo+rádio,sim,desconhecido,não,não,alsa-pipewire,outro,—,0x32 a 0x39 (escada medida; o doc citava so o 0x32),canais 3-4 do sink ALSA,não localizado,"Por USB o DualSense é placa USB Audio de QUATRO canais (perfil `analog-surround-40`): canais 1-2 fone/alto-falante, canais 3-4 = os motores voice-coil. Escrever PCM nos canais 3-4.","NÃO LOCALIZADO em código. A canônica afirma report 0x32, corpo TLV, pid 0x12, 64 B, CRC seed 0xA2, PCM 3000 Hz, 2 canais, 8 bits com sinal.",inferido-do-codigo,afirmado-no-doc,"Busca em toda a árvore por voicecoil, VCM, PCM e Surround devolve APENAS comentários e a string do nome do sink. Não há UMA linha de implementação.","Zero implementação nas duas rotas. Itens 14 a 17 do checklist da §7 da canônica, todos abertos.",app/mic_monitor.py:235 (só menciona o nome do sink),,O nome do sink medido nesta máquina em 01/08 confirma os 4 canais: alsa_output.usb-...-DualSense_Wireless_Controller-00.analog-surround-40,,"EFEITO COLATERAL NÃO MEDIDO: o bit que MATA os haptics VCM é flag0 bit1 (HAPTICS_SELECT), e o nosso rumble o liga sempre que vibra. Enquanto o Hefesto vibra, ele desliga os haptics de áudio do jogo.","CONTRADIÇÃO INTERNA VIVA: `dualsense_bt_audio.py` fala em report 0x39 para o áudio de saída e a canônica em 0x32. NENHUMA das duas foi medida aqui. MEDIDO em 11/08/2026: o descritor de radio declara nove OUTPUT, do 0x31 ao 0x39. Isso prova que o TRANSPORTE cabe; não prova que ha haptics VCM atras deles.",,,"Haptics VCM (motores voice-coil, ""HD rumble"" da Sony)",Haptics VCM (motores voice-coil),,,,,,,"SEM EXPLICAÇÃO, e com CONTRADIÇÃO INTERNA VIVA. Nos dois transportes o produto não faz nada — busca por voicecoil, VCM, PCM e Surround devolve só comentários. Por cabo o caminho está IDENTIFICADO (canais 3-4 da placa USB Audio de 4 canais), e é por isso que o aparelho `aceita`. Por rádio ninguém sabe: `integrations/dualsense_bt_audio.py` fala em report 0x39 e a referência canônica fala em 0x32, e NENHUMA das duas foi medida aqui. Efeito colateral não medido que atravessa os dois: o bit que MATA os haptics VCM é o flag0 bit1 (HAPTICS_SELECT), e o nosso rumble o liga sempre que vibra.",,Par órfão casado pela regra do parêntese: o rótulo do cabo é o do rádio mais um parêntese que descreve o mecanismo daquele transporte. Não passou por julgamento individual — foi casado pela mesma forma dos seis que passaram.,vibracao.haptics_vcm@dualsense,dualsense.haptics_vcm_motores_voice_coil_hd_rumble_da_.usb | dualsense.haptics_vcm_motores_voice_coil.bluetooth
vibracao.haptics_vcm,pro,vibracao,Haptics VCM / PCM (motores voice-coil com forma de onda),feat-rumble-esquerdo feat-rumble-direito,,nao-tem,nenhum,não,não,não,não,outro,outro,,,,,"não-localizado — o Pro tem HD rumble por TABELA de frequência/amplitude, não PCM. Não há canal de áudio nem report de forma de onda.","não-localizado — o Pro tem HD rumble por TABELA de frequência/amplitude, não PCM. Não há canal de áudio nem report de forma de onda.",inferido-do-codigo,inferido-do-codigo,GRAU MÉDIA para a estrutura do 0x10 (fonte de comunidade; o kernel confirma apenas o ID do report),GRAU MÉDIA para a estrutura do 0x10 (fonte de comunidade; o kernel confirma apenas o ID do report),assets/dkms/hid-nintendo/hid-nintendo.c:277-337,assets/dkms/hid-nintendo/hid-nintendo.c:277-337,"O HD rumble do Pro é um report 0x10 com um byte de tempo e 4+4 bytes (banda alta e banda baixa) por lado, com tabelas EXPONENCIAIS — é outra coisa que o PCM de 3000 Hz do DualSense.","O HD rumble do Pro é um report 0x10 com um byte de tempo e 4+4 bytes (banda alta e banda baixa) por lado, com tabelas EXPONENCIAIS — é outra coisa que o PCM de 3000 Hz do DualSense.",,,,,Haptics VCM / PCM (motores voice-coil com forma de onda),Haptics VCM / PCM (motores voice-coil com forma de onda),,,,,,,,,,vibracao.haptics_vcm@pro,pro.haptics_vcm_pcm_motores_voice_coil_com_forma.nenhum
vibracao.haptics_vcm,sn30,vibracao,Haptics VCM / PCM (motores voice-coil com forma de onda),feat-rumble,,nao-tem,nenhum,não,não,não,não,outro,outro,,,,,"não existe: o rumble do protocolo Switch é amplitude+frequência codificadas, não fluxo PCM. Não há canal de áudio no aparelho","não existe: o rumble do protocolo Switch é amplitude+frequência codificadas, não fluxo PCM. Não há canal de áudio no aparelho",inferido-do-codigo,inferido-do-codigo,,,assets/dkms/hid-nintendo/hid-nintendo.c:270-381,assets/dkms/hid-nintendo/hid-nintendo.c:270-381,"O 'HD rumble' aqui é a tabela de frequência/amplitude, não haptics por áudio como no DualSense (canais 3-4 da placa USB).","O 'HD rumble' aqui é a tabela de frequência/amplitude, não haptics por áudio como no DualSense (canais 3-4 da placa USB).",,,,,Haptics VCM / áudio-háptico (PCM nos motores),Haptics VCM / áudio-háptico (PCM nos motores),,,,,,,,,,vibracao.haptics_vcm@sn30,sn30.haptics_vcm_udio_h_ptico_pcm_nos_motores.nenhum
vibracao.rumble.direito,dualsense,vibracao,Rumble — motor DIREITO (weak),feat-rumble-esquerdo feat-rumble-direito,,tem,cabo+rádio,sim,sim,sim,sim,hidraw,hidraw,0x02,0x31,common[2] = report[3],common[2] = report[5],"output 0x02, common[2] = report[3]. Mesmos bits de autorização do esquerdo.","output 0x31, common[2] = report[5].",inferido-do-codigo,inferido-do-codigo,"ACEITE DELA em 11/08/2026, com um jogo em sessão (AppId 1599660, na allowlist de exceção de Steam Input) e QUATRO controles na mesa: ""na hora do vamos ver os 4 conectaram certinho. cada qual com seu player rumble e afins"". Medido no mesmo instante, por scripts/medir_steam_virtual_gamepad.sh e varredura de /sys/class/input: dois DualSense físicos, DOIS vpads do Hefesto (P1 e P2) e ZERO espelhos Xbox da Steam; o jogo recebeu SDL_GAMECONTROLLER_IGNORE_DEVICES=0x054c/0x0ce6 (esconde o físico) e PROTON_DISABLE_HIDRAW=0x054C/0x0CE6 (sem tocar no 0x0DF2 do vpad).","ACEITE DELA em 11/08/2026, com um jogo em sessão (AppId 1599660, na allowlist de exceção de Steam Input) e QUATRO controles na mesa: ""na hora do vamos ver os 4 conectaram certinho. cada qual com seu player rumble e afins"". Medido no mesmo instante, por scripts/medir_steam_virtual_gamepad.sh e varredura de /sys/class/input: dois DualSense físicos, DOIS vpads do Hefesto (P1 e P2) e ZERO espelhos Xbox da Steam; o jogo recebeu SDL_GAMECONTROLLER_IGNORE_DEVICES=0x054c/0x0ce6 (esconde o físico) e PROTON_DISABLE_HIDRAW=0x054C/0x0CE6 (sem tocar no 0x0DF2 do vpad).",core/backend_pydualsense.py:778,"core/backend_pydualsense.py:778, :852","Parada real: ao passar de ativo para zero, UM report sai com os flags LIGADOS e motores 0 (`_rumble_stop_pending`), só então volta ao neutro. Zero→zero não gera parada.",,,,MONTOU,MONTOU,Rumble — motor DIREITO (weak),Rumble — motor DIREITO (weak),tests/unit/test_paridade_transporte_rumble.py::test_os_dois_motores_saem_nos_bytes_certos_nos_dois_transportes,"OS DOIS, por dentro do envelope: common[2] é o motor DIREITO (fraco). Substitui a mordida antiga, que só olhava o cabo.",,2026-08-11,aparelho,180,,,,vibracao.rumble.direito@dualsense,dualsense.rumble_motor_direito_weak.usb | dualsense.rumble_motor_direito_weak.bluetooth
vibracao.rumble.direito,pro,vibracao,Rumble — motor DIREITO (weak),feat-rumble-esquerdo feat-rumble-direito,,tem,sem linha no v1,,,,,,,,,,,,,,,,,,,,,,,,,,,,,,,,,,,"o v1 não tem linha desta chave para este controle; a resposta mora em `vibracao.rumble.ff` — `existe` foi herdado de lá · irmãs: `vibracao.rumble.ff`, `vibracao.rumble.frequencia`, `vibracao.rumble.habilitar`, `vibracao.rumble.passthrough`",vibracao.rumble.direito@pro,
vibracao.rumble.direito,sn30,vibracao,Rumble — motor DIREITO (weak),feat-rumble,,tem,sem linha no v1,,,,,,,,,,,,,,,,,,,,,,,,,,,,,,,,,,,"o v1 não tem linha desta chave para este controle; a resposta mora em `vibracao.rumble.ff` — `existe` foi herdado de lá · irmãs: `vibracao.rumble.ff`, `vibracao.rumble.frequencia`, `vibracao.rumble.passthrough`",vibracao.rumble.direito@sn30,
vibracao.rumble.esquerdo,dualsense,vibracao,Rumble — motor ESQUERDO (strong),feat-rumble-esquerdo feat-rumble-direito,,tem,cabo+rádio,sim,sim,sim,sim,hidraw,hidraw,0x02,0x31,common[3] = report[4],common[3] = report[6],"output 0x02, common[3]. Bits: flag0 0x01 (COMPATIBLE_VIBRATION) | 0x02 (HAPTICS_SELECT), flag1 0x40 (atenuação), flag2 0x04 (vibração v2). API: set_rumble(weak,strong) / set_rumble_for(uniq,...) / force_rumble_stop().","output 0x31 (78 B, tag 0x10, seq<<4, CRC 0xA2), common[3] = report[6]. Mesmos bits do USB — SEM gate de transporte na decisão.",medido,medido,"ACEITE DELA em 11/08/2026, com um jogo em sessão (AppId 1599660, na allowlist de exceção de Steam Input) e QUATRO controles na mesa: ""na hora do vamos ver os 4 conectaram certinho. cada qual com seu player rumble e afins"". Medido no mesmo instante, por scripts/medir_steam_virtual_gamepad.sh e varredura de /sys/class/input: dois DualSense físicos, DOIS vpads do Hefesto (P1 e P2) e ZERO espelhos Xbox da Steam; o jogo recebeu SDL_GAMECONTROLLER_IGNORE_DEVICES=0x054c/0x0ce6 (esconde o físico) e PROTON_DISABLE_HIDRAW=0x054C/0x0CE6 (sem tocar no 0x0DF2 do vpad). JOGO-COMPLETO-01 (01/08): vibração FUNCIONA no cabo, com ff_play_count e SDL rumble=True.","ACEITE DELA em 11/08/2026, com um jogo em sessão (AppId 1599660, na allowlist de exceção de Steam Input) e QUATRO controles na mesa: ""na hora do vamos ver os 4 conectaram certinho. cada qual com seu player rumble e afins"". Medido no mesmo instante, por scripts/medir_steam_virtual_gamepad.sh e varredura de /sys/class/input: dois DualSense físicos, DOIS vpads do Hefesto (P1 e P2) e ZERO espelhos Xbox da Steam; o jogo recebeu SDL_GAMECONTROLLER_IGNORE_DEVICES=0x054c/0x0ce6 (esconde o físico) e PROTON_DISABLE_HIDRAW=0x054C/0x0CE6 (sem tocar no 0x0DF2 do vpad). Paridade MEDIDA AO VIVO nos dois transportes. O payload common é BYTE-IDÊNTICO; muda só o envelope.","core/backend_pydualsense.py:779, :761-767, :2369-2401, :3101-3124","core/backend_pydualsense.py:779, :852; core/ds_output_report.py:256-271 (build_bt_report)","Keepalive NEUTRO: os bits só saem LIGADOS quando há rumble NOSSO ativo ou na transição ativa→0. Sem isso o keepalive zerava o rumble de terceiros a cada 0,5 s.",Antes do BTREPORT-02 isto era no-op: o 0x31 da pydualsense 0.7.5 é malformado ([1]=0x02 fixo em vez de seq<<4; 0xFF onde o firmware espera o tag 0x10) e o firmware o descartava.,"ABERTO em 10/08: a vibração do jogo chega ZERADA e a causa NÃO está provada. Cinco hipóteses caíram (regressão nossa, wrapper, máscara, Steam Input, dongle/porta).",O nibble de sequência é POR HANDLE (wrap 0-15) e carimbado no writeReport numa CÓPIA. Report fora de sequência é DESCARTADO pelo firmware — foi assim que o reset de lightbar morreu em 22/07.,MONTOU,MONTOU,Rumble — motor ESQUERDO (strong),Rumble — motor ESQUERDO (strong),tests/unit/test_paridade_transporte_rumble.py::test_os_dois_motores_saem_nos_bytes_certos_nos_dois_transportes,"OS DOIS, por dentro do envelope: common[3] é o motor ESQUERDO (forte). Substitui a mordida antiga, que só olhava o cabo.",,2026-08-11,aparelho,180,,,,vibracao.rumble.esquerdo@dualsense,dualsense.rumble_motor_esquerdo_strong.usb | dualsense.rumble_motor_esquerdo_strong.bluetooth
vibracao.rumble.esquerdo,pro,vibracao,Rumble — motor ESQUERDO (strong),feat-rumble-esquerdo feat-rumble-direito,,tem,sem linha no v1,,,,,,,,,,,,,,,,,,,,,,,,,,,,,,,,,,,"o v1 não tem linha desta chave para este controle; a resposta mora em `vibracao.rumble.ff` — `existe` foi herdado de lá · irmãs: `vibracao.rumble.ff`, `vibracao.rumble.frequencia`, `vibracao.rumble.habilitar`, `vibracao.rumble.passthrough`",vibracao.rumble.esquerdo@pro,
vibracao.rumble.esquerdo,sn30,vibracao,Rumble — motor ESQUERDO (strong),feat-rumble,,tem,sem linha no v1,,,,,,,,,,,,,,,,,,,,,,,,,,,,,,,,,,,"o v1 não tem linha desta chave para este controle; a resposta mora em `vibracao.rumble.ff` — `existe` foi herdado de lá · irmãs: `vibracao.rumble.ff`, `vibracao.rumble.frequencia`, `vibracao.rumble.passthrough`",vibracao.rumble.esquerdo@sn30,
vibracao.rumble.ff,dualsense,vibracao,"Rumble por amplitude (FF_RUMBLE — motor esquerdo = strong, direito = weak)",feat-rumble-esquerdo feat-rumble-direito,,tem,sem linha no v1,sim,sim,sim,sim,uhid,uhid,0x02 (saída ao físico),0x31 (saída ao físico),common[2] = motor DIREITO (weak); common[3] = motor ESQUERDO (strong); flag0 0x01|0x02,OS MESMOS offsets no common — o envelope BT só desloca +2 no buffer absoluto,"o vpad anuncia EV_FF com FF_RUMBLE, responde o handshake de upload e entrega weak/strong ao sink; o sink escreve os dois motores no report","o MESMO código: o FF é lido do vpad, que é sempre 'USB-shaped' (report 0x01/0x02), e só o envelope final muda",medido,medido,"MEDIDO 11/08/2026 na bancada dela, com a MESA CHEIA: quatro DualSense, dois no cabo (P2, P3) e dois no radio (P1, P4), disparados na MESMA janela (0,0 ms de espalhamento) por scripts/ensaio_rumble_em_par.py. ACEITE DELA, literal: ""sim vibraram todos"" (daemon parado) e ""os quatro vibraram mas por duracao diferente eu não sei. Mas foram os 4"" (daemon vivo). A rota e forca-feedback por evdev (EVIOCSFF), que e a que os jogos usam: o kernel monta o report e escolhe o envelope por transporte. NAO passa pelo daemon e NAO disputa o hidraw.","MEDIDO 11/08/2026 na bancada dela, com a MESA CHEIA: quatro DualSense, dois no cabo (P2, P3) e dois no radio (P1, P4), disparados na MESMA janela (0,0 ms de espalhamento) por scripts/ensaio_rumble_em_par.py. ACEITE DELA, literal: ""sim vibraram todos"" (daemon parado) e ""os quatro vibraram mas por duracao diferente eu não sei. Mas foram os 4"" (daemon vivo). A rota e forca-feedback por evdev (EVIOCSFF), que e a que os jogos usam: o kernel monta o report e escolhe o envelope por transporte. NAO passa pelo daemon e NAO disputa o hidraw.","src/hefesto_dualsense4unix/integrations/uinput_gamepad.py:261, :648, :726; src/hefesto_dualsense4unix/core/backend_pydualsense.py:778","src/hefesto_dualsense4unix/integrations/uhid_gamepad.py:2075; src/hefesto_dualsense4unix/core/backend_pydualsense.py:778, :852",Não há gate de transporte neste caminho: o único ponto onde o transporte aparece é a escolha do envelope.,idem,"CAUSA PROVADA em 11/08/2026, por DOSE-RESPOSTA. O keepalive do daemon zera o rumble de terceiros. A prova não e um sim/não: mudando a constante `OUT_REPORT_KEEPALIVE_SEC` (core/backend_pydualsense.py:228) de 0,5 s para 8,0 s e reiniciando o daemon, a duracao do rumble passou de um pulso instantaneo para OITO SEGUNDOS exatos, nos DOIS transportes, com o mesmo comando e os mesmos alvos. Literal dela: ""cibrou ambos por 8 segundos"". A constante foi revertida para 0,5 e o código do produto esta intocado. O QUE ISSO DERRUBA: a premissa da cura `keepalive neutro` de GUERRA-01 (core/backend_pydualsense.py:712-770). A cura desliga os BITS que autorizam vibracao — VALID_FLAG0_COMPATIBLE_VIBRATION, HAPTICS_SELECT, MOTOR_POWER, COMPATIBLE_VIBRATION2 — supondo que assim o firmware conserva o motor. Mas o report continua carregando `common[2]=0` e `common[3]=0` (linhas 776-777, escritas SEMPRE, fora do `if not rumble_asserted`), e o aparelho OBEDECE a esses bytes. Ou seja: o firmware aplica os valores de motor mesmo com os bits de autorização desligados. A cura esta escrita, esta correta na própria lógica, e não alcanca o defeito. NAO MEDIDO AINDA: se o firmware ignora os bits de autorização TAMBEM no sentido inverso (bits desligados + bytes ALTOS fazem o motor girar?). Esse e o ensaio que fecha a premissa, e exige report cru no hidraw. CONTRASTE AINDA SEM EXPLICACAO: com QUATRO alvos e o daemon vivo os quatro vibraram, so que por duracao desigual; com DOIS alvos o cancelamento era total. Mais controles produziu resultado MELHOR. LIMITE DO ALCANCE, dito por ela: jogando sob o Hefesto os quatro vibravam por Bluetooth, porque ali o rumble chega pelo caminho do jogo e o daemon e a FONTE, não o concorrente. O defeito atinge quem fala EV_FF direto no no físico — e nesta maquina, hoje, `gamepad_disabled.flag` esta ligado, entao não ha gamepad virtual e os jogos falam justamente com o no físico. QUADRANTE MEDIDO NA MAQUINA DELA em 11/08/2026, e e o pior dos quatro: o journal do daemon diz `launch_env_materializado ... backends=[] emulacao=False mascara=dualsense native=False`. Sem gamepad virtual E sem Modo Nativo ao mesmo tempo. As consequencias sao duas, e elas se somam: (1) o multiplicador de intensidade da GUI (Economia 0,3x / Balanceado 0,7x / máximo 1,0x / Auto) NAO AGE, porque ele mora no `rumble_sink` do vpad (daemon/subsystems/gamepad.py:1527, :1542 -> apply_game_rumble :975-977) e sem vpad esse sink nunca e criado; (2) o keepalive CONTINUA escrevendo, porque o mute de output so e ligado pelo Modo Nativo (daemon/lifecycle.py:989-992), entao o defeito acima age sobre o rumble do próprio jogo. Nos outros três quadrantes uma das duas coisas protege: com gamepad ligado o daemon e a FONTE do rumble e o multiplicador age; em Modo Nativo o output fica mutado e ninguem atrapalha. O produto não avisa em tela nenhuma que este quadrante existe. ONDE O MULTIPLICADOR AGE, apurado no fonte em 11/08: em modo `gamepad` (uhid dualsense e uinput xbox) o multiplicador da política CHEGA ao motor, por daemon/subsystems/gamepad.py:975-977, e o early-return de `reassert_rumble` (daemon/subsystems/rumble.py:50-52) NAO o anula — sao dois caminhos complementares, e o de `apply_game_rumble` prossegue exatamente quando `rumble_active is None`, que e o passthrough. Depois dele ainda incide uma SEGUNDA escala, por controle (`_escalar_rumble`, core/backend_pydualsense.py:2427-2446), vinda do bloco `controllers` do perfil. Em Modo Nativo NAO existe ponto de aplicação: não ha interceptacao de EV_FF no no físico em lugar nenhum da arvore, e a escolha da GUI fica decorativa. PREMISSA FECHADA em 11/08/2026, por ensaio de TROCA DE LADO — desenho que não pede cronometro a ninguem. Com o daemon parado, o EV_FF liga o motor ESQUERDO; um único report com os BITS de vibracao DESLIGADOS pede common[2]=200 (direito) e common[3]=0 (esquerdo). O tremor trocou de lado na mão dela. LOGO: o firmware obedece aos BYTES de motor e os bits de autorização NAO protegem o motor de terceiros. A cura `keepalive neutro` de GUERRA-01 esta escrita, e correta na própria lógica, e mira o alvo errado — desligar bits não adianta enquanto os bytes sairem zerados (core/backend_pydualsense.py:776-777, escritos SEMPRE, fora do `if not rumble_asserted`). CONSEQUENCIA PARA A CURA: o keepalive não pode carregar bytes de motor quando o produto não e o dono do rumble; o report e atomico, entao ou ele não sai, ou carrega o último valor conhecido. AINDA EM ABERTO, e dito porque não foi medido: depois de trocar de lado o motor ""la morreu"" — o direito parou sozinho pouco depois, sem ninguem escrever. Uma reafirmacao periodica do lado do kernel (ff-memless) ou um watchdog no firmware explicariam, e nenhum dos dois foi medido. NAO tire conclusão disso.","CAUSA PROVADA em 11/08/2026, por DOSE-RESPOSTA. O keepalive do daemon zera o rumble de terceiros. A prova não e um sim/não: mudando a constante `OUT_REPORT_KEEPALIVE_SEC` (core/backend_pydualsense.py:228) de 0,5 s para 8,0 s e reiniciando o daemon, a duracao do rumble passou de um pulso instantaneo para OITO SEGUNDOS exatos, nos DOIS transportes, com o mesmo comando e os mesmos alvos. Literal dela: ""cibrou ambos por 8 segundos"". A constante foi revertida para 0,5 e o código do produto esta intocado. O QUE ISSO DERRUBA: a premissa da cura `keepalive neutro` de GUERRA-01 (core/backend_pydualsense.py:712-770). A cura desliga os BITS que autorizam vibracao — VALID_FLAG0_COMPATIBLE_VIBRATION, HAPTICS_SELECT, MOTOR_POWER, COMPATIBLE_VIBRATION2 — supondo que assim o firmware conserva o motor. Mas o report continua carregando `common[2]=0` e `common[3]=0` (linhas 776-777, escritas SEMPRE, fora do `if not rumble_asserted`), e o aparelho OBEDECE a esses bytes. Ou seja: o firmware aplica os valores de motor mesmo com os bits de autorização desligados. A cura esta escrita, esta correta na própria lógica, e não alcanca o defeito. NAO MEDIDO AINDA: se o firmware ignora os bits de autorização TAMBEM no sentido inverso (bits desligados + bytes ALTOS fazem o motor girar?). Esse e o ensaio que fecha a premissa, e exige report cru no hidraw. CONTRASTE AINDA SEM EXPLICACAO: com QUATRO alvos e o daemon vivo os quatro vibraram, so que por duracao desigual; com DOIS alvos o cancelamento era total. Mais controles produziu resultado MELHOR. LIMITE DO ALCANCE, dito por ela: jogando sob o Hefesto os quatro vibravam por Bluetooth, porque ali o rumble chega pelo caminho do jogo e o daemon e a FONTE, não o concorrente. O defeito atinge quem fala EV_FF direto no no físico — e nesta maquina, hoje, `gamepad_disabled.flag` esta ligado, entao não ha gamepad virtual e os jogos falam justamente com o no físico. QUADRANTE MEDIDO NA MAQUINA DELA em 11/08/2026, e e o pior dos quatro: o journal do daemon diz `launch_env_materializado ... backends=[] emulacao=False mascara=dualsense native=False`. Sem gamepad virtual E sem Modo Nativo ao mesmo tempo. As consequencias sao duas, e elas se somam: (1) o multiplicador de intensidade da GUI (Economia 0,3x / Balanceado 0,7x / máximo 1,0x / Auto) NAO AGE, porque ele mora no `rumble_sink` do vpad (daemon/subsystems/gamepad.py:1527, :1542 -> apply_game_rumble :975-977) e sem vpad esse sink nunca e criado; (2) o keepalive CONTINUA escrevendo, porque o mute de output so e ligado pelo Modo Nativo (daemon/lifecycle.py:989-992), entao o defeito acima age sobre o rumble do próprio jogo. Nos outros três quadrantes uma das duas coisas protege: com gamepad ligado o daemon e a FONTE do rumble e o multiplicador age; em Modo Nativo o output fica mutado e ninguem atrapalha. O produto não avisa em tela nenhuma que este quadrante existe. ONDE O MULTIPLICADOR AGE, apurado no fonte em 11/08: em modo `gamepad` (uhid dualsense e uinput xbox) o multiplicador da política CHEGA ao motor, por daemon/subsystems/gamepad.py:975-977, e o early-return de `reassert_rumble` (daemon/subsystems/rumble.py:50-52) NAO o anula — sao dois caminhos complementares, e o de `apply_game_rumble` prossegue exatamente quando `rumble_active is None`, que e o passthrough. Depois dele ainda incide uma SEGUNDA escala, por controle (`_escalar_rumble`, core/backend_pydualsense.py:2427-2446), vinda do bloco `controllers` do perfil. Em Modo Nativo NAO existe ponto de aplicação: não ha interceptacao de EV_FF no no físico em lugar nenhum da arvore, e a escolha da GUI fica decorativa. PREMISSA FECHADA em 11/08/2026, por ensaio de TROCA DE LADO — desenho que não pede cronometro a ninguem. Com o daemon parado, o EV_FF liga o motor ESQUERDO; um único report com os BITS de vibracao DESLIGADOS pede common[2]=200 (direito) e common[3]=0 (esquerdo). O tremor trocou de lado na mão dela. LOGO: o firmware obedece aos BYTES de motor e os bits de autorização NAO protegem o motor de terceiros. A cura `keepalive neutro` de GUERRA-01 esta escrita, e correta na própria lógica, e mira o alvo errado — desligar bits não adianta enquanto os bytes sairem zerados (core/backend_pydualsense.py:776-777, escritos SEMPRE, fora do `if not rumble_asserted`). CONSEQUENCIA PARA A CURA: o keepalive não pode carregar bytes de motor quando o produto não e o dono do rumble; o report e atomico, entao ou ele não sai, ou carrega o último valor conhecido. AINDA EM ABERTO, e dito porque não foi medido: depois de trocar de lado o motor ""la morreu"" — o direito parou sozinho pouco depois, sem ninguem escrever. Uma reafirmacao periodica do lado do kernel (ff-memless) ou um watchdog no firmware explicariam, e nenhum dos dois foi medido. NAO tire conclusão disso.",O APARELHO OBEDECEU,O APARELHO OBEDECEU,,,tests/unit/test_uhid_gamepad.py::TestRumblePassthrough::test_rumble_do_jogo_chega_ao_controle_fisico;tests/unit/test_paridade_transporte_rumble_em_par.py::test_o_rumble_de_terceiros_por_evdev_nao_e_zerado_pelo_keepalive,"Lado do VPAD: a tradução do report de saída do jogo em (weak, strong). A perna do uinput (EV_FF/FF_RUMBLE) e o envelope do físico ficam sem mordida. OS DOIS: monta a saida com rumble de terceiro ATIVO e afirma que o report do keepalive não zera os bytes de motor (common[2] e common[3]) em nenhum dos dois envelopes. E a perna que a mordida antiga de vibracao.rumble.ff deixava de fora por escrito: 'a perna do uinput (EV_FF/FF_RUMBLE) ... fica sem mordida'.","13/08/2026 — mordida feita agora nos DOIS nós apontados, com o `src/` copiado para fora da árvore. (1) Arrancado o repasse do FF ao físico — a chamada `self.rumble_sink(weak, strong)` dentro de `_emit_rumble` (integrations/uhid_gamepad.py:2201-2207), trocada por um `pass` para que só o REPASSE morresse —, tests/unit/test_uhid_gamepad.py reprova 6 de 128, e o nó apontado diz `assert [] == [(200, 100), (0, 255), (0, 0)]`: o jogo pediu três pares e nenhum chegou ao controle físico. (2) Arrancado o bloco `if not rumble_asserted:` de `_build_common`, test_paridade_transporte_rumble_em_par.py reprova 3 de 4. Curas devolvidas: 128 passed in 0.39s e 4 passed in 0.16s. Registrado no docstring dos dois arquivos.",2026-08-11,aparelho,180,"Sem assimetria: os quatro controles vibraram na mesma janela, dois no cabo e dois no radio, e nenhuma rodada distinguiu os transportes. Quem distingue e o DAEMON estar vivo ou parado, que não e transporte. MEDIDO 11/08/2026.","MEDIDO nos dois transportes em 11/08/2026 com quatro controles na mesa, e a causa esta FECHADA: o keepalive do daemon cancela o rumble alheio, e o faz pelos BYTES de motor, não pelos bits — provado por dose-resposta (0,5s -> pulso; 8,0s -> oito segundos) e por troca de lado (bits desligados trocaram o motor que vibra). A cura ainda NAO foi escrita.","o v1 não tem linha desta chave para este controle; a resposta mora em `vibracao.rumble.esquerdo` — `existe` foi herdado de lá · irmãs: `vibracao.rumble.direito`, `vibracao.rumble.esquerdo`, `vibracao.rumble.passthrough` · 11/08: respondido por auditoria de código",vibracao.rumble.ff@dualsense,
vibracao.rumble.ff,pro,vibracao,"Rumble por amplitude (FF_RUMBLE — motor esquerdo = strong, direito = weak)",feat-rumble-esquerdo feat-rumble-direito,,tem,cabo+rádio,sim,sim,não,não,evdev,evdev,"0x10 (saída, rumble puro) e 0x01 (rumble + subcomando)",0x10 (saída),"strong_magnitude → motor ESQUERDO, weak_magnitude → motor DIREITO; JC_RUMBLE_PERIOD_MS = 50, JC_RUMBLE_ZERO_AMP_PKT_CNT = 5",JC_SUBCMD_RATE_LIMITER_BT_MS = 60,"report de SAÍDA 0x10 (rumble puro, 48 B de corpo), reenviado a cada 50 ms enquanto houver efeito; 5 pacotes de amplitude zero para PARAR. Exposto ao espaço de usuário só como EV_FF/FF_RUMBLE via `input_ff_create_memless`.","mesmo report 0x10, mesma tubulação de 50 ms — MAS o limitador de taxa exige 60 ms entre envios por rádio (contra 20 ms no cabo)",inferido-do-codigo,inferido-do-codigo,joycon_config_rumble + joycon_play_effect; a superfície INTEIRA de escrita do Hefesto em externo são duas funções (apply_player_number e enable_imu),"relato público independente (30/01/2021, dois adaptadores, `Bluetooth: Frame is too long (len 54, expected len 51)`) de o Pro cair por BT com rumble ligado — GRAU MÉDIA, não conferido nesta máquina","assets/dkms/hid-nintendo/hid-nintendo.c:2245-2256, :2318-2330, :2044-2077; src/hefesto_dualsense4unix/core/external_leds.py:170-192, :375-390","assets/dkms/hid-nintendo/hid-nintendo.c:971-1047, :2069; assets/modprobe.d/hefesto-hid-nintendo.conf:11-16","O Hefesto NUNCA escreve rumble no Pro. Não há uma linha de FF/EV_FF apontando para externo em toda a árvore. Quem vibra o Pro é o JOGO (ou a Steam), direto no nó evdev dele, pelo kernel.","Com `skip_tx_on_rate_exceeded=1` (ligado no modprobe.d desta casa), estourar 25 tentativas faz o driver devolver -EAGAIN e NENHUM byte ir ao rádio — no vanilla ele transmitiria sem ritmo, que é o que derruba o link.",Cada pacote de rumble passa pelo MESMO limitador de subcomando (20 ms por USB) — rumble e LED disputam a mesma janela de TX.,"SEGUNDO ESCRITOR: qualquer jogo/Steam vibrando o Pro produz as MESMAS linhas de `exceeded max attempts` sem nenhuma escrita do Hefesto no journal. O E-1 concluiu ""não há segundo escritor NESTA janela"" — e a janela dele não tinha jogo com rumble no Pro.",,,"Rumble (HD rumble, dois motores lineares)","Rumble (HD rumble, dois motores lineares)",,,,,,,,,,vibracao.rumble.ff@pro,pro.rumble_hd_rumble_dois_motores_lineares.usb | pro.rumble_hd_rumble_dois_motores_lineares.bluetooth
vibracao.rumble.ff,sn30,vibracao,"Rumble por amplitude (FF_RUMBLE — motor esquerdo = strong, direito = weak)",feat-rumble,,tem,cabo+rádio,sim,parcial,não,não,evdev,evdev,0x10 (saída),0x10 (saída),,,"evdev force feedback: `ioctl(EVIOCSFF)` com FF_RUMBLE + evento de play no nó de gamepad → o driver monta o output report 0x10 (`JC_OUTPUT_RUMBLE_ONLY`), reenviado a cada 50 ms enquanto o efeito dura, e 5 pacotes de amplitude zero para parar","mesmo caminho (FF_RUMBLE → report 0x10), mas o intervalo mínimo entre pacotes sobe para 60 ms (`JC_SUBCMD_RATE_LIMITER_BT_MS`) e cada pacote espera janela de TX; com `skip_tx_on_rate_exceeded=1` (ligado nesta casa) o pacote é DESCARTADO em vez de transmitido fora de ritmo",inferido-do-codigo,inferido-do-codigo,,,"assets/dkms/hid-nintendo/hid-nintendo.c:2044-2077, :2244-2257, :2318-2330",assets/dkms/hid-nintendo/hid-nintendo.c:968-1047; assets/modprobe.d/hefesto-hid-nintendo.conf,Cada pacote passa pelo `joycon_enforce_subcmd_rate`: por USB o intervalo mínimo é 20 ms (`JC_SUBCMD_RATE_LIMITER_USB_MS`).,É exatamente esse laço que produz o `exceeded max attempts` da morte por BT: rumble e LED disputam a mesma fila de subcomando.,Exige `CONFIG_NINTENDO_FF` — o Makefile do DKMS replica `-DCONFIG_NINTENDO_FF=1`; sem isso o rumble sumiria.,"Se o controle estiver mudo, `subcmd_silence_streak_max=3` faz o subcomando falhar em microssegundos em vez de segurar o mutex por dezenas de segundos.",,,"Rumble (motor esquerdo = strong, direito = weak)",Rumble (motor esquerdo e direito),,,,,,,"Diverge por NÚMERO, e o número está no driver: o intervalo mínimo entre pacotes de rumble é de 20 ms por USB (`JC_SUBCMD_RATE_LIMITER_USB_MS`) e sobe para 60 ms por rádio (`JC_SUBCMD_RATE_LIMITER_BT_MS`), e cada pacote ainda espera janela de TX. Com `skip_tx_on_rate_exceeded=1` — ligado nesta casa — o pacote é DESCARTADO em vez de transmitido fora de ritmo, e é exatamente esse laço que produz o `exceeded max attempts` da morte por BT, porque rumble e LED disputam a MESMA fila de subcomando. O `parcial` do rádio é o preço disso.",,"Par órfão CASADO por julgamento independente (confiança alta): joycon_play_effect → joycon_set_rumble → report 0x10, sem ramo de barramento; só o ritmo muda (20 ms por cabo, 60 ms por rádio). O `parcial` do rádio vem de skip_tx_on_rate_exceeded=1, que DESCARTA o pacote quando não há janela de TX.",vibracao.rumble.ff@sn30,sn30.rumble_motor_esquerdo_strong_direito_weak.usb | sn30.rumble_motor_esquerdo_e_direito.bluetooth
vibracao.rumble.frequencia,dualsense,vibracao,Rumble HD — controle de FREQUÊNCIA por motor,feat-rumble-esquerdo feat-rumble-direito,,desconhecido,sem linha no v1,,,,,,,,,,,,,,,,,,,,,,,,,,,,,,,,,,,"o v1 não tem linha desta chave para este controle; a peça existe, mas ninguém mediu ESTE aspecto — herdar das irmãs seria afirmar prova que não houve · irmãs: `vibracao.rumble.direito`, `vibracao.rumble.esquerdo` · 11/08: o lado do PRODUTO está respondido e é NÃO — não há controle de frequência POR MOTOR em lugar nenhum do `src/`. Duas coisas parecem responder e não respondem: o `frequency` de `core/trigger_effects.py:469` é do GATILHO, e a forma de onda dos motores voice-coil mora em `vibracao.haptics_vcm`, que é outra chave. As células ficam MUDAS de propósito",vibracao.rumble.frequencia@dualsense,
vibracao.rumble.frequencia,pro,vibracao,Rumble HD — controle de FREQUÊNCIA por motor,feat-rumble-esquerdo feat-rumble-direito,,parcial,cabo+rádio,parcial,parcial,não,não,evdev,evdev,,,"JC_RUMBLE_DFLT_LOW_FREQ = 160, JC_RUMBLE_DFLT_HIGH_FREQ = 320; clamp baixa 41–626, alta 82–1253",mesmos defaults 160/320 Hz,"a tabela `joycon_rumble_frequencies` está NO DRIVER (41 Hz a 1253 Hz), mas as frequências ficam presas nos defaults 160 Hz (baixa) e 320 Hz (alta): o evdev só expõe FF_RUMBLE (magnitude), nunca frequência.","idêntico ao cabo — o gargalo é o evdev/FF_RUMBLE, não o transporte",inferido-do-codigo,inferido-do-codigo,"tabela e clamp explícitos no módulo carregado nesta máquina; a PROVENIÊNCIA da tabela é de comunidade (dekuNukem, citado no comentário do próprio código)",,"assets/dkms/hid-nintendo/hid-nintendo.c:277-337, :2162-2186",assets/dkms/hid-nintendo/hid-nintendo.c:2321-2328,Chegar às frequências exige hidraw CRU — o evdev não tem verbo para isso. O Hefesto não escreve rumble no Pro em canal nenhum.,,"AVISO DE HARDWARE, fonte única de comunidade e por isso a ser respeitado e não testado: ""don't use real maximum values for Amplitude. Otherwise, they can damage the linear actuators"".",,,,"Rumble — as frequências HD (41–626 Hz banda baixa, 82–1253 Hz banda alta)","Rumble — as frequências HD (41–626 Hz banda baixa, 82–1253 Hz banda alta)",,,,,,,,,,vibracao.rumble.frequencia@pro,pro.rumble_as_frequ_ncias_hd_41_626_hz_banda_bai.usb | pro.rumble_as_frequ_ncias_hd_41_626_hz_banda_bai.bluetooth
vibracao.rumble.frequencia,sn30,vibracao,Rumble HD — controle de FREQUÊNCIA por motor,feat-rumble,,tem,cabo+rádio,sim,sim,não,não,hidraw,hidraw,0x10 (saída),0x10 (saída),,,"aparelho/protocolo aceitam: a tabela `joycon_rumble_frequencies` vai de 41 a 1253 Hz e o clamp é baixa 41–626 Hz, alta 82–1253 Hz. Só alcançável escrevendo o report 0x10 CRU no /dev/hidrawN — o Linux expõe apenas FF_RUMBLE (strong/weak)","idêntico (report 0x10 cru no hidraw), com o custo de 60 ms por pacote do rate limiter de BT",inferido-do-codigo,inferido-do-codigo,,,"assets/dkms/hid-nintendo/hid-nintendo.c:277-337, :2162-2186, :2318-2322","assets/dkms/hid-nintendo/hid-nintendo.c:277-337, :968-1047",O driver prende as frequências nos defaults 160 Hz (baixa) e 320 Hz (alta) — `JC_RUMBLE_DFLT_LOW_FREQ`/`_HIGH_FREQ`. Nada em espaço de usuário chega às frequências pelo evdev.,,SEM PROVA de que o SN30 Pro tenha atuadores lineares (HD real) e não motores ERM comuns; ninguém mediu aqui.,Escrever hidraw cru por rádio neste firmware é o gesto que a casa mediu como letal (bombardeio de subcomando).,,,Rumble HD — controle de FREQUÊNCIA por motor (41–1253 Hz),Rumble HD — controle de FREQUÊNCIA por motor,,,,,,,,,Par órfão CASADO por julgamento independente (confiança alta): as duas linhas citam a mesma tabela joycon_rumble_frequencies (hid-nintendo.c:277-337). RESSALVA QUE VALE PARA OS DOIS TRANSPORTES e que o v1 gravou só no lado do cabo: SEM PROVA de que o SN30 Pro tenha atuadores lineares (HD de verdade) e não motores ERM comuns — ninguém mediu isso aqui.,vibracao.rumble.frequencia@sn30,sn30.rumble_hd_controle_de_frequ_ncia_por_motor_4.usb | sn30.rumble_hd_controle_de_frequ_ncia_por_motor.bluetooth
vibracao.rumble.habilitar,dualsense,vibracao,Habilitar o motor no firmware (enable vibration),feat-rumble-esquerdo feat-rumble-direito,,tem,sem linha no v1,sim,sim,parcial,parcial,hidraw,hidraw,0x02 (saída),0x31 (saída),common[0] bits 0x01 (COMPATIBLE_VIBRATION) e 0x02 (HAPTICS_SELECT); common[1] bit 0x40 (MOTOR_POWER); common[38] bit 0x04 (COMPATIBLE_VIBRATION2),OS MESMOS bits no common,"sem rumble nosso ativo, `_build_common` APAGA os quatro bits de habilitação — é o que devolve os haptics de áudio ao jogo em vez de deixá-los sequestrados","mesmo código, mesmos bits",inferido-do-codigo,inferido-do-codigo,,,"src/hefesto_dualsense4unix/core/backend_pydualsense.py:762; src/hefesto_dualsense4unix/core/ds_output_report.py:61-62, :202, :225","src/hefesto_dualsense4unix/core/backend_pydualsense.py:762, :852; src/hefesto_dualsense4unix/core/ds_output_report.py:61-62","Na LEITURA (jogo → vpad) o portão aceita vibração v1 E v2 — é MÁSCARA, não bit único, porque com firmware >= 0x0215 o driver liga `use_vibration_v2` e o 0x02 sozinho deixaria de casar.",idem,"CORREÇÃO de 11/08, achada ao ler a camada de paridade: dos quatro bits, o produto só LIGA três. O `VALID_FLAG2_COMPATIBLE_VIBRATION2` (flag2 0x04) nunca sobe — o `_build_common` monta o flag2 a partir do `light.ledOption` (que vale no máximo 3) e só sabe DESLIGAR o 0x04 quando não há rumble nosso. Ninguém o liga em lugar nenhum da árvore. Por isso `aciona` é `parcial` e não `sim`: a vibração v2 nunca é autorizada.","mesma correção — a ausência do bit v2 é simétrica, e a paridade está travada por teste justamente para que ela continue simétrica no dia em que alguém ligar o bit.",,,,,tests/unit/test_paridade_transporte_rumble.py::test_com_rumble_nosso_os_bits_de_vibracao_ligam_nos_dois,"OS DOIS: com rumble nosso, o flag0 tem de trazer 0x01|0x02 e o flag1 tem de trazer 0x40. O quarto bit (flag2 0x04) tem caso próprio — `::test_o_bit_de_vibracao_v2_e_o_mesmo_nos_dois_transportes` — que trava a PARIDADE e não o valor, porque hoje esse bit nunca liga.",,,,,,,"o v1 não tem linha desta chave para este controle; a peça existe, mas ninguém mediu ESTE aspecto — herdar das irmãs seria afirmar prova que não houve · irmãs: `vibracao.rumble.direito`, `vibracao.rumble.esquerdo` · 11/08: respondido por auditoria de código; `existe` passou a `tem` porque os bits de habilitação estão no report",vibracao.rumble.habilitar@dualsense,
vibracao.rumble.habilitar,pro,vibracao,Habilitar o motor no firmware (enable vibration),feat-rumble-esquerdo feat-rumble-direito,,tem,ambos,sim,sim,não,não,hidraw,hidraw,saída 0x01 (subcmd 0x48),saída 0x01 (subcmd 0x48),"subcmd 0x48, data[0]=0x01","subcmd 0x48, data[0]=0x01","subcomando ENABLE_VIBRATION = 0x48, `data[0] = 0x01` (0x00 desligaria), mandado uma vez no probe","subcomando ENABLE_VIBRATION = 0x48, `data[0] = 0x01` (0x00 desligaria), mandado uma vez no probe",inferido-do-codigo,inferido-do-codigo,,,"assets/dkms/hid-nintendo/hid-nintendo.c:1556-1567, :2925-2947","assets/dkms/hid-nintendo/hid-nintendo.c:1556-1567, :2925-2947",,,,,,,Enable vibration (habilitar o motor no firmware),Enable vibration (habilitar o motor no firmware),,,,,,,,,,vibracao.rumble.habilitar@pro,pro.enable_vibration_habilitar_o_motor_no_firmwa.ambos
vibracao.rumble.habilitar,sn30,vibracao,Habilitar o motor no firmware (enable vibration),feat-rumble,,desconhecido,sem linha no v1,,,,,,,,,,,,,,,,,,,,,,,,,,,,,,,,,,,"o v1 não tem linha desta chave para este controle; a peça existe, mas ninguém mediu ESTE aspecto — herdar das irmãs seria afirmar prova que não houve · irmãs: `vibracao.rumble.ff`, `vibracao.rumble.frequencia`, `vibracao.rumble.passthrough`",vibracao.rumble.habilitar@sn30,
vibracao.rumble.passthrough,dualsense,vibracao,Rumble do JOGO roteado pelo Hefesto (vpad → físico),feat-rumble-esquerdo feat-rumble-direito,,tem,só cabo,sim,sim,sim,sim,uhid,uhid,0x02 (no vpad),0x31 (saída),body[2] weak / body[3] strong,"common[2] e common[3], os mesmos do cabo","Jogo escreve 0x02 no hidraw do vpad → UHID_OUTPUT → `_handle_output` lê body[2]/body[3] → `_emit_rumble` → `apply_game_rumble` → `set_rumble_for` no físico daquele jogador. No vpad uinput, EV_FF (UI_FF_UPLOAD + play).","a cadeia é a MESMA do cabo, sem gate de transporte: `make_primary_rumble_sink` → `apply_game_rumble` → `set_rumble_for` → `prepareReport`, e só ali o envelope vira 0x31",medido,inferido-do-codigo,"O vpad é SEMPRE USB (BUS_USB, PID 0x0DF2 Edge) — o jogo nunca vê Bluetooth, e sempre escreve 0x02, independentemente de o físico estar no cabo ou no rádio.",,integrations/uhid_gamepad.py:2075-2133; daemon/subsystems/gamepad.py:975-996,"src/hefesto_dualsense4unix/daemon/subsystems/gamepad.py:935, :1527; src/hefesto_dualsense4unix/core/backend_pydualsense.py:2409, :3195, :852","O portão de leitura aceita DUAS codificações: flag0 0x03 e o ramo v2 `valid_flag2 & 0x04` — o jogo não é obrigado a repetir HAPTICS_SELECT, e havia rumble descartado em silêncio.",Não existe filtro de transporte em NENHUM ponto do caminho de vibração. O único filtro de transporte em todo o caminho de saída é o de LED.,"Sem MAC casando handle (identidade `path:*`, externo), `apply_game_rumble` cai em broadcast e TODOS os DualSense vibram juntos.","Implementado sem gate, mas NÃO MEDIDO por Bluetooth. A célula do rádio estava muda porque o v1 é anterior ao BTREPORT-02: até ali o 0x31 que a pydualsense montava era malformado e o firmware o descartava, e era esse o 'rumble BT no-op'. O código de hoje monta o 0x31 certo; o aparelho ainda não confirmou.",MONTOU,,Rumble do JOGO (vpad → físico),,tests/unit/test_uhid_gamepad.py::TestRumblePassthrough::test_rumble_do_jogo_chega_ao_controle_fisico,"Lado do VPAD: body[2]/body[3] do 0x02 que o jogo escreve têm de sair no sink como (weak, strong). Não desce até o envelope do físico, então nem o cabo nem o rádio são provados de ponta a ponta.",,,,,,,"o v1 só tem a linha do cabo — o lado do rádio está VAZIO porque ninguém respondeu, não porque é não · 11/08: o rádio foi respondido por auditoria de código, e a resposta é que NÃO HÁ gate de transporte neste caminho",vibracao.rumble.passthrough@dualsense,dualsense.rumble_do_jogo_vpad_f_sico.usb
vibracao.rumble.passthrough,pro,vibracao,Rumble do JOGO roteado pelo Hefesto (vpad → físico),feat-rumble-esquerdo feat-rumble-direito,,nao-tem,cabo+rádio,não,não,não,não,uhid,uhid,,,,,"o jogo escreve FF no vpad → `_make_player_rumble_sink` → `apply_game_rumble(target_uniq=MAC do Pro)` → `set_rumble_for` devolve **False** (o MAC não casa nenhum handle do backend, que só abre DualSense) → cai no BROADCAST: todos os DualSense vibram, o Pro não.","idêntico ao cabo — o broadcast não depende do transporte, depende de o Pro não ter handle no backend",inferido-do-codigo,inferido-do-codigo,set_rumble_for: `alvo = self._key_to_uniq(uniq)`; sem handle → return False; e o chamador degrada para `controller.set_rumble(...)`,,src/hefesto_dualsense4unix/daemon/subsystems/coop.py:560-588; src/hefesto_dualsense4unix/daemon/subsystems/gamepad.py:975-996; src/hefesto_dualsense4unix/core/backend_pydualsense.py:3101-3124,src/hefesto_dualsense4unix/daemon/subsystems/gamepad.py:988-996,"É a limitação documentada no próprio docstring. O Pro só vibra se o jogo falar com o nó evdev NATIVO dele (o que a Steam faz), não pelo caminho do Hefesto.",,"DEFEITO REAL, não teórico: o jogo pede vibração no jogador do Pro e quem treme é o DualSense do outro jogador.",,,,Rumble do JOGO mirado no Pro (via o vpad que o Hefesto cria para ele),Rumble do JOGO mirado no Pro (via o vpad que o Hefesto cria para ele),,,,,,,,,,vibracao.rumble.passthrough@pro,pro.rumble_do_jogo_mirado_no_pro_via_o_vpad_que_.usb | pro.rumble_do_jogo_mirado_no_pro_via_o_vpad_que_.bluetooth
vibracao.rumble.passthrough,sn30,vibracao,Rumble do JOGO roteado pelo Hefesto (vpad → físico),feat-rumble,,tem,cabo+rádio,sim,sim,não,não,evdev,evdev,,,,,"não há: o Hefesto só roteia rumble para um handle do backend pydualsense (DualSense). O jogo alcança este controle direto pelo evdev/FF do kernel, sem o Hefesto no meio",idem: o Hefesto não participa; o caminho é jogo → evdev FF → hid-nintendo → report 0x10,inferido-do-codigo,inferido-do-codigo,,,src/hefesto_dualsense4unix/daemon/subsystems/coop.py:304-380,src/hefesto_dualsense4unix/daemon/subsystems/coop.py:304-380,"O co-op só cria jogador secundário a partir de `discover_dualsense_evdevs()` — externo nunca vira jogador, nunca ganha vpad, nunca é agarrado (EVIOCGRAB).",,"Os comentários de coop.py sobre 'externo sem handle cai no broadcast' descrevem uma defesa, não um caminho vivo para este controle.",,,,Rumble do JOGO roteado pelo Hefesto para este controle,Rumble do JOGO roteado pelo Hefesto para este controle,,,,,,,,,,vibracao.rumble.passthrough@sn30,sn30.rumble_do_jogo_roteado_pelo_hefesto_para_est.usb | sn30.rumble_do_jogo_roteado_pelo_hefesto_para_est.bluetooth
entrada.emulacao_mouse.gatilhos,dualsense,entrada,Gatilhos L2/R2 como botao do mouse (emulacao),,,tem,sem linha no v1,,,,,evdev,evdev,,,,,Nó evdev de GAMEPAD: ABS_Z (L2) e ABS_RZ (R2) lidos pelo leitor de evdev e traduzidos em clique no mouse uinput.,Nó evdev de GAMEPAD: ABS_Z (L2) e ABS_RZ (R2) lidos pelo leitor de evdev e traduzidos em clique no mouse uinput.,,,,,,,,,,,,,,,,,,,,,,,"NASCEU DE UMA OBSERVACAO DELA em 11/08/2026, no meio do ensaio de gatilho, e e assimetria de transporte — a forma de defeito que este mapa existe para pegar. Literal dela: ""notei uma coisa o r2 e o l2 quando o teclado tá ativo ele funciona como mouse, além do analogico também funcionar como mouse e o touch também, a exceção do touch os demais não funcionam no modo bt"". OU SEJA: por Bluetooth o TOUCHPAD move o cursor e os GATILHOS e o ANALOGICO não. Pelo cabo, os três funcionam. As três emulacoes passam pelo mesmo leitor de evdev, entao uma diferença so no radio precisa de explicacao. GRAU: e OBSERVACAO dela, não ensaio — não foi isolada, não teve variavel única, e o estado da emulacao no momento não foi registrado (a maquina dela tinha `mouse_emulation.flag` com enabled=true e `keyboard_emulation.flag` com enabled=false). Por isso as celulas nascem VAZIAS: `◌ ninguem respondeu` e a verdade, e preencher por analogia com a linha do touchpad destruiria o valor do arquivo. PISTA PARA QUEM FOR MEDIR: o touchpad tem NO EVDEV PROPRIO (""... Touchpad"", ABS_X/ABS_Y/BTN_TOUCH) enquanto gatilhos e analogico vem no no de GAMEPAD (ABS_Z/ABS_RZ e ABS_X/ABS_Y). Se por radio o no de gamepad chega e o de touchpad também, a diferença não e o transporte cru — e o que o leitor faz com cada no. Comece descartando o obvio: os nos existem os dois no radio? Ver `toque.touchpad.cursor@dualsense`, que ja responde `sim` nos dois lados.",entrada.emulacao_mouse.gatilhos@dualsense,
entrada.emulacao_mouse.analogico,dualsense,entrada,Analogico como movimento do cursor (emulacao),,,tem,sem linha no v1,,,,,evdev,evdev,,,,,Nó evdev de GAMEPAD: ABS_X/ABS_Y do analogico lidos pelo leitor de evdev e traduzidos em REL_X/REL_Y no mouse uinput.,Nó evdev de GAMEPAD: ABS_X/ABS_Y do analogico lidos pelo leitor de evdev e traduzidos em REL_X/REL_Y no mouse uinput.,,,,,,,,,,,,,,,,,,,,,,,"NASCEU DE UMA OBSERVACAO DELA em 11/08/2026, no meio do ensaio de gatilho, e e assimetria de transporte — a forma de defeito que este mapa existe para pegar. Literal dela: ""notei uma coisa o r2 e o l2 quando o teclado tá ativo ele funciona como mouse, além do analogico também funcionar como mouse e o touch também, a exceção do touch os demais não funcionam no modo bt"". OU SEJA: por Bluetooth o TOUCHPAD move o cursor e os GATILHOS e o ANALOGICO não. Pelo cabo, os três funcionam. As três emulacoes passam pelo mesmo leitor de evdev, entao uma diferença so no radio precisa de explicacao. GRAU: e OBSERVACAO dela, não ensaio — não foi isolada, não teve variavel única, e o estado da emulacao no momento não foi registrado (a maquina dela tinha `mouse_emulation.flag` com enabled=true e `keyboard_emulation.flag` com enabled=false). Por isso as celulas nascem VAZIAS: `◌ ninguem respondeu` e a verdade, e preencher por analogia com a linha do touchpad destruiria o valor do arquivo. PISTA PARA QUEM FOR MEDIR: o touchpad tem NO EVDEV PROPRIO (""... Touchpad"", ABS_X/ABS_Y/BTN_TOUCH) enquanto gatilhos e analogico vem no no de GAMEPAD (ABS_Z/ABS_RZ e ABS_X/ABS_Y). Se por radio o no de gamepad chega e o de touchpad também, a diferença não e o transporte cru — e o que o leitor faz com cada no. Comece descartando o obvio: os nos existem os dois no radio? Ver `toque.touchpad.cursor@dualsense`, que ja responde `sim` nos dois lados.",entrada.emulacao_mouse.analogico@dualsense,
