id,controle,familia,feature,transporte,aparelho_aceita,aparelho_confianca,aparelho_evidencia,hefesto_aciona,codigo_ref,canal,comando,report_id,offset,detalhe,teste_que_morde,mordida,mordida_provada_em,grau,provado_em,provado_por,validade_dias,assimetria_declarada,estado_hoje,ressalva
pro.bot_es_e_d_pad_a_b_x_y_l_r_zl_zr_home_captur.usb,pro,entrada,"Botões e D-pad (A/B/X/Y, L/R, ZL/ZR, −, +, Home, Capture, L3/R3)",usb,sim,inferido-do-codigo,procon_button_mappings no driver; joycon_config_dpad; coop.py cria _SecondaryPlayer com evdev_path,sim,"assets/dkms/hid-nintendo/hid-nintendo.c:418-439, :496-509, :2440-2455; src/hefesto_dualsense4unix/core/evdev_reader.py:1069-1083",evdev,"report de ENTRADA 0x30 (49 B no fio: 1 de ID + 48 de corpo), bitmap de 24 bits em `btns`; o kernel publica no nó evdev `Pro Controller`",0x30 (entrada),"JC_BTN_* = BIT(0..23): Y=0, X=1, B=2, A=3, R=6, ZR=7, MINUS=8, PLUS=9, RSTICK=10, LSTICK=11, HOME=12, CAP=13, DOWN=16, UP=17, RIGHT=18, LEFT=19, L=22, ZL=23",O Hefesto NÃO adota o Pro no backend (o PyDualSenseController só abre VID/PID de DualSense). Mas o `GamepadReader` do co-op abre o nó evdev dele e lê botões/dpad para alimentar o vpad do jogador secundário.,,,,MONTOU,,,,,,"O report 0x3F (""botões simples"" de HID puro) é declarado no descritor e NUNCA chega: o driver pede SET_REPORT_MODE=0x30 e o Linux nunca pede outro modo."
pro.bot_es_e_d_pad_a_b_x_y_l_r_zl_zr_home_captur.bluetooth,pro,entrada,"Botões e D-pad (A/B/X/Y, L/R, ZL/ZR, −, +, Home, Capture, L3/R3)",bluetooth,sim,medido,"docs/protocol/externos-referencia-canonica.md §3.3, grau MEDIDO AQUI (07/08/2026)",sim,"assets/dkms/hid-nintendo/hid-nintendo.c:867-881 (__joycon_hid_send, sem CRC nenhum)",evdev,"IDÊNTICO ao cabo — report de ENTRADA 0x30, mesmo envelope, SEM CRC. O Bluetooth não muda o report do Pro (o oposto do DualSense).",0x30 (entrada),mesmos JC_BTN_* do cabo,"MEDIDO: 536 relatórios em 6,0 s, TODOS 0x30, TODOS de 49 bytes. Nada de 0x3F, nada de 0x21 fora de subcomando.",,,,MONTOU,,,,,,"A única diferença de conteúdo entre os barramentos é o report de SAÍDA 0x80 (comandos de USB), que só existe no cabo."
pro.anal_gicos_dois_sticks_faixa_32767_32767.usb,pro,entrada,"Analógicos (dois sticks, faixa −32767..32767)",usb,sim,inferido-do-codigo,joycon_config_left_stick/right_stick; comentário do evdev_reader sobre a divergência de faixa,sim,"assets/dkms/hid-nintendo/hid-nintendo.c:2260-2290; src/hefesto_dualsense4unix/core/evdev_reader.py:62,:90,:1114-1118",evdev,"ABS_X/ABS_Y (esquerdo) e ABS_RX/ABS_RY (direito), 12 bits crus do report 0x30 mapeados pela calibração da flash SPI",0x30 (entrada),"JC_MAX_STICK_MAG = 32767, fuzz 250, flat 500","A faixa do Pro é ±32767 e a do DualSense é 0..255 — o `evdev_reader` lê o `absinfo` no open justamente por isso (LUGAR-À-MESA-01/E2); no Pro o CENTRO do analógico é 0, que com o `& 0xFF` histórico viraria ""tudo para a esquerda"".",,,,MONTOU,,,,,,
pro.anal_gicos_dois_sticks_faixa_32767_32767.bluetooth,pro,entrada,"Analógicos (dois sticks, faixa −32767..32767)",bluetooth,sim,inferido-do-codigo,o driver não tem nenhum ramo de bus na configuração de eixos,sim,assets/dkms/hid-nintendo/hid-nintendo.c:2440-2455,evdev,"idêntico ao cabo — mesmo report 0x30, mesmos eixos evdev",0x30 (entrada),JC_MAX_STICK_MAG = 32767,,,,,MONTOU,,,,,,
pro.gatilhos_zl_zr_s_o_digitais_n_o_h_eixo_anal_.usb,pro,gatilho,"Gatilhos ZL/ZR — são DIGITAIS, não há eixo analógico",usb,não,medido,"medido em 06/08/2026 e escrito no código: ""O Nintendo Pro não publica ABS_Z/ABS_RZ — o ZL/ZR dele é botão, não eixo""",sim,"src/hefesto_dualsense4unix/core/evdev_reader.py:1119-1124, :1353-1372; assets/dkms/hid-nintendo/hid-nintendo.c:2440-2455 (joycon_input_create do procon: só sticks, dpad e botões)",evdev,ZL/ZR chegam como BTN_TL2/BTN_TR2 (EV_KEY). O driver NÃO publica ABS_Z nem ABS_RZ para o Pro.,,"JC_BTN_ZL = BIT(23), JC_BTN_ZR = BIT(7)",O Hefesto SINTETIZA o eixo: `_sintetizar_gatilho` transforma o botão em 0/255 quando o `absinfo` do open confirmou que o eixo FALTA neste aparelho. Sem isso o gatilho ficava 0 para sempre no vpad do Pro.,,,,MONTOU,,,,,,A síntese NUNCA liga num DualSense — lá o eixo existe e sobrescrevê-lo mataria o gatilho adaptativo.
pro.gatilhos_zl_zr_s_o_digitais_n_o_h_eixo_anal_.bluetooth,pro,gatilho,"Gatilhos ZL/ZR — são DIGITAIS, não há eixo analógico",bluetooth,não,medido,,sim,src/hefesto_dualsense4unix/core/evdev_reader.py:1353-1372,evdev,"idêntico ao cabo — BTN_TL2/BTN_TR2, sem ABS_Z/ABS_RZ",,"JC_BTN_ZL = BIT(23), JC_BTN_ZR = BIT(7)",mesma síntese digital→0/255 do cabo,,,,MONTOU,,,,,,
pro.gatilhos_adaptativos_resist_ncia_for_a_por_z.nenhum,pro,gatilho,Gatilhos adaptativos (resistência/força por zona),nenhum,não,inferido-do-codigo,grep exaustivo nas constantes JC_SUBCMD_* e nos reports de saída 0x01/0x03/0x10/0x11/0x80,não,"assets/dkms/hid-nintendo/hid-nintendo.c:120-149, :1226,:1240,:1265,:1549,:1562,:1575,:2704",outro,nao-localizado — o aparelho NÃO TEM. Não há bloco de gatilho em report de saída nenhum do protocolo Switch.,,,"AUSÊNCIA CONFIRMADA: os sete construtores de subcomando do driver (grep `subcmd_id = JC_SUBCMD` devolve exatamente 7 linhas) não incluem nada de gatilho, e a lista de subcomandos do cabeçalho (0x00 a 0x50) não tem nenhum.",,,,,,,,,,O jogo que escrever um bloco de gatilho no vpad do Pro tem essa réplica DESCARTADA no backend (o MAC do Pro não casa handle nenhum) — não há para onde mandar.
pro.rumble_hd_rumble_dois_motores_lineares.usb,pro,vibracao,"Rumble (HD rumble, dois motores lineares)",usb,sim,inferido-do-codigo,joycon_config_rumble + joycon_play_effect; a superfície INTEIRA de escrita do Hefesto em externo são duas funções (apply_player_number e enable_imu),não,"assets/dkms/hid-nintendo/hid-nintendo.c:2245-2256, :2318-2330, :2044-2077; src/hefesto_dualsense4unix/core/external_leds.py:170-192, :375-390",evdev,"report de SAÍDA 0x10 (rumble puro, 48 B de corpo), reenviado a cada 50 ms enquanto houver efeito; 5 pacotes de amplitude zero para PARAR. Exposto ao espaço de usuário só como EV_FF/FF_RUMBLE via `input_ff_create_memless`.","0x10 (saída, rumble puro) e 0x01 (rumble + subcomando)","strong_magnitude → motor ESQUERDO, weak_magnitude → motor DIREITO; JC_RUMBLE_PERIOD_MS = 50, JC_RUMBLE_ZERO_AMP_PKT_CNT = 5","O Hefesto NUNCA escreve rumble no Pro. Não há uma linha de FF/EV_FF apontando para externo em toda a árvore. Quem vibra o Pro é o JOGO (ou a Steam), direto no nó evdev dele, pelo kernel.",,,,,,,,,,Cada pacote de rumble passa pelo MESMO limitador de subcomando (20 ms por USB) — rumble e LED disputam a mesma janela de TX.
pro.rumble_hd_rumble_dois_motores_lineares.bluetooth,pro,vibracao,"Rumble (HD rumble, dois motores lineares)",bluetooth,sim,inferido-do-codigo,"relato público independente (30/01/2021, dois adaptadores, `Bluetooth: Frame is too long (len 54, expected len 51)`) de o Pro cair por BT com rumble ligado — GRAU MÉDIA, não conferido nesta máquina",não,"assets/dkms/hid-nintendo/hid-nintendo.c:971-1047, :2069; assets/modprobe.d/hefesto-hid-nintendo.conf:11-16",evdev,"mesmo report 0x10, mesma tubulação de 50 ms — MAS o limitador de taxa exige 60 ms entre envios por rádio (contra 20 ms no cabo)",0x10 (saída),JC_SUBCMD_RATE_LIMITER_BT_MS = 60,"Com `skip_tx_on_rate_exceeded=1` (ligado no modprobe.d desta casa), estourar 25 tentativas faz o driver devolver -EAGAIN e NENHUM byte ir ao rádio — no vanilla ele transmitiria sem ritmo, que é o que derruba o link.",,,,,,,,,,"SEGUNDO ESCRITOR: qualquer jogo/Steam vibrando o Pro produz as MESMAS linhas de `exceeded max attempts` sem nenhuma escrita do Hefesto no journal. O E-1 concluiu ""não há segundo escritor NESTA janela"" — e a janela dele não tinha jogo com rumble no Pro."
pro.rumble_as_frequ_ncias_hd_41_626_hz_banda_bai.usb,pro,vibracao,"Rumble — as frequências HD (41–626 Hz banda baixa, 82–1253 Hz banda alta)",usb,parcial,inferido-do-codigo,"tabela e clamp explícitos no módulo carregado nesta máquina; a PROVENIÊNCIA da tabela é de comunidade (dekuNukem, citado no comentário do próprio código)",não,"assets/dkms/hid-nintendo/hid-nintendo.c:277-337, :2162-2186",evdev,"a tabela `joycon_rumble_frequencies` está NO DRIVER (41 Hz a 1253 Hz), mas as frequências ficam presas nos defaults 160 Hz (baixa) e 320 Hz (alta): o evdev só expõe FF_RUMBLE (magnitude), nunca frequência.",,"JC_RUMBLE_DFLT_LOW_FREQ = 160, JC_RUMBLE_DFLT_HIGH_FREQ = 320; clamp baixa 41–626, alta 82–1253",Chegar às frequências exige hidraw CRU — o evdev não tem verbo para isso. O Hefesto não escreve rumble no Pro em canal nenhum.,,,,,,,,,,"AVISO DE HARDWARE, fonte única de comunidade e por isso a ser respeitado e não testado: ""don't use real maximum values for Amplitude. Otherwise, they can damage the linear actuators""."
pro.rumble_as_frequ_ncias_hd_41_626_hz_banda_bai.bluetooth,pro,vibracao,"Rumble — as frequências HD (41–626 Hz banda baixa, 82–1253 Hz banda alta)",bluetooth,parcial,inferido-do-codigo,,não,assets/dkms/hid-nintendo/hid-nintendo.c:2321-2328,evdev,"idêntico ao cabo — o gargalo é o evdev/FF_RUMBLE, não o transporte",,mesmos defaults 160/320 Hz,,,,,,,,,,,
pro.rumble_do_jogo_mirado_no_pro_via_o_vpad_que_.usb,pro,vibracao,Rumble do JOGO mirado no Pro (via o vpad que o Hefesto cria para ele),usb,não,inferido-do-codigo,set_rumble_for: `alvo = self._key_to_uniq(uniq)`; sem handle → return False; e o chamador degrada para `controller.set_rumble(...)`,não,src/hefesto_dualsense4unix/daemon/subsystems/coop.py:560-588; src/hefesto_dualsense4unix/daemon/subsystems/gamepad.py:975-996; src/hefesto_dualsense4unix/core/backend_pydualsense.py:3101-3124,uhid,"o jogo escreve FF no vpad → `_make_player_rumble_sink` → `apply_game_rumble(target_uniq=MAC do Pro)` → `set_rumble_for` devolve **False** (o MAC não casa nenhum handle do backend, que só abre DualSense) → cai no BROADCAST: todos os DualSense vibram, o Pro não.",,,"É a limitação documentada no próprio docstring. O Pro só vibra se o jogo falar com o nó evdev NATIVO dele (o que a Steam faz), não pelo caminho do Hefesto.",,,,,,,,,,"DEFEITO REAL, não teórico: o jogo pede vibração no jogador do Pro e quem treme é o DualSense do outro jogador."
pro.rumble_do_jogo_mirado_no_pro_via_o_vpad_que_.bluetooth,pro,vibracao,Rumble do JOGO mirado no Pro (via o vpad que o Hefesto cria para ele),bluetooth,não,inferido-do-codigo,,não,src/hefesto_dualsense4unix/daemon/subsystems/gamepad.py:988-996,uhid,"idêntico ao cabo — o broadcast não depende do transporte, depende de o Pro não ter handle no backend",,,,,,,,,,,,,
pro.led_de_jogador_as_quatro_l_mpadas_verdes.usb,pro,luz,LED de jogador — as QUATRO lâmpadas VERDES,usb,sim,medido,"a leitura da constante mora no TICK (`ExternalLedSync`), não em `apply_player_number`, de propósito — a capacidade fica viva e testável",não,"assets/dkms/hid-nintendo/hid-nintendo.c:1219-1230, :2466-2510; src/hefesto_dualsense4unix/core/external_leds.py:98-144; src/hefesto_dualsense4unix/daemon/subsystems/external_identity.py:194, :1244-1262",sysfs,"subcomando SET_PLAYER_LIGHTS = 0x30, UM byte de argumento `(flash << 4) | on`, dentro do report de saída 0x01. Exposto como quatro nós `<inst-hid>:green:player-1..4`, `max_brightness = 1`.",saída 0x01 (rumble + subcomando),subcmd 0x30; data[0] = (flash<<4)|on; JC_NUM_LEDS = 4,"O CÓDIGO existe e funciona (`write_player_number` → `_set_brightness` nos quatro nós), mas o portão `EXTERNAL_PLAYER_LED_ENABLED = False` está FECHADO desde 07/08/2026 02:59 — DECISÃO DELA, por princípio: o produto para de acender número de jogador nos externos enquanto eles não forem jogadores de verdade.",,,,,,,,,,CUSTO MEDIDO: escrever UM nó verde recompõe o bitmap dos QUATRO e manda um subcomando 0x30 — quatro subcomandos redundantes por chamada. Calar a luz curou de tabela 348 recusas de subcomando (06-07/08) → ZERO desde 15:27:48 de 07/08.
pro.led_de_jogador_as_quatro_l_mpadas_verdes.bluetooth,pro,luz,LED de jogador — as QUATRO lâmpadas VERDES,bluetooth,sim,medido,"sem `subcmd_silence_streak_max=3` (remendo desta casa), UMA escrita de LED num controle calado custa 4 × 25 × 500 ms = 50 segundos segurando o `output_mutex`",não,"assets/dkms/hid-nintendo/hid-nintendo.c:971-1047, :883-911; src/hefesto_dualsense4unix/daemon/subsystems/external_identity.py:194",sysfs,"mesmo subcomando 0x30 no mesmo report 0x01 — MAS cada subcomando custa ≥60 ms de janela de TX (contra 20 ms no cabo), e o driver ainda exige 3 relatórios de entrada consecutivos com delta de 8–17 ms antes de liberar",saída 0x01,subcmd 0x30; JC_SUBCMD_RATE_LIMITER_BT_MS = 60; JC_SUBCMD_RATE_MAX_ATTEMPTS = 25,"Mesma decisão dela: portão fechado. Antes de fechar, era AQUI que o bombardeio matava o rádio.",,,,,,,,,,
pro.led_de_jogador_o_padr_o_que_o_driver_acende_.ambos,pro,luz,"LED de jogador — o padrão que o DRIVER acende sozinho, no probe",ambos,sim,medido,"SEGUNDO-ESCRITOR-01 (08/08): medido com o portão da luz FECHADO e ZERO escritas nossas, o `hid-nintendo` emite o padrão e o firmware recusa subcomando 1 a 2 vezes por conexão",não,"assets/dkms/hid-nintendo/hid-nintendo.c:623-641, :2513-2555",sysfs,"`joycon_leds_create` aloca um id num IDA GLOBAL, usa `player_id % 8` como índice na tabela oficial da Nintendo e loga `assigned player N led pattern` — antes de qualquer software",,"tabela: {1,0,0,0}, {1,1,0,0}, {1,1,1,0}, {1,1,1,1}, {1,0,0,1}, {1,0,1,0}, {1,0,1,1}, {0,1,1,0}","NÃO EXISTE estado ""sem número"" no Pro. Com a escrita nossa calada, o que fica aceso é o padrão do kernel ou o resíduo da última escrita nossa — hoje congelado em player-1=1, player-2=1 desde 15:24:01 de 07/08.",,,,,,,,,,"Consequência: o critério ""zero recusas de subcomando"" é INATINGÍVEL, e qualquer detector que compare o aparelho contra ""o que NÓS escrevemos"" acha, após cada conexão, um padrão que não escrevemos — semente de laço infinito."
pro.led_home_a_l_mpada_azul_do_anel_do_bot_o_hom.usb,pro,luz,LED HOME (a lâmpada AZUL do anel do botão Home),usb,sim,medido,max_brightness = 0xF medido em /sys/class/leds/*057E*/max_brightness; registrado só quando `jc_type_has_right(ctlr)`,não,"assets/dkms/hid-nintendo/hid-nintendo.c:1232-1249, :2573-2588; src/hefesto_dualsense4unix/core/external_leds.py:41-57, :98-144",sysfs,"subcomando SET_HOME_LIGHT = 0x38, CINCO bytes de argumento, no report de saída 0x01. Nó `<inst-hid>:blue:player-5`, `max_brightness = 15` (é um programa de PWM, não um liga/desliga).",saída 0x01,"subcmd 0x38; data = [0x01, brilho<<4, brilho|(brilho<<4), 0x11, 0x11]","O NOME MENTE: o kernel monta o nó com `LED_FUNCTION_PLAYER5`, mas NÃO é um quinto jogador — é o LED HOME, subcomando SEPARADO dos verdes.",,,,,,,,,,"DEFEITO CONHECIDO NO NOSSO WRITER: `write_player_number` escreve `1` nesse nó para significar ""some 5 aos verdes"" (R-25). Escrever 1 num nó de 15 degraus acende o HOME no brilho mínimo. Hoje inerte (portão fechado); o doc marca como ""não voltar sem corrigir""."
pro.led_home_a_l_mpada_azul_do_anel_do_bot_o_hom.bluetooth,pro,luz,LED HOME (a lâmpada AZUL do anel do botão Home),bluetooth,sim,medido,,não,assets/dkms/hid-nintendo/hid-nintendo.c:2573-2588; src/hefesto_dualsense4unix/core/external_leds.py:126-138,sysfs,"mesmo subcomando 0x38 — e é um subcomando A MAIS, somado aos quatro dos verdes: cinco subcomandos por chamada de `write_player_number`, cada um com ≥60 ms de janela",saída 0x01,"subcmd 0x38, 5 bytes de argumento",É a ORIGEM MEDIDA do bombardeio de subcomando que matava o 8BitDo por rádio.,,,,,,,,,,"A documentação pública descreve o 0x38 completo com 25 bytes de argumento (ciclos, duração, intensidades, transição); o Linux manda a versão curta de 5. GRAU MÉDIA para os 25 bytes — fonte única de comunidade."
pro.lightbar_rgb.nenhum,pro,luz,Lightbar RGB,nenhum,não,inferido-do-codigo,"o caminho de lightbar RGB do `write_lightbar_slot` é do 8BitDo em modo PS4 (driver playstation), não do Pro",não,src/hefesto_dualsense4unix/core/external_leds.py:296-325; assets/dkms/hid-nintendo/hid-nintendo.c (nenhuma menção a lightbar),outro,"nao-localizado — o aparelho NÃO TEM. Não há nó `:red`/`:green`/`:blue`/`:global` no caminho `hid-nintendo`, nem campo de cor em report de saída nenhum.",,,"`resolve_external_leds` bifurca: `(""nintendo"", inst)` quando há a barra verde, `(""ds4"", prefixo)` quando só há a lightbar RGB. O Pro cai SEMPRE no primeiro ramo.",,,,,,,,,,
pro.girosc_pio.usb,pro,movimento,Giroscópio,usb,sim,inferido-do-codigo,"`joycon_enable_imu` é chamado dentro de `joycon_init` sob `if (joycon_has_imu(ctlr))`, SEM porteiro de bus, e `joycon_has_imu` é verdadeiro para procon",parcial,"assets/dkms/hid-nintendo/hid-nintendo.c:839-844, :1569-1580, :2925-2947; src/hefesto_dualsense4unix/core/external_leds.py:155-192; src/hefesto_dualsense4unix/daemon/subsystems/external_identity.py:196-212, :878-940; src/hefesto_dualsense4unix/core/evdev_reader.py:1404-1461",evdev,"3 amostras por relatório 0x30. Nó evdev SEPARADO `Pro Controller (IMU)`, eixos ABS_RX/RY/RZ com `INPUT_PROP_ACCELEROMETER`. Ligado pelo DRIVER, sozinho, no probe (subcomando ENABLE_IMU 0x40, data[0]=0x01).",entrada 0x30; subcmd de ligar = 0x40,"JC_IMU_GYRO_RES_PER_DPS = 14247 (isto é 14,247 LSB por grau/s), faixa ±2000 °/s, escala interna ×1000","O Hefesto escreve o Enable-IMU CRU no hidraw (`enable_imu`, 12 bytes) SÓ por USB e SÓ para a OUI e0f6b5, ≤2 tentativas por adoção espaçadas ≥2 s. Mas ele NÃO LÊ o giroscópio do Pro: o `MotionSensorReader` só descobre nós de DualSense (`_discover_dualsense_por_nome`, filtrado por VID/PID Sony).",,,,,,,,,,"O `enable_imu` do Hefesto é PROVÁVEL CÓDIGO MORTO: o pacote é byte a byte o que o driver monta, e o driver já o manda no probe em TODO barramento. A docstring do módulo ainda diz que o hid-nintendo ""declara mas não ativa"" a IMU — isso é FALSO nesta versão do driver. Ninguém mediu a IMU COM e SEM a nossa escrita."
pro.girosc_pio.bluetooth,pro,movimento,Giroscópio,bluetooth,sim,medido,"MEDIDO: 89,2 relatórios/s (536 em 6,0 s) × 3 amostras = 268 amostras/s, batendo com os 267 SYN/s medidos no nó de IMU",não,"src/hefesto_dualsense4unix/daemon/subsystems/external_identity.py:205, :902; docs/protocol/externos-referencia-canonica.md:347-367",evdev,"idêntico ao cabo — mesmo report 0x30, mesmo subcomando 0x40 mandado pelo driver no probe",entrada 0x30,JC_IMU_GYRO_RES_PER_DPS = 14247,"A escrita do `enable_imu` do Hefesto está BLOQUEADA por rádio de propósito (`_IMU_ENABLE_ALLOWED_BUS = ""usb""`, FASE 1 do GYRO-02). E a leitura continua sem existir.",,,,,,,,,,"O default do driver `JC_IMU_DFLT_AVG_DELTA_MS = 15` é 36% maior que a realidade deste link (11,2 ms) — ele se corrige sozinho depois de 300 amostras. As fontes públicas de 60/120 Hz e 8 ms ficam REFUTADAS."
pro.aceler_metro.usb,pro,movimento,Acelerômetro,usb,sim,inferido-do-codigo,constantes do driver conferidas no módulo carregado nesta máquina,não,"assets/dkms/hid-nintendo/hid-nintendo.c:236-259, :2380-2392",evdev,"mesmo nó `Pro Controller (IMU)`, eixos ABS_X/ABS_Y/ABS_Z; 3 amostras por relatório 0x30",entrada 0x30,"JC_IMU_ACCEL_RES_PER_G = 4096 LSB/g, faixa ±8 g","ARMADILHA DE ESCALA: o DualSense é 8192 LSB/g (±4 g) e 1024 LSB/(°/s); o Pro é 4096 LSB/g (±8 g) e 14,247 LSB/(°/s). Quem comparar eixos sem converter erra por 2× no acelerômetro e ~14× no giroscópio.",,,,,,,,,,"O Hefesto NÃO decodifica acelerômetro de aparelho nenhum — nem do DualSense (lá ele viaja como bytes opacos até o vpad). No Pro não há nem isso: não há espelho de motion para externo, por decisão (""gyro nativo, sem espelho"")."
pro.aceler_metro.bluetooth,pro,movimento,Acelerômetro,bluetooth,sim,inferido-do-codigo,,não,assets/dkms/hid-nintendo/hid-nintendo.c:236-239,evdev,idêntico ao cabo,entrada 0x30,JC_IMU_ACCEL_RES_PER_G = 4096,,,,,,,,,,,
pro.perda_de_amostras_de_imu_o_instrumento_de_r_.bluetooth,pro,movimento,Perda de amostras de IMU (o instrumento de rádio que está de graça no journal),bluetooth,sim,medido,o número CRESCE enquanto se mede — toda contagem desta métrica tem de vir com carimbo de hora,não,"assets/dkms/hid-nintendo/hid-nintendo.c:227, :1718-1725",outro,o driver conta relatórios 0x30 perdidos e loga por `hid_warn_ratelimited` quando a rajada passa de 3,,"JC_IMU_DROPPED_PKT_WARNING = 3, e o teste é `>` (não `>=`)",MEDIDO em 07/08 19h41: 1613 episódios e 10285 relatórios perdidos no dia; 2684 e 18897 no boot inteiro.,,,,,,,,,,"Duas armadilhas: perdas de 1 a 3 relatórios NÃO aparecem no journal (a perda real é maior que a medida, por construção), e `N` conta RELATÓRIOS, não amostras — cada um vale 3. A soma é um PISO."
pro.perda_de_amostras_de_imu.usb,pro,movimento,Perda de amostras de IMU,usb,sim,inferido-do-codigo,,não,assets/dkms/hid-nintendo/hid-nintendo.c:1718-1725,outro,mesmo contador (não há ramo de bus),,JC_IMU_DROPPED_PKT_WARNING = 3,Nunca medido por cabo nesta casa — todas as contagens publicadas são de links Bluetooth.,,,,,,,,,,
pro.bateria_n_vel_em_cinco_degraus_n_o_h_percent.usb,pro,energia,Bateria — nível em CINCO DEGRAUS (não há percentual),usb,parcial,medido,nó `nintendo_switch_controller_battery_0005:057E:2009.0017` existe e não tem arquivo `capacity` (MEDIDO 07/08),não,"assets/dkms/hid-nintendo/hid-nintendo.c:1843-1878, :2611-2659; src/hefesto_dualsense4unix/daemon/battery_journal.py:91",sysfs,byte `bat_con` do relatório 0x30 → `/sys/class/power_supply/nintendo_switch_controller_battery_<inst>/capacity_level` + `status` + `present` + `scope`,entrada 0x30,"bat_con: bit 0 = alimentado pelo host, bit 4 = carregando, `>> 5` = nível (0 vazio, 1 baixo, 2 médio, 3 alto, 4 cheio)","O arquivo `capacity` NÃO EXISTE: o vetor tem QUATRO propriedades — PRESENT, CAPACITY_LEVEL, SCOPE, STATUS — e percentual não é uma delas. E o Hefesto não lê bateria de externo em caminho nenhum (grep por `power_supply`/`capacity` em src/ só acha o `battery_journal`, que aponta para `ps-controller-battery-*`, do DualSense).",,,,,,,,,,"É BOM que o Hefesto não leia: um amostrador ingênuo gravaria AUSENTE a noite inteira no Pro e ""100% cheia"" no 8BitDo (valor de inicialização). As duas réguas são INCOMPARÁVEIS — cinco degraus contra percentual."
pro.bateria_n_vel_em_cinco_degraus_n_o_h_percent.bluetooth,pro,energia,Bateria — nível em CINCO DEGRAUS (não há percentual),bluetooth,parcial,medido,"concorda com dekuNukem (""8=full, 6=medium, 4=low, 2=critical, 0=empty. LSB=Charging"" — o nibble dele são os bits altos daqui): duas fontes independentes",não,assets/dkms/hid-nintendo/hid-nintendo.c:2638-2646,sysfs,idêntico ao cabo — o `bat_con` vem no mesmo relatório 0x30,entrada 0x30,bat_con >> 5,"`status` só vira `Full` quando a capacidade é `Full` E há alimentação externa — ou seja, por rádio ele nunca dirá `Full`, dirá `Discharging` com `capacity_level=Full`.",,,,,,,,,,
pro.calibra_o_de_sticks_e_de_imu.usb,pro,movimento,Calibração de sticks e de IMU,usb,sim,inferido-do-codigo,"sem o byte mágico, o driver usa a de fábrica",não,"assets/dkms/hid-nintendo/hid-nintendo.c:186-212, :1251-1300",hidraw,"subcomando SPI_FLASH_READ = 0x10, com `put_unaligned_le32(start_addr)` + `data[4] = size`; a resposta começa no 6º byte de `subcmd_reply.data`","saída 0x01 (subcmd 0x10), resposta em entrada 0x21","IMU de fábrica 0x6020 (24 B, até 0x6037); IMU de usuário: mágico 0x8026, dados 0x8028; sticks de fábrica 0x603d/0x6046; sticks de usuário: mágico 0x8010/0x801B (bytes 0xB2 0xA1)","CONTRASTE DURO com o DualSense, onde a calibração é o feature report 0x05 de 41 bytes: um instrumento escrito para um NÃO SERVE para o outro.",,,,,,,,,,O co-op do Hefesto passa `calibration_0x05=None` para o vpad do Pro (fail-safe → 0x05 canônico embutido) justamente porque não há como ler a calibração dele por esse caminho.
pro.calibra_o_de_sticks_e_de_imu.bluetooth,pro,movimento,Calibração de sticks e de IMU,bluetooth,sim,inferido-do-codigo,"docs/protocol/externos-referencia-canonica.md §3.2, a sequência exata do probe por rádio",não,assets/dkms/hid-nintendo/hid-nintendo.c:2839-2985,hidraw,idêntico ao cabo — os passos 2 a 5 da sequência de probe por rádio são exatamente as leituras de SPI,saída 0x01 (subcmd 0x10),"0x8010, 0x801B, 0x8026, 0x6020",,,,,,,,,,,
pro.nfc_amiibo_canais_de_mcu.usb,pro,plataforma,NFC / amiibo (canais de MCU),usb,sim,inferido-do-codigo,"`grep -n ""subcmd_id = JC_SUBCMD""` devolve exatamente sete linhas e nenhuma é 0x20/0x21/0x22",não,"assets/dkms/hid-nintendo/hid-nintendo.c:123, :138-140, :155, :2993-2999",hidraw,"saídas 0x11 e 0x12; entradas 0x31, 0x32, 0x33 (361 bytes); subcomandos RESET_MCU 0x20, SET_MCU_CONFIG 0x21, SET_MCU_STATE 0x22",saída 0x11/0x12; entrada 0x31/0x32/0x33,"subcmds 0x20, 0x21, 0x22",O APARELHO tem. O DRIVER declara as constantes e NÃO EMITE nenhuma: o único uso do 0x31 é aceitá-lo no `joycon_ctlr_read_handler`. Zero suporte a NFC/amiibo no kernel e zero no Hefesto.,,,,,,,,,,"Registrado para ninguém ""descobrir"" isso como oportunidade: é o caminho de NFC e amiibo, sem uso nenhum neste produto."
pro.nfc_amiibo_canais_de_mcu.bluetooth,pro,plataforma,NFC / amiibo (canais de MCU),bluetooth,sim,inferido-do-codigo,,não,assets/dkms/hid-nintendo/hid-nintendo.c:120-141,hidraw,mesmos reports e subcomandos — o envelope do Pro não muda por transporte,saída 0x11/0x12; entrada 0x31/0x32/0x33,,idem cabo: nem o kernel nem o Hefesto emitem,,,,,,,,,,
pro.c_mera_ir.nenhum,pro,plataforma,Câmera IR,nenhum,não,incerto,"o driver não distingue IR de NFC em lugar nenhum, e não emite nada nesse canal",não,"assets/dkms/hid-nintendo/hid-nintendo.c:123, :155 (constantes sem emissor)",outro,"nao-localizado — a câmera IR é do Joy-Con DIREITO, não do Pro Controller. O Pro compartilha o canal de MCU (0x11/0x31), mas não há sensor de IR no plástico.",,,"Os reports de MCU do descritor do Pro cobrem ""MCU/NFC/IR"" como família; o que existe no Pro é o NFC.",,,,,,,,,,"GRAU HONESTO: não medido nesta casa e não decidível pelo código — o driver não pergunta ao aparelho o que há no canal de MCU. A ausência de IR no Pro é conhecimento de fora, não achado deste repositório."
pro.handshake_usb_baudrate_3m_e_no_timeout.usb,pro,plataforma,"Handshake USB, baudrate 3M e no-timeout",usb,sim,inferido-do-codigo,"com `usb_cmd_pad_to_report=1` (remendo desta casa) o driver transmite os 64 bytes que o descritor declara (`85 80 09 05 75 08 95 3f 91 83`) e o endpoint OUT espera, em vez de só 2",não,"assets/dkms/hid-nintendo/hid-nintendo.c:168-183, :862-864, :1101-1123, :2846-2876",hidraw,"report de SAÍDA 0x80, dois bytes significativos: `buf[0]=0x80`, `buf[1]=cmd`. Ordem: (CONN_STATUS 0x01 opcional) → HANDSHAKE 0x02 → BAUDRATE_3M 0x03 → HANDSHAKE 0x02 de novo → NO_TIMEOUT 0x04.",saída 0x80; resposta em entrada 0x81,"JC_USB_CMD_CONN_STATUS 0x01, HANDSHAKE 0x02, BAUDRATE_3M 0x03, NO_TIMEOUT 0x04, EN_TIMEOUT 0x05","EXCLUSIVO DO CABO: todo o ramo roda sob `joycon_using_usb()`, que é literalmente `hdev->bus == BUS_USB`.",,,,,,,,,,"É a aposta forte da casa contra o CLONE, que ignora o transfer curto — no genuíno o padding não é necessário."
pro.handshake_usb_baudrate_3m_e_no_timeout.bluetooth,pro,plataforma,"Handshake USB, baudrate 3M e no-timeout",bluetooth,não,inferido-do-codigo,,não,"assets/dkms/hid-nintendo/hid-nintendo.c:862, :2847",outro,NÃO EXISTE por rádio — o driver vai direto ao `joycon_read_info()` (REQ_DEV_INFO 0x02),,,É a ÚNICA diferença de conteúdo entre os dois barramentos no Pro.,,,,,,,,,,
pro.req_dev_info_endere_o_de_r_dio_e_tipo_do_con.ambos,pro,plataforma,REQ_DEV_INFO — endereço de rádio e tipo do controle,ambos,sim,inferido-do-codigo,,não,assets/dkms/hid-nintendo/hid-nintendo.c:2699-2741,hidraw,subcomando 0x02 no report de saída 0x01; resposta no 0x21,"saída 0x01 (subcmd 0x02), entrada 0x21",MAC = 6 bytes a partir de `subcmd_reply.data[4]`; tipo do controle = `subcmd_reply.data[2]`,O tipo é lido DALI e não do PID porque o NSO Genesis mente o PID entre USB e Bluetooth.,,,,,,,,,,"É o único ponto onde uso `ambos` — o subcomando é bit a bit o mesmo, e não achei nenhum ramo de bus nele. Se aparecer divergência medida, esta linha vira duas."
pro.modo_de_relat_rio_set_report_mode.ambos,pro,plataforma,Modo de relatório (SET_REPORT_MODE),ambos,sim,inferido-do-codigo,,não,assets/dkms/hid-nintendo/hid-nintendo.c:1543-1554,hidraw,"subcomando 0x03 com `data[0] = 0x30` (standard, full report mode), mandado uma vez no probe",saída 0x01 (subcmd 0x03),data[0] = 0x30,É por isso que só chega o 0x30 e nunca o 0x3F: o Linux nunca pede outro modo.,,,,,,,,,,
pro.enable_vibration_habilitar_o_motor_no_firmwa.ambos,pro,vibracao,Enable vibration (habilitar o motor no firmware),ambos,sim,inferido-do-codigo,,não,"assets/dkms/hid-nintendo/hid-nintendo.c:1556-1567, :2925-2947",hidraw,"subcomando ENABLE_VIBRATION = 0x48, `data[0] = 0x01` (0x00 desligaria), mandado uma vez no probe",saída 0x01 (subcmd 0x48),"subcmd 0x48, data[0]=0x01",,,,,,,,,,,
pro.desligar_o_controle_set_hci_state.bluetooth,pro,plataforma,Desligar o controle (SET_HCI_STATE),bluetooth,sim,inferido-do-codigo,a constante existe em :133 e nenhum dos sete `subcmd_id = JC_SUBCMD` a usa,não,"assets/dkms/hid-nintendo/hid-nintendo.c:133 versus :1226,:1240,:1265,:1549,:1562,:1575,:2704",hidraw,"subcomando 0x06 — `00` desconectar/dormir, `01` reiniciar, `02` reiniciar em modo de pareamento. O LINUX NUNCA O MANDA.",saída 0x01 (subcmd 0x06),JC_SUBCMD_SET_HCI_STATE = 0x06,"É a ÚNICA alavanca real de ""desligar o Pro"" que existe. Se ela algum dia pedir ""desligar o controle pelo aplicativo"", é por aqui — e é código a escrever, não a ligar.",,,,,,,,,,"O firmware NÃO tem timer de ociosidade num host que não seja o Switch: ele fica em `sleep` e drena a bateria em uma ou duas semanas. GRAU MÉDIA — fonte única de comunidade, coerente com o medido aqui (20h33m de pé sem cair), o que não é confirmação."
pro.desligar_o_controle_set_hci_state.usb,pro,plataforma,Desligar o controle (SET_HCI_STATE),usb,sim,inferido-do-codigo,,não,assets/dkms/hid-nintendo/hid-nintendo.c:133,hidraw,"mesma constante 0x06, mesmo report de saída 0x01 — igualmente nunca emitida pelo Linux",saída 0x01 (subcmd 0x06),,"Por cabo a semântica de ""desligar"" é discutível (o controle está alimentado), mas o subcomando não tem porteiro de bus.",,,,,,,,,,
pro.pareamento_manual_esquecer_o_host_hid_off_0x.bluetooth,pro,identidade,"Pareamento manual, esquecer o host, HID OFF (0x01 / 0x07 / 0x08)",bluetooth,sim,inferido-do-codigo,o console manda `x08 00` após TODA conexão — desliga explicitamente o modo de baixa energia de transporte. O Linux nunca tira o controle desse estado.,não,"assets/dkms/hid-nintendo/hid-nintendo.c:128, :134-135",hidraw,"MANUAL_BT_PAIRING 0x01 (três passos: manda o endereço do host, recebe o do controle, salva); RESET_PAIRING_INFO 0x07; LOW_POWER_MODE 0x08. NENHUM é emitido pelo Linux.",saída 0x01,"subcmds 0x01, 0x07, 0x08","Dá MECANISMO NOMEADO à hipótese ""o controle volta ao Switch e esquece este host"": o Switch reescreve a informação de pareamento por subcomando, e o BlueZ não fica sabendo.",,,,,,,,,,GRAU: ALTA para o Linux nunca emitir (verificado por grep); MÉDIA para a semântica de cada subcomando (fonte de comunidade).
pro.pareamento_manual_esquecer_o_host_hid_off_0x.usb,pro,identidade,"Pareamento manual, esquecer o host, HID OFF (0x01 / 0x07 / 0x08)",usb,sim,inferido-do-codigo,,não,assets/dkms/hid-nintendo/hid-nintendo.c:128-135,hidraw,"mesmas constantes, mesmo report — nunca emitidas",saída 0x01,,,,,,,,,,,,
pro.crc_32_no_envelope_integridade_de_report.bluetooth,pro,plataforma,CRC-32 no envelope (integridade de report),bluetooth,não,inferido-do-codigo,"docs/protocol/externos-referencia-canonica.md §3.3: ""Um instrumento que assuma CRC no Pro escreve lixo""",não,"assets/dkms/hid-nintendo/hid-nintendo.c:867-881, :580-586",hidraw,"NÃO EXISTE no Pro, em barramento nenhum. `__joycon_hid_send` só faz `kmemdup` + `hid_hw_output_report`.",,,"CONTRASTE TOTAL com o DualSense, onde o 0x31 de BT carrega CRC-32 com sementes 0xA1 (entrada), 0xA2 (saída) e 0xA3 (feature). O único ""número de sequência"" do Pro é o `packet_num` de 4 bits (0..0xF) no byte 1 da saída.",,,,,,,,,,ARMADILHA DE INSTRUMENTO NOMEADA: quem portar o medidor do DualSense para o Pro sem tirar o CRC escreve bytes de lixo no fim de cada report.
pro.crc_32_no_envelope_integridade_de_report.usb,pro,plataforma,CRC-32 no envelope (integridade de report),usb,não,inferido-do-codigo,,não,assets/dkms/hid-nintendo/hid-nintendo.c:867-881,hidraw,idem — não existe,,,,,,,,,,,,,
pro.taxa_de_relat_rios_de_entrada.bluetooth,pro,plataforma,Taxa de relatórios de entrada,bluetooth,sim,medido,"o `avg_delta` que o kernel APRENDE é 11 ms em 1460 das 1613 amostras do dia, com cauda até 22 ms",não,docs/protocol/externos-referencia-canonica.md:351-354,hidraw,"relatórios 0x30 no fio: 89,2/s, um a cada 11,2 ms",entrada 0x30,,"MEDIDO em 6,0 s de hidraw puro (536 relatórios). Duas janelas longas concordam (89,1/s em 5,0 s; 89,2/s em 6,0 s); a de 3,0 s deu 86/s e é curta demais.",,,,,,,,,,"CORREÇÃO DATADA: a página de uso registrava ""~268 pacotes por segundo"" — aquilo era a taxa de AMOSTRAS de IMU (89,2 × 3), não a de relatórios. Os números são compatíveis."
pro.taxa_de_relat_rios_de_entrada.usb,pro,plataforma,Taxa de relatórios de entrada,usb,sim,incerto,nao-localizado — não há CSV nem sprint com medição de taxa do Pro por cabo,não,docs/protocol/externos-referencia-canonica.md:347-367 (só BT),hidraw,não medido nesta casa,entrada 0x30,,"Todas as medições publicadas de taxa do Pro são de link Bluetooth. Por cabo o limitador é mais folgado (20 ms contra 60 ms), mas isso governa a SAÍDA, não a entrada.",,,,,,,,,,
pro.limitador_de_subcomando_o_que_governa_toda_e.usb,pro,plataforma,Limitador de subcomando (o que governa TODA escrita),usb,sim,inferido-do-codigo,,não,assets/dkms/hid-nintendo/hid-nintendo.c:971-1047,hidraw,"`joycon_enforce_subcmd_rate` roda antes de CADA subcomando e de CADA pacote de rumble: exige 3 relatórios de entrada consecutivos com delta de 8–17 ms, mais 20 ms desde o último envio, e ainda dorme 4 ms antes de transmitir. Teto de 25 tentativas.",,"JC_INPUT_REPORT_MIN_DELTA 8, MAX_DELTA 17, VALID_DELTA_REQ 3, TX_OFFSET_MS 4, RATE_LIMITER_USB_MS 20, RATE_MAX_ATTEMPTS 25","É o orçamento real de escrita do Pro. LED, rumble e qualquer subcomando disputam a MESMA janela.",,,,,,,,,,
pro.limitador_de_subcomando_o_que_governa_toda_e.bluetooth,pro,plataforma,Limitador de subcomando (o que governa TODA escrita),bluetooth,sim,medido,"isso MUDA a leitura do E-1: as 348 recusas de 06-07/08 foram pedidos NOSSOS barrados antes de ir ao ar — o storm era de CPU e de log, não de rádio",não,assets/dkms/hid-nintendo/hid-nintendo.c:1021-1035; assets/modprobe.d/hefesto-hid-nintendo.conf:11-16,hidraw,"as mesmas três condições, mas com 60 ms em vez de 20 ms desde o último envio",,JC_SUBCMD_RATE_LIMITER_BT_MS = 60,"Ao estourar as 25 tentativas o comportamento DEPENDE do módulo: no vanilla o driver loga `exceeded max attempts` e TRANSMITE ASSIM MESMO, sem ritmo (é o que derruba o link); com `skip_tx_on_rate_exceeded=1` (ligado aqui) devolve -EAGAIN e nenhum byte vai ao rádio.",,,,,,,,,,
pro.sniff_link_policy_do_r_dio.bluetooth,pro,plataforma,Sniff / link policy do rádio,bluetooth,sim,medido,"com o SNIFF devolvido, o clone probou em 54 s na 1ª tentativa; ""só o nome"" (alias Nintendo) NÃO é alternativa — medido em 22/07, o Pro durou mais mas ainda caiu sob carga pesada",sim,assets/82-nintendo-pro-nosniff.rules:1-25; scripts/bt_active_mode.sh:70-130,outro,"o Pro genuíno é tirado do SNIFF POR-LINK: `hcitool lp <MAC> RSWITCH`, escopado à OUI e0:f6:b5, na borda do connect (regra udev 82) e reaplicado a cada 2 min pelo `bt_active_mode.sh`",,"ENV{HID_UNIQ}==""e0:f6:b5:*"" → bt_nosniff_now.sh","REQUISITOS OPOSTOS, medidos no A/B de 23/07: o Pro genuíno CAI SOB CARGA com sniff e fica ESTÁVEL sem; o 8BitDo clone em modo Switch PRECISA do sniff (sem ele a probe morre em `Failed to get joycon info; ret=-110`, 4 probes falhadas / 0 sucessos). Por isso o default do adaptador continua COM sniff e a recusa é por-link.",,,,MONTOU,,,,,,"A regra 82 casa por HID_UNIQ, isto é, POR ENDEREÇO. Se algum dia o endereço mudar, ela muda de alvo sem avisar."
pro.sniff_link_policy_do_r_dio.usb,pro,plataforma,Sniff / link policy do rádio,usb,não,inferido-do-codigo,,não,,outro,não se aplica — não há link Bluetooth,,,,,,,,,,,,,
pro.distinguir_o_pro_genu_no_do_clone_8bitdo.usb,pro,plataforma,Distinguir o Pro GENUÍNO do clone 8BitDo,usb,sim,medido,`grep -rn HEFESTO_CONTROLLER_VARIANT src/` devolve ZERO,parcial,assets/84-nintendo-pro-variant.rules:1-70,sysfs,"`bcdDevice` no descritor USB: 0210 = genuíno, 0200 = clone. Regra udev 84 casa idVendor+idProduct+bcdDevice no MESMO `usb_device` pai e entrega `HEFESTO_CONTROLLER_VARIANT` em quatro camadas (usb, hid, hidraw, input) mais os symlinks /dev/hefesto/nintendo-pro e /dev/hefesto/8bitdo-pro-clone.",,"ATTRS{bcdDevice}==""0210"" (genuíno) / ""0200"" (clone)","COLIDEM em VID, PID, serial (000000000001), HID_NAME (""Nintendo Co., Ltd. Pro Controller"") e MODALIAS. O bcdDevice é legível ANTES da probe do driver — dá para diagnosticar o estado QUEBRADO, não só o curado.",,,,,,,,,,"DIVERGÊNCIA (b) código: a marca é escrita, instalada e conferida pelo doctor, e NÃO TEM LEITOR NO PRODUTO. É cura escrita e nunca ligada — a classe de defeito mais cara desta casa. Limite honesto declarado na própria regra: dois clones idênticos juntos colidem no symlink."
pro.distinguir_o_pro_genu_no_do_clone_8bitdo.bluetooth,pro,plataforma,Distinguir o Pro GENUÍNO do clone 8BitDo,bluetooth,parcial,medido,"external_identity.py:200, bt_active_mode.sh:104-108, 82-nintendo-pro-nosniff.rules:23-24",sim,src/hefesto_dualsense4unix/daemon/subsystems/external_identity.py:200; scripts/bt_active_mode.sh:104-108,outro,"o ÚNICO discriminador por rádio é a OUI do endereço: e0:f6:b5 genuíno, e4:17:d8 clone",,"key[:6] == ""e0f6b5"" (NINTENDO_REAL_OUI)","O `bcdDevice` NÃO atravessa: o Modalias publicado por rádio é `usb:v057Ep2009d0001` nos dois, e o campo `d` é 0001 fixo, não o bcdDevice. Três lugares independentes da árvore concordam com a doutrina da OUI.",,,,MONTOU,,,,,,
pro.touchpad.nenhum,pro,toque,Touchpad,nenhum,não,inferido-do-codigo,"`joycon_input_create` do procon cria só sticks, dpad e botões; nenhum `input_mt_*` no módulo",não,assets/dkms/hid-nintendo/hid-nintendo.c:2440-2455,outro,nao-localizado — o aparelho NÃO TEM,,,"Não há geometria, pontos de toque nem bit de clique de touchpad em report nenhum do protocolo Switch, e o driver não cria nó de touchpad para o Pro.",,,,,,,,,,
pro.microfone.nenhum,pro,audio,Microfone,nenhum,não,inferido-do-codigo,grep por audio/snd/Audio no módulo devolve VAZIO,não,assets/dkms/hid-nintendo/hid-nintendo.c (nenhuma ocorrência),outro,nao-localizado — o aparelho NÃO TEM,,,"Zero ocorrências de `audio`, `snd` ou `mic` em todo o hid-nintendo.c. O Pro não tem microfone, não tem entrada de fone e não expõe nenhum campo de áudio.",,,,,,,,,,
pro.alto_falante_do_controle.nenhum,pro,audio,Alto-falante do controle,nenhum,não,inferido-do-codigo,,não,assets/dkms/hid-nintendo/hid-nintendo.c (nenhuma ocorrência de audio),outro,nao-localizado — o aparelho NÃO TEM,,,"Não há campo de volume, rota nem pré-amplificador em report de saída nenhum. Todo o vocabulário de áudio do DualSense (common[4..7], common[37], OUTPUT_PATH_SEL) simplesmente não existe aqui.",,,,,,,,,,
pro.sa_da_de_udio_dedicada_placa_usb_audio_no_co.usb,pro,audio,Saída de áudio dedicada (placa USB Audio no controle),usb,não,inferido-do-codigo,a regra 81-hefesto-usb-power trata 057e só quanto a autosuspend; não há nenhuma regra de áudio para Nintendo,não,assets/75-ps5-controller-disable-usb-audio.rules (só 054c); assets/81-hefesto-usb-power.rules,outro,nao-localizado — o Pro NÃO ENUMERA interface de áudio USB,,,"CONTRASTE: o DualSense por USB é uma placa USB Audio de QUATRO canais (1-2 fone/alto-falante, 3-4 os motores voice-coil), e por isso existe a regra 75-ps5-controller-disable-usb-audio. Não há regra equivalente para 057e porque não há o que desligar.",,,,,,,,,,
pro.sa_da_de_udio_dedicada.bluetooth,pro,audio,Saída de áudio dedicada,bluetooth,não,inferido-do-codigo,nao-localizado — não há sprint com a leitura do registro BlueZ do Pro,não,,outro,nao-localizado — o Pro não anuncia perfil de áudio Bluetooth (é HID puro),,,"Mesmo caso já MEDIDO no DualSense (07/08): UUIDs = HID 0x1124 + PnP 0x1200, Class of Device sem o bit de áudio. Para o Pro isso nunca foi medido nesta casa, mas o driver e o descritor não têm nada de áudio.",,,,,,,,,,"GRAU HONESTO: a ausência está firme pelo lado do descritor/driver; a leitura do BlueZ do Pro (UUIDs e Class of Device) NÃO foi feita, ao contrário da do DualSense e da do DualShock 4."
pro.haptics_vcm_pcm_motores_voice_coil_com_forma.nenhum,pro,vibracao,Haptics VCM / PCM (motores voice-coil com forma de onda),nenhum,não,inferido-do-codigo,GRAU MÉDIA para a estrutura do 0x10 (fonte de comunidade; o kernel confirma apenas o ID do report),não,assets/dkms/hid-nintendo/hid-nintendo.c:277-337,outro,"nao-localizado — o Pro tem HD rumble por TABELA de frequência/amplitude, não PCM. Não há canal de áudio nem report de forma de onda.",,,"O HD rumble do Pro é um report 0x10 com um byte de tempo e 4+4 bytes (banda alta e banda baixa) por lado, com tabelas EXPONENCIAIS — é outra coisa que o PCM de 3000 Hz do DualSense.",,,,,,,,,,
pro.led_do_microfone_o_bot_o_de_mudo_iluminado.nenhum,pro,luz,LED do microfone (o botão de mudo iluminado),nenhum,não,inferido-do-codigo,,não,assets/dkms/hid-nintendo/hid-nintendo.c:2513-2600,outro,nao-localizado — não há botão de mudo nem LED de microfone no Pro,,,Os cinco nós de LED do Pro são os quatro verdes de jogador mais o azul do HOME. Não há um sexto.,,,,,,,,,,
pro.quinto_led_de_jogador.nenhum,pro,luz,Quinto LED de jogador,nenhum,não,medido,"o nome do nó vem de LED_FUNCTION_PLAYER5 no kernel, mas o `brightness_set_blocking` dele é `joycon_home_led_brightness_set`",não,assets/dkms/hid-nintendo/hid-nintendo.c:2573-2588,sysfs,"nao-localizado — só existem QUATRO lâmpadas de jogador. O nó `:blue:player-5` é o LED HOME (escala 0-15, subcomando 0x38), não um quinto jogador.",,JC_NUM_LEDS = 4,"CONTRASTE com o DualSense, que tem CINCO lâmpadas brancas.",,,,,,,,,,"É exatamente onde o nosso `write_player_number` erra: usa o HOME como bit ""+5"" da numeração. A numeração de 5 a 9 precisa de OUTRO desenho, porque só existem 4 lâmpadas."
pro.gamepad_virtual_vpad_que_o_hefesto_cria_para.usb,pro,plataforma,Gamepad virtual (vpad) que o Hefesto cria para o Pro,usb,sim,inferido-do-codigo,"`calibration_0x05=calib` é None para externos, fail-safe",sim,src/hefesto_dualsense4unix/daemon/subsystems/coop.py:655-690,uhid,"o co-op cria um vpad uhid DualSense Edge (PID 0x0DF2) para o jogador do Pro, com o 0x05 canônico embutido (nunca a calibração dele)",,,"Decisão de produto do VPAD-09: uniformidade, dedup segura e rumble por hidraw para todos. O Hefesto lê os botões do Pro por evdev (com EVIOCGRAB) e os republica no vpad.",,,,MONTOU,,,,,,O jogo vê um DualSense Edge onde há um Pro Controller — com giroscópio NEUTRO (não há espelho de motion para externo) e sem gatilho analógico real (0 ou 255 sintetizados).
pro.gamepad_virtual_vpad_que_o_hefesto_cria_para.bluetooth,pro,plataforma,Gamepad virtual (vpad) que o Hefesto cria para o Pro,bluetooth,sim,inferido-do-codigo,,sim,"src/hefesto_dualsense4unix/integrations/uhid_gamepad.py:94, :123",uhid,"idêntico ao cabo — o vpad NASCE sempre com BUS_USB, o jogo nunca vê Bluetooth",,,"Consequência: o jogo sempre escreve o report de output 0x02 (USB) no vpad, mesmo com o Pro no rádio.",,,,MONTOU,,,,,,
pro.espelho_de_motion_girosc_pio_cru_do_f_sico_v.ambos,pro,movimento,Espelho de motion (giroscópio cru do físico → vpad),ambos,não,inferido-do-codigo,,não,src/hefesto_dualsense4unix/daemon/subsystems/coop.py:857-885,uhid,"NÃO EXISTE para externo, por DESIGN: `_start_player_motion_reader` desiste quando `hidraw_path(identity)` devolve None, que é sempre o caso de um controle sem handle no backend",,,"Comentário no próprio código: ""externo/sem handle: gyro nativo, sem espelho"" — decisão da mantenedora no estudo de 19/07: dar-lhe vpad com espelho reverteria o 8BIT-02.",,,,,,,,,,"O Pro passa direto ao jogo com o gyro NATIVO dele (nó `Pro Controller (IMU)`), pelo kernel — o que só funciona se o jogo enxergar o físico, e o co-op faz EVIOCGRAB no nó de gamepad."
pro.r_plica_do_output_do_jogo_gatilho_adaptativo.ambos,pro,luz,"Réplica do output do JOGO (gatilho adaptativo, lightbar, LED de jogador) no Pro",ambos,não,inferido-do-codigo,,não,src/hefesto_dualsense4unix/daemon/subsystems/coop.py:590-636; src/hefesto_dualsense4unix/daemon/subsystems/gamepad.py:998-1036,uhid,o jogo escreve no vpad do Pro → `apply_game_trigger/lightbar/player_leds(target_uniq=MAC do Pro)` → `set_game_trigger_for`/`set_game_output_for` no backend NÃO acham handle → descartado em silêncio,,,"Sem broadcast, de propósito: replicar efeito de gatilho em TODOS os controles pintaria o jogador errado (é o bug P1-lightbar). Aqui o descarte é a resposta certa — o Pro não tem lightbar nem gatilho adaptativo para onde replicar.",,,,,,,,,,"O LED de jogador é o único que o Pro TEM e que a réplica poderia acender — e não acende, porque o caminho passa pelo backend de DualSense e não pelo sysfs de externo."
pro.regra_udev_79_tornar_o_led_do_pro_grav_vel_s.ambos,pro,luz,Regra udev 79 — tornar o LED do Pro gravável sem sudo,ambos,sim,medido,,sim,assets/79-external-controller-leds.rules:1-6,sysfs,`chmod 0666` no `brightness` de `*057E:*:green:player-*` e `*057E:*:blue:player-*`,,,"A TAG uaccess foi REMOVIDA de propósito: numa regra ≥73 o logind nunca a converte em ACL. Sem a regra, a escrita falha em SILÊNCIO e o LED fica no default do kernel.",,,,MONTOU,,,,,,"A regra está instalada e viva; quem não escreve é o produto, pelo portão `EXTERNAL_PLAYER_LED_ENABLED = False`."
pro.regra_udev_81_o_pro_nunca_dorme_no_barrament.usb,pro,plataforma,Regra udev 81 — o Pro nunca dorme no barramento USB,usb,sim,medido,,sim,assets/81-hefesto-usb-power.rules,sysfs,"`power/control=on` e `power/autosuspend_delay_ms=-1` para todo `ATTR{idVendor}==""057e""`",,,,,,,MONTOU,,,,,,"Trata genuíno e clone igual, de propósito — o tratamento de energia é idêntico para os dois."
pro.leitura_do_led_de_jogador_saber_o_que_est_ac.ambos,pro,luz,Leitura do LED de jogador (saber o que está aceso),ambos,não,medido,83 falhas no kernel contra ZERO avisos do daemon na mesma janela,parcial,src/hefesto_dualsense4unix/core/external_leds.py:198-260,sysfs,"`read_player_pattern` lê o `brightness` da classe LED — que guarda o valor PEDIDO, não o aceso",,,"MEDIDO em 07/08 15h24: os cinco nós do Pro liam 1,1,0,0,0 (exatamente o slot 2 pedido) e TRÊS daquelas cinco escritas tinham falhado com -110 (ETIMEDOUT). No hid-nintendo a escrita é assíncrona: o `write(2)` volta com sucesso 1,18 s a 3,45 s ANTES de o erro existir.",,,,,,,,,,"NÃO EXISTE, em ponto nenhum da árvore, um caminho que saiba que uma escrita de player-LED FALHOU. E o ""intruso"" que o log acusa foi, em 11 de 11 repinturas de 07/08, a nossa própria escrita anterior — o daemon perseguindo o próprio eco."
pro.ado_o_do_pro_pelo_backend_input_output_desej.ambos,pro,plataforma,"Adoção do Pro pelo backend (input, output desejado, perfil)",ambos,não,inferido-do-codigo,,não,src/hefesto_dualsense4unix/core/backend_pydualsense.py:1416-1492; src/hefesto_dualsense4unix/broker/hidraw_broker.py:80-86,hidraw,o `PyDualSenseController` só abre handles cujo VID/PID casa `DUALSENSE_PIDS`; o broker valida o hidraw como 054c:0ce6,,,"O Pro NÃO É ADOTADO: o input dele segue pelo kernel/Steam. Ele entra na interface como EXTERNO, com ficha read-only, sem card de glifos e sem visualização por botão.",,,,,,,,,,"DIVERGÊNCIA (c) doc: `scripts/doctor.sh:3849` imprime ""o daemon só abre DualSense (filtro Sony 054c) e é incapaz de tocar um device Nintendo (057e)"". A frase é FORTE DEMAIS: `enable_imu` abre o hidraw de um 057e com O_WRONLY e escreve. A ressalva que salva o doctor é que a escrita é travada em bus==usb e OUI e0f6b5, então nunca alcança o cenário que ele diagnostica (8BitDo por rádio)."
pro.refer_ncias_a_nintendo_em_src_a_prova_que_a_.ambos,pro,plataforma,Referências a Nintendo em src/ (a prova que a página de uso cita),ambos,não,medido,"grep confirmado nesta sessão: broker/hidraw_broker.py, core/external_leds.py, core/evdev_reader.py, daemon/subsystems/external_identity.py, daemon/subsystems/coop.py e mais 11",não,docs/usage/troubleshooting-8bitdo.md versus src/hefesto_dualsense4unix/core/external_leds.py,outro,não é feature do aparelho — é uma DIVERGÊNCIA doc×código que muda como se lê tudo acima,,,"`docs/usage/troubleshooting-8bitdo.md` afirma, como PROVADO NO CÓDIGO, que há ""zero referências a Nintendo/8BitDo em src/"". Hoje é FALSO: 16 arquivos de src/ citam Nintendo ou 8BitDo, e `core/external_leds.py` existe justamente para escrever nesses controles.",,,,,,,,,,A conclusão de fundo (o Hefesto não causou as mortes por BT do 8BitDo) pode continuar certa; a PROVA citada caducou e precisa de nota datada.
sn30.bot_es_digitais_a_b_x_y_l_r_zl_zr_home_captu.usb,sn30,entrada,"Botões digitais (A/B/X/Y, L/R, ZL/ZR, −, +, Home, Captura, L3/R3) + D-pad",usb,sim,inferido-do-codigo,docs/usage/troubleshooting-8bitdo.md:30 marca 'Switch por cabo — PROVADO estável (instância USB sem um único timeout)',não,assets/dkms/hid-nintendo/hid-nintendo.c:495-511,evdev,"nó evdev do gamepad: BTN_EAST/SOUTH/NORTH/WEST, BTN_TL/TR, BTN_TL2/TR2, BTN_SELECT/START, BTN_MODE, BTN_Z, BTN_THUMBL/R, ABS_HAT0X/Y. Depende do subcomando 0x03 (SET_REPORT_MODE→0x30) ter sido aceito na probe",entrada 0x30; saída 0x01 (subcmd 0x03),,O mapeamento é o `procon_button_mappings` genérico — o driver não tem tabela específica de SN30 Pro. Rótulos Nintendo: sem `SDL_GAMECONTROLLER_USE_BUTTON_LABELS=0` o A/B e X/Y chegam trocados ao jogo.,,,,,,,,,,"O Hefesto NÃO adota este controle: o input vai direto pelo kernel/Steam (filtro `DUALSENSE_VENDOR=0x054C` + `DUALSENSE_PIDS={0x0CE6,0x0DF2}` em core/evdev_reader.py:28-29)."
sn30.bot_es_digitais_d_pad.bluetooth,sn30,entrada,Botões digitais + D-pad,bluetooth,parcial,medido,"docs/usage/troubleshooting-8bitdo.md:31,204-222 — PROVADO instável, medido em 16/07/2026, com e sem Steam",não,scripts/doctor.sh:3801-3850,evdev,mesmo nó evdev e mesmo report 0x30 — mas o firmware clone engasga com o protocolo de subcomando do hid-nintendo e o input morre com o link BT de pé,entrada 0x30,,"Assinatura da morte, na MESMA instância hid: dezenas de `timeout waiting for input report` culminando em `joycon_enforce_subcmd_rate: exceeded max attempts`. O `bluetoothctl` segue dizendo Connected: yes.",,,,,,,,,,"A recomendação da casa por rádio é trocar para o modo DirectInput/PS4 (`Start + A`), onde ele nem chega perto do hid-nintendo."
sn30.sticks_anal_gicos_dois_eixos_por_stick.usb,sn30,entrada,Sticks analógicos (dois eixos por stick),usb,sim,inferido-do-codigo,,não,"assets/dkms/hid-nintendo/hid-nintendo.c:213-217, :2261-2290",evdev,"evdev ABS_X/ABS_Y (esquerdo) e ABS_RX/ABS_RY (direito), faixa ±32767 (`JC_MAX_STICK_MAG`), fuzz 250, flat 500",,,Calibração aplicada pelo driver a partir da flash SPI (ver linha de calibração).,,,,,,,,,,
sn30.sticks_anal_gicos.bluetooth,sn30,entrada,Sticks analógicos,bluetooth,parcial,inferido-do-codigo,,não,assets/dkms/hid-nintendo/hid-nintendo.c:2261-2290,evdev,"idêntico ao cabo (ABS_X/Y/RX/RY ±32767); a instabilidade é do link, não do eixo",,,,,,,,,,,,,
sn30.gatilhos_anal_gicos_zl_zr_com_curso.nenhum,sn30,gatilho,Gatilhos ANALÓGICOS (ZL/ZR com curso),nenhum,não,inferido-do-codigo,,não,assets/dkms/hid-nintendo/hid-nintendo.c:502-503,evdev,"não existe: no protocolo Switch ZL/ZR são bits, mapeados como BTN_TL2/BTN_TR2 (digitais). Não há ABS_Z/ABS_RZ no nó de gamepad",,,,,,,,,,,,,"ABS_Z/ABS_RZ existem apenas no nó de IMU, e ali são acelerômetro/giroscópio — não confundir."
sn30.rumble_motor_esquerdo_strong_direito_weak.usb,sn30,vibracao,"Rumble (motor esquerdo = strong, direito = weak)",usb,sim,inferido-do-codigo,,não,"assets/dkms/hid-nintendo/hid-nintendo.c:2044-2077, :2244-2257, :2318-2330",evdev,"evdev force feedback: `ioctl(EVIOCSFF)` com FF_RUMBLE + evento de play no nó de gamepad → o driver monta o output report 0x10 (`JC_OUTPUT_RUMBLE_ONLY`), reenviado a cada 50 ms enquanto o efeito dura, e 5 pacotes de amplitude zero para parar",0x10 (saída),,Cada pacote passa pelo `joycon_enforce_subcmd_rate`: por USB o intervalo mínimo é 20 ms (`JC_SUBCMD_RATE_LIMITER_USB_MS`).,,,,,,,,,,Exige `CONFIG_NINTENDO_FF` — o Makefile do DKMS replica `-DCONFIG_NINTENDO_FF=1`; sem isso o rumble sumiria.
sn30.rumble_motor_esquerdo_e_direito.bluetooth,sn30,vibracao,Rumble (motor esquerdo e direito),bluetooth,parcial,inferido-do-codigo,,não,assets/dkms/hid-nintendo/hid-nintendo.c:968-1047; assets/modprobe.d/hefesto-hid-nintendo.conf,evdev,"mesmo caminho (FF_RUMBLE → report 0x10), mas o intervalo mínimo entre pacotes sobe para 60 ms (`JC_SUBCMD_RATE_LIMITER_BT_MS`) e cada pacote espera janela de TX; com `skip_tx_on_rate_exceeded=1` (ligado nesta casa) o pacote é DESCARTADO em vez de transmitido fora de ritmo",0x10 (saída),,É exatamente esse laço que produz o `exceeded max attempts` da morte por BT: rumble e LED disputam a mesma fila de subcomando.,,,,,,,,,,"Se o controle estiver mudo, `subcmd_silence_streak_max=3` faz o subcomando falhar em microssegundos em vez de segurar o mutex por dezenas de segundos."
sn30.rumble_hd_controle_de_frequ_ncia_por_motor_4.usb,sn30,vibracao,Rumble HD — controle de FREQUÊNCIA por motor (41–1253 Hz),usb,sim,inferido-do-codigo,,não,"assets/dkms/hid-nintendo/hid-nintendo.c:277-337, :2162-2186, :2318-2322",hidraw,"aparelho/protocolo aceitam: a tabela `joycon_rumble_frequencies` vai de 41 a 1253 Hz e o clamp é baixa 41–626 Hz, alta 82–1253 Hz. Só alcançável escrevendo o report 0x10 CRU no /dev/hidrawN — o Linux expõe apenas FF_RUMBLE (strong/weak)",0x10 (saída),,O driver prende as frequências nos defaults 160 Hz (baixa) e 320 Hz (alta) — `JC_RUMBLE_DFLT_LOW_FREQ`/`_HIGH_FREQ`. Nada em espaço de usuário chega às frequências pelo evdev.,,,,,,,,,,SEM PROVA de que o SN30 Pro tenha atuadores lineares (HD real) e não motores ERM comuns; ninguém mediu aqui.
sn30.rumble_hd_controle_de_frequ_ncia_por_motor.bluetooth,sn30,vibracao,Rumble HD — controle de FREQUÊNCIA por motor,bluetooth,sim,inferido-do-codigo,,não,"assets/dkms/hid-nintendo/hid-nintendo.c:277-337, :968-1047",hidraw,"idêntico (report 0x10 cru no hidraw), com o custo de 60 ms por pacote do rate limiter de BT",0x10 (saída),,,,,,,,,,,,Escrever hidraw cru por rádio neste firmware é o gesto que a casa mediu como letal (bombardeio de subcomando).
sn30.rumble_do_jogo_roteado_pelo_hefesto_para_est.usb,sn30,vibracao,Rumble do JOGO roteado pelo Hefesto para este controle,usb,sim,inferido-do-codigo,,não,src/hefesto_dualsense4unix/daemon/subsystems/coop.py:304-380,evdev,"não há: o Hefesto só roteia rumble para um handle do backend pydualsense (DualSense). O jogo alcança este controle direto pelo evdev/FF do kernel, sem o Hefesto no meio",,,"O co-op só cria jogador secundário a partir de `discover_dualsense_evdevs()` — externo nunca vira jogador, nunca ganha vpad, nunca é agarrado (EVIOCGRAB).",,,,,,,,,,"Os comentários de coop.py sobre 'externo sem handle cai no broadcast' descrevem uma defesa, não um caminho vivo para este controle."
sn30.rumble_do_jogo_roteado_pelo_hefesto_para_est.bluetooth,sn30,vibracao,Rumble do JOGO roteado pelo Hefesto para este controle,bluetooth,sim,inferido-do-codigo,,não,src/hefesto_dualsense4unix/daemon/subsystems/coop.py:304-380,evdev,idem: o Hefesto não participa; o caminho é jogo → evdev FF → hid-nintendo → report 0x10,,,,,,,,,,,,,
sn30.led_de_jogador_as_4_l_mpadas_verdes.usb,sn30,luz,LED de jogador — as 4 lâmpadas verdes,usb,sim,inferido-do-codigo,"`EXTERNAL_PLAYER_LED_ENABLED = False` (external_identity.py:194) — decisão dela de 07/08/2026: zero escritas, sem apagar",não,"assets/dkms/hid-nintendo/hid-nintendo.c:1219-1230, :2536-2555; src/hefesto_dualsense4unix/core/external_leds.py:98-134",sysfs,"`echo 0|1 > /sys/class/leds/<inst>:green:player-{1..4}/brightness` (inst = `0003:057E:2009.XXXX`, `max_brightness=1`). Cada escrita recompõe o bitmap dos quatro e emite UM subcomando 0x30 (SET_PLAYER_LIGHTS), payload de 1 byte `(flash<<4)|on`","saída 0x01, subcmd 0x30",,A regra `assets/79-external-controller-leds.rules` faz `chmod 0666` no `brightness` de `*057E:*:green:player-*` — é o que torna a escrita possível sem sudo. O Hefesto INSTALA a regra e hoje NÃO escreve nada.,,,,,,,,,,Uma chamada de `write_player_number` custa 5 escritas de sysfs = 5 subcomandos (4 verdes redundantes + 1 azul). Foi a origem medida do bombardeio.
sn30.led_de_jogador_as_4_l_mpadas_verdes.bluetooth,sn30,luz,LED de jogador — as 4 lâmpadas verdes,bluetooth,parcial,medido,src/hefesto_dualsense4unix/core/external_leds.py:198-260 (nota datada de 07/08/2026),não,"assets/dkms/hid-nintendo/hid-nintendo.c:968-1047, :2536-2555",sysfs,"mesmo caminho sysfs → subcomando 0x30, mas cada subcomando paga o rate limiter de 60 ms + janela de TX; com o firmware clone é onde as recusas `-110`/`ETIMEDOUT` aparecem","saída 0x01, subcmd 0x30",,"Medido em 07/08 no Pro genuíno: 3 de 5 escritas falharam com `-110` e o leitor de sysfs continuou mostrando o padrão PEDIDO — o `brightness` guarda o pedido, nunca reverte na falha.",,,,,,,,,,"Não existe, em ponto nenhum da árvore, caminho que saiba que uma escrita de player-LED falhou."
sn30.led_home_n_blue_player_5_brilho_0_15.usb,sn30,luz,"LED HOME (nó `:blue:player-5`, brilho 0–15)",usb,desconhecido,inferido-do-codigo,,não,"assets/dkms/hid-nintendo/hid-nintendo.c:1232-1249, :2573-2588",sysfs,"`echo 0..15 > /sys/class/leds/<inst>:blue:player-5/brightness` → subcomando 0x38 (SET_HOME_LIGHT), 5 bytes `01, b<<4, b|(b<<4), 0x11, 0x11`. É subcomando SEPARADO do dos verdes","saída 0x01, subcmd 0x38",,"O nó é registrado sempre que `jc_type_has_right` (verdadeiro para o tipo PRO, que é o que o clone vira pelo PID) — a EXISTÊNCIA do nó não prova que há lâmpada Home no plástico do SN30 Pro.",,,,,,,,,,"DEFEITO CONHECIDO do Hefesto: `write_player_number` escreve `1` neste nó como bit '+5' da numeração, quando ele é o LED HOME de escala 0–15. GRAU ALTA de que está errado; hoje calado pelo portão. Não voltar sem corrigir."
sn30.led_home_n_blue_player_5_brilho_0_15.bluetooth,sn30,luz,"LED HOME (nó `:blue:player-5`, brilho 0–15)",bluetooth,desconhecido,inferido-do-codigo,,não,assets/dkms/hid-nintendo/hid-nintendo.c:1232-1249,sysfs,"mesmo nó e mesmo subcomando 0x38, com o rate limiter de 60 ms","saída 0x01, subcmd 0x38",,,,,,,,,,,,"Idem: nó registrado por tipo, não por hardware. Sem medição do plástico."
sn30.pisca_de_led_em_hardware_nibble_flash_do_sub.ambos,sn30,luz,Pisca de LED em HARDWARE (nibble `flash` do subcomando 0x30),ambos,sim,inferido-do-codigo,,não,assets/dkms/hid-nintendo/hid-nintendo.c:1219-1230,hidraw,"o protocolo aceita `(flash<<4)|on`, mas o driver SEMPRE manda `flash = 0` — não há caminho em sysfs para pedir pisca. Só por hidraw cru","saída 0x01, subcmd 0x30",,Comportamento idêntico nos dois transportes; muda só o custo do rate limiter.,,,,,,,,,,
sn30.padr_o_de_jogador_que_o_driver_acende_sozinh.ambos,sn30,plataforma,Padrão de jogador que o DRIVER acende sozinho na probe,ambos,sim,inferido-do-codigo,docs/process/sprints/2026-08-08-SEGUNDO-ESCRITOR-01-o-driver-do-kernel-tambem-escreve-a-barra.md,não,assets/dkms/hid-nintendo/hid-nintendo.c:2512-2555,sysfs,"`joycon_leds_create` aloca um id num IDA global, usa `player_id % 8` na tabela oficial da Nintendo e loga `assigned player N led pattern` — antes de qualquer escrita nossa","saída 0x01, subcmd 0x30",,"Não existe estado 'sem número' neste controle: o kernel é um SEGUNDO ESCRITOR. Qualquer detector que compare o aparelho contra 'o que nós escrevemos' vai achar, após cada conexão, um padrão que nós não escrevemos.",,,,,,,,,,
sn30.girosc_pio.usb,sn30,movimento,Giroscópio,usb,sim,inferido-do-codigo,,não,"assets/dkms/hid-nintendo/hid-nintendo.c:243-261, :2333-2392",evdev,"nó evdev SEPARADO, nomeado `<nome> (IMU)`: ABS_RX/ABS_RY/ABS_RZ, faixa ±32767000, `resolution = 14247` (= 14,247 LSB por grau/s, escala ×1000), mais MSC_TIMESTAMP. 3 amostras por relatório de entrada 0x30",entrada 0x30,ABS_RX/RY/RZ do nó (IMU),Escala DIFERENTE do DualSense (1024 LSB/(°/s)): comparar eixos sem converter erra por ~14x no giroscópio e 2x no acelerômetro (4096 vs 8192 LSB/g).,,,,,,,,,,"O nó é criado sob `joycon_has_imu(tipo PRO)`, sem perguntar ao aparelho — a existência do nó NÃO prova o sensor."
sn30.girosc_pio.bluetooth,sn30,movimento,Giroscópio,bluetooth,sim,medido,,não,assets/dkms/hid-nintendo/hid-nintendo.c:2333-2392; docs/protocol/externos-referencia-canonica.md:347-372,evdev,"mesmo nó `(IMU)`, mesmos eixos e mesma escala; a perda de amostras é do rádio",entrada 0x30,,"Medição de taxa (feita no Pro GENUÍNO, não neste controle): 89,2 relatórios/s = 11,2 ms, 268 amostras/s — 36% mais rápido que o default `JC_IMU_DFLT_AVG_DELTA_MS=15` que o driver usa até corrigir sozinho após 300 amostras.",,,,,,,,,,"O contador de perda só avisa acima de 3 relatórios seguidos (`>` e não `>=`), e conta RELATÓRIOS, não amostras: a perda real é maior que a medida, por construção."
sn30.aceler_metro.usb,sn30,movimento,Acelerômetro,usb,sim,inferido-do-codigo,,não,"assets/dkms/hid-nintendo/hid-nintendo.c:229-239, :2362-2373",evdev,"mesmo nó `(IMU)`: ABS_X/ABS_Y/ABS_Z, ±32767, `resolution = 4096` LSB/g (faixa ±8 g)",entrada 0x30,ABS_X/Y/Z do nó (IMU),,,,,,,,,,,
sn30.aceler_metro.bluetooth,sn30,movimento,Acelerômetro,bluetooth,sim,inferido-do-codigo,,não,assets/dkms/hid-nintendo/hid-nintendo.c:2362-2373,evdev,"idêntico ao cabo (ABS_X/Y/Z, 4096 LSB/g), sujeito à perda de relatórios do rádio",entrada 0x30,,,,,,,,,,,,
sn30.ligar_a_imu_subcomando_0x40_arg_0x01.usb,sn30,movimento,Ligar a IMU (subcomando 0x40 / arg 0x01),usb,sim,inferido-do-codigo,,não,"src/hefesto_dualsense4unix/daemon/subsystems/external_identity.py:196-212, :899-902; core/external_leds.py:155-192",hidraw,"o DRIVER já o envia no probe, dentro de `joycon_init`, sob `joycon_has_imu(ctlr)` — SEM porteiro de barramento. O Hefesto tem um duplicado (`enable_imu`: 12 bytes `01 <pkt> <8B rumble neutro> 40 01` no /dev/hidrawN) que NUNCA dispara neste controle","saída 0x01, subcmd 0x40",,"O gatilho do Hefesto é `key[:6] != NINTENDO_REAL_OUI` (`e0f6b5`, o Pro GENUÍNO) e `bus == 'usb'`. O 8BitDo tem OUI `e4:17:d8` (ou identidade sintética no cabo degradado) — nunca casa.",,,,,,,,,,"O próprio comentário do código diz por quê: 'NÃO confundir com o 8BitDo em modo Switch (mesmo VID/PID 057e:2009, IMU nativa já viva — nada a fazer nele)'. Isso é AFIRMAÇÃO do código, não medição."
sn30.ligar_a_imu_subcomando_0x40_arg_0x01.bluetooth,sn30,movimento,Ligar a IMU (subcomando 0x40 / arg 0x01),bluetooth,sim,inferido-do-codigo,,não,assets/dkms/hid-nintendo/hid-nintendo.c:2925-2947; src/hefesto_dualsense4unix/daemon/subsystems/external_identity.py:205,hidraw,o driver envia no probe também por rádio (sem porteiro de bus); o duplicado do Hefesto é bloqueado por `_IMU_ENABLE_ALLOWED_BUS = 'usb'` além do gate de OUI,"saída 0x01, subcmd 0x40",,"Com `usb_probe_degrade` ligado (só USB), a falha do 0x40 vira aviso `continuing without motion` em vez de matar a probe — por BT ela ainda mata.",,,,,,,,,,
sn30.calibra_o_de_f_brica_da_imu.ambos,sn30,movimento,Calibração de fábrica da IMU,ambos,desconhecido,afirmado-no-doc,docs/usage/troubleshooting-8bitdo.md:35-37 cita `using factory cal for IMU` como PROVA de que o gyro do SN30 Pro é real,não,"assets/dkms/hid-nintendo/hid-nintendo.c:203-212, :1483-1490",hidraw,subcomando 0x10 (SPI_FLASH_READ) em `0x6020..0x6037` (24 bytes); calibração de usuária em `0x8026` (mágico) / `0x8028` (dados). Log de sucesso: `using factory cal for IMU`,"saída 0x01, subcmd 0x10; resposta no 0x21",,"É o OPOSTO do DualSense, onde a calibração é o feature report 0x05 de 41 bytes.",,,,,,,,,,"Essa citação aparece em UM único arquivo do repositório, sem sprint/estudo que registre a medição — e o Pro genuíno emite a MESMA linha. Grau honesto: afirmação do doc."
sn30.calibra_o_de_f_brica_dos_sticks.ambos,sn30,entrada,Calibração de fábrica dos sticks,ambos,desconhecido,inferido-do-codigo,,não,"assets/dkms/hid-nintendo/hid-nintendo.c:185-212, :1251-1300, :2913-2923",hidraw,subcomando 0x10 em `0x603d` (esquerdo) e `0x6046` (direito); calibração de usuária em `0x8010`/`0x801B` com mágico `0xB2 0xA1`. Falha vira aviso `Analog stick positions may be inaccurate`,"saída 0x01, subcmd 0x10",,,,,,,,,,,,
sn30.bateria_n_vel_em_cinco_degraus.usb,sn30,energia,Bateria — nível em CINCO degraus,usb,sim,inferido-do-codigo,,não,"assets/dkms/hid-nintendo/hid-nintendo.c:1843-1878, :2654-2680",sysfs,`cat /sys/class/power_supply/nintendo_switch_controller_battery_<inst>/capacity_level` → Critical|Low|Normal|High|Full. Origem: nibble alto (>>5) do byte `bat_con` do relatório 0x30,entrada 0x30,"bat_con: bit0 = alimentado pelo host, bit4 = carregando, >>5 = nível","As propriedades são só PRESENT, CAPACITY_LEVEL, SCOPE e STATUS — `capacity` NÃO existe. Um amostrador que leia `capacity` grava AUSENTE a noite inteira.",,,,,,,,,,No cabo o `status` tende a Charging/Full por `host_powered`.
sn30.bateria_n_vel_em_cinco_degraus.bluetooth,sn30,energia,Bateria — nível em CINCO degraus,bluetooth,sim,inferido-do-codigo,,não,assets/dkms/hid-nintendo/hid-nintendo.c:1843-1878,sysfs,mesmo nó `power_supply` e mesmo byte `bat_con` do 0x30 — só existe enquanto houver relatório de entrada chegando,entrada 0x30,,"Se o controle vira zumbi (link de pé, sem relatório), o valor congela no último lido.",,,,,,,,,,
sn30.bateria_porcentagem.nenhum,sn30,energia,Bateria — PORCENTAGEM,nenhum,não,inferido-do-codigo,,não,assets/dkms/hid-nintendo/hid-nintendo.c:2654-2659,sysfs,não existe: `POWER_SUPPLY_PROP_CAPACITY` não está no vetor de propriedades do driver,,,,,,,,,,,,,Régua INCOMPARÁVEL com a do DualSense/DS4 (percentual). Não somar nem comparar as duas.
sn30.bateria_lida_pelo_hefesto.ambos,sn30,energia,Bateria lida pelo Hefesto,ambos,sim,inferido-do-codigo,,não,src/hefesto_dualsense4unix/daemon/battery_journal.py:89-93,sysfs,não há: o diário de bateria lê apenas `/sys/class/power_supply/ps-controller-battery-<mac>/` (prefixo do hid-playstation),,,A canônica dos externos registra que é BOM que não leia: leria AUSENTE no caminho Nintendo e 100% mentiroso no caminho DS4.,,,,,,,,,,
sn30.handshake_usb_baudrate_3m_no_timeout.usb,sn30,plataforma,Handshake USB + baudrate 3M + no-timeout,usb,parcial,medido,"assets/dkms/hid-nintendo/README.md:47-95 — 4 tentativas × 4000 ms falham igual, logo não é timeout",não,"assets/dkms/hid-nintendo/hid-nintendo.c:168-172, :1101-1123, :2840-2880",hidraw,"output report 0x80 com `[0]=0x80, [1]=cmd`: 0x01 status de conexão, 0x02 handshake, 0x03 baudrate 3M, 0x04 no-timeout. Ordem: (conn status) → handshake → baudrate → handshake → no-timeout",saída 0x80; resposta 0x81,,"É EXCLUSIVO do cabo (`joycon_using_usb` = `hdev->bus == BUS_USB`). O firmware clone NÃO responde ao handshake curto de 2 bytes; o driver cai no ramo 'assume ble pro controller' e o `-110` seguinte é consequência, não causa.",,,,,,,,,,"A cura é `usb_cmd_pad_to_report=1` (mandar os 64 bytes que o próprio descritor do controle declara: `85 80 09 05 75 08 95 3f 91 83`, endpoint OUT `wMaxPacketSize=0x40`)."
sn30.subir_a_probe_no_cabo_o_controle_existir_em_.usb,sn30,plataforma,Subir a probe no cabo (o controle EXISTIR em modo Switch por USB),usb,parcial,medido,"assets/dkms/hid-nintendo/README.md:47-70; instalado por install.sh (DKMS é DEFAULT, opt-out --no-dkms)",sim,assets/modprobe.d/hefesto-hid-nintendo.conf (última linha),outro,"depende de QUATRO parâmetros do módulo DKMS: `usb_cmd_pad_to_report=1`, `usb_send_conn_status=1`, `usb_probe_degrade=1` e `register_leds_on_set_failure=1` (dependência declarada: sem o último a probe morre em `joycon_leds_create`)",,,"Sem eles: `Failed to get joycon info; ret=-110` → device SEM driver nenhum (só `modalias power report_descriptor subsystem uevent`), sem hidraw, sem input, sem LED, sem bateria — e o `hid-generic` não assume porque um driver específico casou.",,,,MONTOU,,,,,,"Nesta máquina, AGORA, `hid_nintendo` não está carregado (`lsmod` vazio, `/sys/module/hid_nintendo` inexistente) — nenhum controle Nintendo conectado. O `modinfo` confirma `updates/dkms`."
sn30.identidade_quando_o_req_dev_info_n_o_respond.usb,sn30,identidade,Identidade quando o REQ_DEV_INFO não responde (endereço sintético),usb,parcial,inferido-do-codigo,,sim,assets/dkms/hid-nintendo/hid-nintendo.c:2754-2830; src/hefesto_dualsense4unix/daemon/subsystems/external_identity.py:110-148,sysfs,"com `usb_probe_degrade=1`, `joycon_synthesize_info` tira o tipo do PID e fabrica `02` + VID(2B) + PID(2B) + bus(1B) — no caso `02:05:7E:00:00:03` (mascarado; os octetos 4-5 são o PID 0x2009). Bit 'localmente administrado' ligado",,,"O Hefesto trata primeiro-octeto `02` como identidade VOLÁTIL: vale como sessão e NUNCA vai ao disco, porque é a tupla (VID, PID, bus) fantasiada de endereço — persistir gravaria uma FUSÃO de aparelhos.",,,,MONTOU,,,,,,Dois clones idênticos plugados ao mesmo tempo recebem o MESMO endereço; o próprio comentário do driver admite.
sn30.discriminar_clone_pro_genu_no.usb,sn30,plataforma,Discriminar clone × Pro genuíno,usb,sim,medido,,parcial,assets/84-nintendo-pro-variant.rules:55-68,sysfs,"`ATTR{bcdDevice}=='0200'` (clone) contra `'0210'` (genuíno) — VID, PID, serial `000000000001`, HID_NAME e MODALIAS COLIDEM. A regra 84 marca `HEFESTO_CONTROLLER_VARIANT=8bitdo-pro-clone` em usb/hid/hidraw/input e cria o symlink `/dev/hefesto/8bitdo-pro-clone`",,,A marca funciona MESMO com a probe quebrada (o nível USB/hid existe sem driver).,,,,,,,,,,"DIVERGÊNCIA: `grep -rn HEFESTO_CONTROLLER_VARIANT src/` devolve ZERO — a regra é instalada e conferida pelo doctor, e nenhum código do produto a lê. Cura escrita e nunca ligada."
sn30.discriminar_clone_pro_genu_no.bluetooth,sn30,plataforma,Discriminar clone × Pro genuíno,bluetooth,sim,medido,,sim,docs/protocol/externos-referencia-canonica.md:809-819; src/hefesto_dualsense4unix/daemon/subsystems/external_identity.py:200; scripts/bt_active_mode.sh:104-108,sysfs,"a única chave é a OUI do endereço: `e4:17:d8` = 8BitDo, `e0:f6:b5` = Nintendo. O `bcdDevice` NÃO existe por rádio; o Modalias sai `usb:v057Ep2009d0001` nos dois (o campo `d` é fixo `0001`)",,,"A OUI separa clone de genuíno, mas NÃO diz em que modo o clone está — quem separa os modos é o par nome + VID/PID mais o driver que pegou.",,,,MONTOU,,,,,,"DÍVIDA DE GRAU BAIXO: que este controle mantenha o MESMO endereço ao trocar de modo nunca foi medido; a IDENT-01 (25/07) mediu DOIS endereços, um por modo. As regras udev casam por HID_UNIQ — se o endereço muda, elas mudam de alvo sem avisar."
sn30.sniff_do_link_pol_tica_de_r_dio.bluetooth,sn30,plataforma,SNIFF do link (política de rádio),bluetooth,sim,medido,,sim,scripts/bt_active_mode.sh:75-135; assets/82-nintendo-pro-nosniff.rules:8-19,outro,"`hciconfig hci0 lp rswitch,hold,sniff,park` — o DEFAULT do adaptador é mantido COM sniff porque este controle PRECISA dele; o no-sniff (`hcitool lp <MAC> RSWITCH`) é por-link e escopado à OUI `e0:f6:b5` do Pro genuíno",,,"A/B de 23/07: com no-sniff GLOBAL este controle acumulou 4 probes falhadas e 0 sucessos, sempre `Failed to get joycon info; ret=-110`; com o sniff devolvido, probou em 54 s na primeira tentativa.",,,,MONTOU,,,,,,É a única regra da casa em que dois controles têm requisitos de firmware OPOSTOS. Este é o aparelho que o escopo por OUI existe para não matar.
sn30.retry_de_probe_por_r_dio.bluetooth,sn30,plataforma,Retry de probe por rádio,bluetooth,parcial,afirmado-no-doc,,sim,assets/modprobe.d/hefesto-hid-nintendo.conf,outro,"`bt_probe_retries=3` (laço com backoff em volta do `joycon_init`, só Bluetooth) + `sync_send_tries=4`, `input_report_wait_ms=500`, `probe_info_timeout_ms=4000`",,,"O `usb_probe_degrade` NÃO vale por rádio de propósito: lá uma falha significa link degradado, e fingir que o controle respondeu seria mentira.",,,,MONTOU,,,,,,Nunca foi medido com ESTE controle em modo Switch por rádio — não há bond dele neste adaptador desde 25/07.
sn30.modo_de_relat_rio_completo_set_report_mode_0.ambos,sn30,plataforma,Modo de relatório completo (SET_REPORT_MODE → 0x30),ambos,parcial,inferido-do-codigo,,não,"assets/dkms/hid-nintendo/hid-nintendo.c:1549, :2953-2968, :2993-2999",hidraw,"subcomando 0x03 com argumento 0x30. Se falhar (e `usb_probe_degrade` estiver ligado), o driver segue e o input só existe se o controle transmitir 0x30 espontaneamente — o parser só aceita 0x30/0x21/0x31 e exige `size >= 12`; o 0x3F (botões simples) NUNCA é tratado",saída 0x01 subcmd 0x03; entrada 0x30,,,,,,,,,,,,"Limite honesto declarado no README do DKMS e NÃO validado: 'é plausível que transmita (é o que faz o clone funcionar sob hid-generic), mas não foi validado'."
sn30.lightbar_rgb.nenhum,sn30,luz,Lightbar RGB,nenhum,não,medido,'O SN30 Pro não tem lightbar RGB' — canônica dos externos,não,"docs/protocol/externos-referencia-canonica.md:745, :1089",outro,"não existe em modo Switch: o `hid-nintendo` não registra nó RGB nenhum, e o plástico do SN30 Pro não tem barra",,,,,,,,,,,,,"Em modo PS4 (o OUTRO modo do mesmo plástico) o kernel expõe `<inputNN>:red|green|blue|global` porque o driver do DS4 os registra incondicionalmente — nós de driver, não lâmpadas do aparelho."
sn30.gatilhos_adaptativos_resist_ncia_efeito.nenhum,sn30,gatilho,Gatilhos adaptativos (resistência/efeito),nenhum,não,inferido-do-codigo,,não,assets/dkms/hid-nintendo/hid-nintendo.c:502-503,outro,o protocolo Switch não tem bloco de gatilho; os gatilhos são botões digitais,,,É recurso exclusivo do DualSense (common[10..31] do report 0x02/0x31).,,,,,,,,,,
sn30.touchpad.nenhum,sn30,toque,Touchpad,nenhum,não,inferido-do-codigo,,não,assets/dkms/hid-nintendo/hid-nintendo.c:2333-2392 (só gamepad e IMU),outro,"o aparelho não tem, e o driver não registra nó de touchpad para o tipo PRO",,,,,,,,,,,,,
sn30.microfone.nenhum,sn30,audio,Microfone,nenhum,não,inferido-do-codigo,,não,assets/dkms/hid-nintendo/hid-nintendo.c:119-155 (nenhum report/subcomando de áudio),outro,o aparelho não tem microfone; nenhum campo do protocolo Switch o prevê,,,,,,,,,,,,,
sn30.alto_falante_do_controle.nenhum,sn30,audio,Alto-falante do controle,nenhum,não,inferido-do-codigo,,não,assets/dkms/hid-nintendo/hid-nintendo.c:119-155,outro,não existe no aparelho nem no protocolo,,,,,,,,,,,,,
sn30.sa_da_de_udio_dedicada_jack_de_fone_no_contr.nenhum,sn30,audio,Saída de áudio dedicada (jack de fone no controle),nenhum,não,inferido-do-codigo,,não,assets/dkms/hid-nintendo/hid-ids.h:1068-1077 (só HID),outro,"o SN30 Pro não tem jack; por USB ele NÃO enumera interface de áudio (ao contrário do DualSense, que é placa USB Audio de 4 canais)",,,,,,,,,,,,,Não localizei nenhuma medição de descritores USB deste aparelho no repositório; a afirmação se apoia na ausência de qualquer menção a áudio no driver e nos documentos.
sn30.haptics_vcm_udio_h_ptico_pcm_nos_motores.nenhum,sn30,vibracao,Haptics VCM / áudio-háptico (PCM nos motores),nenhum,não,inferido-do-codigo,,não,assets/dkms/hid-nintendo/hid-nintendo.c:270-381,outro,"não existe: o rumble do protocolo Switch é amplitude+frequência codificadas, não fluxo PCM. Não há canal de áudio no aparelho",,,"O 'HD rumble' aqui é a tabela de frequência/amplitude, não haptics por áudio como no DualSense (canais 3-4 da placa USB).",,,,,,,,,,
sn30.nfc_amiibo_canal_mcu.ambos,sn30,plataforma,NFC / amiibo (canal MCU),ambos,desconhecido,inferido-do-codigo,,não,"assets/dkms/hid-nintendo/hid-nintendo.c:123, :138-140, :2993-2999",hidraw,"o canal existe no protocolo — saída 0x11 (`JC_OUTPUT_MCU_DATA`), entrada 0x31, subcomandos 0x20 RESET_MCU / 0x21 SET_MCU_CONFIG / 0x22 SET_MCU_STATE — e NENHUM é emitido pelo driver: o único uso do 0x31 é aceitar o relatório",saída 0x11; entrada 0x31; subcmd 0x20-0x22,,Zero suporte a NFC no kernel e zero no Hefesto.,,,,,,,,,,Se o SN30 Pro tem hardware de NFC é PERGUNTA EM ABERTO — não localizei medição nem afirmação no repositório. O Pro genuíno tem; um clone não necessariamente.
sn30.desligar_o_controle_modo_de_baixo_consumo_re.ambos,sn30,identidade,Desligar o controle / modo de baixo consumo / re-pareamento por subcomando,ambos,sim,inferido-do-codigo,,não,assets/dkms/hid-nintendo/hid-nintendo.c:128-135 (os sete construtores de subcomando não incluem nenhum deles),hidraw,"subcomandos definidos e NUNCA emitidos: 0x01 MANUAL_BT_PAIRING, 0x06 SET_HCI_STATE, 0x07 RESET_PAIRING_INFO, 0x08 LOW_POWER_MODE. Só por hidraw cru","saída 0x01, subcmd 0x01/0x06/0x07/0x08",,"Consequência: o Linux nunca desliga este controle nem mexe no pareamento dele. Se há timer de ociosidade, não vem do driver.",,,,,,,,,,
sn30.bot_o_de_taxa_de_r_dio_poll_interval_program.bluetooth,sn30,plataforma,Botão de taxa de rádio (poll interval programável),bluetooth,não,inferido-do-codigo,,não,assets/dkms/hid-nintendo/hid-nintendo.c:968-980,hidraw,"não existe equivalente no protocolo Switch. A única alavanca é o rate limiter do driver (20 ms USB / 60 ms BT, 25 tentativas, offset de 4 ms)",,,O DualShock 4 (o OUTRO modo deste plástico) tem: 6 bits baixos do `hw_control` do report de saída 0x11. Nem o Pro nem o DualSense têm.,,,,,,,,,,
sn30.atualiza_o_de_firmware.ambos,sn30,identidade,Atualização de firmware,ambos,desconhecido,inferido-do-codigo,,não,"assets/dkms/hid-nintendo/hid-nintendo.c:120, :158-165",hidraw,o protocolo declara o report de saída 0x03 (FW_UPDATE_PKT) e os feature reports 0x70-0x75 (OTA/mem read/write/erase/launch); o driver não emite nenhum,saída 0x03; feature 0x70-0x75,,,,,,,,,,,,"O Hefesto NÃO atualiza firmware de controle nenhum (zero código, zero CLI, zero aba). Firmware de 8BitDo se atualiza pela ferramenta do fabricante — fora do repositório."
sn30.turbo_leds_de_indica_o_de_modo_e_demais_recu.ambos,sn30,luz,"Turbo, LEDs de indicação de modo e demais recursos próprios da 8BitDo",ambos,desconhecido,incerto,,não,,outro,não localizado,,,Nenhum arquivo do repositório descreve o Turbo nem a semântica dos LEDs de modo do firmware 8BitDo além de uma citação de manual na canônica dos externos (linha 1212).,,,,,,,,,,O padrão de LED que aparece ao ligar pode ser do FIRMWARE (indicação de modo) e não do driver — mais um escritor na mesma barra.
sn30.invent_rio_read_only_do_controle_na_interfac.ambos,sn30,plataforma,Inventário read-only do controle na interface e na CLI,ambos,sim,inferido-do-codigo,,sim,src/hefesto_dualsense4unix/core/evdev_reader.py:691-735,evdev,"IPC `controller.list {""external"": true}` → `discover_external_gamepads()`: name, vid/pid, bus, uniq, driver, evdev_path e hidraw irmão. Sem filtro de vendor; DualSense e virtuais são excluídos",,,É a ÚNICA coisa que o Hefesto faz com este controle e que a usuária vê. A ficha é read-only e mostra o modo (`input_mode` → 'nintendo') com um seletor SEGMENTADO não clicável.,,,,MONTOU,,,,,,"CUSTO: abre TODOS os nós de /dev/input (~10-40 ms) — proibido no event loop; roda sob opt-in, em thread."
sn30.slot_n_mero_de_jogador_atribu_do_pelo_hefest.ambos,sn30,plataforma,Slot / número de jogador atribuído pelo Hefesto,ambos,sim,inferido-do-codigo,"docs/usage/troubleshooting-8bitdo.md:93-102 (LUGAR-À-MESA-01, 06/08/2026)",sim,src/hefesto_dualsense4unix/daemon/subsystems/external_identity.py:1238-1262,outro,`ExternalIdentityRegistry` dá um slot ao aparelho e o persiste em `config_dir()/controllers.json` — a ATRIBUIÇÃO roda sempre; a EXIBIÇÃO na lâmpada está calada,,,"O slot serve à fila e à ordem, não à contagem de jogadores: com um DualSense, um Pro e este controle ligados, o `coop status` respondeu 'jogadores ativos: 1'.",,,,MONTOU,,,,,,
sn30.escrita_de_led_de_jogador_pelo_hefesto_a_num.ambos,sn30,luz,Escrita de LED de jogador pelo Hefesto (a numeração aparecer na lâmpada),ambos,sim,medido,,não,"src/hefesto_dualsense4unix/daemon/subsystems/external_identity.py:158-194, :1244-1262",sysfs,"existe e está DESLIGADA: `EXTERNAL_PLAYER_LED_ENABLED = False`, lido no tick do `ExternalLedSync` — zero escritas, sem apagar",,,Decisão dela de 07/08/2026 ('calar a luz até a entrega existir'). Calar curou de tabela um defeito técnico: 348 recusas de subcomando em 06-07/08 → ZERO desde 15:27:48 de 07/08.,,,,,,,,,,O caminho de volta é UMA LINHA — e voltar sem corrigir o `:blue:player-5` repete o defeito do LED HOME.
sn30.ado_o_pelo_hefesto_grab_do_evdev_gamepad_vir.ambos,sn30,movimento,"Adoção pelo Hefesto (grab do evdev, gamepad virtual, espelho de motion, perfil de botões)",ambos,sim,inferido-do-codigo,,não,src/hefesto_dualsense4unix/core/backend_pydualsense.py:1416-1492; daemon/subsystems/coop.py:304-380,uhid,"não acontece: o backend só abre handles com VID/PID em `DUALSENSE_PIDS`, e o co-op só cria jogador a partir de `discover_dualsense_evdevs()`",,,"Consequência prática: perfil, curvas, mapeamento de botões e ajustes por controle do Hefesto NÃO alcançam este aparelho. Ele passa direto ao jogo com o gyro nativo dele.",,,,,,,,,,
sn30.mapeamento_por_posi_o_nos_jogos_lan_ados_pel.ambos,sn30,plataforma,Mapeamento por POSIÇÃO nos jogos lançados pelo Hefesto,ambos,sim,inferido-do-codigo,,sim,src/hefesto_dualsense4unix/daemon/launch_env.py:975-979,outro,`SDL_GAMECONTROLLER_USE_BUTTON_LABELS=0` no ambiente do wrapper de lançamento — entra em toda variante,,,8BIT-03: sem isso o SDL segue as etiquetas Nintendo e A/B (e X/Y) chegam trocados. Inócuo para DualSense/Xbox. É a segunda coisa que o Hefesto realmente faz por este controle.,,,,MONTOU,,,,,,
sn30.girosc_pio_chegando_ao_jogo.ambos,sn30,movimento,Giroscópio CHEGANDO ao jogo,ambos,parcial,afirmado-no-doc,docs/usage/troubleshooting-8bitdo.md:241-253,parcial,assets/hefesto-steam-input-guard.service; assets/hefesto-steam-input-guard.timer; scripts/disable_steam_input.sh,outro,depende do Steam Input estar ATIVO para aquele app — e o `hefesto-steam-input-guard` reaplica Steam Input OFF,,,"Conflito declarado: 'não há configuração que dê gyro + guard ao mesmo tempo hoje'. Jogos já configurados podem ter `UseSteamControllerConfig=0` persistido, o que desliga o Steam Input do app para TODOS os controles.",,,,,,,,,,"É a única ação do Hefesto com efeito NEGATIVO medido sobre este controle — e é deliberada, não defeito."
sn30.regra_udev_que_torna_os_leds_grav_veis_sem_s.ambos,sn30,luz,Regra udev que torna os LEDs graváveis sem sudo,ambos,sim,inferido-do-codigo,,sim,assets/79-external-controller-leds.rules:47-48,sysfs,"`assets/79-external-controller-leds.rules`: `chmod 0666` no `brightness` de `*057E:*:green:player-*` e `*057E:*:blue:player-*` (o `TAG+=""uaccess""` foi removido de propósito — regra ≥73 nunca vira ACL)",,,Instalada e ativa; sem ela a escrita falharia em SILÊNCIO e o LED ficaria no default do kernel.,,,,MONTOU,,,,,,Hoje a capacidade que ela habilita não é usada por ninguém (portão da luz fechado).
sn30.diagn_stico_da_morte_por_bluetooth_doctor.bluetooth,sn30,plataforma,Diagnóstico da morte por Bluetooth (doctor),bluetooth,sim,inferido-do-codigo,,sim,scripts/doctor.sh:3801-3850,outro,`scripts/doctor.sh` lê `journalctl -b -k` e procura a CASCATA na mesma instância hid: N× `timeout waiting for input report` culminando em `joycon_enforce_subcmd_rate: exceeded max attempts` (limiar ≥10),,,Linha isolada de `exceeded max attempts` NÃO é morte (houve caso medido em que o controle viveu mais ~8 minutos). Só a cascata diagnostica.,,,,MONTOU,,,,,,DIVERGÊNCIA: o mesmo check imprime 'o daemon só abre DualSense e é incapaz de tocar um device Nintendo (057e)'. A frase é forte demais — `enable_imu` abre hidraw de 057e por USB; o que salva o diagnóstico é que o gate de OUI exclui este aparelho.
sn30.vigia_de_zumbi_link_de_p_e_controle_mudo.bluetooth,sn30,plataforma,Vigia de zumbi (link de pé e controle mudo),bluetooth,parcial,medido,,sim,scripts/bt_health_watchdog.sh:165,dbus,`scripts/bt_health_watchdog.sh` combina `Connected=true` + zero `hidraw` + cache de SDP sem `[ServiceRecords]`,,,"BURACO VIVO: a vigia PULA todo aparelho cujo cache de SDP já tenha `[ServiceRecords]` — e este controle tem o cache completo. Em 07/08 ele passou a 'sem HID nenhum, ACL vivo, Connected=true' e quatro passagens do watchdog depois não disseram uma palavra.",,,,MONTOU,,,,,,`ServicesResolved=false` NÃO implica controle mudo — medido: o Pro entrega 89 relatórios/s com ela em false.
sn30.pareamento_bond_por_bluetooth.bluetooth,sn30,identidade,Pareamento / bond por Bluetooth,bluetooth,sim,medido,,sim,docs/protocol/externos-referencia-canonica.md:890-928,dbus,BlueZ + `hefesto-bt-agent.service` (agente de pareamento do projeto). `ReconnectMode=device` é derivado dos atributos SDP que o PRÓPRIO controle publica,,,"Trocar de modo (Switch ↔ PS4) NÃO reaproveita o bond: são dois pareamentos distintos, e o bond do outro modo continua no BlueZ.",,,,MONTOU,,,,,,"Medido em 25/07: com o controle pareado por BT e em uso pelo CABO, o BlueZ colecionou `Host is down (112)` e REMOVEU o device de `/var/lib/bluetooth/<adaptador>/`."
sn30.transporte_de_r_dio_tipo_de_link.bluetooth,sn30,plataforma,Transporte de rádio (tipo de link),bluetooth,sim,medido,,não,docs/protocol/externos-referencia-canonica.md:859-866,dbus,"HID CLÁSSICO sobre L2CAP (BR/EDR), não HID over GATT: UUID `0x1124` presente, `0x1812` ausente, `AddressType=public`, `org.bluez.Bearer.BREDR1`",,,"Nenhum ajuste de conexão LE (intervalo, latência de GATT) se aplica a este aparelho.",,,,,,,,,,"Medido no modo PS4 deste plástico, não no modo Switch."
sn30.timeout_de_supervis_o_intervalo_de_sniff_neg.bluetooth,sn30,plataforma,Timeout de supervisão / intervalo de sniff negociado / latência do link,bluetooth,desconhecido,incerto,,não,docs/protocol/externos-referencia-canonica.md:1014-1036 (P-1),outro,não localizado — nenhum instrumento da árvore lê esses números,,,,,,,,,,,,,"Os três caminhos falharam por permissão: `btmon` sem CAP_NET_RAW sai 0 e imprime NADA, `btmgmt info` vem vazio, `/sys/kernel/debug/bluetooth/hci0` dá permissão negada."
sn30.escrita_crua_por_hidraw_qualquer_subcomando.usb,sn30,plataforma,Escrita CRUA por hidraw (qualquer subcomando),usb,sim,inferido-do-codigo,,não,"assets/dkms/hid-nintendo/hid-nintendo.c:867-881, :1160-1170",hidraw,"`open(/dev/hidrawN, O_WRONLY)` + `write()` do envelope de 12+ bytes: `output_id(1)=0x01` + `packet_num(1)` (0..0xF) + `rumble_data(8)` + `subcmd_id(1)` + dados. SEM CRC em barramento nenhum",saída 0x01,,É o OPOSTO do DualSense por BT (que exige tag 0x10 e CRC-32 semente 0xA2). Um instrumento que assuma CRC neste controle escreve lixo.,,,,,,,,,,DÍVIDA SEM PROVA que o Hefesto carrega para o Pro genuíno: escrever 12 bytes contra os 48 de corpo que o descritor declara para o 0x01 — que o firmware honre report curto nunca foi provado.
sn30.escrita_crua_por_hidraw_qualquer_subcomando.bluetooth,sn30,plataforma,Escrita CRUA por hidraw (qualquer subcomando),bluetooth,sim,inferido-do-codigo,,não,"assets/dkms/hid-nintendo/hid-nintendo.c:867-881, :968-1047",hidraw,"mesmo envelope 0x01, sem CRC — mas competindo com o `joycon_enforce_subcmd_rate` do driver (60 ms + janela de TX)",saída 0x01,,,,,,,,,,,,"Escrever no hidraw por fora do driver, por rádio, é exatamente o gesto que a casa mediu como letal neste firmware."
dualsense.lightbar_cor_rgb.usb,dualsense,luz,Lightbar (cor RGB),usb,sim,medido,"Medido 03/08: o MESMO comando de sysfs, no mesmo instante, pintou o controle no USB e não pintou o do rádio. Comandos pendentes mandados por BT materializaram-se ao plugar o cabo.",sim,core/sysfs_leds.py:149; core/backend_pydualsense.py:817-823,sysfs,"Preferida: sysfs — escrever ""r g b"" em /sys/class/leds/<inputN>:rgb:indicator/multi_intensity e 255 em brightness. Fallback: output report 0x02, common[44..46], autorizado por valid_flag1 bit 0x04.",0x02 (fallback hidraw),common[44..46] = report[45..47]; flag1 0x04 em common[1]=report[2],Por cabo NUNCA houve o defeito de claim. O fallback hidraw só é exercido se a regra 77-dualsense-leds.rules não estiver aplicada (ela faz chmod 0666 no multi_intensity).,,,,MONTOU,,,,,,multi_intensity NÃO é a verdade do hardware — é a memória do último valor escrito VIA CLASSE LED. Escrita por hidraw (jogo em Modo Nativo) não a atualiza.
dualsense.lightbar_cor_rgb.bluetooth,dualsense,luz,Lightbar (cor RGB),bluetooth,sim,medido,"Confirmado no código hoje: é o ÚNICO `if` de transporte que decide FEATURE (não só envelope). Sem a regra udev aplicada, por BT não há lightbar nem player-LED — não há fallback.",parcial,"core/backend_pydualsense.py:1890-1893, :764-777, :817-823",sysfs,"ÚNICA rota: sysfs multi_intensity (o kernel monta o 0x31 e o CRC). A rota hidraw é SUPRIMIDA incondicionalmente por BT — `handle._suppress_leds = (key in mapping or self._detect_transport(handle) == ""bt"")`.",—,"sob supressão, flag1 0x04 e flag2 0x02|0x01 saem ZERADOS e common[41..46] não é escrito","É a feature mais quebrada do aparelho: a barra apaga na adoção e passa a IGNORAR as escritas do kernel (330 mil escritas ignoradas ao vivo), persistindo até o POWER-OFF FÍSICO.",,,,,,,,,,"CAUSA NÃO PROVADA. Arrancou-se o 0x08 em 04/08 e a barra continuou morta por 5 dias/20 adoções (08/08). Um restart do daemon repinta — o latch não é permanente (medido por ela, 09/08)."
dualsense.lightbar_brilho_de_hardware_3_n_veis.usb,dualsense,luz,Lightbar — brilho de HARDWARE (3 níveis),usb,sim,inferido-do-codigo,`common[42] = int(self.light.brightness.value)` e NADA nesta árvore altera `light.brightness` — o default da pydualsense é Brightness.high = 0x0. O byte sai sempre 0.,não,core/backend_pydualsense.py:819,hidraw,"output 0x02, common[42] (led_brightness, 0-2), autorizado por valid_flag2 bit0.",0x02,common[42] = report[43]; flag2 0x01 em common[38]=report[39],"O ""brilho"" que o produto oferece (led.set {brightness: 0.0-1.0}) é MULTIPLICAÇÃO de RGB em Python, outra grandeza. Nada no caminho toca common[42].",,,,,,,,,,Quem lê a doc e a tela pode concluir que são o mesmo controle. Não são.
dualsense.lightbar_brilho_de_hardware_3_n_veis.bluetooth,dualsense,luz,Lightbar — brilho de HARDWARE (3 níveis),bluetooth,sim,inferido-do-codigo,"Duplamente inerte por BT: além de nunca receber valor, o bloco inteiro cai sob `suppress_leds`, que zera flag2 0x01.",não,"core/backend_pydualsense.py:764-777, :819",hidraw,"output 0x31, common[42] = report[45], autorizado por valid_flag2 bit0.",0x31,common[42] = report[45],,,,,,,,,,,
dualsense.lightbar_fade_in_out_lightbar_setup.usb,dualsense,luz,Lightbar — fade in/out (lightbar_setup),usb,sim,medido,"`common[41] = int(self.light.pulseOptions.value)` e nada altera pulseOptions (default PulseOptions.Off = 0x0). O byte é escrito em TODO report, sempre com zero.",não,core/backend_pydualsense.py:818,hidraw,"output 0x02, common[41]; bit1 = LIGHT_OUT (fade out), autorizado por valid_flag2 bit1.",0x02,common[41] = report[42]; flag2 0x02,O driver desta máquina diz textualmente: `report.common->lightbar_setup = DS_OUTPUT_LIGHTBAR_SETUP_LIGHT_OUT; /* Fade light out. */`,,,,,,,,,,"PERIGO REGISTRADO: a LIGHTBAR-BT-CLAIM-01 propunha usar LIGHT_OUT para ""tomar a barra de volta"". Testado ao vivo: NENHUM EFEITO. Quem executasse escreveria código para APAGAR a barra achando que a acendia."
dualsense.lightbar_fade_in_out_lightbar_setup.bluetooth,dualsense,luz,Lightbar — fade in/out (lightbar_setup),bluetooth,sim,inferido-do-codigo,Sob supressão de BT o flag2 0x02 é explicitamente limpo (LIGHTBAR-BT-KEEPALIVE-01: reengatar o SETUP em regime trava a exibição no firmware).,não,core/backend_pydualsense.py:764-777,hidraw,"output 0x31, common[41] = report[44]; flag2 bit1.",0x31,common[41] = report[44],"Fora de supressão (USB) o flag2 sai de ledOption=Both=0x03 em TODO report, com setup e brilho ligados — escolha deliberada e travada por teste.",,,,,,,,,,A referência canônica não distingue os dois regimes.
dualsense.lightbar_devolver_o_claim_release_leds_0x08.usb,dualsense,luz,Lightbar — devolver o claim (RELEASE_LEDS 0x08),usb,sim,medido,O `build_bt_release_leds_report` só monta o envelope BT. O cabo escapa — o caminho USB não tem esse claim (medido 17-18/07).,não,core/lightbar_reset.py:40-88,hidraw,Não aplicável na prática: o caminho USB não tem o claim.,0x02,valid_flag1 bit3 (0x08) em common[1]=report[2],,,,,,,,,,,
dualsense.lightbar_devolver_o_claim_release_leds_0x08.bluetooth,dualsense,luz,Lightbar — devolver o claim (RELEASE_LEDS 0x08),bluetooth,sim,medido,`send_release_leds` tem UM único chamador em src/: o método-instrumento `enviar_release_leds`. Os dois blocos automáticos (adoção de handle novo e wake) viraram comentários datados; há teste que lê a ÁRVORE DE SINTAXE e reprova se voltarem.,parcial,core/lightbar_reset.py:40-88; cli/app.py:131; daemon/ipc_server.py:135; core/backend_pydualsense.py:2147,hidraw,"output 0x31 de 78 B com tag 0x10, TODO o common zerado exceto common[1]=0x08, CRC seed 0xA2. Superfícies: CLI `hefesto lightbar-reset [--uniq]`; IPC `lightbar.reset`.",0x31,valid_flag1 0x08 em common[1] = report[4],"O kernel DEFINE DS_OUTPUT_VALID_FLAG1_RELEASE_LEDS e NUNCA o envia (grep devolve a definição, zero usos). Mandá-lo é decisão exclusiva deste projeto, copiada do SDL.",,,,,,,,,,"INSTRUMENTO, não cura. Só sai por gesto explícito. Custo colateral MEDIDO: o 0x08 APAGA os player-LEDs sempre, e eles não voltam sozinhos."
dualsense.led_de_jogador_5_l_mpadas.usb,dualsense,luz,LED de jogador (5 lâmpadas),usb,sim,medido,,sim,"core/sysfs_leds.py:225-232; core/backend_pydualsense.py:820, :2745-2780",sysfs,"Preferida: sysfs — escrever 0/1 em /sys/class/leds/<inputN>:white:player-1..5/brightness. Fallback: output 0x02, common[43], flag1 bit 0x10. IPC `led.player_set {bits:[bool]*5}`.",0x02 (fallback),common[43] = report[44]; flag1 0x10,"Jogador 1 = só a lâmpada do meio, que o kernel chama de `player-3` — o número é o PADRÃO das cinco lâmpadas, não o nome do nó.",,,,MONTOU,,,,,,"DIVERGÊNCIA doc×código no padrão P4: a canônica diz `x-xx-`, o código traz `xx-xx` — e `x-xx-` é exatamente o _PLAYER_LED_OVERFLOW do código. Precisa de olho no controle. E a docstring de set_player_leds diz ""outReport[45] (BT)"" — o correto é report[46]."
dualsense.led_de_jogador_5_l_mpadas.bluetooth,dualsense,luz,LED de jogador (5 lâmpadas),bluetooth,sim,medido,"Medido por ela em 09/08: a escrita do player-LED NÃO é quem derruba a lightbar (hipótese dela, eliminada com variável única, instrumento `player-leds off/on`).",sim,core/backend_pydualsense.py:1890-1893; assets/77-dualsense-leds.rules,sysfs,ÚNICA rota: sysfs <inputN>:white:player-1..5/brightness. A rota hidraw é suprimida incondicionalmente por BT.,—,—,"Instrumento de eliminação: CLI `hefesto player-leds off|on`, IPC `debug.player_leds` — suprime TODA escrita de player-LED (sysfs e hidraw). Não persiste entre reinícios, de propósito.",,,,MONTOU,,,,,,"FALHA SILENCIOSA ABERTA (BT-FURO-FINO-01 defeito 2): sob supressão, o fallback é `handle.light.playerNumber`, que nunca sai do processo. Sem exceção, sem log — o daemon responde ""ok""."
dualsense.rumble_motor_esquerdo_strong.usb,dualsense,vibracao,Rumble — motor ESQUERDO (strong),usb,sim,medido,"JOGO-COMPLETO-01 (01/08): vibração FUNCIONA no cabo, com ff_play_count e SDL rumble=True.",sim,"core/backend_pydualsense.py:779, :761-767, :2369-2401, :3101-3124",hidraw,"output 0x02, common[3]. Bits: flag0 0x01 (COMPATIBLE_VIBRATION) | 0x02 (HAPTICS_SELECT), flag1 0x40 (atenuação), flag2 0x04 (vibração v2). API: set_rumble(weak,strong) / set_rumble_for(uniq,...) / force_rumble_stop().",0x02,common[3] = report[4],"Keepalive NEUTRO: os bits só saem LIGADOS quando há rumble NOSSO ativo ou na transição ativa→0. Sem isso o keepalive zerava o rumble de terceiros a cada 0,5 s.",,,,MONTOU,,,,,,"ABERTO em 10/08: a vibração do jogo chega ZERADA e a causa NÃO está provada. Cinco hipóteses caíram (regressão nossa, wrapper, máscara, Steam Input, dongle/porta)."
dualsense.rumble_motor_esquerdo_strong.bluetooth,dualsense,vibracao,Rumble — motor ESQUERDO (strong),bluetooth,sim,medido,Paridade MEDIDA AO VIVO nos dois transportes. O payload common é BYTE-IDÊNTICO; muda só o envelope.,sim,"core/backend_pydualsense.py:779, :852; core/ds_output_report.py:221-236",hidraw,"output 0x31 (78 B, tag 0x10, seq<<4, CRC 0xA2), common[3] = report[6]. Mesmos bits do USB — SEM gate de transporte na decisão.",0x31,common[3] = report[6],Antes do BTREPORT-02 isto era no-op: o 0x31 da pydualsense 0.7.5 é malformado ([1]=0x02 fixo em vez de seq<<4; 0xFF onde o firmware espera o tag 0x10) e o firmware o descartava.,,,,MONTOU,,,,,,O nibble de sequência é POR HANDLE (wrap 0-15) e carimbado no writeReport numa CÓPIA. Report fora de sequência é DESCARTADO pelo firmware — foi assim que o reset de lightbar morreu em 22/07.
dualsense.rumble_motor_direito_weak.usb,dualsense,vibracao,Rumble — motor DIREITO (weak),usb,sim,inferido-do-codigo,,sim,core/backend_pydualsense.py:778,hidraw,"output 0x02, common[2] = report[3]. Mesmos bits de autorização do esquerdo.",0x02,common[2] = report[3],"Parada real: ao passar de ativo para zero, UM report sai com os flags LIGADOS e motores 0 (`_rumble_stop_pending`), só então volta ao neutro. Zero→zero não gera parada.",,,,MONTOU,,,,,,
dualsense.rumble_motor_direito_weak.bluetooth,dualsense,vibracao,Rumble — motor DIREITO (weak),bluetooth,sim,inferido-do-codigo,,sim,"core/backend_pydualsense.py:778, :852",hidraw,"output 0x31, common[2] = report[5].",0x31,common[2] = report[5],,,,,MONTOU,,,,,,
dualsense.rumble_do_jogo_vpad_f_sico.usb,dualsense,vibracao,Rumble do JOGO (vpad → físico),usb,sim,medido,"O vpad é SEMPRE USB (BUS_USB, PID 0x0DF2 Edge) — o jogo nunca vê Bluetooth, e sempre escreve 0x02, independentemente de o físico estar no cabo ou no rádio.",sim,integrations/uhid_gamepad.py:2075-2133; daemon/subsystems/gamepad.py:975-996,uhid,"Jogo escreve 0x02 no hidraw do vpad → UHID_OUTPUT → `_handle_output` lê body[2]/body[3] → `_emit_rumble` → `apply_game_rumble` → `set_rumble_for` no físico daquele jogador. No vpad uinput, EV_FF (UI_FF_UPLOAD + play).",0x02 (no vpad),body[2] weak / body[3] strong,"O portão de leitura aceita DUAS codificações: flag0 0x03 e o ramo v2 `valid_flag2 & 0x04` — o jogo não é obrigado a repetir HAPTICS_SELECT, e havia rumble descartado em silêncio.",,,,MONTOU,,,,,,"Sem MAC casando handle (identidade `path:*`, externo), `apply_game_rumble` cai em broadcast e TODOS os DualSense vibram juntos."
dualsense.haptics_vcm_motores_voice_coil_hd_rumble_da_.usb,dualsense,vibracao,"Haptics VCM (motores voice-coil, ""HD rumble"" da Sony)",usb,sim,inferido-do-codigo,"Busca em toda a árvore por voicecoil, VCM, PCM e Surround devolve APENAS comentários e a string do nome do sink. Não há UMA linha de implementação.",não,app/mic_monitor.py:235 (só menciona o nome do sink),alsa-pipewire,"Por USB o DualSense é placa USB Audio de QUATRO canais (perfil `analog-surround-40`): canais 1-2 fone/alto-falante, canais 3-4 = os motores voice-coil. Escrever PCM nos canais 3-4.",—,canais 3-4 do sink ALSA,O nome do sink medido nesta máquina em 01/08 confirma os 4 canais: alsa_output.usb-...-DualSense_Wireless_Controller-00.analog-surround-40,,,,,,,,,,"EFEITO COLATERAL NÃO MEDIDO: o bit que MATA os haptics VCM é flag0 bit1 (HAPTICS_SELECT), e o nosso rumble o liga sempre que vibra. Enquanto o Hefesto vibra, ele desliga os haptics de áudio do jogo."
dualsense.haptics_vcm_motores_voice_coil.bluetooth,dualsense,vibracao,Haptics VCM (motores voice-coil),bluetooth,desconhecido,afirmado-no-doc,"Zero implementação nas duas rotas. Itens 14 a 17 do checklist da §7 da canônica, todos abertos.",não,,outro,"NÃO LOCALIZADO em código. A canônica afirma report 0x32, corpo TLV, pid 0x12, 64 B, CRC seed 0xA2, PCM 3000 Hz, 2 canais, 8 bits com sinal.","0x32 (afirmado no doc, não medido aqui)",não localizado,,,,,,,,,,,CONTRADIÇÃO INTERNA VIVA: `dualsense_bt_audio.py` fala em report 0x39 para o áudio de saída e a canônica em 0x32. NENHUMA das duas foi medida aqui.
dualsense.gatilho_adaptativo_direito_r2.usb,dualsense,gatilho,Gatilho adaptativo DIREITO (R2),usb,sim,medido,"JOGO-COMPLETO-01: 28+28 réplicas no journal — e o kernel NÃO tem API de gatilho, então só o jogo pode tê-las gerado.",sim,core/backend_pydualsense.py:800-816; cli/cmd_test.py:75; daemon/ipc_server.py:110,hidraw,"output 0x02, bloco common[10..20], autorizado por flag0 bit 0x04. CLI `hefesto test trigger`; IPC `trigger.set {side, mode, params}` / `trigger.reset`.",0x02,common[10..20] = report[11..21]; flag0 0x04,"DUAS codificações no mesmo produto: com bloco CRU do jogo em posse (`_raw_trigger_right`), os 11 bytes vão VERBATIM; pelo caminho do PERFIL escreve-se modo em [10], forças 0..5 em [11..16] e força 6 em [19] — common[17], [18] e [20] ficam SEMPRE zero.",,,,MONTOU,,,,,,O perfil não alcança os 11 bytes que o jogo alcança.
dualsense.gatilho_adaptativo_direito_r2.bluetooth,dualsense,gatilho,Gatilho adaptativo DIREITO (R2),bluetooth,sim,medido,Paridade MEDIDA AO VIVO. Por BT os gatilhos SEGUEM funcionando mesmo com a lightbar latcheada — eles não têm máquina de estados própria.,sim,"core/backend_pydualsense.py:800-816, :852",hidraw,"output 0x31, common[10..20] = report[13..23]; flag0 0x04. SEM gate de transporte — só o envelope muda.",0x31,common[10..20] = report[13..23],,,,,MONTOU,,,,,,"A ADR-008 afirma que ""gatilho adaptativo via BT tem comportamento ligeiramente diferente em Machine e Galloping"". Essa linha NÃO tem fonte, medição nem rastro em lugar nenhum do repositório."
dualsense.gatilho_adaptativo_esquerdo_l2.usb,dualsense,gatilho,Gatilho adaptativo ESQUERDO (L2),usb,sim,medido,"Medido com a mão dela em 05/08 pelo IPC: `Rigid` endurece o L2 (""duro""), `Off` (0x00) o solta (""soltou"").",sim,core/backend_pydualsense.py:800-816,hidraw,"output 0x02, bloco common[21..31], flag0 bit 0x08.",0x02,common[21..31] = report[22..32]; flag0 0x08,"OS DOIS BYTES DESLIGAM: 0x05 é o MODE_OFF da enum da Sony, 0x00 é o que esta árvore usa em produção. Unificar é higiene, não correção.",,,,MONTOU,,,,,,
dualsense.gatilho_adaptativo_esquerdo_l2.bluetooth,dualsense,gatilho,Gatilho adaptativo ESQUERDO (L2),bluetooth,sim,inferido-do-codigo,,sim,"core/backend_pydualsense.py:800-816, :852",hidraw,"output 0x31, common[21..31] = report[24..34]; flag0 0x08.",0x31,common[21..31] = report[24..34],,,,,MONTOU,,,,,,
dualsense.gatilho_modos_do_firmware_enum.ambos,dualsense,gatilho,Gatilho — modos do firmware (enum),ambos,sim,medido,"Ela mediu pelo TATO em 01/08: sete presets não faziam NADA (três mandavam 0x05, que é o OFF; quatro mandavam o modo oficial sem o BITMASK de zonas).",parcial,"core/trigger_effects.py:105-130, :461-481, :81",hidraw,"byte 0 do bloco: 0x00 Off (MEDIDO), 0x05 Off oficial, 0x21 Feedback, 0x25 Weapon, 0x26 Vibration, 0x22 Bow, 0x23 Galloping, 0x27 Machine; legados 0x01/0x02/0x06; 0xFC/0xFD/0xFE DEBUG bloqueados.",0x02 / 0x31,common[10] / common[21],"Empacotamento oficial: [1,2] = activeZones bitmask u16LE; [3..6] = forceZones u32LE com TRÊS BITS por zona e valor = strength-1 (strength 0 = zona INATIVA); Vibration [9] = frequência.",,,,,,,,,,DIVERGÊNCIA VIVA: `weapon()` manda PULSE_B = 0x06 (Simple_Vibration legado) e `vibration()` manda PULSE_A = 0x22 (Bow). Confirmado no código hoje (trigger_effects.py:461 e :474). Ficaram fora do grupo dos SETE curados e do dos CINCO travados por sensação — ninguém mediu se fazem alguma coisa.
dualsense.gatilho_leitura_do_estado_o_que_o_gatilho_es.usb,dualsense,gatilho,Gatilho — LEITURA do estado (o que o gatilho está sentindo),usb,sim,afirmado-no-doc,Busca em toda a árvore não encontra leitura nenhuma desse nibble. Era a entrega E5 da TRIGGER-CANON-01 e ficou de fora.,não,,hidraw,"Nibble ALTO do byte de status de cada gatilho no report de ENTRADA (a Apple nomeia os estados: feedbackNoLoad, weaponFiring, etc.).",0x01,não localizado no código (nenhum consumidor),,,,,,,,,,,O offset exato do byte de status não está registrado no código deste projeto — não localizado.
dualsense.gatilho_leitura_do_estado.bluetooth,dualsense,gatilho,Gatilho — LEITURA do estado,bluetooth,sim,afirmado-no-doc,,não,,outro,"idem, no report 0x31 de entrada.",0x31,não localizado,,,,,,,,,,,
dualsense.girosc_pio_dado_para_o_jogo_espelho_ao_vpad.usb,dualsense,movimento,Giroscópio — dado para o JOGO (espelho ao vpad),usb,sim,medido,"SENSOR-VIVO-01 (29/07): giroscópio CHEGA ao jogo, motion_streaming=true, motion_hz=189,2.",sim,"core/physical_report_reader.py:102-118, :288-311, :970",uhid,"2º fd O_RDONLY no hidraw do físico; `_struct_base` reconhece o report 0x01 e o payload começa em report[1]; copia VERBATIM report[16..40] (payload[15..39]) para `vpad.forward_motion`, injetado no report 0x01 do vpad via /dev/uhid.",0x01 (entrada USB),giroscópio payload[15..20] = report[16..21],"Zero matemática no caminho — cópia byte a byte. Escala do aparelho: 1024 LSB por grau/s (±2048 °/s), confirmado no fonte do kernel instalado.",,,,MONTOU,,,,,,"Teto de silêncio antes de largar o fd: 1,0 s por USB (contra 30,0 s por BT), decidido pelo bus HID do sysfs."
dualsense.girosc_pio_dado_para_o_jogo_espelho_ao_vpad.bluetooth,dualsense,movimento,Giroscópio — dado para o JOGO (espelho ao vpad),bluetooth,sim,medido,Medido 03/08 com os controles PARADOS: ~300 Hz de reports lidos do hidraw. O DualSense por BT NÃO emudece em repouso — a premissa BT-SURDO-01 caiu.,sim,core/physical_report_reader.py:285-311,uhid,"idem, mas o portão EXIGE report 0x31 com 78 bytes exatos e CRC-32 válido (seed 0xA1 sobre os 74 primeiros); payload começa em report[2]; janela = report[17..42].",0x31 (entrada BT),giroscópio payload[15..20] = report[17..22],"Teto de silêncio de 30,0 s por BT (o motivo original — ""o firmware BT emudece em repouso"" — foi refutado; o teto continua por outro defeito).",,,,MONTOU,,,,,,"FURO ABERTO (BT-FURO-FINO-01 defeito 1), CONFIRMADO NO CÓDIGO HOJE: `_struct_base` NÃO testa o bit1 de report[1] (INPUT_FLAG_AUDIO = 0x02). O pacote de áudio do microfone tem o MESMO id 0x31, o MESMO tamanho e CRC VÁLIDO — logo bytes de Opus entrariam como giroscópio. O irmão dualsense_bt_audio.py:265 FAZ a checagem. Inerte só porque a ponte de mic nasce DESLIGADA."
dualsense.girosc_pio_n_mero_para_a_interface.usb,dualsense,movimento,Giroscópio — número para a INTERFACE,usb,sim,inferido-do-codigo,,sim,"core/evdev_reader.py:1754-1768, :1460; daemon/sensor_hub.py",evdev,"Nó evdev ""… Motion Sensors"" já decodificado pelo kernel; lê ABS_RX/RY/RZ e divide pela `resolution` que o node DECLARA (o hardcode 1024 é só fallback). Nasce e morre por demanda no SensorHub (TTL 5 s).",—,ABS_RX / ABS_RY / ABS_RZ,Existe mesmo com a emulação desligada.,,,,MONTOU,,,,,,Funcionava por ACIDENTE até 09/08: o kernel classifica o nó como ID_INPUT_ACCELEROMETER=1 e a 70-uaccess.rules do sistema só dá ACL a ID_INPUT_JOYSTICK. Só funcionava porque ela está no grupo `input` POR FORA do produto. Curado com a regra 72-hefesto-touchpad-motion-uaccess.rules.
dualsense.girosc_pio_n_mero_para_a_interface.bluetooth,dualsense,movimento,Giroscópio — número para a INTERFACE,bluetooth,sim,inferido-do-codigo,,sim,core/evdev_reader.py:1771-1840,evdev,idem — o nó evdev é criado pelo kernel nos dois transportes; a rota não ramifica.,—,ABS_RX / ABS_RY / ABS_RZ,,,,,MONTOU,,,,,,
dualsense.girosc_pio_taxa_declarada_vs_entregue.ambos,dualsense,movimento,Giroscópio — TAXA declarada vs entregue,ambos,sim,incerto,Confirmado que o vpad é Edge por construção. A TAXA nunca foi medida.,parcial,integrations/uhid_gamepad.py:123,uhid,"O SDL declara DualSense USB 250 Hz, BT 1000 Hz, Edge USB 1000 Hz. O vpad deste projeto se declara EDGE (PID 0x0DF2) e entrega os ~250 Hz do físico.",—,—,Um jogo que integre velocidade angular pela taxa DECLARADA teria escala 4x errada.,,,,,,,,,,"NÃO MEDIDO, e a ""sprint GYRO-EDGE-RATE-01"" que a referência canônica cita NÃO EXISTE como arquivo. Só medível contra a SDL3 que a Steam distribui, nunca contra a libSDL2 do sistema."
dualsense.aceler_metro_dado_para_o_jogo.usb,dualsense,movimento,Acelerômetro — dado para o JOGO,usb,sim,inferido-do-codigo,O kernel confirma DS_ACC_RES_PER_G = 8192 (±4 g).,sim,core/physical_report_reader.py:102-107,uhid,Viaja como bytes OPACOS dentro da mesma janela de 25 B copiada ao vpad (payload[21..26]).,0x01,payload[21..26] = report[22..27],,,,,MONTOU,,,,,,"O nome ""janela de motion"" subestima o que ela carrega: giroscópio, acelerômetro, sensor_timestamp E os dois pontos de toque."
dualsense.aceler_metro_dado_para_o_jogo.bluetooth,dualsense,movimento,Acelerômetro — dado para o JOGO,bluetooth,sim,inferido-do-codigo,,sim,core/physical_report_reader.py:296-315,uhid,"idem, sob o portão de CRC do 0x31 (payload[21..26] = report[23..28]).",0x31,payload[21..26] = report[23..28],,,,,MONTOU,,,,,,
dualsense.aceler_metro_n_mero_para_a_interface.ambos,dualsense,movimento,Acelerômetro — número para a INTERFACE,ambos,sim,inferido-do-codigo,Não há acelerômetro na interface. Nenhum caminho do Hefesto o converte em número.,não,core/evdev_reader.py:1781-1783,evdev,"Nenhum. O `MotionSensorReader` diz explicitamente que ABS_X/Y/Z são o acelerômetro e ""não entram aqui"".",—,ABS_X / ABS_Y / ABS_Z (não lidos),"Para o produto, o acelerômetro não é um número — é PASSAGEM.",,,,,,,,,,"Não há registro dizendo se isso é lacuna ou decisão. A pergunta ""alguém quer o acelerômetro em número?"" não está respondida em lugar nenhum."
dualsense.calibra_o_da_imu_feature_report_0x05.usb,dualsense,movimento,Calibração da IMU (feature report 0x05),usb,sim,inferido-do-codigo,,sim,"core/backend_pydualsense.py:1069-1131, :87-123",hidraw,"HIDIOCGFEATURE num fd efêmero (NÃO a get_feature_report da hidapi, que corta o report id), 41 bytes; carimbado no blueprint do vpad.",0x05 (feature),41 bytes,"IMUTÁVEL por unidade — cachear por MAC está certo. Sem isso, a calibração canônica de UMA unidade faz as outras derivarem.",,,,MONTOU,,,,,,
dualsense.calibra_o_da_imu_feature_report_0x05.bluetooth,dualsense,movimento,Calibração da IMU (feature report 0x05),bluetooth,sim,inferido-do-codigo,É o ÚNICO ramo por transporte na leitura de feature.,sim,core/backend_pydualsense.py:1125,hidraw,"idem, mas SÓ por BT os quatro últimos bytes são validados como CRC-32 seed 0xA3 antes de aceitar. Falha ⇒ None e o vpad fica com o 0x05 canônico embutido.",0x05 (feature),4 últimos bytes = CRC-32 seed 0xA3,,,,,MONTOU,,,,,,
dualsense.touchpad_os_dois_pontos_de_toque_ao_jogo.usb,dualsense,toque,Touchpad — os DOIS pontos de toque (ao jogo),usb,sim,medido,Medido ao vivo com o dedo FORA do touchpad: o 0x80 aparece em payload[32] e payload[36].,sim,integrations/uhid_gamepad.py:455-486; core/physical_report_reader.py:102-107,uhid,Viajam dentro da janela crua de 25 B copiada ao vpad: payload[32..35] e payload[36..39].,0x01,payload[32..35] e [36..39] = report[33..36] e [37..40],"Geometria confirmada no fonte do kernel: 1920x1080, 2 pontos, DS_TOUCH_POINT_INACTIVE = BIT(7) — a flag de contato é INVERTIDA (0x80 = SEM dedo).",,,,MONTOU,,,,,,
dualsense.touchpad_os_dois_pontos_de_toque_ao_jogo.bluetooth,dualsense,toque,Touchpad — os DOIS pontos de toque (ao jogo),bluetooth,sim,inferido-do-codigo,,sim,core/physical_report_reader.py:296-315,uhid,"idem, sob o portão de CRC do 0x31.",0x31,payload[32..35] e [36..39] = report[34..37] e [38..41],,,,,MONTOU,,,,,,Mesmo furo do bit de ÁUDIO: um quadro Opus com CRC válido entraria como pontos de toque.
dualsense.touchpad_o_clique_bot_o.usb,dualsense,toque,Touchpad — o CLIQUE (botão),usb,sim,medido,"SENSOR-VIVO-01: o clique NÃO chegava ao jogo — faltava uma linha de fiação, curada.",sim,"core/physical_report_reader.py:126-130, :815",uhid,"Bit 0x02 do payload[9] (BUTTONS2_OFFSET / TOUCHPAD_CLICK_BIT), lido por BORDA e entregue a `vpad.forward_touchpad_click`. O kernel nomeia o mesmo bit DS_BUTTONS2_TOUCHPAD.",0x01,payload[9] & 0x02 = report[10] & 0x02,"Não vem na janela de motion: tem caminho próprio, mas passa pelo MESMO `_struct_base` — um portão, dois consumidores.",,,,MONTOU,,,,,,"A disciplina é deliberada: se o clique tivesse parser próprio sem CRC, rádio corrompido viraria mapa abrindo sozinho no meio da partida."
dualsense.touchpad_o_clique_bot_o.bluetooth,dualsense,toque,Touchpad — o CLIQUE (botão),bluetooth,sim,inferido-do-codigo,,sim,"core/physical_report_reader.py:120-130, :288-311",uhid,"idem, com o portão de CRC do 0x31: payload[9] = report[11].",0x31,payload[9] & 0x02 = report[11] & 0x02,,,,,MONTOU,,,,,,
dualsense.touchpad_cursor_do_mouse_o_dedo.usb,dualsense,toque,Touchpad — cursor do mouse (o dedo),usb,sim,medido,VALIDADO POR ELA no desktop e no jogo (fd2bcb2).,sim,core/evdev_reader.py:1502-1546; daemon/subsystems/mouse.py:168-176,evdev,"Nó evdev separado ""… Touchpad"": ABS_X (0-1919), ABS_Y (0-1079), BTN_TOUCH → `TouchpadReader.consume_motion()` → REL_X/REL_Y no mouse uinput.",—,ABS_X / ABS_Y / BTN_TOUCH,"Leitura de UM dedo só — não há slot de multitoque (nenhum ABS_MT no arquivo). O aparelho entrega dois pontos e o vpad os repassa crus, mas o Hefesto enxerga um dedo.",,,,MONTOU,,,,,,"O curinga NOSSO `*DualSense*Touchpad` da regra 76 apagava o touchpad FÍSICO do libinput em USB, BT, Edge e vpad, nos TRÊS modos — o dedo andava e o cursor não. Curado: só o VPAD fica fora do libinput."
dualsense.touchpad_cursor_do_mouse_o_dedo.bluetooth,dualsense,toque,Touchpad — cursor do mouse (o dedo),bluetooth,sim,inferido-do-codigo,,sim,"core/evdev_reader.py:1448, :1502-1546",evdev,"idem — nó evdev criado pelo kernel nos dois transportes, sem ramo.",—,ABS_X / ABS_Y / BTN_TOUCH,,,,,MONTOU,,,,,,Mesma armadilha de ACL do giroscópio: ID_INPUT_TOUCHPAD=1 não ganhava ACL da 70-uaccess.rules. Curado em 09/08.
dualsense.touchpad_escrita_qualquer.ambos,dualsense,toque,Touchpad — ESCRITA (qualquer),ambos,não,inferido-do-codigo,"O campo `TouchpadColor` da pydualsense é, na verdade, a COR DA LIGHTBAR em common[44..46] — o nome engana.",não,,outro,"Não existe. Não localizei report, offset nem bit de saída de touchpad em src/.",—,—,,,,,,,,,,,
dualsense.microfone_mudo_no_firmware.usb,dualsense,audio,Microfone — MUDO no firmware,usb,sim,medido,,sim,"core/backend_pydualsense.py:793-798, :627-643, :2654; cli/app.py:211",hidraw,"output 0x02, common[9] bit4 (POWER_SAVE_MIC_MUTE = 0x10), autorizado por valid_flag1 bit1 (0x02). CLI `hefesto mic mute|unmute|release`; IPC `mic.set {muted: bool|null}`.",0x02,common[9] bit 0x10 = report[10]; flag1 0x02,"TRÊS estados, e a distinção é a doutrina AUDIO-OWNER-01: `true` muta; `false` é uma ORDEM (""desmuta"", e o hefesto passa a AFIRMAR isso em todo report, tirando o botão físico do jogo); `null` DEVOLVE a posse ao hid-playstation. A chave é obrigatória (omiti-la é erro -32003).",,,,MONTOU,,,,,,"Confundir `false` com `null` foi o defeito dos dois escritores: mandar common[9]=0x00 com o enable ligado a 60 Hz é ""desmuta"" por cima da decisão do kernel."
dualsense.microfone_mudo_no_firmware.bluetooth,dualsense,audio,Microfone — MUDO no firmware,bluetooth,sim,medido,Medido 03/08: mudo = 100% → 46% → 100%. A posse EVAPORA.,parcial,"core/backend_pydualsense.py:793-798, :476",hidraw,"output 0x31, common[9] = report[12]; flag1 0x02. Mesmo caminho, só o envelope muda.",0x31,common[9] bit 0x10 = report[12],`_mic_mute_desejado` é atributo de INSTÂNCIA do `_PinnedPyDualSense`. O handle é RECRIADO a cada reconexão e o `_reapply_desired` só re-pendura os `_OUTPUT_FIELDS` e os blocos crus de gatilho.,,,,,,,,,,"MIC-BT-DONO-01 continua PROPOSTA: um `mic unmute` evapora no próximo handle novo, em silêncio, e o firmware volta a mudo. Como reconexão é rotina no rádio, o defeito é muito mais visível por BT."
dualsense.microfone_led_do_bot_o_de_mudo.usb,dualsense,luz,Microfone — LED do botão de mudo,usb,sim,medido,Confirmado no código hoje: flag1 nasce com 0x01 ligado e NÃO é limpo em ramo nenhum; common[8] é escrito SEM `if`.,sim,"core/backend_pydualsense.py:793, :751, :2403-2416",hidraw,"output 0x02, common[8], autorizado por valid_flag1 bit0 (0x01).",0x02,common[8] = report[9]; flag1 0x01,,,,,MONTOU,,,,,,"LED-SEM-DONO-01 ABERTA: o common[8] é o único byte de áudio que ficou sem a disciplina de posse. Enquanto isso valer, ""o LED está apagado"" NÃO prova nada, e qualquer aceite que use o LED como evidência nasce inválido. A docstring de set_mic_led ainda diz ""outReport[9] USB / outReport[10] BT"" — o correto por BT é report[11]."
dualsense.microfone_led_do_bot_o_de_mudo.bluetooth,dualsense,luz,Microfone — LED do botão de mudo,bluetooth,sim,inferido-do-codigo,,sim,"core/backend_pydualsense.py:793, :751",hidraw,"output 0x31, common[8] = report[11]; flag1 0x01.",0x31,common[8] = report[11],,,,,MONTOU,,,,,,Mesma falta de dono do USB.
dualsense.microfone_volume.usb,dualsense,audio,Microfone — VOLUME,usb,sim,medido,"Busca por `microphone=` em src/ e tests/ devolve ZERO chamadas — confirmado hoje. O byte 6 nunca é escrito, o bit 0x40 nunca liga, o firmware segue dono do campo.",não,core/backend_pydualsense.py:644-672 (sem chamadores),hidraw,"output 0x02, common[6], teto REAL 0x40, autorizado por valid_flag0 bit6 (0x40). Porta existe: `set_audio_volumes(microphone=...)`.",0x02,common[6] = report[7]; flag0 0x40,Cura escrita e nunca ligada — a classe de defeito mais cara desta casa.,,,,,,,,,,"O kernel desta máquina NOMEIA o campo (`mic_volume`, comentário `0x0 - 0x40`), então a faixa não é de comunidade: está no fonte."
dualsense.microfone_volume.bluetooth,dualsense,audio,Microfone — VOLUME,bluetooth,sim,inferido-do-codigo,Mesma ausência de chamador.,não,core/backend_pydualsense.py:644-672,hidraw,"output 0x31, common[6] = report[9]; flag0 0x40.",0x31,common[6] = report[9],,,,,,,,,,,
dualsense.microfone_capta_o_do_udio_o_sinal.usb,dualsense,audio,Microfone — CAPTAÇÃO do áudio (o sinal),usb,sim,medido,O drop-in 51-hefesto-dualsense-no-default-source.conf INVERTEU de sentido em 08/08: deixou de SUPRIMIR e virou PROMOTOR (priority.session = 1500).,sim,integrations/audio_control.py:1-60; cli/app.py:211,alsa-pipewire,"Placa USB Audio do próprio controle (snd-usb-audio) → PipeWire. Gestos: CLI `hefesto mic on|off|promote|demote` (mexe em drop-ins do WirePlumber, não em HID).",—,—,"O nome do arquivo é o FÓSSIL da regra antiga e ajudou a esconder a inversão — o doctor continuou imprimindo [FAIL] para a condição que o próprio produto criava, até 10/08.",,,,MONTOU,,,,,,"A regra udev 75-ps5-controller-disable-usb-audio.rules DESLIGA as interfaces de áudio USB do controle por inteiro (sem mic E sem fone). É OPT-IN — só instalada com `install_udev.sh --disable-usb-audio`. Se estiver instalada, TODA esta linha e as de alto-falante/fone/haptics por cabo ficam mortas."
dualsense.microfone_capta_o_do_udio_o_sinal.bluetooth,dualsense,audio,Microfone — CAPTAÇÃO do áudio (o sinal),bluetooth,sim,medido,"Medido ao vivo em 25/07, protocolo conferido byte a byte contra o DS5Dongle. O DualSense NÃO anuncia perfil de áudio BT: UUIDs = HID 0x1124 + PnP 0x1200; Class of Device 0x002508, com o bit de ÁUDIO (0x200000) AUSENTE.",parcial,"integrations/dualsense_bt_audio.py:27-53, :262-266; daemon/subsystems/bt_mic.py:57-73",hidraw,"NÃO há A2DP/HFP. Ponte por HID: ligar = output 0x32 de 142 B, corpo TLV [0x11|0x80][1][0b011 liga / 0b010 desliga], CRC-32 seed 0xA2 em [138..141]. Ouvir = input 0x31 com bit1 do byte [1] ligado, 71 B de Opus mono 48 kHz em [3..73], CRC seed 0xA1. CLI `hefesto mic bt` / `mic bt-status`.","0x32 (saída) / 0x31 (entrada, bit de áudio)","TLV tag 0x11|0x80; entrada report[1] & 0x02, Opus em [3..73]","IMPLEMENTADO POR INTEIRO, mas NASCE DESLIGADO por opt-in (HEFESTO_DUALSENSE4UNIX_BT_MIC=1). Duas razões escritas: privacidade e banda. Não confundir ""não implementado"" com ""não ligado por padrão"".",,,,,,,,,,"Preço MEDIDO: mic desligado 260,4 Hz de input; ligado 170,5 Hz de input + 106,2 Hz de áudio. O áudio não abre canal novo — divide a fila. BT-MIC-GATING-01 ABERTO. E os números publicados de ""55-75% de mudo / ~40% do sinal"" estão CADUCOS (obtidos com um desmutador acidental no ar) — o README ainda os publica."
dualsense.alto_falante_volume.usb,dualsense,audio,Alto-falante — VOLUME,usb,sim,medido,"O kernel escreve speaker_volume = 0x64 com o comentário ""the accepted range seems to be [0x3d..0x64]"".",sim,core/backend_pydualsense.py:2497-2610; cli/app.py:251,hidraw,"output 0x02, common[5], teto 0xFF, autorizado por valid_flag0 bit5 (0x20). CLI `hefesto speaker volume <0-100>`; IPC `speaker.set {volume: 0-255}`.",0x02,common[5] = report[6]; flag0 0x20,O mesmo pedido escreve o fone (common[4]) e o alto-falante (common[5]). Duas guardas de raiz: `muted` sem volume conhecido é RECUSADO; pedido sem volume herda o valor VIGENTE em vez de assumir zero.,,,,MONTOU,,,,,,"A RÉGUA mede hardware que o código não produz mais: a curva de speaker_scale.py (mudo até 38, satura em 102) foi levantada SEM o pré-amplificador, que o código passou a escrever em 01/08. E2 da SOM-ROTA-01 não entregue."
dualsense.alto_falante_volume.bluetooth,dualsense,audio,Alto-falante — VOLUME,bluetooth,sim,inferido-do-codigo,Implementado sem gate de transporte — mas NÃO MEDIDO por BT.,sim,"core/backend_pydualsense.py:780-790, :852",hidraw,"output 0x31, common[5] = report[8]; flag0 0x20. Sem gate de transporte.",0x31,common[5] = report[8],,,,,MONTOU,,,,,,"Mexer no volume por BT é mexer no volume de algo que NINGUÉM está tocando, porque não há caminho de dados de áudio de saída por BT."
dualsense.alto_falante_pr_amplificador.usb,dualsense,audio,Alto-falante — PRÉ-AMPLIFICADOR,usb,sim,medido,"O kernel 6.18 escreve TRÊS campos para o alto-falante soar: rota (common[7]), volume (common[5]) e pré-amp (common[37]). Esta árvore escrevia SÓ o volume até 01/08.",sim,core/backend_pydualsense.py:780-790; core/ds_output_report.py:144-160,hidraw,"output 0x02, common[37] bits 0-2 (SP_PREAMP_GAIN, valor 0x2 = +6 dB), autorizado por valid_flag1 bit7 (0x80). Escrito SEMPRE junto do volume.",0x02,common[37] bits 0-2 = report[38]; flag1 0x80,,,,,MONTOU,,,,,,"DIVERGÊNCIA doc×código: a §3 da referência canônica ainda afirma ""este projeto escreve só o volume"" — descreve o estado ANTERIOR à cura e induz a repetir trabalho feito."
dualsense.alto_falante_pr_amplificador.bluetooth,dualsense,audio,Alto-falante — PRÉ-AMPLIFICADOR,bluetooth,sim,inferido-do-codigo,,sim,"core/backend_pydualsense.py:780-790, :852",hidraw,"output 0x31, common[37] = report[40]; flag1 0x80.",0x31,common[37] bits 0-2 = report[40],,,,,MONTOU,,,,,,
dualsense.alto_falante_rota_de_sa_da_o_caso_zelda.usb,dualsense,audio,Alto-falante — ROTA de saída (o caso Zelda),usb,sim,medido,"MEDIDO COM A ORELHA DELA em 02/08, sinal estéreo de canais diferentes (440 Hz à esquerda, 1200 Hz à direita): rota 3 ela OUVIU o bipe; rota 0 (sem fone plugado) ela NÃO ouviu. O OUTPUT_PATH_SEL surte efeito neste firmware.",sim,core/backend_pydualsense.py:259-287; daemon/ipc_handlers.py:3452-3467,hidraw,"output 0x02, common[7] bits 4-5 (OUTPUT_PATH_SEL), autorizado por valid_flag0 bit7 (0x80). Valores: 0 estéreo→fone, 1 L→fone mono, 2 L→fone e R→ALTO-FALANTE, 3 R→alto-falante. IPC `speaker.set {rota: 0-3}`.",0x02,common[7] bits 4-5 = report[8]; flag0 0x80,"O byte 7 carrega DUAS coisas — a rota (bits 4-5) E o caminho do microfone (bits 0-3, 6-7). A base é `FORCE_INTERNAL_MIC` (0x01), a mais conservadora afirmável, porque NÃO HÁ COMO LER o byte que o firmware usa.",,,,MONTOU,,,,,,"REGRESSÃO MEDIDA em 02/08: ao pedir rota, o common[7] era escrito com base ZERO, apagando o FORCE_INTERNAL_MIC — o `parec` foi de 131072 bytes para ZERO e voltou quando a posse foi devolvida. Curada. O ipc-unix-socket.md ainda diz que common[7] não tem dono."
dualsense.alto_falante_rota_de_sa_da.bluetooth,dualsense,audio,Alto-falante — ROTA de saída,bluetooth,sim,inferido-do-codigo,Implementado sem gate; não medido por BT.,sim,"core/backend_pydualsense.py:259-287, :852",hidraw,"output 0x31, common[7] = report[10]; flag0 0x80.",0x31,common[7] bits 4-5 = report[10],,,,,MONTOU,,,,,,
dualsense.alto_falante_som_saindo_dados_de_udio.usb,dualsense,audio,Alto-falante — SOM SAINDO (dados de áudio),usb,sim,medido,"PARIDADE-SONY-01/SOM-02: funciona, e não passa pelo gamepad.",parcial,app/mic_monitor.py:235,alsa-pipewire,"Canais 1-2 da placa USB Audio de 4 canais do controle, via PipeWire/ALSA. Quem toca é o SISTEMA — o Hefesto só mexe nos registradores.",—,canais 1-2 do sink alsa_output.usb-...analog-surround-40,O Hefesto NÃO envia PCM. Ele mexe no volume e na rota de algo que outra pessoa toca.,,,,,,,,,,"Se a regra 75 (opt-in) estiver instalada, este caminho não existe: o controle perde áudio POR INTEIRO."
dualsense.alto_falante_som_saindo_dados_de_udio.bluetooth,dualsense,audio,Alto-falante — SOM SAINDO (dados de áudio),bluetooth,desconhecido,incerto,"Zero linhas de implementação. A metade de SAÍDA da ponte de áudio (o fone dela) precisa ser escrita à mão, do report ao PipeWire.",não,integrations/dualsense_bt_audio.py:219 (declaração sem uso),outro,NÃO IMPLEMENTADO. `BLOCO_SPEAKER = 0x13` está declarado em UMA linha e não é referenciado em nenhum caminho de escrita (confirmado hoje: as outras ocorrências são a dica de interface DICA_BLOCO_SPEAKER).,"0x39 ou 0x32 — CONTRADIÇÃO INTERNA, nenhum medido",não localizado,O host SABE fazer A2DP/HFP (o adaptador expõe org.bluez.Media1 com A2DP Source e Sink; a libspa-bluez5 traz aptX/LDAC/LC3/mSBC/G722). O CONTROLE é que não oferece.,,,,,,,,,,Pré-requisito declarado antes da primeira linha: decidir por MEDIÇÃO se o report é 0x39 (dualsense_bt_audio.py) ou 0x32 (referência canônica).
dualsense.sa_da_de_udio_dedicada_do_controle_distinta_.usb,dualsense,audio,Saída de áudio DEDICADA do controle (distinta do HDMI),usb,sim,medido,Nome do sink medido nesta máquina em 01/08: alsa_output.usb-Sony_Interactive_Entertainment_DualSense_Wireless_Controller-00.analog-surround-40,parcial,app/mic_monitor.py:227-246; assets/75-ps5-controller-disable-usb-audio.rules,alsa-pipewire,"O DualSense enumera como placa USB Audio própria (interfaces de classe 01: If0/If1/If2), perfil `Analog Surround 4.0`. Seleção de sink pelo PipeWire.",—,—,"O `-00` é o desempate POSICIONAL do PipeWire (a string de serial USB do DualSense é a mesma em todos) — NÃO é a identidade do controle. Dois DualSense no cabo publicam sinks cujos nomes não os distinguem, e `escolher_sink` devolve None de propósito nesse caso.",,,,,,,,,,Este é o canal em que moram os HAPTICS VCM (canais 3-4). A regra 75 mata os dois de uma vez.
dualsense.sa_da_de_udio_dedicada_do_controle.bluetooth,dualsense,audio,Saída de áudio DEDICADA do controle,bluetooth,não,medido,"MEDIDO em 07/08 na máquina dela: registro do BlueZ traz UUIDs HID 0x1124 + PnP 0x1200 e mais nada; Class of Device 0x002508 — major Peripheral, minor Gamepad, bit de ÁUDIO (0x200000) AUSENTE. O DualShock 4 dela traz o mesmo par.",não,,outro,Não existe. O aparelho não anuncia perfil de áudio Bluetooth.,—,—,"IMPOSSÍVEL por A2DP/HFP: zero cards. A ponte por HID é o ÚNICO caminho concebível, e a metade de saída não tem código.",,,,,,,,,,"docs/usage/bluetooth.md:138-141 AINDA diz que o áudio por BT ""usa protocolo proprietário e continua fora de escopo"" — dívida apontada em 03/08 e não paga em 10/08."
dualsense.fone_de_ouvido_jack_do_controle_volume.usb,dualsense,audio,Fone de ouvido (jack do controle) — VOLUME,usb,sim,inferido-do-codigo,O kernel desta máquina NOMEIA headphone_volume com comentário `0x0 - 0x7f` — a faixa está no fonte.,sim,core/backend_pydualsense.py:2497-2610; core/ds_output_report.py:74,hidraw,"output 0x02, common[4], teto 0x7F, autorizado por valid_flag0 bit4 (0x10). Escrito com o MESMO valor do alto-falante em toda chamada de set_speaker_volume.",0x02,common[4] = report[5]; flag0 0x10,,,,,MONTOU,,,,,,"O bit de AUTORIZAÇÃO, porém, NÃO está no kernel: ele define SPEAKER_VOLUME_ENABLE (bit5), MIC_VOLUME_ENABLE (bit6) e AUDIO_CONTROL_ENABLE (bit7), mas nenhum bit4 para o fone. O VALID_FLAG0_HEADPHONE_VOLUME = 0x10 desta árvore é de fonte de COMUNIDADE. E a curva foi levantada pelo ALTO-FALANTE: se o amplificador do fone usar os 255 de verdade, quem tiver headset perde o curso acima de 102. Nunca medido."
dualsense.fone_de_ouvido_jack_do_controle_volume.bluetooth,dualsense,audio,Fone de ouvido (jack do controle) — VOLUME,bluetooth,sim,inferido-do-codigo,,sim,"core/backend_pydualsense.py:2497-2610, :852",hidraw,"output 0x31, common[4] = report[7]; flag0 0x10.",0x31,common[4] = report[7],,,,,MONTOU,,,,,,
dualsense.udio_leitura_de_volta_qualquer_registrador.ambos,dualsense,audio,Áudio — LEITURA de volta (qualquer registrador),ambos,não,inferido-do-codigo,"`release_speaker_volume` zera os quatro bytes e o pré-amp e mata a preferência guardada, mas NÃO restaura valor nenhum.",não,"core/backend_pydualsense.py:674-687, :2612-2652",outro,"Não existe. Não há report de entrada nem feature que devolva volume, rota, pré-amp ou o mudo de firmware.",—,—,"O que se devolve é o CONTROLE, nunca o número — o firmware fica com o último valor que mandamos.",,,,,,,,,,Nenhum texto do produto pode prometer restauração. É por isso que `speaker mute` como primeira escrita é RECUSADO.
dualsense.bateria_percentual_e_estado_de_carga.usb,dualsense,energia,Bateria — percentual e estado de carga,usb,sim,medido,"O diário declara as DUAS réguas na MESMA linha (pct_kernel e pct_handle): se discordarem em mais de um degrau, o resultado é sobre o INSTRUMENTO, não sobre a bateria.",sim,core/backend_pydualsense.py:3647-3675; daemon/battery_journal.py:91-94; core/physical_report_reader.py:156-172,sysfs,"TRÊS leituras independentes: (1) `ds.battery.Level` do handle da pydualsense; (2) /sys/class/power_supply/ps-controller-battery-<mac>/capacity + status, lido pelo diário a cada 30 s; (3) payload[52] do report cru — nibble baixo = nível (nibble*10+5), nibble alto = estado de carga. CLI `hefesto battery`.",0x01 (para a rota 3),payload[52] = report[53],"Decodificação: 0x0 descarregando, 0x1 carregando, 0x2 cheio (vira 100% carregando), 0xa/0xb/0xf desconhecido.",,,,MONTOU,,,,,,"A §6 da canônica lista o byte 52 só como `ucBatteryLevel` e NÃO menciona o nibble ALTO de estado de carga, que o kernel nomeia e o código decodifica em cinco casos."
dualsense.bateria_percentual_e_estado_de_carga.bluetooth,dualsense,energia,Bateria — percentual e estado de carga,bluetooth,sim,inferido-do-codigo,,sim,"core/physical_report_reader.py:156-172, :899",sysfs,"idem, com payload[52] = report[54] no 0x31 (sob o portão de CRC).",0x31,payload[52] = report[54],,,,,MONTOU,,,,,,
dualsense.bateria_espelho_ao_jogo_vpad.ambos,dualsense,energia,Bateria — espelho ao JOGO (vpad),ambos,sim,medido,"`forward_battery` existia desde 15/07 (69951a7) com ZERO chamadores em src/ — 25 dias anunciando ""5% descarregando"" para sempre. Chamador fiado em 09/08.",sim,"core/physical_report_reader.py:151-171, :899",uhid,"`PhysicalReportReader` → `vpad.forward_battery`, que escreve o byte 52 do report do vpad. Sem dado, manda 0x1F (""cheio e carregando"").",0x01 (no vpad),payload[52],"O default 0x1F é deliberado: zerado, o vpad anunciaria 5% descarregando eternamente.",,,,MONTOU,,,,,,"Caso exemplar do padrão ""a casa sabe e o produto não faz""."
dualsense.detec_o_de_fone_microfone_plugados_status1.usb,dualsense,audio,Detecção de fone/microfone plugados (status1),usb,sim,medido,"Cura entrou em 09/08 (JACK-QUE-NÃO-LIGOU-01), quatro dias DEPOIS do último commit da referência canônica.",sim,"core/physical_report_reader.py:857; integrations/uhid_gamepad.py:507-536, :1729",uhid,"payload[53] do report de entrada: bit0 HP_DETECT, bit1 MIC_DETECT, bit2 MIC_MUTE — nomes que o kernel desta máquina define. Espelhado ao vpad por `forward_jack`, com máscara dos três bits conhecidos (0x07).",0x01,payload[53] = report[54]; bits 0x01/0x02/0x04,"É o único estado de áudio LIDO do controle, e chega sem I/O extra.",,,,MONTOU,,,,,,"DIVERGÊNCIA doc×código DUPLA e viva: a §6 da canônica afirma que ""o vpad NUNCA escreve o byte 53 — ele sai sempre 0x00"" (falso hoje) e conclui que ""o vpad anuncia fone e mic sempre plugados"" (leitura INVERTIDA — bits em zero declaram AUSÊNCIA). A doc não recebeu nota datada."
dualsense.detec_o_de_fone_microfone_plugados_status1.bluetooth,dualsense,audio,Detecção de fone/microfone plugados (status1),bluetooth,sim,inferido-do-codigo,"O módulo de áudio BT fala em ""byte 55, bit 2"" e a canônica em ""byte 53, bit 2"": NÃO é contradição — 53 é offset no PAYLOAD e 55 no report cru 0x31 (base 2).",sim,"core/physical_report_reader.py:103-105, :857",uhid,idem: payload[53] = report[55] no 0x31.,0x31,payload[53] = report[55],,,,,MONTOU,,,,,,
dualsense.bot_es_sticks_e_gatilhos_anal_gicos_entrada_.usb,dualsense,gatilho,"Botões, sticks e gatilhos analógicos (entrada bruta)",usb,sim,inferido-do-codigo,,sim,core/evdev_reader.py:1069-1083,evdev,"report de entrada 0x01: sticks e gatilhos em payload[0..5], contador em [6], botões e hat em [7..10]. Rota de interface: nó evdev do gamepad (BUTTON_MAP, 13 códigos).",0x01,payload[0..5] sticks/gatilhos; [7..10] botões,Só o gamepad ganhava ACL da 70-uaccess.rules do sistema (ID_INPUT_JOYSTICK) — por isso ele sempre funcionou e os nós auxiliares não.,,,,MONTOU,,,,,,
dualsense.bot_es_sticks_e_gatilhos_anal_gicos_entrada_.bluetooth,dualsense,gatilho,"Botões, sticks e gatilhos analógicos (entrada bruta)",bluetooth,sim,inferido-do-codigo,,sim,core/physical_report_reader.py:288-311,evdev,"report de entrada 0x31 (78 B, CRC seed 0xA1), mesmos offsets deslocados de 1; rota evdev idêntica.",0x31,payload[0..5]; [7..10],,,,,MONTOU,,,,,,
dualsense.atualiza_o_de_firmware.usb,dualsense,identidade,Atualização de FIRMWARE,usb,desconhecido,afirmado-no-doc,"Os dois documentos de firmware abrem com aviso em caixa alta: o Hefesto NÃO atualiza firmware — zero código, zero CLI, zero aba. As ""fases 2 e 3"" nunca começaram.",não,,outro,"NÃO LOCALIZADO no código. Pesquisa exploratória cita CDN da Sony, blob de 950272 bytes criptografado e feature reports 0xF4/0xF5 do dualsensectl upstream — nada conferido em hardware aqui.","0xF4/0xF5 (afirmado em pesquisa, não medido)",não localizado,,,,,,,,,,,"Registrado para ninguém ""descobrir"" isso como oportunidade."
dualsense.nfc_amiibo.ambos,dualsense,plataforma,NFC / amiibo,ambos,não,inferido-do-codigo,Nenhuma referência a NFC no caminho DualSense do hid-playstation nem em src/.,não,,outro,O DualSense NÃO TEM leitor NFC. (O Nintendo Pro tem os canais MCU e nenhum consumidor no Linux — mas isso é outro aparelho.),—,—,"AUSÊNCIA DE HARDWARE, não lacuna de produto.",,,,,,,,,,
dualsense.led_de_home_bot_o_ps_iluminado.ambos,dualsense,luz,LED de HOME / botão PS iluminado,ambos,não,inferido-do-codigo,"O caminho DualSense do hid-playstation registra `player_leds[5]` e o LED multicolor `:rgb:indicator`, e mais nada. O `:blue:player-5` que É um LED HOME pertence ao Nintendo Pro (hid-nintendo, subcomando 0x38), não a este controle.",não,,outro,O DualSense NÃO TEM LED de Home separado. O botão PS não é uma lâmpada endereçável; as luzes do aparelho são a lightbar (RGB) e os cinco player-LEDs brancos.,—,—,AUSÊNCIA DE HARDWARE.,,,,,,,,,,"O writer de externos do Hefesto trata o `:blue:player-5` do Pro como bit ""+5"" de jogador quando ele é o LED HOME de escala 0-15. Defeito conhecido, hoje inerte porque a luz dos externos está calada."
dualsense.desligar_o_controle_gerir_energia_por_softwa.ambos,dualsense,energia,Desligar o controle / gerir energia por software,ambos,desconhecido,inferido-do-codigo,"O único byte de energia que este projeto toca é common[9] (power_save_control), e só pelo bit4 de mudo do microfone.",não,,outro,NÃO LOCALIZADO para o DualSense. Não há subcomando de power-off nem de pareamento no caminho deste aparelho.,—,—,Importa porque o latch da lightbar por BT só é desfeito pelo POWER-OFF FÍSICO — e não há como provocá-lo por software.,,,,,,,,,,
