aba,feature,veredito,sinal,sinal_espera,sinal_escopo,gtk_onde,html_onde,gtk_faz,html_faz,porque
01-jogar,Os três modos do produto têm botão E escritor,IGUAL,app/actions/mode_transition.plan_mode_transition,PRESENTE,src/hefesto_dualsense4unix/interface/pacotes/a01_jogar.py,src/hefesto_dualsense4unix/app/actions/home_actions.py:2033 · src/hefesto_dualsense4unix/app/actions/home_actions.py:153,src/hefesto_dualsense4unix/interface/pacotes/a01_jogar.py:386 · src/hefesto_dualsense4unix/interface/pacotes/a01_jogar.py:515 · src/hefesto_dualsense4unix/interface/paginas/01-jogar.html:1126 · src/hefesto_dualsense4unix/interface/paginas/01-jogar.html:1170,SegmentedSelector de três posições (desktop/gamepad/native) montado em código; os rótulos são o léxico da casa,"interruptor Ligado(gamepad)/Desligado(native) + chip Navegação(desktop); os três delegam a `painel.plano_do_modo` → `plan_mode_transition`, sem uma linha de regra própria","Os dois lados perguntam ao MESMO dono da sequência de IPC (`app/actions/mode_transition.plan_mode_transition`), e `painel.MODOS_DA_TELA` (app/actions/jogar/painel.py:169) declara que o conjunto da tela é o conjunto de `mode_transition.MODES`. A FORMA muda (interruptor+chip contra fileira de três); o conjunto de modos e o caminho até o daemon, não."
01-jogar,A tela mostra em que modo o sistema ESTÁ agora,IGUAL,"data-campo=""modo-aceso""",PRESENTE,LADO-HTML,src/hefesto_dualsense4unix/app/actions/home_actions.py:2583 · src/hefesto_dualsense4unix/app/actions/home_actions.py:2604,src/hefesto_dualsense4unix/interface/pacotes/a01_jogar.py:379 · src/hefesto_dualsense4unix/interface/pacotes/a01_jogar.py:454 · src/hefesto_dualsense4unix/interface/aba01.py:1088 · src/hefesto_dualsense4unix/interface/paginas/01-jogar.html:1584,a cada tique de 2 s o seletor recebe `set_active_id(modo_exibido)` derivado de `mode_of_state(state)`,"`_estado_da_tela` lê `painel.hefesto_ligado` e `painel.modo_vivo` a cada tique e emite `hef-posicao` (as duas posições do interruptor) e `modo-aceso` (os chips da fileira); cada elemento decide por si pelo `data-hef-alvo=""classe""` + `data-hef-quando`","FECHOU em 03/09/2026, e o CSV descrevia o dia anterior. A linha dizia 'nem os `<label>` do interruptor nem os `.degrau` da fileira têm `data-campo`' — medido agora na página publicada: 2 `hef-posicao` e 4 `modo-aceso`, todos com alvo `classe`. A régua que tranca isto é `tests/unit/test_a_aba01_le_o_estado_em_vez_de_cravar.py::test_o_interruptor_e_o_chip_saem_do_daemon`, que TROCA `painel.modo_vivo` e cobra que o pacote a siga — um valor digitado no pacote reprova. || O QUE AINDA DIFERE, e é consequência de decisão dela e não gap: a GTK mostra a escolha PENDENTE enquanto ela não aplica (`modo_exibido = pendente or mode`); no HTML o clique aplica na hora (decisão dela de 01/09), então vigente e escolhido são a mesma coisa. Isso já é uma linha própria — 'Momento em que o clique vira ato'."
01-jogar,Momento em que o clique vira ato (marcar × aplicar na hora),DIFERENTE,_aplicar,PRESENTE,src/hefesto_dualsense4unix/interface/pacotes/a01_jogar.py,src/hefesto_dualsense4unix/app/actions/home_actions.py:3048 · src/hefesto_dualsense4unix/app/actions/home_actions.py:3077 · src/hefesto_dualsense4unix/app/actions/footer_actions.py:272 · src/hefesto_dualsense4unix/app/actions/footer_actions.py:510 · src/hefesto_dualsense4unix/app/actions/footer_actions.py:1695,src/hefesto_dualsense4unix/interface/pacotes/a01_jogar.py:420 · src/hefesto_dualsense4unix/interface/pacotes/a01_jogar.py:493 · src/hefesto_dualsense4unix/interface/pacotes/a01_jogar.py:511 · src/hefesto_dualsense4unix/interface/pacotes/a01_jogar.py:535 · src/hefesto_dualsense4unix/interface/pacotes/a01_jogar.py:344,"o clique só MARCA a escolha (`marcar_escolha`); quem aplica é o 'Aplicar' verde do rodapé, que dispara `apply_mode(modo, flavor=mascara)`","o clique aplica na hora: `_aplicar(p, _plano(chave))` despacha os IPCs do plano imediatamente","Não é dívida — é decisão dela de 01/09 ('a interface nova é de ação imediata'), registrada em `pacotes/rodape.py:46-50`. O preço declarado: na GTK modo e máscara são decididos JUNTOS e aplicados numa transação só; no HTML cada chip é uma transação própria, então um caminho intermediário (ligar gamepad, depois trocar flavor) passa pelo daemon em dois tempos."
01-jogar,O modo/máscara escolhidos entram no perfil que ela salva,DIFERENTE,gravar_o_modo_no_ativo,PRESENTE,src/hefesto_dualsense4unix/interface/pacotes/perfil.py,src/hefesto_dualsense4unix/app/actions/home_actions.py:1763 · src/hefesto_dualsense4unix/app/actions/home_actions.py:1821 · src/hefesto_dualsense4unix/app/actions/footer_actions.py:1107,src/hefesto_dualsense4unix/interface/pacotes/perfil.py:408 · src/hefesto_dualsense4unix/interface/pacotes/perfil.py:446 · src/hefesto_dualsense4unix/interface/pacotes/a01_jogar.py:1703,"a escolha pendente é recolhida para o rascunho no 'Salvar', e o modo é registrado no `DraftConfig` — é a cura da queixa dela de 29/07 ('salvei o perfil e as configs não ficam salvas')","O interruptor e os três chips da fileira Modo gravam a escolha na seção `mode` do perfil ATIVO depois de o plano de IPC sair — pelo MESMO dono que a aba Perfis usa. `""none""` remove a seção, a máscara é zerada fora do modo jogo e preservada dentro dele, e a gravação nunca levanta.","O próprio rodapé do HTML escreve que não faz: *'o ""depois"" (modo e máscara) da janela estável vem de uma escolha PENDENTE da aba Início, que a interface nova ainda não guarda'*. Consequência concreta: ela escolhe 'Xbox' na 01, clica em 'Salvar Perfil' na 10, e o perfil grava a máscara que estava no disco — a escolha dela não entra. || REMEDIDO em 06/09/2026 pela PARIDADE-REMEDIR-01, com o texto da JOGAR-O-QUE-FALTA-01 e os endereços RELIDOS na costura: o DADO passou a ser o mesmo e a FORMA continua outra, por decisão dela: na GTK a escolha é recolhida no “Salvar” (`recolher_escolha_pendente_no_rascunho`); aqui o clique já aplica e já grava (D1/D2, 01/09). A régua mede pela OUTRA tela — o valor é lido por `perfis_web._pacote_do_editor`, que é o que o quadro Modo da aba 10 mostra —, e a regra ficou no módulo compartilhado, não numa terceira cópia dentro da aba."
01-jogar,A escolha de máscara chega ao daemon (o jogo vê o controle como),IGUAL,painel.CHIPS_DA_ESCADA,PRESENTE,src/hefesto_dualsense4unix/interface/pacotes/a01_jogar.py,src/hefesto_dualsense4unix/app/actions/home_actions.py:2086 · src/hefesto_dualsense4unix/app/actions/home_actions.py:164,src/hefesto_dualsense4unix/interface/pacotes/a01_jogar.py:478 · src/hefesto_dualsense4unix/interface/pacotes/a01_jogar.py:427,"SegmentedSelector xbox/dualsense da MÁQUINA; o 'Aplicar' manda `apply_mode(gamepad, flavor=...)`","os chips **Sony DualSense** e **Xbox** da fileira Modo, que mandam `gamepad.emulation.set{enabled:true, origin:'manual', flavor:...}` pelo mesmo plano","A máscara não é digitada no gesto: sai de `painel.CHIPS_DA_ESCADA` (app/actions/jogar/painel.py:467), que é o mesmo lugar que a GTK usa para traduzir chip→ponte. O `origin='manual'` vem no plano nos dois lados (sem ele o daemon lê como reconciliação automática e recusa com Steam Input na jogada — ORIGEM-QUE-MENTE-01)."
01-jogar,A tela mostra qual máscara está VIGENTE,IGUAL,"data-campo=""mascara-cartao""",PRESENTE,LADO-HTML,src/hefesto_dualsense4unix/app/actions/home_actions.py:2589 · src/hefesto_dualsense4unix/app/actions/home_actions.py:2662,src/hefesto_dualsense4unix/interface/pacotes/a01_jogar.py:148 · src/hefesto_dualsense4unix/interface/pacotes/a01_jogar.py:472 · src/hefesto_dualsense4unix/interface/aba01.py:834 · src/hefesto_dualsense4unix/interface/mesa_viva.py:349,"`set_active_id(mascara_exibida)` a cada tique, com o `flavor` do `state_full` e a guarda da pendência","dois lugares, e os dois lidos a cada tique: o chip da fileira Modo (`modo-aceso`, de `home_actions.mascara_do_aparelho`) e os três chips DENTRO de cada cartão (`mascara-cartao`, agora POR APARELHO — `mesa_viva` lê `gamepad_emulation.por_aparelho`)","FECHOU EM DOIS TEMPOS. O primeiro foi 03/09 de manhã: os chips ganharam `data-campo` e pararam de repetir o que o gerador cravou. O segundo é desta leva, e o primeiro ainda mentia: `mascara-cartao` era emitido como valor DE PÁGINA, e o piloto escreve valor de página em TODO elemento com aquele `data-campo` — a máscara da SESSÃO ia para os três chips dos quatro cartões. Com o P1 em `dualsense` e o P2 em `xbox` (que é o que o registro `external_mask` sabe guardar, e o que o desenho dela mostra) os dois cartões acendiam o MESMO chip. A bancada `jogar_vivo` já fazia certo; quem discordava era o produto. || A MORDIDA: devolva `mascara-cartao` a `DA_PAGINA` e emita-o em `_estado_da_tela` — `test_dois_controles_duas_mascaras` reprova com os dois cartões em DualSense. || O que ainda difere é a guarda da pendência, que é a outra metade da decisão dela de ação imediata — ver a linha 'Momento em que o clique vira ato'."
01-jogar,A caixa da máscara só aparece quando faz sentido,DIFERENTE,so-desligado,PRESENTE,src/hefesto_dualsense4unix/interface/paginas/01-jogar.html,src/hefesto_dualsense4unix/app/actions/home_actions.py:2648 · src/hefesto_dualsense4unix/app/actions/home_actions.py:2631,src/hefesto_dualsense4unix/interface/paginas/01-jogar.html:1121 · src/hefesto_dualsense4unix/interface/paginas/01-jogar.html:1162 · src/hefesto_dualsense4unix/interface/paginas/01-jogar.html:1177 · src/hefesto_dualsense4unix/interface/aba01.py:285,"`_home_gamepad_opts.set_visible(modo_exibido == 'gamepad')` a cada tique — a caixa segue a ESCOLHA dela, revisão que ela pediu vendo a tela em 08/08","as seções `.so-ligado`/`.so-desligado` aparecem por CSS a partir do `<input type=radio>` do interruptor, que muda só pelo `for=` do `<label>` — nunca pelo estado do daemon","Os dois escondem/mostram, mas por gatilhos diferentes: a GTK segue o estado (dela ou do daemon), o HTML segue só o último clique NESTA sessão de página. Trocar de aba recarrega o documento e o rádio volta ao `checked` do arquivo — a seção mostrada volta a 'Ligado' mesmo com o daemon em desktop."
01-jogar,"O custo da máscara Xbox, dito ANTES do clique",FALTA_NO_HTML,TEXTO_CUSTO_MASCARA_XBOX,AUSENTE,LADO-HTML,src/hefesto_dualsense4unix/app/actions/home_actions.py:377 · src/hefesto_dualsense4unix/app/actions/home_actions.py:2107 · src/hefesto_dualsense4unix/app/actions/home_actions.py:2671,src/hefesto_dualsense4unix/interface/aba01.py:205 · src/hefesto_dualsense4unix/interface/paginas/01-jogar.html:1167,"linha embaixo do seletor: 'Nesta máscara o jogo não recebe giroscópio, acelerômetro nem touchpad…' — e é o custo da máscara que a caixa MOSTRA, não da vigente",nada. As dicas dos chips foram encolhidas de 1.147 para 396 caracteres e a afirmação de perda saiu junto,"Caso em que os dois lados se contradizem e a decisão é dela, não minha: ela mandou tirar em 31/08 (*'independente do modo, todas as features vão funcionar. Então o tooltip falando o contrário é sem nexo'*), e a GTK continua afirmando o contrário com medição do fonte C atrás (`uinput_gamepad.py` declara 8 eixos, nenhum IMU). Registro como falta porque a MEDIÇÃO da GTK não foi derrubada — só a frase saiu de uma tela e não entrou na outra. || REMEDIDA em 06/09/2026 pela PARIDADE-REMEDIR-01, e continua FALTA_NO_HTML de propósito: a 24 HORAS deixa ""o custo da máscara antes do clique"" (10-Q6) FORA das 24 h (§10, ""O QUE NÃO ENTRA""), e a mesma seção diz onde a fila mora — ""o resto dos FALTA fica na régua"". O que a medição ACRESCENTA é que o lado HTML não está apenas calado: ele PROÍBE a frase, em código — `src/hefesto_dualsense4unix/interface/aba01.py:1723` recusa a geração se voltar ""sem giroscópio"", ""só chegam ao jogo por aqui"", ""só chegam ao jogo pelo"" ou ""sem touchpad para o jogo"", que são as duas afirmações que ela mandou cair em 31/08. A dívida que sobra é de MECANISMO, não de texto."
01-jogar,A descrição do modo escolhido,DIFERENTE,"data-gesto=""hefesto""",PRESENTE,src/hefesto_dualsense4unix/interface/paginas/01-jogar.html,src/hefesto_dualsense4unix/app/actions/home_actions.py:169 · src/hefesto_dualsense4unix/app/actions/home_actions.py:2039 · src/hefesto_dualsense4unix/app/actions/home_actions.py:2615 · src/hefesto_dualsense4unix/app/actions/home_actions.py:3029,src/hefesto_dualsense4unix/interface/paginas/01-jogar.html:1127 · src/hefesto_dualsense4unix/interface/paginas/01-jogar.html:1129 · src/hefesto_dualsense4unix/interface/paginas/01-jogar.html:1165 · src/hefesto_dualsense4unix/interface/paginas/01-jogar.html:1167 · src/hefesto_dualsense4unix/interface/paginas/01-jogar.html:1171,"linha permanente e visível abaixo do seletor, trocada no clique E no tique; três frases longas escritas para leiga","as frases viraram `title=` (tooltip de hover) nos rótulos do interruptor e nos chips, com outro texto e muito mais curtas","O fato é o mesmo, o canal não: a GTK escreve na tela (lê-se sem gesto), o HTML só no hover. E o texto diverge — a GTK diz de `native` 'Alguns jogos derrubam o controle no meio da partida neste modo'; o `title` do HTML diz 'o Hefesto sai do meio e o jogo fala direto com o controle', sem o aviso de derrubada. || DECIDIDO em 04/09/2026 — Na coluna Atenção, só má notícia. Casa com a D-10, que já mandou as três frases órfãs para lá. Onde está escrito: `docs/process/2026-09-04-O-PO-DECIDE-as-54-e-os-sete-conflitos.md` §2 `01[01]`, sobre a pergunta [01] de `docs/process/sprints/2026-09-04-DECISOES-DELA-01-jogar.md`. Não espera mais palavra dela."
01-jogar,A frase da PAUSA no lugar da promessa do modo,DIFERENTE,painel.avisos_do_estado,PRESENTE,src/hefesto_dualsense4unix/interface/pacotes/a01_jogar.py,src/hefesto_dualsense4unix/app/actions/home_actions.py:208 · src/hefesto_dualsense4unix/app/actions/home_actions.py:216 · src/hefesto_dualsense4unix/app/actions/home_actions.py:2614,src/hefesto_dualsense4unix/interface/pacotes/a01_jogar.py:817 · src/hefesto_dualsense4unix/interface/pacotes/a01_jogar.py:753,"com o Hefesto em pausa a descrição do modo SAI da tela e entra 'O Hefesto está em pausa: nada disto está acontecendo agora…' — substituição, não banner ao lado","A frase da PAUSA CHEGA À TELA, e chega pelo dono: `_avisos` faz `fora += list(painel.avisos_do_estado(ctx.state))` (a01_jogar.py:817), e o aviso `PAUSA` entra na coluna Atenção com a contagem. O que NÃO acontece é a SUBSTITUIÇÃO: a descrição do modo continua na tela ao lado do aviso.","A fonte já está declarada como aviso da tela em `app/actions/jogar/painel.py:646` (`Aviso('PAUSA', home_actions.texto_da_pausa, …)`) — mas quem consome `AVISOS_DA_TELA` é a bancada `interface/jogar_vivo.py:753,827`, isenta em pyproject.toml:247, e não o produto. Com o daemon pausado, a 01 do produto continua prometendo luz, vibração e jogador para cada controle. || REMEDIDA em 06/09/2026 pela PARIDADE-REMEDIR-01. **O `html_faz` descrevia o mundo de ontem** — dizia ""nada na 01; `state['paused']` não é lido por pacote nenhum"", e a `JOGAR-O-QUE-FALTA-01` derrubou isso medindo com `paused: True`: sai `[PAUSA] O Hefesto está em pausa…` e `atencao-conta = ""1 aviso""`. Conferido aqui no fonte: a chamada é código, não prosa (a01_jogar.py:817). Vira DIFERENTE e não IGUAL porque a GTK TROCA a promessa do modo pela frase da pausa (`home_actions._home_mode_desc`) e o HTML a ACRESCENTA na coluna Atenção — o mesmo fato, em dois lugares diferentes da tela."
01-jogar,O aviso 'entrei em Navegação e o mouse/teclado está desligado',DIFERENTE,painel.avisos_do_estado(ctx.state),PRESENTE,src/hefesto_dualsense4unix/interface/pacotes/a01_jogar.py,src/hefesto_dualsense4unix/app/actions/home_actions.py:919 · src/hefesto_dualsense4unix/app/actions/home_actions.py:902 · src/hefesto_dualsense4unix/app/actions/home_actions.py:912,src/hefesto_dualsense4unix/interface/pacotes/a01_jogar.py:875,"ressalva logo abaixo da descrição, com a lógica de transição em voo (sabe que o `mouse.emulation.restore` pode ainda estar chegando)","A coluna Atenção chama a MESMA função pura da janela antiga: `painel.AVISOS_DA_TELA` traz `home_actions.texto_do_desktop_sem_emulacao` com o selo `MODO`, e `_avisos` a consome em `fora += list(painel.avisos_do_estado(ctx.state))`. O terceiro argumento (`modo_mudou_agora`) fica de fora — uma fonte desta coluna é função pura de `state` —, e o preço está declarado: o aviso pode piscar por até 2 s na transição para o desktop.","É o MODO-QUE-NAO-CONTROLA-01, medido com ela ao vivo (*'cliquei em aplicar e nada'*). O HTML herdou o terceiro IPC que curou metade do defeito e não herdou a linha que cobre a outra metade — quando o restore não pega, o produto novo volta a ficar mudo exatamente onde a GTK aprendeu a falar. || REMEDIDA em 06/09/2026 pela PARIDADE-REMEDIR-02, com o trabalho da JOGAR-OS-SEIS-AVISOS-01. `DIFERENTE` e não `IGUAL` pelo precedente da linha 11 desta mesma aba, que é a irmã desta e já estava assim: a GTK põe a ressalva LOGO ABAIXO da descrição do modo, e aqui ela entra na coluna Atenção com selo, atrás do `+N` quando a coluna enche. Mesmo fato, lugares diferentes. E o `gtk_onde` estava MORTO por deslizamento — apontava :762, :2053 e :2621, que hoje abrem em código de outro assunto; medidos de novo e substituídos."
01-jogar,"Escolher a máscara POR CONTROLE, no cartão de cada um",SO_NO_HTML,gamepad.mask.set,PRESENTE,src/hefesto_dualsense4unix/interface/pacotes/a01_jogar.py,src/hefesto_dualsense4unix/app/actions/home_actions.py:2082,src/hefesto_dualsense4unix/interface/aba01.py:834 · src/hefesto_dualsense4unix/interface/pacotes/a01_jogar.py:898 · src/hefesto_dualsense4unix/interface/pacotes/a01_jogar.py:148 · mockup/01-jogar.html:2545,"não existe: a máscara é UMA para a máquina, num seletor só","os QUATRO cartões trazem os três chips com `data-gesto=""mascara""` e `data-campo=""mascara-cartao""`; o gesto `mascara_do_controle` manda `gamepad.mask.set {uniq, flavor}`, e o lugar VAZIO responde pelo nome ('Não há controle no lugar P3…') em vez de sumir calado","A DECISÃO É DELA, 03/09/2026: 'É uma máscara por controle. (…) Se isso não ocorre com os 4 controles em cada aba, então temos que construir isso e garantir isso.' || ERA MEIA FEATURE ATÉ ESTA LEVA: só os cartões p1 e p2 tinham endereço — `grep -c 'data-gesto=""mascara""'` devolvia 6, que é dois cartões vezes três chips. No produto a página é ESTÁTICA (quem remonta cartão é a bancada), então o cartão do P3 REABRE quando um terceiro controle chega e os três chips dele continuavam mudos ao clique e cegos à pintura. O ramo do gesto que responde pelo lugar vazio era código INALCANÇÁVEL. || MEDIDO no WebKit, com o daemon dela vivo (`scripts/ensaios/os_quatro_cartoes_mudam_a_mascara.py`): o p3 e o p4 dão `data-gesto=None` e SEM RESPOSTA. || A CAUSA QUE ESTAVA ESCRITA AQUI CAIU em 04/09/2026, e ela era ""o publicado não tem o gesto, a bancada tem"": `grep -c 'data-gesto=""mascara""'` dá **12 nos DOIS** — a página publicada e `mockup/01-jogar.html` são byte-idênticas, como as treze. O que separa o p3/p4 do p1/p2 na página é `data-conectado=""nao""`, que é ESTADO e não publicação. Publicar nunca foi a cura; falta remedir POR QUE o gesto não responde no cartão desconectado. A GTK não tem esta feature: lá a máscara é um seletor só, da sessão. || Zero pixel mudou: as duas fotos (`olhar.py`) saem byte a byte iguais. [noqa-acento: os literais sem acento nesta linha são CÓDIGO — o valor do atributo. Acentuá-los quebraria o casamento com o fonte.]"
01-jogar,O chip 'Steam Input' na fileira de modos,SO_NO_HTML,UseSteamControllerConfig,PRESENTE,src/hefesto_dualsense4unix/interface/pacotes/a01_jogar.py,src/hefesto_dualsense4unix/app/actions/home_actions.py:153,src/hefesto_dualsense4unix/interface/paginas/01-jogar.html:1168 · src/hefesto_dualsense4unix/interface/pacotes/a01_jogar.py:286,não existe na aba Início,"chip presente com `data-gesto=""modo-steam""` e sem `@gesto`; o motivo está escrito com endereço","É o degrau 4 da `ponte_escada.ESCADA` que a GTK nunca nomeou na tela. Fica inerte por um motivo medido e não por esquecimento: `UseSteamControllerConfig` só sobrevive com a Steam FECHADA (integrations/steam_input_ponte.py), então ligá-lo exige fechar a Steam, reabrir a Steam e reabrir o jogo. O endereço existe para o clique recusar DIZENDO, em vez de sumir calado."
01-jogar,A frase que conta os jogadores e separa adotado de externo,DIFERENTE,texto_da_contagem,PRESENTE,src/hefesto_dualsense4unix/interface/pacotes/__init__.py,src/hefesto_dualsense4unix/app/actions/home_actions.py:1504 · src/hefesto_dualsense4unix/app/actions/home_actions.py:2075 · src/hefesto_dualsense4unix/app/actions/home_actions.py:2753,src/hefesto_dualsense4unix/interface/pacotes/__init__.py:676 · src/hefesto_dualsense4unix/interface/mesa_viva.py:336,'2 controles = 2 jogadores' ou '3 controles na mesa: 2 pelo Hefesto e 1 que ele só vê' — e só afirma N jogadores quando o daemon numerou N,o cabeçalho das dez abas traz '● N controles:' + 'X USB · Y BT',"Há contagem nos dois, mas ela responde perguntas diferentes. Medido agora: a GTK escreveria `""""` (com `player=None` nos dois, ela se cala em vez de afirmar dois jogadores) e o HTML escreve '2 controles: 1 USB · 1 BT'. O HTML conta a mesa por TRANSPORTE; a GTK conta JOGADORES e nomeia quem o Hefesto só vê — a distinção que a I5 construiu e que responde à pergunta dela ('o produto funciona com 4 controles ao mesmo tempo?')."
01-jogar,"Cards dos controles EXTERNOS (Nintendo Pro, 8BitDo…)",DIFERENTE,_format_external_title,PRESENTE,LADO-HTML,src/hefesto_dualsense4unix/app/actions/home_actions.py:3003 · src/hefesto_dualsense4unix/app/actions/home_actions.py:1434 · src/hefesto_dualsense4unix/app/actions/home_actions.py:1472 · src/hefesto_dualsense4unix/app/actions/home_actions.py:2349,src/hefesto_dualsense4unix/interface/pacotes/a01_jogar.py:1 · src/hefesto_dualsense4unix/interface/hefesto_vivo.py:1 · src/hefesto_dualsense4unix/interface/aba01.py:1,"card no MESMO frame, depois dos adotados, com marca ('Controle 3 — 8BitDo') e a linha 'rádio · o Hefesto só vê'; o inventário é pedido no tique lento com teto próprio","um cartão por controle externo, num bloco embaixo da fileira dos quatro assentos — com o número do slot de co-op, a marca (que o OUI do MAC desmente quando o clone mente o VID), «cabo|rádio · o Hefesto só vê» e, só no Nintendo por rádio, o aviso da armadilha do driver. O inventário é pedido no tique lento com teto próprio, como o da GTK.","É a regressão que a I5 já tinha fechado uma vez na GTK: com dois DualSense e um 8BitDo na mesa a aba dizia '2 controles' ao lado de três cards noutra tela. O HTML nasce com o defeito de volta — um externo na mesa dela não aparece na 01 de forma nenhuma. (Não é ausência de dado: `controller.list {external:true}` responde; ninguém pergunta.) || CONFERIDA em 06/09/2026 pela PARIDADE-REMEDIR-01 e MANTIDA: a chave `external` continua sem leitor em `interface/`. Decisão dela do mesmo dia (`D-0609-EXTERNOS-DEPOIS`): a `EXTERNOS-01` está escrita e fica FORA das 24 horas, com o foco em quatro DualSense por cabo ou por rádio. Adiada, não cancelada. || REMEDIDA E REESCRITA em 06/09/2026 pela EXTERNOS-01, e o portão `paridade-gtk-html` foi quem cobrou: o sinal desta linha APARECEU no lado HTML, e ele manda medir de novo em vez de afrouxar a régua. A dívida fechou pela metade que faltava — **ninguém perguntava**. Agora o piloto pergunta `controller.list {external: true}` no tique LENTO, em thread e com teto próprio (`hefesto_vivo._talvez_ler_os_externos`, 4 s entre leituras e 3 s de espera — os DOIS números são os da janela antiga, `HomeActionsMixin.EXTERNOS_THROTTLE_S` e o `timeout_s` dela), e a lista viaja em campo PRÓPRIO do `pacotes.Contexto` (`externos`), **nunca dentro de `conectados`**: um externo não tem assento, e somá-lo ali faria o cabeçalho contar jogador que não existe, a fita oferecer um alvo que nenhum gesto alcança e `apagar_os_lugares_sem_dono` disputar um cartão que não é dele. || O VEREDITO É `DIFERENTE` E NÃO `IGUAL`, e a diferença é medida, não estilo — ver `html_faz`. || NADA DE TEXTO NOVO: as três frases vêm dos donos na janela antiga (`_format_external_title`, `_format_external_subtitle`, `external_controllers.nintendo_bt_warning`), que é o que impede as duas abas de discordarem sobre o mesmo aparelho. || SEM APARELHO NA BANCADA: não havia Pro nem 8BitDo na mesa em 06/09 (`/sys/bus/hid/devices` só com `054C:0CE6` e `054C:0DF2`), então a prova de APARELHO fica para a MESA-DE-QUATRO-01. O que se mediu foi o caminho inteiro do payload até o HTML, com dublê do `controller.list` e DOZE mordidas — `tests/unit/test_a_interface_ve_os_controles_que_o_hefesto_so_ve.py`. || O BLOCO SÓ ALCANÇA A TELA DELA DEPOIS DE ELA PUBLICAR: o endereço nasce na BANCADA (`mockup/`), e `interface/paginas/` é `nao_toca:` desta sprint. Até lá o pacote emite e o `querySelector` cai no vazio — nada regride. || A DIFERENÇA QUE SOBRA, e é ela que segura o `DIFERENTE`: a GTK põe o card no MESMO frame dos adotados; aqui ele vai num bloco à parte, e a classe é outra (`.ext-cartao`, não `.cartao`). Reusar `.cartao` daria ao externo `data-controle`, o alvo de edição da fita e uma vaga em `apagar_os_lugares_sem_dono` — três significados brigando no mesmo pixel, que é o erro que o `marcador-principal` já pagou uma vez nesta aba. E o cartão do externo NÃO tem cor de plástico nem bateria: a folha das 28 cores é dos DualSense e o daemon não lê a carga dele — campo sem informação não mostra nada."
01-jogar,Aviso de grab dobrado no card ('o jogo pode receber cada botão duas vezes'),DIFERENTE,painel.avisos_do_estado(ctx.state),PRESENTE,src/hefesto_dualsense4unix/interface/pacotes/a01_jogar.py,src/hefesto_dualsense4unix/app/actions/home_actions.py:1551 · src/hefesto_dualsense4unix/app/actions/home_actions.py:1538 · src/hefesto_dualsense4unix/app/actions/home_actions.py:3149,src/hefesto_dualsense4unix/interface/pacotes/a01_jogar.py:875,"linha vermelha no card do primário quando `primary_grab_state == 'failed'` com o gamepad de pé, com o porquê no hover","`painel.aviso_do_grab_dobrado` lê `primary_grab_state`, o gamepad e o primário CONECTADO do `state` e chama `home_actions.aviso_de_grab` — a condição de três termos não foi reescrita. Entra na coluna Atenção com o selo `GAMEPAD`, e a linha e o porquê viajam juntos no mesmo campo de texto.","É o aviso do defeito mais confuso da mesa — o jogo lendo cada botão duas vezes — e a condição é de três termos que a GTK já isolou em função pura testável. Medido agora: `primary_grab_state='off'`, então nada acenderia hoje nos dois; mas o HTML não acenderia nunca. || REMEDIDA em 06/09/2026 pela PARIDADE-REMEDIR-02, com o trabalho da JOGAR-OS-SEIS-AVISOS-01. `primary_grab_state` continua sem ser lido em `interface/` — quem o lê é `painel.aviso_do_grab_dobrado`, e é por isso que o `sinal` desta linha é a PORTA e não o aviso: ver a ressalva no fim deste campo. `DIFERENTE` porque a GTK acende uma linha vermelha no CARD do primário e aqui a frase entra na coluna Atenção. O `gtk_onde` estava morto por deslizamento (:1381, :1394, :2992 abrem em outro assunto) e foi medido de novo. || A RESSALVA DO SINAL: `painel.avisos_do_estado` é a porta única das onze fontes da coluna, não o aviso desta linha — quem tirar o grab da tupla passa por esta régua. A causa é do INSTRUMENTO e está nomeada: `check_paridade_gtk_html.SO_HTML` conta `app/actions/jogar/` como lado GTK, e é lá que a fonte mora; curar isso é uma linha em `scripts/`, que é `nao_toca:` desta sprint."
01-jogar,O marcador 'primário' no card do controle principal,IGUAL,"data-campo=""marcador-principal""",PRESENTE,LADO-HTML,src/hefesto_dualsense4unix/app/actions/home_actions.py:1427 · src/hefesto_dualsense4unix/app/actions/home_actions.py:2963,src/hefesto_dualsense4unix/interface/pacotes/a01_jogar.py:402 · src/hefesto_dualsense4unix/interface/pacotes/a01_jogar.py:573 · src/hefesto_dualsense4unix/interface/aba01.py:1087 · mockup/01-jogar.html:2219,a palavra 'primário' entra na linha secundária e o título vai em negrito,"O cartão do primário acende a palavra «primário» na linha secundária, com a razão no ponteiro. `is_primary is True` é a única coisa que a acende, e a classe é própria: `.cartao.alvo` continua respondendo só pelo alvo de edição da fita, e há régua nos dois lados provando que os dois não andam juntos.","O SINAL FOI TROCADO EM 06/09/2026 (ONDA4-S10), e a razão é que o antigo não falava desta linha. Ele era o nome da função dona da palavra do transporte — um símbolo de OUTRA feature, emprestado só porque estava ausente do lado HTML. Ele disparou DUAS vezes sobre trabalho legítimo: em 05/09 sobre um comentário que o soletrava (curado citando o ENDEREÇO, que é a forma desta casa) e em 06/09 sobre a própria decisão dela D-05, que mandou a interface nova CHAMAR essa função — a dívida que fechou foi a do transporte, não a do marcador 'primário', e a régua não sabia distinguir. Hoje o sinal é o ENDEREÇO DE TELA que a página vai escrever quando esta dívida fechar de verdade, e ele não pode ser aceso por nenhuma outra frente. O endereço é um slug, e slug não leva acento — por isso `marcador-principal` e não a palavra que a tela mostra. O marcador 'primário' continua sem lado HTML: `is_primary` aparece no lado HTML só em dublê de teste e em prosa de docstring, e a página publicada não escreve a palavra nem o endereço. || REMEDIDO em 06/09/2026 pela PARIDADE-REMEDIR-01, com o texto da JOGAR-O-QUE-FALTA-01 e os endereços RELIDOS na costura: a palavra é a da janela GTK (`home_actions._format_controller_subtitle`) e há régua que LÊ aquele fonte, em vez de redigitá-la. ESPERA PUBLICAÇÃO: o endereço vive na bancada e a página publicada ainda não o tem — declarado em `mockup/DIVERGENCIAS.md`."
01-jogar,O número do jogador no cartão,DIFERENTE,test_os_donos_de_fato.py,PRESENTE,src/hefesto_dualsense4unix/interface/pacotes/__init__.py,src/hefesto_dualsense4unix/app/actions/home_actions.py:1571 · src/hefesto_dualsense4unix/app/actions/base.py:21,src/hefesto_dualsense4unix/interface/pacotes/__init__.py:725 · src/hefesto_dualsense4unix/interface/pacotes/a01_jogar.py:54,"'Controle N' pelo `player_slot`, e '— PN' SÓ quando o daemon confirmou o `player`; sem player o card só se identifica","'Player N' com `jogador_de`, que lê `player_slot` e depois `player`","A ORDEM das chaves é a mesma (há régua que a tranca: `test_os_donos_de_fato.py`), mas o RÓTULO não. Medido agora, com `player=None` nos dois: a GTK escreve 'Controle 1'/'Controle 2' e cala sobre o jogador; o HTML escreve 'Player 1'/'Player 2'. O HTML afirma sob a palavra 'Player' um número que é o SLOT de sessão — exatamente a distinção que a LEIGO-01b construiu na GTK (`base.numero_do_controle` responde 'quem é este controle', `player` responde 'está jogando agora, e como quem'). Um ganho do HTML no mesmo lugar: ele nunca cai na POSIÇÃO da lista, e devolve travessão em vez de numerar por ordem de chegada (:754-758). || DECIDIDO em 04/09/2026 — ""Player N"", esmaecido enquanto espera. A D-04 fixou a palavra; o esmaecido não a toca e mata o único dano — o cartão afirmar um jogador que não existe. Onde está escrito: `docs/process/2026-09-04-O-PO-DECIDE-as-54-e-os-sete-conflitos.md` §2 `01[02]`, sobre a pergunta [02] de `docs/process/sprints/2026-09-04-DECISOES-DELA-01-jogar.md`. Não espera mais palavra dela."
01-jogar,A bateria de cada controle no cartão,IGUAL,battery_pct,PRESENTE,src/hefesto_dualsense4unix/interface/pacotes/a01_jogar.py,src/hefesto_dualsense4unix/app/actions/home_actions.py:1429,src/hefesto_dualsense4unix/interface/pacotes/a01_jogar.py:55 · src/hefesto_dualsense4unix/interface/paginas/01-jogar.html:1592,"'· 87%' na linha secundária, e fica de fora quando o daemon não reportou (nada de 0% falso)","'95%' ao lado do glifo de bateria, dentro do cartão; travessão quando ausente","Mesma chave (`battery_pct`), mesmo tratamento do ausente (a GTK omite, o HTML escreve o travessão que é a palavra desta casa para 'não há'). Medido agora, os dois lados diriam o mesmo: 95% no do cabo e 35% no do rádio."
01-jogar,A palavra do transporte no cartão,IGUAL,VIA_DO_TRANSPORTE,PRESENTE,src/hefesto_dualsense4unix/interface/mesa_viva.py,src/hefesto_dualsense4unix/app/actions/home_actions.py:1338,src/hefesto_dualsense4unix/interface/mesa_viva.py:327 · src/hefesto_dualsense4unix/interface/pacotes/a01_jogar.py:46 · src/hefesto_dualsense4unix/interface/pacotes/a01_jogar.py:56,"'cabo' e 'rádio' — vocabulário de leiga, com função dona (`palavra_do_transporte`)","**cabo** e **rádio**, desde a ONDA4-S10-O-TRANSPORTE-01 (06/09/2026): a palavra vem de `home_actions.palavra_do_transporte:1407` e o cartão da aba 01 a lê em `pacotes/a01_jogar.py:358`. A sigla crua sobrevive só na contagem do topo (`2 USB · 0 BT`), por decisão dela de 06/09.","FECHADA em 05/09/2026. O sinal era `""USB"" if transporte == ""usb"" else ""BT""`, e o `else` pegava a AUSÊNCIA: um controle cujo transporte o daemon não publicasse aparecia na aba 01 como ""BT"" — a tela afirmando rádio sobre um campo que ninguém leu. Hoje o `mesa_viva` LÊ `pacotes.VIA_DO_TRANSPORTE`, cujo `.get(..., """")` já respondia certo na aba 02, e ausência vira travessão nas duas. A razão é do dono da frase longa (`app/actions/home_actions.py:1333`): ""'?' não é resposta — é a tela encolhendo os ombros"". Régua: tests/unit/test_a_tela_nao_inventa_o_transporte.py. || REMEDIDA na costura da ONDA A, 06/09/2026: o `html_faz` desta linha dizia ""'USB' e 'BT'"" e deixou de ser verdade no mesmo dia — a S-10 o relatou e o CSV é do coordenador."
01-jogar,O nome/cor do plástico e o desenho do controle no cartão,SO_NO_HTML,jg-p1-glifo-options,PRESENTE,src/hefesto_dualsense4unix/interface/paginas/01-jogar.html,src/hefesto_dualsense4unix/app/actions/home_actions.py:2982,src/hefesto_dualsense4unix/interface/aba01.py:639 · src/hefesto_dualsense4unix/interface/aba01.py:739 · src/hefesto_dualsense4unix/interface/paginas/01-jogar.html:1585,nada. O card é texto: 'Controle N' + 'cabo · primário · 95%'. O fim do MAC foi tirado (LEIGO-02) e nada entrou no lugar,"o SVG do DualSense pintado na cor do plástico daquele controle, mais 'Cosmic Red · USB' no campo `identidade`","Ganho real e alinhado com a razão que a GTK escreveu ao tirar o MAC: *'quem distingue os controles na mesa é a COR da lightbar e o LED de jogador'*. O HTML é a primeira tela a de fato MOSTRAR essa cor. Ninguém deve 'consertar' isto removendo. Ressalva medida: o `identidade` do HTML sai da mesa e não do `pacotes.identidade_de` (src/hefesto_dualsense4unix/interface/pacotes/__init__.py:784), que é o dono melhor (nome dela > modelo > mesa > transporte) e hoje não tem UM chamador em toda a árvore."
01-jogar,O que a aba mostra quando não há controle na mesa,DIFERENTE,"data-conectado=""nao""",PRESENTE,src/hefesto_dualsense4unix/interface/pacotes/__init__.py,src/hefesto_dualsense4unix/app/actions/home_actions.py:2953,src/hefesto_dualsense4unix/interface/hefesto_vivo.py:417 · src/hefesto_dualsense4unix/interface/pacotes/__init__.py:281 · src/hefesto_dualsense4unix/interface/aba01.py:688,esvazia a fileira e escreve 'Nenhum controle conectado.',"quatro lugares fixos; os sem dono recebem travessão, `data-conectado=""nao""` e a classe `off`","Decisão dela de 31/08 e é uma melhora de ensino ('o lugar apagado ensina que ali cabe um e que ele não está'). O que se perde: com ZERO controles a GTK DIZ 'Nenhum controle conectado' e o HTML mostra quatro lugares apagados sem uma palavra — o estado de mesa vazia deixa de ter frase. [noqa-acento: os literais sem acento nesta linha são CÓDIGO — o valor do atributo, o nome da função ou a chave do estado. Acentuá-los quebraria o casamento com o fonte.]"
01-jogar,"'Reconectar Controles' — os dois IPCs, nesta ordem",IGUAL,DualSense,PRESENTE,src/hefesto_dualsense4unix/interface/pacotes/a01_jogar.py,src/hefesto_dualsense4unix/app/actions/home_actions.py:2249 · src/hefesto_dualsense4unix/app/actions/home_actions.py:3112,src/hefesto_dualsense4unix/interface/pacotes/a01_jogar.py:539 · src/hefesto_dualsense4unix/interface/paginas/01-jogar.html:2807,"botão 'Reconciliar jogadores': `coop.sync` e SÓ ENTÃO `identity.renumber`, encadeados, com folga de 2,0 s","botão 'Reconectar Controles': `p.chamar('coop.sync')` e `p.chamar('identity.renumber')`, na mesma ordem","Mesmos dois métodos, mesma ordem, e a ordem É a entrega ('renumerar antes de reconciliar compactaria uma mesa que ainda não está completa' — home_actions.py:3122). O nome mudou por decisão dela e está registrado na legenda da aba. Os dois também tratam a recusa do segundo passo como não-erro (com jogo aberto o daemon recusa renumerar de propósito)."
01-jogar,"O recibo do 'Reconectar' — quantos jogadores voltaram, se a numeração compactou",IGUAL,recibo_do_reconectar,PRESENTE,src/hefesto_dualsense4unix/interface/pacotes/a01_jogar.py,src/hefesto_dualsense4unix/app/actions/home_actions.py:978 · src/hefesto_dualsense4unix/app/actions/home_actions.py:3269,src/hefesto_dualsense4unix/interface/pacotes/a01_jogar.py:2414 · src/hefesto_dualsense4unix/interface/pacotes/a01_jogar.py:2400,"toast na barra de estado montado por `reconciliar_toast(jogadores, resultado_renumber)`, e o encadeamento só renumera se o sync voltou; falha do sync vira 'Não consegui reconciliar — o Hefesto pode estar desligado'","O gesto passou de dois `p.chamar` (cujo retorno ninguém lia) para dois `p.resultado`: `coop.sync` falho vira `RuntimeError` com `painel.RECONECTAR_SEM_SERVICO` — a recusa laranja no cartão — e o segundo passo NÃO corre; `identity.renumber` falho vira ""não consegui conferir a numeração""; o desfecho é `{""recado"": recibo_do_reconectar(jogadores, renumerou)}`, o verde de 6 s no cartão.","O botão do HTML é o botão que responde calado: clicar com o daemon fora do ar e clicar com ele vivo produzem exatamente a mesma tela. A GTK tem quatro desfechos nomeados nesse mesmo gesto. (O caminho para curar existe — `ponte.chamar_detalhado` devolve `(ok, motivo)` e o piloto sabe pintar recado por cartão, hefesto_vivo.py:325-372 — e não é usado aqui.) || REMEDIDA em 06/09/2026 pela PARIDADE-REMEDIR-02, com o trabalho da JOGAR-OS-SEIS-AVISOS-01, e é a única das seis que fica `IGUAL`: os quatro desfechos nomeados da janela chegam à tela, e a diferença é SÓ o canal do recibo (barra de estado lá, recado no cartão aqui) — o mesmo critério que deu `IGUAL` à linha 338. ""Clicar com o serviço fora do ar e clicar com ele vivo produzem a mesma tela"" caiu: o `RuntimeError` separa os dois. O `gtk_onde` apontava :821 (linha em branco) e :3134; medido de novo."
01-jogar,A dica do 'Reconectar' quando há jogo aberto,DIFERENTE,painel.avisos_do_estado(ctx.state),PRESENTE,src/hefesto_dualsense4unix/interface/pacotes/a01_jogar.py,src/hefesto_dualsense4unix/app/actions/home_actions.py:864 · src/hefesto_dualsense4unix/app/actions/home_actions.py:844 · src/hefesto_dualsense4unix/app/actions/home_actions.py:837,src/hefesto_dualsense4unix/interface/pacotes/a01_jogar.py:875,"frase ao lado do botão dizendo o que NÃO vai acontecer (a numeração espera), e o botão fica de pé de propósito — o gesto é justamente o de partida aberta","A função pura do dono (`home_actions._reconciliar_gate_text`, que decide por `jogo_com_autoridade`) entra em `painel.AVISOS_DA_TELA` DIRETO, com o selo `JOGO`, e a frase é a dele sem prefixo nosso. Nenhum invólucro foi escrito: a assinatura já era a de `Aviso`.","Sem essa linha, no caso mais importante do botão (jogo aberto, jogador caiu) ele faz metade do trabalho e a tela não distingue isso de ter feito tudo. A função `jogo_com_autoridade` já é pura e já é a fonte única das três condições que dependem de 'há jogo em cena' na GTK. || REMEDIDA em 06/09/2026 pela PARIDADE-REMEDIR-02, com o trabalho da JOGAR-OS-SEIS-AVISOS-01. ""`game_signal` não é lido pelo pacote da aba"" caiu. `DIFERENTE` e não `IGUAL`: a GTK põe a frase AO LADO do botão, que é onde ela responde à pergunta de quem está com o dedo nele; aqui ela entra na coluna Atenção. O `gtk_onde` estava morto por deslizamento (:681, :707, :2575) e foi medido de novo."
01-jogar,A linha 'Ponte com o jogo' — por onde o jogo está recebendo o controle,IGUAL,SELO_DA_PONTE,PRESENTE,src/hefesto_dualsense4unix/interface/pacotes/a01_jogar.py,src/hefesto_dualsense4unix/app/actions/home_actions.py:1121 · src/hefesto_dualsense4unix/app/actions/home_actions.py:2127 · src/hefesto_dualsense4unix/app/actions/home_actions.py:2862,src/hefesto_dualsense4unix/interface/pacotes/a01_jogar.py:197 · src/hefesto_dualsense4unix/interface/pacotes/a01_jogar.py:968,"linha permanente logo abaixo do seletor de máscara, com markup colorido, viva também no Modo Nativo e no Steam Input","A ponte entra na coluna Atenção com o selo `PONTE`, e SÓ quando é má notícia — quem decide é a COR que o produto pinta (`home_actions._COR_AVISO`), e não uma segunda lista de perguntas escrita aqui.","Medido agora, a GTK escreveria: 'Ponte com o jogo: nenhuma — nenhum jogo está recebendo controle do Hefesto. Escolha ""Jogar pelo Hefesto"" para o jogo ver um controle.' É a resposta à pergunta seguinte de quem acabou de escolher a máscara, e é justamente a frase que explicaria o estado em que a máquina dela está neste minuto. O HTML fica mudo. || DECIDIDO em 04/09/2026 — Na coluna Atenção, só má notícia. Casa com a D-10, que já mandou as três frases órfãs para lá. Onde está escrito: `docs/process/2026-09-04-O-PO-DECIDE-as-54-e-os-sete-conflitos.md` §2 `01[01]`, sobre a pergunta [01] de `docs/process/sprints/2026-09-04-DECISOES-DELA-01-jogar.md`. Não espera mais palavra dela. || REMEDIDO em 06/09/2026 pela PARIDADE-REMEDIR-01, com o texto da JOGAR-O-QUE-FALTA-01 e os endereços RELIDOS na costura: fechou em 04/09 pela decisão 01[01] dela — *na coluna Atenção, só má notícia* — e o `html_faz` desta linha ficou no dia anterior. A régua é `test_a01_a_ponte_entra_na_coluna.py`, e a mordida das CINCO frases da ponte contra as palavras proibidas nasceu em 06/09."
01-jogar,O aviso de divergência de máscara (a escolha dela não chegou ao aparelho),DIFERENTE,_aviso_da_divergencia_de_mascara(ctx.state),PRESENTE,src/hefesto_dualsense4unix/interface/pacotes/a01_jogar.py,src/hefesto_dualsense4unix/app/actions/home_actions.py:1146 · src/hefesto_dualsense4unix/app/actions/home_actions.py:1173,src/hefesto_dualsense4unix/interface/pacotes/a01_jogar.py:1067 · src/hefesto_dualsense4unix/interface/pacotes/a01_jogar.py:903,"banner com motivo e caminho, comparando a máscara ESCOLHIDA (gesto dela ou perfil) com a do aparelho, a cada tique — e usando o alarme `mascara_divergente` que o próprio daemon publica","Lê o ALARME que o daemon publica (`gamepad_emulation.mascara_divergente`) por `mascara_divergente_do_daemon` e escreve com `texto_da_divergencia`, fonte `FONTE_PERFIL` — nomeia o perfil, nunca um gesto dela. O markup do Pango sai por `_sem_markup`, sob `try` próprio. A lista irmã (jogo fechado) continua de fora, de propósito.","O daemon publica a chave hoje (medido: `mascara_divergente: null`, `mascara_divergencias: []`), e a interface nova não a lê. É o mesmo defeito que a I3 nomeou na GTK — 'o ALARME que ele já publicava e que esta janela nunca leu' — reintroduzido na migração. || REMEDIDA em 06/09/2026 pela PARIDADE-REMEDIR-02, com o trabalho da JOGAR-OS-SEIS-AVISOS-01. ""`gamepad_emulation.mascara_divergente` não é lido em nenhum arquivo de `interface/`"" caiu — e esta é a ÚNICA das seis que a régua enxergou sozinha, porque um outro portão (`nada-aponta-para-a-janela`) obrigou a função a nascer em `interface/` em vez de em `app/actions/jogar/`. `DIFERENTE`: lá é um banner com motivo e caminho, aqui é uma linha da coluna Atenção."
01-jogar,A faixa laranja do que ela pediu e ainda não valeu,DIFERENTE,"data-campo=""pendente-alvo""",PRESENTE,src/hefesto_dualsense4unix/interface/paginas/01-jogar.html,src/hefesto_dualsense4unix/app/actions/home_actions.py:1685 · src/hefesto_dualsense4unix/app/actions/relancar.py:119 · src/hefesto_dualsense4unix/app/actions/home_actions.py:2794,src/hefesto_dualsense4unix/interface/pacotes/a01_jogar.py:172 · src/hefesto_dualsense4unix/interface/paginas/01-jogar.html:1973,"linha do pendente reescrita a cada tique, com `relancar.texto_do_pendente`; a pendência morre sozinha quando o daemon alcança a escolha por qualquer caminho","a mesma função pura, com a mesma reconciliação (`reconciliar_pendente`), e a maiúscula do começo da frase","A FRASE é a mesma função e a regra de reconciliação é a mesma (nada foi reescrito) — mas o SIGNIFICADO trocou. Na GTK a pendência é 'escolhi e ainda não apliquei'; no HTML, como o clique aplica na hora, ela só nasce quando o daemon NÃO alcançou o pedido. Duas consequências medidas: (a) o texto cravado no arquivo ('…quando você clicar em Aplicar') é falso nesta interface, porque `rodape.aplicar` não leva modo nem máscara, e a cura é a pintura escrever por cima; (b) `escrever` põe `textContent` no `<div data-campo=""pendente"">`, que APAGA o `<b data-campo=""pendente-alvo"">` de dentro — depois da primeira pintura o endereço `pendente-alvo` deixa de existir no DOM. Sem pendência a faixa vira um travessão solto."
01-jogar,O cadeado 'Não trocar de perfil sozinho ao abrir um jogo',IGUAL,raise RuntimeError(CADEADO_RECUSA),PRESENTE,src/hefesto_dualsense4unix/interface/pacotes/a01_jogar.py,src/hefesto_dualsense4unix/app/actions/home_actions.py:2192 · src/hefesto_dualsense4unix/app/actions/home_actions.py:3079,src/hefesto_dualsense4unix/interface/pacotes/a01_jogar.py:1999 · src/hefesto_dualsense4unix/interface/pacotes/a01_jogar.py:2094 · src/hefesto_dualsense4unix/interface/pacotes/a01_jogar.py:642 · src/hefesto_dualsense4unix/interface/paginas/01-jogar.html:1841 · src/hefesto_dualsense4unix/interface/pacotes/ponte.py:119,"checkbox com estado vindo do daemon, tooltip, e IPC `autoswitch_lock_set` no toggle, com guard contra o eco do próprio render","Checkbox na aba Jogar, embaixo de Modo, PUBLICADA (`paginas/01-jogar.html:1841`), com rótulo e dica copiados palavra por palavra do `Gtk.CheckButton` da janela antiga; estado pelo alvo `marcado` (`_cadeado`, a01_jogar.py:642) e escrita por `ponte.autoswitch_lock_set`. **O verde é recibo do SERVIÇO**: o gesto lê o retorno e recusa com `CADEADO_RECUSA` — a frase da janela antiga — quando a ponte devolve `None`; o sucesso pisca 1,5 s no próprio `<input>` clicado.","É pedido nomeado dela (FEAT-AUTOSWITCH-LOCK-01, 23/07) e o escritor já está na ponte do HTML — falta desenho e falta `@gesto`. A a10 escreve com todas as letras 'a trava da troca automática não é desenhada nesta aba', então hoje ela não existe em superfície nenhuma da interface nova. || DECIDIDO em 04/09/2026 — Volta para a Jogar, embaixo de Modo. A causa já está na coluna Atenção, a um palmo. Onde está escrito: `docs/process/2026-09-04-O-PO-DECIDE-as-54-e-os-sete-conflitos.md` §2 `01[03]`, sobre a pergunta [03] de `docs/process/sprints/2026-09-04-DECISOES-DELA-01-jogar.md`. Não espera mais palavra dela. || FECHADA em 04/09/2026 pela ONDA2-01. A dívida era de DESENHO e de `@gesto`, não de escritor: a ponte já expunha `autoswitch_lock_set` e ninguém a chamava. A frase que explica e o botão que resolve ficam agora na mesma tela, que era a razão de ela voltar para a Jogar. MEDIDO NO NAVEGADOR, e redesenhou o gesto: um clique num checkbox chega DUAS vezes ao ouvinte único (`click` E `change`) — nenhuma das dez páginas tinha checkbox com `data-gesto` até hoje. Por isso o valor vai ABSOLUTO (dois toggles seriam um no-op) e o `evento` filtra a segunda entrega. O QUE FICA ABERTO, e é de outra posse: `hefesto_vivo.PERIGOSOS` precisa de (""01-jogar.html"", ""cadeado"") — o gesto grava no disco dela, e a régua de clique mudaria uma preferência dela para provar que sabe clicar. Contido por acidente hoje (a caixa só existe na bancada), e quem PUBLICAR a 01 fecha isto antes. || FECHADO em 06/09/2026, e as DUAS metades que ficavam abertas morreram em dias diferentes — conferidas aqui no código, não aceitas do relatório. (1) `hefesto_vivo.PERIGOSOS` deixou de ser lista digitada e é DERIVADA do `grava=` do próprio decorador (`pacotes.perigosos()`, `ONDA3-GESTO-DECLARA-01`): medido em execução nesta árvore, são 67 pares e o (`01-jogar.html`, `cadeado`) sai sozinho, de `grava=""autoswitch_lock_set""` (a01_jogar.py:1999). (2) A caixa **está publicada** (`paginas/01-jogar.html:1841`), então a contenção ""por acidente"" não existe mais — o que segura o `--prova-gesto` é o `PERIGOSOS`, que é o certo, porque clicá-la GRAVA preferência dela no disco. E o desfecho ganhou sinal (ONDA5-01-03): antes o gesto jogava fora a resposta da ponte e, com o serviço parado, a caixa piscava VERDE sobre escrita que não aconteceu — e desmarcava 100 ms depois, pelo tique. O SINAL desta linha trocou por causa disso: era a frase da tela, e passa a ser a guarda `raise RuntimeError(CADEADO_RECUSA)` (a01_jogar.py:2094), que é o que separa ""guardei"" de ""pisquei"". O veredito IGUAL não muda."
01-jogar,"A frase-causa do cadeado, e o detector cego",IGUAL,texto_do_cadeado_cego,PRESENTE,LADO-HTML,src/hefesto_dualsense4unix/app/actions/home_actions.py:259 · src/hefesto_dualsense4unix/app/actions/home_actions.py:2211 · src/hefesto_dualsense4unix/app/actions/home_actions.py:2543,src/hefesto_dualsense4unix/interface/pacotes/a01_jogar.py,duas metades numa linha: o que ELA escolheu (`autoswitch_lock_text`) e o que não vai acontecer de qualquer jeito porque o Hefesto não enxerga a janela da frente (`texto_do_cadeado_cego`),"as duas frases entram na coluna Atenção: `a01_jogar._avisos` chama `painel.avisos_do_estado`, e `autoswitch_lock_text` e `texto_do_cadeado_cego` são duas das seis fontes de `painel.AVISOS_DA_TELA`","FECHOU EM 03/09/2026, e o CSV não soube — remedido em 04/09. A coluna Atenção da aba nova publica seis linhas e o produto acende as que tiver; a frase 'O Hefesto não está conseguindo ver qual programa está na frente…' APARECE na 01 hoje. O que continua faltando é o INTERRUPTOR do cadeado, e ele é outra linha — virou decisão dela em 04/09 (docs/process/sprints/2026-09-04-DECISOES-DELA-01-jogar.md, ponto 03). || SAI DO BALDE DESENHO em 04/09/2026, sem virar pergunta: O fato do CSV caiu: `a01_jogar._avisos` chama `painel.avisos_do_estado`, e as duas frases são fontes dessa lista. O veredito já é IGUAL. O que faltava — o interruptor — virou a decisão `01`[03]. Registrado em `docs/process/sprints/2026-09-04-DECISOES-DELA-01-jogar.md`, seção 'Não são decisão dela'."
01-jogar,Banner de degradação do vpad (a máscara DualSense caiu para uinput),IGUAL,degradacao_de,PRESENTE,src/hefesto_dualsense4unix/interface/pacotes/a01_jogar.py,src/hefesto_dualsense4unix/app/actions/home_actions.py:613 · src/hefesto_dualsense4unix/app/actions/home_actions.py:1950 · src/hefesto_dualsense4unix/app/actions/home_actions.py:2681,src/hefesto_dualsense4unix/interface/pacotes/a01_jogar.py:579 · src/hefesto_dualsense4unix/interface/pacotes/__init__.py:1062 · src/hefesto_dualsense4unix/interface/aba01.py:1087,"rótulo laranja inline no topo da aba, aceso a partir de `gamepad_emulation.backend`","DOIS lugares, e cada um responde uma pergunta diferente: o da MÁQUINA já chegava à coluna Atenção com o selo GAMEPAD desde 03/09 (`home_actions.vpad_degradation_text`), e o daquele APARELHO nasceu em 06/09 no cartão, por `pacotes.degradacao_de`, que delega a `controller_card.texto_degradacao`.","O próprio `src/hefesto_dualsense4unix/interface/pacotes/__init__.py:714` registra a varredura: `vpad_motivo` — GTK 1, HTML 0, 'SÓ A GTK LÊ'. É o aviso do estado em que ela escolhe DualSense, o produto entrega uinput e o jogo perde giroscópio e touchpad sem uma palavra na tela. || REMEDIDO em 06/09/2026 pela PARIDADE-REMEDIR-01, com o texto da JOGAR-O-QUE-FALTA-01 e os endereços RELIDOS na costura: o `html_faz` desta linha dizia *nada* e mede só o lado do aparelho — a metade de página estava fechada havia três dias. As duas condições (backend degradado E motivo) continuam tendo UM dono, e a marca some sem motivo, porque a máscara Xbox é `uinput` por desenho e isso não é defeito. O SINAL trocou: `gamepad_emulation.backend` aparece do lado HTML só em COMENTÁRIO, e prosa não é sinal (D-0609-O-SINAL-DA-PARIDADE-NAO-E-PROSA)."
01-jogar,Banner 'jogo aberto SEM o wrapper',DIFERENTE,gamepad_emulation.wrapper_used,PRESENTE,LADO-HTML,src/hefesto_dualsense4unix/app/actions/home_actions.py:565 · src/hefesto_dualsense4unix/app/actions/home_actions.py:1983 · src/hefesto_dualsense4unix/app/actions/home_actions.py:2688,src/hefesto_dualsense4unix/interface/pacotes/a01_jogar.py:70,rótulo laranja inline; só o False LITERAL de `gamepad_emulation.wrapper_used` acende,nada,"03/09/2026 — A DÍVIDA FECHOU e o dado envelheceu no mesmo minuto: o símbolo `gamepad_emulation.wrapper_used` APARECEU no lado HTML, posto pela leva do gap. DIFERENTE, e NÃO `IGUAL`, de propósito: o símbolo existir prova que o HTML passou a fazer algo, não que ele faça o MESMO que a GTK. Chamar de IGUAL sem medir seria a maquiagem que esta régua existe para impedir — remeça a feature e reescreva a linha. || Declarado como fonte da coluna Atenção em `app/actions/jogar/painel.py:649` e consumido só pela bancada. Medido agora `wrapper_used: null`, que é justamente o caso em que a função pura se cala — a GTK sabe a diferença entre null e False; o HTML não pergunta."
01-jogar,Banner 'a emulação está desligada por uma escolha ANTIGA sua',DIFERENTE,aviso_de_opt_out_antigo,PRESENTE,LADO-HTML,src/hefesto_dualsense4unix/app/actions/home_actions.py:3325 · src/hefesto_dualsense4unix/app/actions/home_actions.py:1967 · src/hefesto_dualsense4unix/app/actions/home_actions.py:2311 · src/hefesto_dualsense4unix/app/actions/home_actions.py:2697 · src/hefesto_dualsense4unix/app/actions/jogar/painel.py:351,src/hefesto_dualsense4unix/interface/controles_vivos.py:877 · src/hefesto_dualsense4unix/interface/controles_vivos.py:909 · src/hefesto_dualsense4unix/interface/controles_vivos.py:944,"lê o `gamepad_disabled.flag` do disco no tique LENTO (uma vez por ciclo, com cache) e diz que o produto está inerte por decisão antiga, não quebrado","nada. `painel.modo_lembrado()` responde a MESMA pergunta e quem a chama é a bancada da aba 02, não o produto","03/09/2026 — A DÍVIDA FECHOU e o dado envelheceu no mesmo minuto: o símbolo `aviso_de_opt_out_antigo` APARECEU no lado HTML, posto pela leva do gap. DIFERENTE, e NÃO `IGUAL`, de propósito: o símbolo existir prova que o HTML passou a fazer algo, não que ele faça o MESMO que a GTK. Chamar de IGUAL sem medir seria a maquiagem que esta régua existe para impedir — remeça a feature e reescreva a linha. || O mais quente de todos, e é a pergunta literal dela de 31/08 (*'não sei se segue desativado'*). Medido AGORA na máquina dela: `painel.modo_lembrado()` devolve `ligado=False` com a frase 'Está gravado como DESLIGADO de propósito: ""Jogar pelo Hefesto"" continua desligado depois de reiniciar o Hefesto ou o computador, e o Hefesto não o religa sozinho nem com dois controles na mesa.' A GTK diria isso na primeira tela; o HTML mostra o interruptor em Ligado."
01-jogar,A linha de origem — 'Nativo/Gamepad ligado pelo perfil ativo',DIFERENTE,painel.avisos_do_estado(ctx.state),PRESENTE,src/hefesto_dualsense4unix/interface/pacotes/a01_jogar.py,src/hefesto_dualsense4unix/app/actions/home_actions.py:2884,src/hefesto_dualsense4unix/interface/pacotes/a01_jogar.py:875,linha discreta que diz quando o modo em vigor foi ligado pelo PERFIL e não por ela,"`painel.aviso_da_origem_do_modo` lê `native_mode` + `native_mode_origin` + `mode_from_profile` e monta com os RÓTULOS DA TELA (`home_actions._MODE_ITEMS`), não com as palavras da casa. Selo `PERFIL`, na coluna Atenção.","É a resposta a 'por que o modo mudou sem eu mexer'. Medido agora: `native_mode_origin=None` e `mode_from_profile` ausente, então nem a GTK diria nada hoje — mas com um perfil de jogo carregado a GTK explica e o HTML não tem onde. || REMEDIDA em 06/09/2026 pela PARIDADE-REMEDIR-02, com o trabalho da JOGAR-OS-SEIS-AVISOS-01. E o `gtk_onde` desta linha mudou de NATUREZA: não há função a reusar do lado GTK — a regra vive solta dentro de `HomeActionsMixin._render_home` (:2884-2892), e foi por isso que `aviso_da_origem_do_modo` teve de nascer. Os endereços de antes (:2179, :2727) abrem em outro assunto. `DIFERENTE`: lá é uma linha discreta junto ao modo, aqui é a coluna Atenção."
01-jogar,A coluna 'Atenção' — quais avisos aparecem,DIFERENTE,a08_conexoes._exame,PRESENTE,src/hefesto_dualsense4unix/interface/pacotes/a01_jogar.py,src/hefesto_dualsense4unix/app/actions/home_actions.py:1945 · src/hefesto_dualsense4unix/app/actions/home_actions.py:2543,src/hefesto_dualsense4unix/interface/pacotes/a01_jogar.py:59 · src/hefesto_dualsense4unix/interface/paginas/01-jogar.html:963 · src/hefesto_dualsense4unix/interface/paginas/01-jogar.html:2795,"três banners no topo + a linha do cadeado, todos do estado do próprio produto (vpad, wrapper, opt-out, cadeado/detector)","uma coluna com contagem (`atencao-conta`) e UM par selo/texto, alimentada pelo Check-up da aba Conexões (`a08_conexoes._exame`)","Os dois têm 'avisos' e são conjuntos DISJUNTOS: o HTML mostra topologia de portas/rádio e nenhum dos cinco avisos da GTK. Três coisas medidas contra o daemon vivo: (1) a conta diz '3 avisos' e a página tem UM par `aviso-selo`/`aviso-texto`, então dois achados não têm onde aparecer; (2) o selo pintado foi **CERTO** com o texto 'Economia de energia desligada' — uma BOA notícia sob o cabeçalho laranja 'Atenção', porque `_do_exame` monta `{""selo"": ""RÁDIO"" if grave else ""AVISO"", **i}` e o `**i` que vem DEPOIS sobrescreve o selo pretendido (a01_jogar.py:92); (3) a coluna viva que a casa já construiu — `painel.AVISOS_DA_TELA`, seis fontes puras da GTK, painel.py:645-678 — não é chamada pelo produto."
01-jogar,Desligar/ligar o Hefesto DE VERDADE (o frame 'Sessão'),DIFERENTE,_user_stopped_daemon,PRESENTE,src/hefesto_dualsense4unix/interface/pacotes/a09_sistema.py,src/hefesto_dualsense4unix/app/actions/home_actions.py:2270 · src/hefesto_dualsense4unix/app/actions/home_actions.py:3170 · src/hefesto_dualsense4unix/app/actions/home_actions.py:3190 · src/hefesto_dualsense4unix/app/actions/home_actions.py:246,src/hefesto_dualsense4unix/interface/pacotes/a01_jogar.py · src/hefesto_dualsense4unix/interface/pacotes/a09_sistema.py · src/hefesto_dualsense4unix/interface/paginas/09-sistema.html:1073,"botão único que troca entre 'Desligar Hefesto (voltar ao Linux puro)' e 'Ligar o Hefesto' conforme o daemon; diálogo de confirmação não-bloqueante, `systemctl --user stop`, flag `_user_stopped_daemon` para a GUI não ressuscitar o daemon, e glossário abaixo","As DUAS metades existem desde 03/09/2026, e repartidas entre as duas abas por escolha dela. PARAR é só a aba Sistema, e pede dois cliques (o rótulo vira ""Confirma?"") antes de mandar `systemctl --user stop`, armando o `_user_stopped_daemon` no sucesso. LIGAR tem dois caminhos e UM dono (`a09_sistema.ativar_o_servico`, que desarma a trava): o mesmo botão da aba Sistema quando o serviço está parado, e o interruptor ""Ligado"" desta aba, que sobe o serviço ANTES de despachar o plano do modo — sem daemon a ponte não tem socket.","FECHOU EM 03/09/2026, com a decisão dela: *""Adiciona essa função extra quando clicar em ligar. E em sistema um específico pra parar o Daemon E Ativar o Daemon (sendo que em jogar também consegue isso).""* DIFERENTE e não IGUAL, e a diferença é de FORMA em três pontos: a GTK tem um botão só que troca de rótulo NA MESMA aba (aqui o parar mora na 09 e o ligar em duas), pergunta em diálogo (aqui é o próprio botão, em dois cliques) e dá recibo em toast (aqui não há recibo do `stop`). O que NÃO difere mais é o que a linha antiga chamava de falta: o flag que impede a ressurreição do daemon parado, e o caminho de volta sem terminal."
01-jogar,O que a aba faz quando o daemon está DESLIGADO,DIFERENTE,SERVICO_DESLIGADO,PRESENTE,src/hefesto_dualsense4unix/interface/pacotes/a01_jogar.py,src/hefesto_dualsense4unix/app/actions/home_actions.py:2469,src/hefesto_dualsense4unix/interface/pacotes/a01_jogar.py:228 · src/hefesto_dualsense4unix/interface/pacotes/a01_jogar.py:872 · src/hefesto_dualsense4unix/interface/hefesto_vivo.py:2631,"desarma a aba inteira: 'O Hefesto está desligado.', seletores insensíveis, descrição/origem/opções limpas, banners apagados, botão vira 'Ligar o Hefesto' — e GUARDA a escolha pendente dela para reaparecer quando o daemon voltar","Com o estado vazio a coluna Atenção acende a linha do selo SERVIÇO, com a frase da janela GTK, e a aba PARA DE AFIRMAR: interruptor, chip e cadeado saem vazios e os quatro cartões recebem travessão pelo molde. O piloto passou a seguir com `{}` quando o serviço cala, em vez de sair do tique — antes disso o pacote nunca era chamado neste caminho e a tela ficava congelada no último tique bem-sucedido, afirmando sobre um serviço mudo.","Quem clica não lê terminal — é a mesma lição que o `pintar_recados` (hefesto_vivo.py:304-324) aprendeu para as recusas e que não foi aplicada ao daemon mudo. Com o Hefesto parado, a 01 do HTML continua mostrando dois controles, a bateria de dois minutos atrás e o interruptor em Ligado, sem uma palavra de que não está falando com ninguém. A GTK trata isso como um estado de tela inteiro, e com cuidado explícito de não perder a escolha dela num engasgo de IPC. || REMEDIDO em 06/09/2026 pela PARIDADE-REMEDIR-01, com o texto da JOGAR-O-QUE-FALTA-01 e os endereços RELIDOS na costura: DIFERENTE e não IGUAL, e o que falta tem nome: a GTK GUARDA a escolha pendente para reaparecer quando o serviço voltar, e esta tela não. A metade do piloto — o `return True` que engolia o tique — foi curada na costura da ONDA E, no mesmo dia em que a sprint a relatou."
01-jogar,Cadência com que a tela reflete o daemon,DIFERENTE,state_full,PRESENTE,src/hefesto_dualsense4unix/interface/hefesto_vivo.py,src/hefesto_dualsense4unix/app/actions/home_actions.py:64 · src/hefesto_dualsense4unix/app/actions/home_actions.py:72 · src/hefesto_dualsense4unix/app/actions/home_actions.py:2304 · src/hefesto_dualsense4unix/app/actions/home_actions.py:2308,src/hefesto_dualsense4unix/interface/hefesto_vivo.py:80 · src/hefesto_dualsense4unix/interface/hefesto_vivo.py:1259,"poller de 2 s que SÓ age com a aba à vista (identificada pelo id do Glade, nunca pelo índice), com prazo de validade no latch de chamada em voo","tique de 500 ms para a página corrente, sempre","O HTML é 4× mais rápido e o `escrever` é idempotente (compara antes de mexer e devolve 0), então o custo é o `state_full` por meio segundo — não a pintura. Registro porque muda o que 'a tela mentiu' significa: no HTML um valor errado é erro de PINTURA (não há quem escreva), não atraso de tique."
01-jogar,A folga de tempo dos IPCs que criam uinput e fazem grab,IGUAL,mouse.emulation.restore,PRESENTE,src/hefesto_dualsense4unix/interface/pacotes/ponte.py,src/hefesto_dualsense4unix/app/actions/home_actions.py:128 · src/hefesto_dualsense4unix/app/actions/home_actions.py:3157 · src/hefesto_dualsense4unix/app/actions/home_actions.py:3168 · src/hefesto_dualsense4unix/app/actions/mode_transition.py:37,src/hefesto_dualsense4unix/interface/pacotes/ponte.py:112 · src/hefesto_dualsense4unix/interface/pacotes/ponte.py:128,"passa `timeout_s=MODE_IPC_TIMEOUT_S` (2,0 s) em todo `call_async` de modo/co-op/máscara — a cicatriz de 'o toast dizia Falha com o modo JÁ aplicado'","`ponte.chamar` usa `TETOS`, que dá 2,0 s aos cinco métodos desta aba (`gamepad.emulation.set`, `native.mode.set`, `mouse.emulation.restore`, `coop.sync`, `identity.renumber`)","Conferido método a método: os cinco de `a01_jogar.METODOS` estão em `TETOS` com 2,0 s, o mesmo valor do produto estável. **FATO CADUCO ACHADO:** `a01_jogar.ACHADO_DO_TIMEOUT` (a01_jogar.py:362-383) ainda afirma que 'ponte.chamar() chama _safe_call com o timeout de LEITURA (250 ms)' e que 'a cura de verdade mora em ponte.py, que não é território desta aba' — a cura JÁ ESTÁ LÁ. Quem ler aquele bloco vai construir uma cura já construída."
01-jogar,Mesa com mais de quatro controles,DIFERENTE,_frase_da_mesa,PRESENTE,LADO-HTML,src/hefesto_dualsense4unix/app/actions/home_actions.py:2959,src/hefesto_dualsense4unix/interface/pacotes/a01_jogar.py · src/hefesto_dualsense4unix/interface/aba01.py,"monta um card por controle conectado, em laço — N cards para N controles","a página continua com quatro lugares fixos (`data-controle=""p1""`..`""p4""`), e a linha por cima deles passa a DIZER quantos não cabem: ""Há 5 controles na mesa e esta tela mostra 4: o cabeçalho conta todos.""","O QUINTO NÃO SOME MAIS CALADO — S-12, 04/09/2026, decisão dela (D-07): 'uma frase por cima dos lugares apagados', e o `+N` do quinto na mesma linha. A contradição que a linha registrava (o cabeçalho contando cinco e a fileira mostrando quatro, sem uma palavra) está fechada. Fica DIFERENTE e não IGUAL porque a GTK monta um card por controle e o HTML continua com quatro lugares: crescer a fileira é motor e desenho novos, e ela escolheu a frase. || FECHADA POR DECISÃO em 04/09/2026, não por dívida: A D-07 já carrega o `+N` na frase da mesa (sprint S-12). Não é dívida nova: abrir um segundo canal para o mesmo fato é o que a regra UM FATO, UM SINAL recusa. É o conflito C-7: a lista da aba propunha uma frase na coluna Atenção; a D-07 já carrega o +N na frase da mesa, e a decisão DELA ganha. Onde está escrito: `docs/process/2026-09-04-O-PO-DECIDE-as-54-e-os-sete-conflitos.md` §2 `01[04]`, sobre a pergunta [04] de `docs/process/sprints/2026-09-04-DECISOES-DELA-01-jogar.md`. Não espera mais palavra dela."
01-jogar,A fita 'Selecionar:' e o alvo de edição do cartão,SO_NO_HTML,vai pra direita,PRESENTE,src/hefesto_dualsense4unix/interface/paginas/01-jogar.html,src/hefesto_dualsense4unix/app/actions/home_actions.py:1904,src/hefesto_dualsense4unix/interface/hefesto_vivo.py:591 · src/hefesto_dualsense4unix/interface/hefesto_vivo.py:1364 · src/hefesto_dualsense4unix/interface/paginas/01-jogar.html:1066 · src/hefesto_dualsense4unix/interface/paginas/01-jogar.html:947,não existe na aba Início — o alvo de edição é conceito de outras telas (`app/alvo_de_edicao.py`),"a fita do topo é repintada com a mesa viva a cada tique, e a dica do quadro promete 'Clicar num cartão leva a fita de cima para ele'","Elemento novo e útil (a fita mostra a mesa viva com a cor do plástico de cada um), mas a promessa da dica não tem quem a cumpra: os chips da fita não têm `data-gesto`/`data-campo` (monta.py:509-516) e não há `@gesto` de clique em cartão na `a01_jogar`. Medido também: `_fita` devolve `""""` enquanto QUALQUER controle estiver sem cor lida — e a mesa nasce sem cor —, então nos primeiros tiques a fita fica com os dois chips do mockup ('P1 · Cosmic Red · USB', 'P2 · Starlight Blue · BT') mesmo que a mesa real seja outra."
01-jogar,O nome do plástico chega ao cartão na mesa DELA,NAO_DA_PARA_SABER,mesa_do_estado,PRESENTE,src/hefesto_dualsense4unix/interface/hefesto_vivo.py,src/hefesto_dualsense4unix/app/actions/home_actions.py:1416,src/hefesto_dualsense4unix/interface/pacotes/a01_jogar.py:41 · src/hefesto_dualsense4unix/interface/hefesto_vivo.py:1267,não mostra nome de plástico nenhum — é campo que só o HTML tem,"campo `identidade` = '<nome do plástico> · <via>', com o nome vindo do `LeitorDeCor`, que pergunta ao APARELHO numa thread por controle","Faltou executar. Medi chamando `mesa_do_estado(st, {})` sem leitor, e o campo saiu 'Não sei · USB' nos dois — o que só prova o caminho degradado. Se o leitor responde para o controle do RÁDIO na máquina dela eu não sei sem abrir a janela e deixar as threads perguntarem, e esta leva não abre janela na tela dela. O que está em jogo não é só este campo: `_fita` fica vazia enquanto qualquer controle não tiver cor, então a resposta decide também se a fita do topo mostra a mesa viva ou os chips do mockup."
02-controles,"Título do card — ""Controle N — USB · Jogador X""",DIFERENTE,"data-campo=""via""",PRESENTE,LADO-HTML,src/hefesto_dualsense4unix/app/widgets/controller_card.py:1049 · src/hefesto_dualsense4unix/app/widgets/controller_card.py:4883,src/hefesto_dualsense4unix/interface/aba02.py:1402 · src/hefesto_dualsense4unix/interface/aba02.py:1403 · src/hefesto_dualsense4unix/interface/pacotes/a02_controles.py:1800 · src/hefesto_dualsense4unix/interface/paginas/02-controles.html:1861,"Monta o título do `player_slot` de sessão, do transporte e do número de jogador, com diff próprio, e o escreve no rótulo da moldura.","O `<span>` foi PARTIDO e as duas metades são escritas pelo produto: `data-campo=""peca""` (a cor do plástico lida) e `data-campo=""via""` (a palavra do transporte, de `home_actions.palavra_do_transporte` — cabo/rádio, nunca a sigla). O número do jogador ficou fora do cabeçalho por pedido dela.","Nada do cabeçalho é escrito pelo produto. Medido em 02/09 às 04:23 e reconfirmado hoje: a mesa viva dá p1→BT e p2→USB, e os dois cabeçalhos na tela dizem o CONTRÁRIO, congelados desde o mockup. Partir aquele `<span>` em três é desenho, logo decisão dela. || SAI DO BALDE DESENHO em 04/09/2026, sem virar pergunta: FECHOU e a medição envelheceu: o produto escreve peça e transporte, e a página publicada tem `data-campo=""peca""` e `data-campo=""via""`. A decisão IDENTIDADE-VEM-DE-CIMA de 03/09 partiu o `<span>`. Registrado em `docs/process/sprints/2026-09-04-DECISOES-DELA-02-controles.md`, seção 'Não são decisão dela'. || REMEDIDA em 06/09/2026 pela PARIDADE-REMEDIR-01, com o endereço lido no código: o veredito envelheceu depois da própria célula registrar `FECHOU`. Fica DIFERENTE e não IGUAL porque os dois cabeçalhos não dizem a mesma coisa: a GTK escreve ""Controle N — USB · Jogador X"" (transporte + número do jogador) e o HTML escreve ""P1 • Cosmic Red • cabo"" (peça + transporte), com o número do jogador fora do título por decisão dela. A `CONTROLES-VERDADE-01` curou aqui, no mesmo dia, um defeito vivo: a comparação que evita escrever o transporte duas vezes comparava ""rádio"" com ""BT"", que nunca casam, e o cabeçalho de um controle sem cor lida dizia `P2 • rádio • BT`."
02-controles,Dica do título — qual gamepad virtual este controle alimenta,FALTA_NO_HTML,vpad_uniq,AUSENTE,LADO-HTML,src/hefesto_dualsense4unix/app/widgets/controller_card.py:1080 · src/hefesto_dualsense4unix/app/widgets/controller_card.py:4893,src/hefesto_dualsense4unix/interface/paginas/02-controles.html:1429,"Tooltip com o par físico↔vpad (backend, `vpad_uniq`, e o nome real quando divergente), ou a frase ""ainda não alimenta gamepad virtual nenhum"".",O `title` da `.faixa` fala de outra coisa — abrir/fechar o card. Não há endereço para esta informação em lugar nenhum da página.,"É diagnóstico que custava apertar botão em cada controle para conferir. Nenhum pacote lê `coop.mesa` para montá-lo. || CONSTRUÍDA E NÃO PUBLICADA — 06/09/2026, CONTROLES-OS-TRES-SELOS-01, conferida pela PARIDADE-REMEDIR-02. O `title` do nome do cartão já traz a frase inteira do dono (`controller_card.dica_do_titulo`, em `interface/pacotes/a02_controles.py:2676`) pelo endereço `card-vpad` (`interface/aba02.py:1512`) — e o endereço existe SÓ em `mockup/02-controles.html`. Contado nesta árvore: 2 ocorrências na bancada, ZERO em `interface/paginas/02-controles.html`. Continua `FALTA_NO_HTML` porque a régua desta casa mede o que chega à TELA DELA, e o `--publicar 02` é ato dela."
02-controles,Quadradinho da cor VIVA ao lado do título (swatch),DIFERENTE,--plastico:#ae335a,PRESENTE,src/hefesto_dualsense4unix/interface/paginas/02-controles.html,src/hefesto_dualsense4unix/app/widgets/controller_card.py:2222 · src/hefesto_dualsense4unix/app/widgets/controller_card.py:5559 · src/hefesto_dualsense4unix/app/widgets/controller_card.py:2242,src/hefesto_dualsense4unix/interface/paginas/02-controles.html:1427,Desenha em cairo a cor CRUA de `lightbar_rgb`; `None` = cor desconhecida e o quadrado não afirma cor nenhuma.,"O card carrega `style=""--plastico:#ae335a""` — a cor do MODELO do plástico, escrita uma vez pelo gerador. Nunca repintada: não há data-campo para ela.","São duas cores diferentes com o mesmo lugar na tela: a GTK mostra a cor que a barra de luz TEM agora, o HTML mostra a cor do casco do controle. Um controle cuja lightbar mude não move um pixel no HTML. || FECHADA POR DECISÃO em 04/09/2026, não por dívida: A D-06 já dá lugar à cor viva — o anel interno do cartão (sprint S-11). Não é dívida nova: abrir um segundo canal para o mesmo fato é o que a regra UM FATO, UM SINAL recusa. É o conflito C-1: a lista da aba propunha um pingo vivo no cabeçalho do card; a D-06 dá o anel interno, e a decisão DELA ganha. Onde está escrito: `docs/process/2026-09-04-O-PO-DECIDE-as-54-e-os-sete-conflitos.md` §2 `02[01]`, sobre a pergunta [01] de `docs/process/sprints/2026-09-04-DECISOES-DELA-02-controles.md`. Não espera mais palavra dela."
02-controles,Bateria — o número,IGUAL,texto_da_bateria,PRESENTE,src/hefesto_dualsense4unix/interface/pacotes/a02_controles.py,src/hefesto_dualsense4unix/app/widgets/controller_card.py:4898,src/hefesto_dualsense4unix/interface/pacotes/a02_controles.py · src/hefesto_dualsense4unix/interface/paginas/02-controles.html,"`""95 %""` com espaço; `""— %""` quando o daemon não sabe. Escreve no dono (`_battery_bar.set_text`) e espelha no rótulo ao lado, escritor único.","Chama `StatusActionsMixin._bateria_da_mesa` — o DONO da grafia na GTK — e usa o texto que ela devolve. `""85 %""` com carga, `""— %""` sem. Medido na tela dela em 03/09/2026, no `WebKit2.WebView`.","03/09/2026 — FECHADA NAS DUAS METADES. De manhã fechou a grafia do número (era `f""{pct}%""` colado, e o `alto-estado` três centímetros abaixo dizia `100 %` com espaço). À tarde fechou o DESCONHECIDO: ela decidiu `— %`, como a janela antiga — paridade literal. O que caducou é a decisão de 02/09 de usar o travessão SECO para casar com o `alto-estado` e o `touch-estado`; ela escolheu a paridade com a janela que usa. FATO SUBSTITUÍDO: esta célula dizia ""NÃO HÁ FUNÇÃO DONA A IMPORTAR"" — há. `StatusActionsMixin._bateria_da_mesa` é `@staticmethod`, devolve `(fração, texto)` e não toca em widget nenhum. Agora ela é CHAMADA, não copiada."
02-controles,Bateria — a barra,IGUAL,"data-hef-alvo=""largura""",PRESENTE,src/hefesto_dualsense4unix/interface/pacotes/a02_controles.py,src/hefesto_dualsense4unix/app/widgets/controller_card.py:4903,src/hefesto_dualsense4unix/interface/pacotes/a02_controles.py:484 · src/hefesto_dualsense4unix/interface/paginas/02-controles.html:1465,"`set_fraction(max(0,min(100,pct))/100)`; 0.0 quando não sabe.","Emite o inteiro cru para `data-hef-alvo=""largura""`, que o piloto vira `width: N%`; 0 quando não sabe. Medido vivo: 95 e 35.","Mesma leitura, mesmo desfecho no desconhecido (zero, não a largura do desenho). O HTML não faz o clamp 0..100 que a GTK faz, mas o daemon já entrega a faixa — é folga, não divergência observável."
02-controles,Máscara — o que o jogo vê deste controle,SO_NO_HTML,home_actions.mascara_viva,PRESENTE,src/hefesto_dualsense4unix/interface/pacotes/a02_controles.py,src/hefesto_dualsense4unix/app/widgets/controller_card.py:1849,src/hefesto_dualsense4unix/interface/pacotes/a02_controles.py:532 · src/hefesto_dualsense4unix/interface/paginas/02-controles.html:1447,"O card NÃO mostra a máscara. `grep` por máscara em `controller_card.py` só acha as frases sobre o CUSTO da Xbox 360 (o que ela apaga), nunca o nome do que o jogo enxerga.","Mostra o nome (DualSense / Xbox 360 / Pro), lido de `casa.mascara` ou derivado do backend por `home_actions.mascara_viva`. Medido vivo: `""DualSense""` nos dois.","Ganho: a identidade que o jogo vê passa a ser legível no card, e a regra vem do motor (`uhid` implica DualSense; `uinput` é ambíguo e vira travessão). Não remover."
02-controles,Selo do microfone (ATIVO/MUDO) — de que camada ele fala,DIFERENTE,audio.mic_mudo,PRESENTE,src/hefesto_dualsense4unix/interface/pacotes/a02_controles.py,src/hefesto_dualsense4unix/app/widgets/controller_card.py:5082 · src/hefesto_dualsense4unix/app/widgets/controller_card.py:5116 · src/hefesto_dualsense4unix/app/mic_monitor.py:122,src/hefesto_dualsense4unix/interface/pacotes/a02_controles.py:557 · src/hefesto_dualsense4unix/interface/mesa_viva.py:429 · src/hefesto_dualsense4unix/interface/paginas/02-controles.html:1448 · src/hefesto_dualsense4unix/interface/paginas/02-controles.html:1614,"Lê `LeituraMic.muted` do `MicMonitor` da própria janela — o mute da FONTE do PipeWire (`pactl get-source-mute`). Quatro estados: ATIVO, MUDO, ""Captando"" (sem mute lido) e ""Sem sinal"".","Lê `audio.mic_mudo` — o byte de mudo do FIRMWARE do controle. Três estados: ATIVO, MUDO, `—`. Não há leitor de PipeWire no piloto de produção (`MicMonitor` só aparece em `interface/controles_vivos.py`, que é bancada).","Mesma palavra, camadas diferentes. O selo da GTK diz se o PC está capturando; o do HTML diz se o firmware está calado. Com o microfone aberto no firmware e mudo no PipeWire os dois se contradizem, e nada na tela avisa. O HTML ganha o terceiro estado honesto (`—` quando a chave `audio` some no hotplug); a GTK ganha o medidor que prova o sinal. || DECIDIDO em 04/09/2026 — O selo diz o estado COMPOSTO — C-2. ATIVO só quando firmware e canal concordam; a discordância vira o recado da D-01. É o conflito C-2: a lista da aba propunha um selo só, com a dica dizendo que ele é o firmware; a D-12 manda o selo dizer o estado COMPOSTO, e a decisão DELA ganha. Onde está escrito: `docs/process/2026-09-04-O-PO-DECIDE-as-54-e-os-sete-conflitos.md` §2 `02[03]`, sobre a pergunta [03] de `docs/process/sprints/2026-09-04-DECISOES-DELA-02-controles.md`. Não espera mais palavra dela."
02-controles,Selo do microfone — a COR do selo,IGUAL,"data-hef-alvo=""classe""",PRESENTE,src/hefesto_dualsense4unix/interface/paginas/02-controles.html,src/hefesto_dualsense4unix/app/widgets/controller_card.py:5131 · src/hefesto_dualsense4unix/app/widgets/sensor_widgets.py:120,src/hefesto_dualsense4unix/interface/aba02.py · src/hefesto_dualsense4unix/interface/pacotes/a02_controles.py,"`selo_mic` devolve `(texto, fundo, cor)` e o `set_markup` pinta: ATIVO em `#50fa7b` sobre `#21222c`, MUDO em `#2b2d3a` sobre `#c8ccda`. `dim-label` nos dois estados de ""não sei"". FATO SUBSTITUÍDO — esta célula dizia ""vermelho MUDO"", e a GTK nunca pintou vermelho: `COR_SELO_MUDO_FUNDO` é `#2b2d3a`, um cinza escuro (`sensor_widgets.py:43`).","O selo é TRÊS elementos com o mesmo `data-campo=""mic-selo""` e três alvos: o `.selo-ativo` acende `on` (verde `#50fa7b`, o mesmo hex da GTK), o `.mic-glifo` acende `cortado` (o risco sobre o microfone) e o `.selo-palavra` leva o texto. Os dois `data-hef-quando` saem de `mesa_viva.selo_do_mic`, não de literal digitado.","03/09/2026 — FECHADA, por decisão dela: *""Cor + ícone. Redundante de propósito — quem lê rápido pega pela cor, quem não distingue cor pega pelo risco.""* O DEFEITO ERA ESTRUTURAL: `escrever()` tem UM alvo por elemento e o padrão é o texto, então o `<span>` que carregava a palavra E a classe só podia mudar a palavra. Medido no DOM vivo, na página publicada, injetando os três valores: o P1 ficava `rgb(80,250,123)` nos TRÊS e o P2 `rgb(68,71,90)` nos TRÊS — o P1 dizia MUDO em verde e o P2 dizia ATIVO em cinza. A cura parte o elemento em três. A classe foi INVERTIDA (`off` -> `on`) porque o alvo casa UM valor: acesa no MUDO, o terceiro estado (o travessão de `sabemos=False`) ficaria verde — um microfone que ninguém leu anunciando que captura. Régua na tela: `scripts/ensaios/o_selo_do_mic_muda_de_cor.py`."
02-controles,Interruptores Giroscópio / Acelerômetro por controle,SO_NO_HTML,"data-sensor=""acelerometro""",PRESENTE,src/hefesto_dualsense4unix/interface/paginas/02-controles.html,src/hefesto_dualsense4unix/profiles/schema.py:902,src/hefesto_dualsense4unix/interface/paginas/02-controles.html:1450 · src/hefesto_dualsense4unix/interface/hefesto_vivo.py:1019,"Não existe. `profiles/schema.py:902` declara os dois ""FORA POR AUSÊNCIA, NÃO POR DECISÃO"", e não há um único método `sensor.*`/`gyro.*`/`motion.*` nos 39 do `ipc_server`.","Desenha dois botões `data-sensor=""giroscopio""` e `data-sensor=""acelerometro""` com `title` explicativo. Eles não têm `data-gesto`, então o piloto os despacha com o nome `clique`, que a aba 02 não registra: o clique morre em `[gesto sem dono]` no stderr, sem uma palavra na tela.","É desenho, não função. Registro aqui para ninguém ""consertar"" removendo os botões achando que sobraram: eles são a promessa de um recurso que nem a GTK tinha. Mas hoje são DOIS botões que respondem calado — a forma exata do defeito que esta casa chama de ausência de notícia lida como sucesso."
02-controles,Perfil ativo e estado do Hefesto no topo do card,DIFERENTE,pacotes.topo,PRESENTE,LADO-HTML,src/hefesto_dualsense4unix/app/widgets/controller_card.py:2815 · src/hefesto_dualsense4unix/app/widgets/controller_card.py:2929,src/hefesto_dualsense4unix/interface/pacotes/__init__.py:676 · src/hefesto_dualsense4unix/interface/paginas/02-controles.html:1367,"A linha `Perfil ativo: <v> Hefesto: <v>` dentro do card único, escrita pela aba a cada tique.","`perfil` existe, mas na BARRA DA PÁGINA (topo.html, comum às dez), pintado por `pacotes.topo`. O estado do daemon não tem endereço nesta aba.","O perfil migrou de dentro do card para a barra da página (é fato global, e ali só aparece uma vez — o que é melhor). O ""Hefesto: <estado>"" do par não migrou para lugar nenhum desta aba. || SAI DO BALDE DESENHO em 04/09/2026, sem virar pergunta: As duas metades já têm casa — o perfil na barra da página (uma vez para as dez abas) e o estado do daemon na aba Sistema. Repetir um fato global dentro de quatro cartões contraria a regra dela de 30/08. Registrado em `docs/process/sprints/2026-09-04-DECISOES-DELA-02-controles.md`, seção 'Não são decisão dela'."
02-controles,Badge de degradação do gamepad virtual,DIFERENTE,"""mascara-degradou"": degradacao_de",PRESENTE,src/hefesto_dualsense4unix/interface/pacotes/a02_controles.py,src/hefesto_dualsense4unix/app/widgets/controller_card.py:1194 · src/hefesto_dualsense4unix/app/widgets/controller_card.py:4973,src/hefesto_dualsense4unix/interface/pacotes/a02_controles.py:2183 · src/hefesto_dualsense4unix/interface/aba02.py:1440 · src/hefesto_dualsense4unix/interface/paginas/02-controles.html:1896,"Acende a tarja ""Emulação degradada (uinput): <motivo em português>"" quando `vpad_backend == uinput` E há `vpad_motivo`; some nos outros casos.","O cartão acende um `*` ao lado do nome da máscara (`<sup class=""degradou"" data-campo=""mascara-degradou"" data-hef-alvo=""atributo"" data-hef-atributo=""title"">`) e o MOTIVO vai para o ponteiro — o texto é o do dono, por `pacotes.degradacao_de` → `controller_card.texto_degradacao`. Sem motivo o atributo é removido e o `*` some.","Este é o caso da armadilha 2 invertido: a função EXISTE do lado HTML e mesmo assim a feature falta, porque ninguém a chama e não há `data-campo` onde pousar. `vpad_motivo` é a chave que o próprio levantamento de 02/09 marcou como ""SÓ A GTK LÊ"" (`pacotes/__init__.py:714`). || DECIDIDO em 04/09/2026 — Uma marca na palavra e o motivo no hover. Onde está escrito: `docs/process/2026-09-04-O-PO-DECIDE-as-54-e-os-sete-conflitos.md` §2 `02[07]`, sobre a pergunta [07] de `docs/process/sprints/2026-09-04-DECISOES-DELA-02-controles.md`. Não espera mais palavra dela. || REMEDIDA em 06/09/2026 pela PARIDADE-REMEDIR-01. O ajudante deixou de ser órfão: ele é CHAMADO em `a02_controles.py:2183`, e o endereço existe na página publicada. DIFERENTE e não IGUAL porque a FORMA é a que ela decidiu em 04/09 (`02[07]`): lá é uma tarja escrita no corpo do cartão, aqui é uma marca na palavra com o motivo no hover. Mesmo fato, mesmo dono, superfícies diferentes por decisão."
02-controles,"Linha do giroscópio espelhado — ""fluindo para o jogo (~N Hz)""",IGUAL,texto_motion,PRESENTE,src/hefesto_dualsense4unix/interface/pacotes/a02_controles.py,src/hefesto_dualsense4unix/app/widgets/controller_card.py:1212 · src/hefesto_dualsense4unix/app/widgets/controller_card.py:4984,src/hefesto_dualsense4unix/interface/pacotes/a02_controles.py:2207 · src/hefesto_dualsense4unix/interface/aba02.py:1469 · src/hefesto_dualsense4unix/interface/aba02.py:1235,"Linha discreta ao lado da bateria, com o hertz medido do `rumble_ff.per_vpad`, e as duas frases de exceção (Modo Nativo, máscara Xbox).","""Giroscópio: fluindo para o jogo (~N Hz)"" no vão do cabeçalho do cartão, com o hertz lido de `rumble_ff.per_vpad` e as DUAS exceções do dono (Modo Nativo e máscara Xbox 360). Sem espelho vivo o dono devolve `None` e a linha some — o elemento de fora veste o `title` e o `:not([title])` da folha o apaga.","O número que responde ""o giroscópio está chegando ao jogo AGORA"" não existe do lado HTML. O que a tela mostra é um número de catálogo, igual para todo controle e todo momento. || FECHOU em 06/09/2026 — CONTROLES-VERDADE-01, e conferida aqui no fonte (`a02_controles.py:2207` chama `controller_card.texto_motion`, o mesmo dono da GTK). O que a tela mostrava era o número de CATÁLOGO da dica do interruptor (""No cabo são 250,0 Hz exatos""), igual para todo controle e todo momento; agora o número é lido. A linha mora nos 410px vagos do cabeçalho e custa ZERO altura — o cartão continua com 348px, medido."
02-controles,"Linha da verdade — ""o que chega ao jogo""",FALTA_NO_HTML,resumo_do_que_chega_ao_jogo,AUSENTE,LADO-HTML,src/hefesto_dualsense4unix/app/widgets/controller_card.py:1729 · src/hefesto_dualsense4unix/app/widgets/controller_card.py:5017,,Monta a frase por recurso (chegando / pararam / sem pedido ainda) e as duas frases de exceção de Nativo e máscara Xbox.,Nada. Nenhum pacote monta esta frase.,"Falta, mas NÃO é dívida de migração: na GTK ela também não está na tela desde 17/08/2026, por decisão dela (""remover guia dos status em tempo real"") — o widget é criado e alimentado e nunca empacotado (controller_card.py:2896). Reconstruí-la no HTML seria reintroduzir o que ela mandou tirar. || CONFIRMADO em 06/09/2026 — CONTROLES-VERDADE-01, e a sprint que pedia esta linha teve o enunciado derrubado pela medição: `controller_card.py:2916` diz que ela é criada, alimentada e NUNCA empacotada desde 17/08, e `:2770` que a decisão é dela e não se apaga. Quem ocupa aquele lugar na GTK é o `_motion_label` — a linha 55, que foi o que entrou. Há régua que impede a volta: `test_a_linha_da_verdade_continua_fora_do_cartao`. Continua FALTA_NO_HTML porque a GTK ainda MONTA a frase e o HTML não a monta; o que ela NÃO é, é dívida a pagar."
02-controles,"Guarda ""sem endereço"" — desligar o som do card quando não há MAC",FALTA_NO_HTML,_pecas_que_escrevem_som,AUSENTE,LADO-HTML,src/hefesto_dualsense4unix/app/widgets/controller_card.py:5294 · src/hefesto_dualsense4unix/app/widgets/controller_card.py:5322 · src/hefesto_dualsense4unix/app/widgets/controller_card.py:5365,src/hefesto_dualsense4unix/interface/pacotes/a02_controles.py:787 · src/hefesto_dualsense4unix/interface/pacotes/a02_controles.py:859,"Sem `uniq`, deixa insensíveis as cinco peças que MANDAM som (botão do mic, os dois deslizantes, mudo e devolução do alto-falante, e o seletor de canal), põe a dica nas duas molduras e acende um aviso visível. A leitura fica ligada de propósito.","Só a segunda tranca: os gestos levantam `ValueError` quando o clique não trouxe controle (a02:859, :979, :1098). Nenhuma peça fica cinza e não há aviso.","O que falta é a metade VISÍVEL. Sem endereço, `mic.set`/`speaker.set` caem no controle primário — o card do Controle 2 aplicando no Controle 1, que foi o estrago medido em 04/08/2026. O HTML recusa depois do clique; a GTK impede antes e diz por quê. || DECIDIDO em 04/09/2026 — O botão apaga e a dica diz por quê. É a D-03 aplicada a esta aba. Onde está escrito: `docs/process/2026-09-04-O-PO-DECIDE-as-54-e-os-sete-conflitos.md` §2 `02[04]`, sobre a pergunta [04] de `docs/process/sprints/2026-09-04-DECISOES-DELA-02-controles.md`. Não espera mais palavra dela. || CONSTRUÍDA E NÃO PUBLICADA — 06/09/2026, CONTROLES-OS-TRES-SELOS-01, conferida pela PARIDADE-REMEDIR-02. A metade VISÍVEL nasceu: sem `uniq`, as peças que MANDAM som esmaecem e os dois `?` dizem a razão, pelo endereço `som-sem-endereco` (`a02_controles.py:2663`, `aba02.py:2241`). Contado: 4 ocorrências na bancada, ZERO no publicado. Espera o `--publicar 02`, que é ato dela."
02-controles,"Confissão ""o microfone em que mexi não é o deste card""",DIFERENTE,frase_do_alvo_do_mic,PRESENTE,src/hefesto_dualsense4unix/interface/pacotes/a02_controles.py,src/hefesto_dualsense4unix/app/widgets/controller_card.py:2191 · src/hefesto_dualsense4unix/app/widgets/controller_card.py:4460 · src/hefesto_dualsense4unix/app/widgets/controller_card.py:2708,src/hefesto_dualsense4unix/interface/pacotes/a02_controles.py:3200 · src/hefesto_dualsense4unix/interface/pacotes/a02_controles.py:3190 · src/hefesto_dualsense4unix/interface/pacotes/ponte.py:99,"Lê `ipc_bridge.alvo_honrado` (três estados) e, quando o daemon diz que o pedido caiu na rota global, acende a tarja `TEXTO_MIC_ALVO_NAO_HONRADO` no corpo do card.","O deslizante do microfone lê os TRÊS estados: `frase_do_alvo_do_mic(alvo_honrado(corpo))` sobre o `mic_volume_set_detalhado`, e a confissão sobe pelo canal da recusa (`RuntimeError`), que é o único caminho que deposita frase no cartão DAQUELE controle — a decisão [08] com todas as letras. O gesto do MUDO usa a outra frase do dono (`frase_do_ato_do_microfone`, qual metade faltou) e não a do alvo.","Na mesa cheia, um mudo que caiu no controle de outra pessoa aparece no HTML como sucesso — a tela pinta o selo do card certo e o microfone que calou foi outro. || DECIDIDO em 04/09/2026 — Vira aviso no cartão, como as recusas. Onde está escrito: `docs/process/2026-09-04-O-PO-DECIDE-as-54-e-os-sete-conflitos.md` §2 `02[08]`, sobre a pergunta [08] de `docs/process/sprints/2026-09-04-DECISOES-DELA-02-controles.md`. Não espera mais palavra dela. || REMEDIDA em 06/09/2026 pela PARIDADE-REMEDIR-01. O `bool` que guardava dois estados virou os três em 06/09: `mic_volume_set_detalhado` + `alvo_honrado` (`ponte.py:99`). DIFERENTE e não IGUAL por DUAS razões medidas: o canal é outro (tarja no corpo do cartão lá; recado da recusa aqui, como ela decidiu) e a cobertura é PARCIAL — só o volume do microfone confessa; o botão de mudo ainda não lê `alvo_honrado`."
02-controles,"""—"" honesto quando não há leitor de inputs para o controle",IGUAL,leitura_viva,PRESENTE,src/hefesto_dualsense4unix/interface/pacotes/a02_controles.py,src/hefesto_dualsense4unix/app/widgets/controller_card.py:5481 · src/hefesto_dualsense4unix/app/widgets/controller_card.py:5489,src/hefesto_dualsense4unix/interface/pacotes/a02_controles.py:333 · src/hefesto_dualsense4unix/interface/pacotes/a02_controles.py:356 · src/hefesto_dualsense4unix/interface/pacotes/a02_controles.py:376,"Esconde a área de inputs inteira e mostra `—`, e ainda ZERA tudo: barras de gatilho a 0/255, analógicos ao centro, os 16 glifos apagados, giroscópio/acelerômetro/touchpad escondidos, microfone e alto-falante ao ""não sei"".","`leitura_viva` devolve o REPOUSO quando `inputs` não é dicionário: gatilhos em `0 / 255` com a barra vazia, analógicos no centro (128), os dezesseis glifos apagados e os seis eixos no travessão — mais o `l3`, `r3` e `touch-estado` que já diziam `—`.","03/09/2026 — REMEDIDA e FECHADA. É o `_reset_inputs_render` da GTK (`controller_card.py:5489`) item por item: as duas barras a zero com `0 / 255`, os dois analógicos em `_markup_xy(128, 128)`, os glifos apagados, os sensores limpos. || O QUE CONTINUA DIFERENTE é só o gesto do 'não sei': a GTK ESCONDE a área de inputs e mostra um `—` no lugar dela; o HTML deixa os campos à vista, cada um dizendo o seu travessão. As duas recusam afirmar. || O que isto custava valia para METADE da mesa dela: o daemon só publica `inputs` para o `is_primary`, e o card do outro controle mostrava três glifos acesos, L2 em 200/255 e o giroscópio em +143.2 — leitura de um aparelho que ninguém estava lendo."
02-controles,"Touchpad — a palavra (""Sem toque"" / ""1 toque"")",IGUAL,touchpad_do_inputs,PRESENTE,src/hefesto_dualsense4unix/interface/pacotes/a02_controles.py,src/hefesto_dualsense4unix/app/widgets/controller_card.py:5068 · src/hefesto_dualsense4unix/app/widgets/sensor_widgets.py:226,src/hefesto_dualsense4unix/interface/pacotes/a02_controles.py:193 · src/hefesto_dualsense4unix/interface/paginas/02-controles.html:1475,"`texto_toques(1 if tocando else 0)` a partir de `touchpad_do_inputs`; sem bloco, esconde a moldura inteira.","`toque_do_controle` usa o MESMO `touchpad_do_inputs` e o MESMO `texto_toques`, com a mesma conta `1 if tocando else 0`; sem leitura escreve `—`. Medido vivo: `""—""` nos dois (os dois `inputs` estavam sem a chave `touchpad` no instante da sonda).","Um dono só, o do produto, chamado dos dois lados. A única diferença é o gesto do ""não sei"": a GTK esconde a moldura, o HTML escreve travessão — as duas recusam afirmar, e ela decidiu o travessão para todo campo sem informação."
02-controles,Touchpad — o pontinho e a POSIÇÃO do dedo,DIFERENTE,"data-campo=""touch-ponto""",PRESENTE,src/hefesto_dualsense4unix/interface/paginas/02-controles.html,src/hefesto_dualsense4unix/app/widgets/controller_card.py:5077 · src/hefesto_dualsense4unix/app/widgets/controller_card.py:1913,src/hefesto_dualsense4unix/interface/pacotes/a02_controles.py:214 · src/hefesto_dualsense4unix/interface/pacotes/a02_controles.py:1144 · src/hefesto_dualsense4unix/interface/paginas/02-controles.html:1571,"`set_toque((fx, fy) if tocando else None)` — a posição normalizada pelos limites que o próprio payload declara; sem toque, ponto nenhum.","O `touch-ponto` existe na página publicada e o pacote o emite: `toque_do_controle` acende o pontinho com toque e o APAGA sem toque (alvo `classe`). A POSIÇÃO continua fora — o piloto único não tem alvo de posição, e o `left/top` do desenho segue cravado.","03/09/2026 — METADE FECHADA. A metade que fechou é a que ela pediu no item 15: *""o pontinho do touchpad só aparece quando há toque""* — antes ele ficava aceso com `touching` falso, contra o que a dica do próprio campo promete. || A metade que falta é a POSIÇÃO, e ela não é desta aba: `touchpad_do_inputs` já devolve `fx`/`fy`, e o que não existe é um alvo de posição no piloto (os sete são texto·largura·fundo·valor·html·classe·cor). Enquanto ele não existir, o dedo não se move na tela."
02-controles,Barra de luz — o código hexadecimal da cor,DIFERENTE,#0000FF,PRESENTE,src/hefesto_dualsense4unix/interface/pacotes/a02_controles.py,src/hefesto_dualsense4unix/app/widgets/controller_card.py:4958 · src/hefesto_dualsense4unix/app/widgets/controller_card.py:2222,src/hefesto_dualsense4unix/interface/pacotes/a02_controles.py:299 · src/hefesto_dualsense4unix/interface/pacotes/a02_controles.py:553 · src/hefesto_dualsense4unix/interface/paginas/02-controles.html:1481,"Escreve `rgb_para_hex(cru)` sempre que houver `lightbar_rgb`, com a RESSALVA ao lado (o rótulo de estado); cor desconhecida esconde o bloco em vez de pintar preto.","Decide pelo RÓTULO que o motor devolve: `#RRGGBB` só no ramo ""cor conhecida e acesa"", `#000000` para ""apagada"", travessão nos três ""não sei"" (Nativo, Steam segurando, fonte desconhecida). Medido vivo: `#0000FF` e `#FF0000`.","Nos ramos ""Em Nativo o jogo é dono do LED"" e ""A Steam tem este controle aberto"" a base é o rgb CRU, que com fonte desconhecida é [0,0,0]: a GTK mostra a cor COM a ressalva ao lado, o HTML recusa dizer porque a ressalva não tem endereço. **Diferente-para-melhor no HTML** nesses três ramos; e no ramo ""apagada"" é o inverso — a GTK esconde o bloco, o HTML escreve `#000000`, que é o que uma barra sem corrente emite. || DECIDIDO em 04/09/2026 — Palavra curta no lugar do travessão, frase inteira no hover. As quatro palavras: `Jogo` · `Steam` · `Não sei` · `Apagada`. Onde está escrito: `docs/process/2026-09-04-O-PO-DECIDE-as-54-e-os-sete-conflitos.md` §2 `02[02]`, sobre a pergunta [02] de `docs/process/sprints/2026-09-04-DECISOES-DELA-02-controles.md`. Não espera mais palavra dela."
02-controles,Barra de luz — o retângulo colorido,DIFERENTE,_cor_da_barra,PRESENTE,src/hefesto_dualsense4unix/interface/pacotes/a02_controles.py,src/hefesto_dualsense4unix/app/widgets/controller_card.py:4965,src/hefesto_dualsense4unix/interface/pacotes/a02_controles.py:667 · src/hefesto_dualsense4unix/interface/pacotes/a02_controles.py:1193 · src/hefesto_dualsense4unix/interface/paginas/02-controles.html:1577,`self._lightbar_bar.set_cor(cru)` com a cor viva; `None` esconde o bloco.,"`_cor_da_barra` pinta o retângulo com a MESMA resposta do motor que decide o `luz-hex` (alvo `cor`, sobre `background:currentColor`): a cor no ramo conhecido, preto no ramo apagado, e VAZIO nos três ""não sei"", que devolve o retângulo à folha de estilo.","03/09/2026 — FECHADA a contradição, e ela era o achado mais visível desta aba: o campo dizia `#0000FF` e o retângulo logo abaixo estava em `#7EB8D4`, a cor do mockup. Medido na tela dela em 03/09: o campo diz `—` e o retângulo está apagado — os dois dizem a MESMA coisa. || DIFERENTE e não IGUAL, pela mesma razão da feature irmã (`luz-hex`): nos ramos ""Em Nativo o jogo é dono do LED"" e ""A Steam segura"" a GTK mostra a cor CRUA com a ressalva ao lado, e o HTML recusa dizer porque a ressalva não tem endereço na página. || SAI DO BALDE DESENHO em 04/09/2026, sem virar pergunta: O próprio CSV já registrava o fecho em 03/09: campo e retângulo saem da mesma resposta do motor. O que sobrava — a ressalva sem endereço — virou a decisão `02`[02]. Registrado em `docs/process/sprints/2026-09-04-DECISOES-DELA-02-controles.md`, seção 'Não são decisão dela'."
02-controles,Barra de luz — o rótulo das quatro situações,DIFERENTE,luz_palavra,PRESENTE,src/hefesto_dualsense4unix/interface/pacotes/a02_controles.py,src/hefesto_dualsense4unix/app/widgets/controller_card.py:1145 · src/hefesto_dualsense4unix/app/widgets/controller_card.py:4939,src/hefesto_dualsense4unix/interface/pacotes/a02_controles.py:932 · src/hefesto_dualsense4unix/interface/pacotes/a02_controles.py:1917 · src/hefesto_dualsense4unix/interface/pacotes/a02_controles.py:2220 · src/hefesto_dualsense4unix/interface/aba02.py:1968,"Mostra a frase que o motor devolve: ""Em Nativo o jogo é dono do LED"", ""A Steam tem este controle aberto"", ""Lightbar: cor desconhecida"", ""Lightbar: apagada""; sem rótulo, esconde.","As QUATRO palavras curtas dela ocupam o lugar do travessão — `Jogo` · `Steam` · `Não sei` · `Apagada` (`PALAVRA_DA_LUZ`, e o ""não sei"" não é digitado: é `pacotes.NOME_SEM_LEITURA`, a mesma da fita do topo) —, e a frase INTEIRA do motor vai para o `title` da linha (`luz-porque`, alvo `atributo`).","É a metade que explica a outra. Sem ela o HTML tem de escolher entre mostrar uma cor sem ressalva (mentira) e mostrar travessão (o que ele faz). Qual palavra curta cabe ali é decisão dela — o desenho é dela. || DECIDIDO em 04/09/2026 — Palavra curta no lugar do travessão, frase inteira no hover. As quatro palavras: `Jogo` · `Steam` · `Não sei` · `Apagada`. Onde está escrito: `docs/process/2026-09-04-O-PO-DECIDE-as-54-e-os-sete-conflitos.md` §2 `02[02]`, sobre a pergunta [02] de `docs/process/sprints/2026-09-04-DECISOES-DELA-02-controles.md`. Não espera mais palavra dela. || REMEDIDA em 06/09/2026 pela PARIDADE-REMEDIR-01, com os dois endereços lidos no código. A objeção de largura que a célula registrava (""Lightbar: apagada"" ocupa 86,7px e QUEBRA a linha) foi resolvida pela decisão `02[02]` dela — palavra curta na tela, frase no hover — e a decisão está EXECUTADA. DIFERENTE e não IGUAL porque a GTK mostra a frase inteira e o HTML mostra uma palavra: a informação chega, o tamanho não é o mesmo."
02-controles,"Accent do card — a cor viva tinge analógicos, glifos e barras de gatilho",DIFERENTE,--plastico,PRESENTE,src/hefesto_dualsense4unix/interface/paginas/02-controles.html,src/hefesto_dualsense4unix/app/widgets/controller_card.py:4946 · src/hefesto_dualsense4unix/app/widgets/controller_card.py:2211,src/hefesto_dualsense4unix/interface/paginas/02-controles.html:1427,"`ensure_min_contrast` sobre a base da lightbar e propaga a UM só lugar: os dois sticks, os 16 glifos, as duas ProgressBar de L2/R2 e os títulos dos analógicos.","A variável CSS `--plastico` é a cor do MODELO, escrita pelo gerador no `style` do `.ctl` e nunca repintada.","O card da GTK muda de cor junto com a barra de luz do aparelho — é o que faz reconhecer de relance qual card é qual controle na mesa de quatro. O HTML colore pelo casco, que é estável mas não é o que a barra está mostrando. || FECHADA POR DECISÃO em 04/09/2026, não por dívida: A D-06 já dá lugar à cor viva — o anel interno do cartão (sprint S-11). Não é dívida nova: abrir um segundo canal para o mesmo fato é o que a regra UM FATO, UM SINAL recusa. É o conflito C-1: a lista da aba propunha um pingo vivo no cabeçalho do card; a D-06 dá o anel interno, e a decisão DELA ganha. Onde está escrito: `docs/process/2026-09-04-O-PO-DECIDE-as-54-e-os-sete-conflitos.md` §2 `02[01]`, sobre a pergunta [01] de `docs/process/sprints/2026-09-04-DECISOES-DELA-02-controles.md`. Não espera mais palavra dela."
02-controles,LED do jogador — as cinco lâmpadas,SO_NO_HTML,player_slot_color,PRESENTE,src/hefesto_dualsense4unix/interface/paginas/02-controles.html,,src/hefesto_dualsense4unix/interface/paginas/02-controles.html:1484,Não existe. O card não desenha o padrão das lâmpadas.,"Uma moldura própria com `.luzinhas`, no padrão do jogador, derivada do número. Sem `data-campo` nenhum: o padrão desenhado é o do P1 do mockup, e vale para todo card.","Ganho de desenho — a informação existe (`player_slot`) e a GTK nunca a mostrou assim. Registro para ninguém remover achando que é sobra. Mas hoje é bloco morto: o P2 mostra o padrão do P1. · SINAL CORRIGIDO EM 06/09/2026: era `player_slot`, que NÃO EXISTE sozinho na página — só dentro de `player_slot_color`. A régua o dava por presente por casar SUBSTRING, e esta linha nunca mordeu desde que nasceu. Apareceu quando a régua ganhou borda de palavra; o símbolo que a página usa é `player_slot_color`, o dono da paleta em core/led_control."
02-controles,Analógicos — a posição do ponto e os números X/Y,DIFERENTE,_markup_xy,PRESENTE,src/hefesto_dualsense4unix/interface/pacotes/a02_controles.py,src/hefesto_dualsense4unix/app/widgets/controller_card.py:5402 · src/hefesto_dualsense4unix/app/widgets/controller_card.py:994,src/hefesto_dualsense4unix/interface/pacotes/a02_controles.py:299 · src/hefesto_dualsense4unix/interface/pacotes/a02_controles.py:376 · src/hefesto_dualsense4unix/interface/paginas/02-controles.html:1594,"`stick.update(lx, ly)` move o ponto e `_markup_xy(lx, ly)` escreve os dois números, com diff por eixo.","Os NÚMEROS andam: `texto_do_xy` chama o `_markup_xy` do produto e a página recebe por `data-campo=""xy-l""`/`""xy-r""` no alvo `html`. Medido na tela dela em 03/09: `X:125 / Y:121` e `X:128 / Y:126`, os valores do daemon. O PONTO continua no `left/top` que o mockup cravou.","03/09/2026 — REMEDIDA. Metade fechou: a frase dos dois eixos tem um dono só, o da GTK, e chega à tela. || A outra metade é a MESMA que falta ao pontinho do touchpad, e pela mesma causa: o piloto único não tem alvo de POSIÇÃO. Não é dívida desta aba nem do pacote — é do pintor, e enquanto ele não a tiver, os dois analógicos ficam parados no desenho enquanto ela os move."
02-controles,Clique dos analógicos (L3 / R3),DIFERENTE,portao_a_casa_sabe_e_o_produto_,PRESENTE,src/hefesto_dualsense4unix/interface/pacotes/a02_controles.py,src/hefesto_dualsense4unix/app/widgets/controller_card.py:5453 · src/hefesto_dualsense4unix/app/widgets/controller_card.py:5471,src/hefesto_dualsense4unix/interface/pacotes/a02_controles.py:239 · src/hefesto_dualsense4unix/interface/pacotes/a02_controles.py:614 · src/hefesto_dualsense4unix/interface/paginas/02-controles.html:1496 · src/hefesto_dualsense4unix/interface/paginas/02-controles.html:1503,`set_l3_pressed` no desenho do stick e pinta o TÍTULO do analógico com o accent do controle enquanto apertado.,"Troca o TEXTO do rótulo dentro do círculo: `L3` → `[L3]`. Sem leitor, `—`. Medido vivo: `""L3""` no P1 e `""—""` no P2.","A GTK muda a COR, o HTML muda o TEXTO — e a razão está escrita e caducou: o alvo `cor` entrou no piloto em 02/09 (hefesto_vivo.py:246), e o que falta agora não é o alvo, é a palavra dela sobre trocar `[L3]` por cor. O `.rotl` é JetBrains Mono 26px num círculo de 100px: cabem quatro caracteres. || DECIDIDO em 04/09/2026 — Fica `[L3]`. Onde está escrito: `docs/process/2026-09-04-O-PO-DECIDE-as-54-e-os-sete-conflitos.md` §2 `02[10]`, sobre a pergunta [10] de `docs/process/sprints/2026-09-04-DECISOES-DELA-02-controles.md`. Não espera mais palavra dela."
02-controles,"Os 16 glifos acesos, com L2/R2 por limiar",IGUAL,ALL_BUTTONS,PRESENTE,src/hefesto_dualsense4unix/interface/pacotes/a02_controles.py,src/hefesto_dualsense4unix/app/widgets/controller_card.py:5425,src/hefesto_dualsense4unix/interface/pacotes/a02_controles.py:356 · src/hefesto_dualsense4unix/interface/pacotes/a02_controles.py:359 · src/hefesto_dualsense4unix/interface/paginas/02-controles.html:1610,"Acende cada glifo por `nome in buttons_pressed`, acrescenta `l2`/`r2` por limiar (`l2_raw > L2_R2_THRESHOLD`) e aplica o remendo `create`→`share` do daemon.","`leitura_viva` acende por `nome in buttons_pressed` sobre os MESMOS `ALL_BUTTONS`, aplica o mesmo remendo `create`→`share` e o mesmo `L2_R2_THRESHOLD`; os 16 `<span class=""gb"">` ganharam `data-campo=""glifo-*""` com `data-hef-alvo=""classe""`.","03/09/2026 — REMEDIDA e FECHADA. A linha anterior dizia DIFERENTE e pedia a remedição: o símbolo tinha aparecido no lado HTML e ninguém tinha conferido o COMPORTAMENTO. Conferido agora, item por item: mesma lista de nomes, mesmo limiar, mesmo remendo de nome, e o mesmo desfecho sem leitor (os dezesseis apagados, que é o `_reset_inputs_render`). Medido na tela dela em 03/09 com o controle parado: zero glifos acesos — antes o desenho mantinha `cross`, `dpad_up` e `l2` acesos para sempre. || O QUE NÃO ENTRA AQUI é a COR do glifo, que a GTK tinge com o accent do controle: aquilo é a feature 'Accent do card', e continua DIFERENTE."
02-controles,Gatilhos — a barra e o número (N / 255) de L2 e R2,IGUAL,"f""{cru} / 255""",PRESENTE,src/hefesto_dualsense4unix/interface/pacotes/a02_controles.py,src/hefesto_dualsense4unix/app/widgets/controller_card.py:5391,src/hefesto_dualsense4unix/interface/pacotes/a02_controles.py:367 · src/hefesto_dualsense4unix/interface/paginas/02-controles.html:1855 · src/hefesto_dualsense4unix/interface/paginas/02-controles.html:1857,"`set_fraction(l2/255)` e `set_text(f""{l2} / 255"")` nas duas barras, com diff por gatilho.","Emite `l2-num`/`r2-num` com a frase da GTK (`f""{cru} / 255""`) e `l2-barra`/`r2-barra` com a mesma fração em por cento; a página ganhou os quatro `data-campo`, com `data-hef-alvo=""largura""` na barra. Medido na tela dela em 03/09: `0 / 255` nos dois, com o dedo fora.","03/09/2026 — FECHADA. A linha anterior dizia FALTA_NO_HTML e apontava a causa certa: *""o dado está a UM `.get` do `state_full` e a página não tem onde pô-lo""* — `data-gatilho` é o quinto vocabulário e o piloto único não o lê. A página ganhou `data-campo`, e os dois gatilhos passaram a andar. || A conta da barra é `cru * 100 // 255` contra o `set_fraction(l2/255)` da GTK: a mesma fração, em inteiro, porque o `style` recebe por cento e um `22.35%` seria um dígito a mais no DOM a cada tique."
02-controles,Giroscópio — os três eixos (número e barra bipolar),IGUAL,ESCALA_GYRO_GRAUS_S,PRESENTE,src/hefesto_dualsense4unix/interface/pacotes/a02_controles.py,src/hefesto_dualsense4unix/app/widgets/controller_card.py:1862 · src/hefesto_dualsense4unix/app/widgets/controller_card.py:3172 · src/hefesto_dualsense4unix/app/widgets/controller_card.py:5037,src/hefesto_dualsense4unix/interface/pacotes/a02_controles.py:309 · src/hefesto_dualsense4unix/interface/pacotes/a02_controles.py:377 · src/hefesto_dualsense4unix/interface/paginas/02-controles.html:1823,"`gyro_do_inputs` → `GyroBars.set_valores(x,y,z)`, com escala em graus/s; sem leitura, limpa e ESCONDE a moldura.","`_eixos_do_sensor` chama `gyro_do_inputs`, escreve o número com `texto_eixo` (a grafia `+7.1f` de largura fixa, do produto) e a barra com `mesa_viva._barra_bipolar` na `ESCALA_GYRO_GRAUS_S`. Sem leitura: travessão no número e barra a zero. Medido na tela dela em 03/09: X -0.2 · Y -0.1 · Z +0.2, com o aparelho parado.","03/09/2026 — REMEDIDA e FECHADA. Mesmos donos nos dois lados: o mesmo leitor (`gyro_do_inputs`), a mesma grafia (`texto_eixo`) e a mesma escala. || O QUE CONTINUA DIFERENTE é o gesto do 'não sei': a GTK esconde a moldura, o HTML escreve travessão e zera a barra. As duas recusam afirmar, e ela decidiu o travessão para todo campo sem informação — é a mesma diferença que a feature 'Touchpad — a palavra' já registra como IGUAL. || Antes desta leva os três números do mockup (+143.2 / −412.0 / +22.8) ficavam na tela para sempre."
02-controles,Acelerômetro — os três eixos,IGUAL,ESCALA_ACCEL_G,PRESENTE,src/hefesto_dualsense4unix/interface/pacotes/a02_controles.py,src/hefesto_dualsense4unix/app/widgets/controller_card.py:1886 · src/hefesto_dualsense4unix/app/widgets/controller_card.py:3203 · src/hefesto_dualsense4unix/app/widgets/controller_card.py:5049,src/hefesto_dualsense4unix/interface/pacotes/a02_controles.py:309 · src/hefesto_dualsense4unix/interface/pacotes/a02_controles.py:379 · src/hefesto_dualsense4unix/interface/paginas/02-controles.html:1838,"`accel_do_inputs` → `GyroBars` com escala em g e duas casas decimais; sem leitura, esconde.","O MESMO `_eixos_do_sensor` do giroscópio, com `accel_do_inputs`, `texto_eixo_g` (duas casas) e `ESCALA_ACCEL_G`. Medido na tela dela em 03/09: X +0.11 · Y +0.94 · Z +0.22 — a gravidade.","03/09/2026 — REMEDIDA e FECHADA, pelas mesmas razões do giroscópio (a função é uma só, chamada duas vezes). Ela derrubou a premissa da remoção com todas as letras — *""não era pra ele sair. era pra ele FUNCIONAR""* — e agora ele funciona dos dois lados. || Antes desta leva os valores na tela (+0.105 / +0.976 / +0.170) eram os que o GERADOR mediu uma vez, no dia em que escreveu o arquivo."
02-controles,Microfone — o medidor de onda ao vivo,FALTA_NO_HTML,LeituraMic,AUSENTE,LADO-HTML,src/hefesto_dualsense4unix/app/widgets/controller_card.py:5082 · src/hefesto_dualsense4unix/app/mic_monitor.py:565,src/hefesto_dualsense4unix/interface/paginas/02-controles.html:1644 · src/hefesto_dualsense4unix/interface/controles_vivos.py:1117,"`MicMeter.set_nivel(nivel)` a partir da `LeituraMic` do `MicMonitor` da própria janela (o microfone é o único sensor que NÃO vem pelo IPC); sem nível, limpa a onda e mantém o bloco.","`<span class=""onda"">` com 14 `<i>` de altura fixa. O `estado_do_card` aceita um `onda_mic`, mas o piloto de PRODUÇÃO (`hefesto_vivo.py`, o console script `hefesto-dualsense4unix-gui`) não instancia `MicMonitor` — ele só aparece em `interface/controles_vivos.py`, que é bancada.","Não é endereço que falta, é o LEITOR: nenhum processo do produto novo captura o áudio. A onda desenhada é decorativa, e o mesmo bloco desenha uma onda para o alto-falante (linha 1684) que também nunca foi lida por ninguém. || CONFERIDA em 06/09/2026 pela PARIDADE-REMEDIR-01 e MANTIDA: `MicMonitor` continua aparecendo só em `src/hefesto_dualsense4unix/interface/controles_vivos.py:1127`, que é bancada. O piloto de PRODUÇÃO não instancia leitor de áudio nenhum, e a onda desenhada segue decorativa."
02-controles,Microfone — o botão diz o que o clique vai fazer,DIFERENTE,acao_mic,PRESENTE,src/hefesto_dualsense4unix/interface/pacotes/a02_controles.py,src/hefesto_dualsense4unix/app/widgets/controller_card.py:1982 · src/hefesto_dualsense4unix/app/widgets/controller_card.py:5099 · src/hefesto_dualsense4unix/app/widgets/controller_card.py:5110,src/hefesto_dualsense4unix/interface/paginas/02-controles.html:1648 · src/hefesto_dualsense4unix/interface/pacotes/a02_controles.py:879,"Quatro estados com rótulo, sensibilidade e dica: ""Silenciar"", ""Ativar"", ""Liberar"", e ""sem dado"" INSENSÍVEL quando não há leitura de `audio`.","O 🎙 é um ícone fixo com `title` estático. O pacote consulta `acao_mic` **só na hora do clique**, para recusar; nada disso chega à tela antes.","A REGRA é a mesma e vem do mesmo dono — o HTML reusa `acao_mic` em vez de reescrevê-lo, e foi essa cura que matou o `bool(None)→mic_set(True)`. O que difere é a MOSTRA: o botão nunca fica cinza, nunca diz o que fará, e a recusa só aparece depois do clique (por 30 s, no cartão). || DECIDIDO em 04/09/2026 — O botão apaga e a dica diz por quê. É a D-03 aplicada a esta aba. Onde está escrito: `docs/process/2026-09-04-O-PO-DECIDE-as-54-e-os-sete-conflitos.md` §2 `02[04]`, sobre a pergunta [04] de `docs/process/sprints/2026-09-04-DECISOES-DELA-02-controles.md`. Não espera mais palavra dela."
02-controles,Microfone — o gesto do mudo (mic.set),IGUAL,ipc_handlers.py:4830,PRESENTE,src/hefesto_dualsense4unix/interface/pacotes/a02_controles.py,src/hefesto_dualsense4unix/app/widgets/controller_card.py:3540,src/hefesto_dualsense4unix/interface/pacotes/a02_controles.py:821,"`ipc_bridge.mic_set(acao.valor, uniq)` fora da thread GTK, e não repinta nada — quem repinta é o tique relendo o `state_full`.","`p.mic_set(not agora, uniq=uniq)` com a leitura do firmware (`audio.mic_mudo`) e não de memória nossa, em thread (hefesto_vivo.py:1045), e levanta com a frase quando o daemon não confirma.","Mesma camada (o mudo no FIRMWARE, `ipc_handlers.py:4830`), mesmo `uniq`, mesma disciplina de não guardar o valor mandado como leitura, mesma ponte (`app/ipc_bridge.py`). A única diferença de alcance é o valor `None`, que é a feature seguinte. || O TRANSPORTE, DECLARADO em 06/09/2026 pela PARIDADE-CRUZA-O-MAPA-01: o gesto vale nos DOIS transportes — o canal é `hidraw` dos dois lados (`audio.microfone.mudo@dualsense`) —, e o que o mapa restringe é a DURAÇÃO no rádio: `radio_aciona=parcial`, causa `divida`. Lido no código hoje: `_mic_mute_desejado` é atributo de INSTÂNCIA do handle (`core/backend_pydualsense.py:751`, escrito em `:1131`) e `_reapply_desired` (`:4026`) só repende os blocos de gatilho — então um `mic.set` evapora no handle novo, calado, e reconexão é rotina no rádio (MIC-BT-DONO-01, ainda proposta). O defeito é do DAEMON e alcança os DOIS lados desta linha por igual, o que é justamente por que ela continua IGUAL. NADA foi medido em aparelho por esta frente."
02-controles,"Microfone — ""Liberar"": devolver a posse do mudo ao hid-playstation",DIFERENTE,mic-porque,PRESENTE,LADO-HTML,src/hefesto_dualsense4unix/app/widgets/controller_card.py:2015 · src/hefesto_dualsense4unix/app/widgets/controller_card.py:3567,src/hefesto_dualsense4unix/interface/pacotes/a02_controles.py:1511 · src/hefesto_dualsense4unix/interface/paginas/02-controles.html:2118 · src/hefesto_dualsense4unix/interface/aba02.py:2520,Terceiro estado do ciclo do botão: `mic_set(None)` devolve o registrador ao kernel e o botão físico do controle volta a mandar.,"O botão não está aqui, por decisão dela — e o PREÇO está dito: a dica do 🎙 (`mic-porque`) explica que clicar aqui ASSUME o mudo e que o botão do controle para de valer, em vez de mandar procurar um botão ausente. O 'Nada se perdeu' da página conta a decisão inteira, com a data em que ela a manteve.","**Falta POR DECISÃO DELA**, 30/08/2026: *""o botão do Controle sempre controla a interface, por isso não faz sentido o liberar ali""*. O método continua no daemon. Registro aqui para ninguém o ""restaurar"" achando que se perdeu na migração. || REMEDIDO em 06/09/2026 pela PARIDADE-REMEDIR-01: deixa de ser FALTA e passa a DIFERENTE. Falta é dívida; isto é desenho decidido, e o lado HTML tem peça própria — a dica que diz o preço. O `sinal` era a frase da GTK; hoje é o endereço de tela onde a decisão se cumpre."
02-controles,Microfone — o controle deslizante de volume (mic.volume.set),IGUAL,"data-volume=""microfone""",PRESENTE,LADO-HTML,src/hefesto_dualsense4unix/app/widgets/controller_card.py:3398 · src/hefesto_dualsense4unix/app/widgets/controller_card.py:4043 · src/hefesto_dualsense4unix/app/widgets/controller_card.py:4087,src/hefesto_dualsense4unix/interface/aba02.py:2054 · src/hefesto_dualsense4unix/interface/paginas/02-controles.html:2115 · src/hefesto_dualsense4unix/interface/pacotes/a02_controles.py:3117 · src/hefesto_dualsense4unix/interface/pacotes/a02_controles.py:3199,"`Gtk.Scale` 0-100 em linha própria, com repouso, guarda de arrasto, guarda de repintura, `uniq` obrigatório e a segunda tranca dentro do gesto.","`<input class=""puxa-vol"" type=""range"" min=""0"" max=""100"" step=""1"" data-gesto=""volume"" data-volume=""microfone"">` TRANSPARENTE por cima do trilho do desenho, e o gesto `volume` manda `mic.volume.set` por controle (`mic_volume_set_detalhado`, com `uniq` obrigatório), com a guarda do `click` que vem depois do `change` para não escrever duas vezes.","O daemon atende (`mic.volume.set`) e a ponte tem `mic_volume_set` — o que falta é do lado do DESENHO, e desenho é dela. O número 80 é o do mockup, para todo controle. || DECIDIDO em 04/09/2026 — A barra pintada vira clicável. Não mexe no desenho e destrava o ♪, que hoje não tem como sair do cinza. Onde está escrito: `docs/process/2026-09-04-O-PO-DECIDE-as-54-e-os-sete-conflitos.md` §2 `02[05]`, sobre a pergunta [05] de `docs/process/sprints/2026-09-04-DECISOES-DELA-02-controles.md`. Não espera mais palavra dela. || FECHOU em 06/09/2026, e o que estava aqui era o mundo de 02/09: o `type=""range""` existe na bancada E na página publicada (dois por cartão), e a decisão `02[05]` dela — ""a barra pintada vira clicável"" — está executada. IGUAL: os dois lados mandam o MESMO IPC na mesma escala 0-100 (o ganho da FONTE no PipeWire, que não toca o firmware), exigem endereço e gravam no perfil o que ficou de pé."
02-controles,Modo do microfone Virtual / Nativo — o gesto (machine.declare),IGUAL,dica_do_microfone,PRESENTE,src/hefesto_dualsense4unix/interface/pacotes/a02_controles.py,src/hefesto_dualsense4unix/app/actions/config/secao_controles.py:1071 · src/hefesto_dualsense4unix/app/actions/config/secao_controles.py:1098 · src/hefesto_dualsense4unix/app/actions/config/secao_controles.py:1113,src/hefesto_dualsense4unix/interface/pacotes/a02_controles.py:1049 · src/hefesto_dualsense4unix/interface/paginas/02-controles.html:1670,"Interruptor por card na tela de Configurações: grava `microfone: True` ou `None` no `maquina.json`, com `pode_ligar_o_mic` recusando no cabo e a frase `DICA_MIC_NO_CABO`.","Dois botões no card chamam `p.machine_declare({""controles"": {<mac>: {""microfone"": True|None}}})`, reusando `pode_ligar_o_mic` e `dica_do_microfone` do MESMO módulo do produto, e `norm_mac` para a chave.","Mesmo método IPC, mesma condição, mesmas frases — o HTML importa `secao_controles` em vez de reescrever a regra. Muda o LUGAR (a GTK põe em Configurações, o HTML no card) e a forma (interruptor contra dois botões), não o comportamento. `None` sobrescreve de propósito, nos dois."
02-controles,Modo do microfone — qual dos dois está aceso,IGUAL,modo_do_mic,PRESENTE,src/hefesto_dualsense4unix/interface/pacotes/a02_controles.py,src/hefesto_dualsense4unix/app/actions/config/secao_controles.py:584 · src/hefesto_dualsense4unix/app/actions/config/secao_controles.py:876,src/hefesto_dualsense4unix/interface/pacotes/a02_controles.py:792 · src/hefesto_dualsense4unix/interface/pacotes/a02_controles.py:1219 · src/hefesto_dualsense4unix/interface/aba02.py:1360 · src/hefesto_dualsense4unix/interface/paginas/02-controles.html:1766,"`self.botao.set_active(bool(ligado))` a partir de `_mic_declarado`, lido do `maquina.json` a cada varredura.","`modo_do_mic` lê o `maquina.json` pela MESMA regra da GTK — `microfone is True` é Virtual, ausência e `False` são Nativo — e os dois botões ganharam `data-campo=""mic-modo-aceso""` com `data-hef-alvo=""classe""` e o `data-hef-quando` de cada um. O gesto derruba a leitura em cache ao gravar. Medido na tela dela em 03/09: o desenho trazia `Virtual` aceso e o produto acendeu `Nativo`, que é o que o disco diz.","03/09/2026 — FECHADA, e o caminho estava escrito na própria linha anterior: *""o caminho existe (alvo `classe` + `data-hef-quando`) e não foi feito de propósito: o `data-campo` naquele container já APAGOU os dois botões uma vez""*. A cura é a leitura literal disso — o endereço vai em CADA BOTÃO, nunca no `<span>` que os envolve. || O `SEM_ECO` continua valendo e não é contradição: o `machine.declare` não volta no `state_full`, então o dono deste aceso é o DISCO, lido uma vez e renovado pelo gesto — o mesmo padrão do `_DECLARACAO` da `a08_conexoes`. || Sem endereço normalizado o campo manda vazio e NENHUM dos dois acende, que é o que a tela pode afirmar sobre um controle que não tem linha no `maquina.json`."
02-controles,Alto-falante — o valor do volume em texto,DIFERENTE,"data-campo=""alto-estado""",PRESENTE,src/hefesto_dualsense4unix/interface/pacotes/a02_controles.py,src/hefesto_dualsense4unix/app/widgets/controller_card.py:5200 · src/hefesto_dualsense4unix/app/widgets/controller_card.py:5232,src/hefesto_dualsense4unix/interface/pacotes/a02_controles.py:603 · src/hefesto_dualsense4unix/interface/paginas/02-controles.html:1678 · src/hefesto_dualsense4unix/interface/paginas/02-controles.html:2009 · src/hefesto_dualsense4unix/interface/hefesto_vivo.py:138,"`texto_volume(volume, muted)` — ""Mudo"" ou a porcentagem pela curva medida no hardware — escrito no rótulo E no título da moldura (""Alto-falante · 71 %""); sem posse, ""não ajustado"".","Usa o MESMO `texto_volume` sobre o MESMO `speaker_do_entry`. Medido vivo agora: emite `""100 %""` para os dois controles (registrador em 102). **Mas o elemento é `<span class=""mudo"" data-campo=""alto-estado"" hidden>`** e o `escrever` do piloto não toca o atributo `hidden` em nenhum dos seus sete alvos.","O valor é o mesmo e CERTO — foi aqui que a auditoria matou o ""102%"" —, e mesmo assim ele não chega aos olhos dela: vai para um vão invisível. A GTK diz o número em dois lugares; o HTML o calcula e o joga fora. || DECIDIDO em 04/09/2026 — O ♪ acende, e o `alto-estado` invisível sai do desenho. Onde está escrito: `docs/process/2026-09-04-O-PO-DECIDE-as-54-e-os-sete-conflitos.md` §2 `02[09]`, sobre a pergunta [09] de `docs/process/sprints/2026-09-04-DECISOES-DELA-02-controles.md`. Não espera mais palavra dela."
02-controles,Alto-falante — o número e a barra do bloco,IGUAL,"""alto-num""",PRESENTE,src/hefesto_dualsense4unix/interface/pacotes/a02_controles.py,src/hefesto_dualsense4unix/app/widgets/controller_card.py:5194 · src/hefesto_dualsense4unix/app/widgets/controller_card.py:5258,src/hefesto_dualsense4unix/interface/pacotes/a02_controles.py:2057 · src/hefesto_dualsense4unix/interface/aba02.py:2095 · src/hefesto_dualsense4unix/interface/aba02.py:2097 · src/hefesto_dualsense4unix/interface/paginas/02-controles.html:2156,"`SpeakerBar.set_volume(fracao_do_volume(v), muted)` e `_pintar_escala_do_speaker(percentual_do_volume(v))`; sem posse, barra vazia e cursor no zero.","O número (`alto-num`) e a barra (`alto-barra`, alvo `largura`) são pintados pelo produto a partir da curva MEDIDA no aparelho (`core/speaker_scale`, tom de 1 kHz) — a mesma que o dono usa. Sem posse do registrador o valor é o travessão, não zero.","É a decisão dela do item 16, escrita e não publicada: *""o número E a barra. Hoje os dois estão congelados no desenho: com o volume em 40, a tela continua mostrando 100""*. Hoje o registrador está em 102, que a curva mapeia para 100 % — a coincidência ESCONDE o defeito, porque o número certo e o número congelado são o mesmo. || SAI DO BALDE DESENHO em 04/09/2026, sem virar pergunta: FECHOU e a medição envelheceu: `alto-num` e `alto-barra` estão na página PUBLICADA e o pacote os emite pela curva medida no aparelho. Registrado em `docs/process/sprints/2026-09-04-DECISOES-DELA-02-controles.md`, seção 'Não são decisão dela'. || FECHOU, e o veredito é que estava atrasado: a própria célula já registrava `SAI DO BALDE DESENHO … FECHOU` e continuava `FALTA_NO_HTML`. Conferido em 06/09/2026 no código e na página publicada. IGUAL: mesma curva, mesmo rótulo (`texto_volume`), e o ""não sei"" preservado nos dois."
02-controles,Alto-falante — o controle deslizante de volume,IGUAL,"data-volume=""alto-falante""",PRESENTE,LADO-HTML,src/hefesto_dualsense4unix/app/widgets/controller_card.py:3597 · src/hefesto_dualsense4unix/app/widgets/controller_card.py:4125 · src/hefesto_dualsense4unix/app/widgets/controller_card.py:4160,src/hefesto_dualsense4unix/interface/aba02.py:2096 · src/hefesto_dualsense4unix/interface/paginas/02-controles.html:2157 · src/hefesto_dualsense4unix/interface/pacotes/a02_controles.py:3117 · src/hefesto_dualsense4unix/interface/pacotes/a02_controles.py:3213,"`Gtk.Scale` 0-100 em linha própria, com repouso de 250 ms, deduplicação do mesmo volume, guarda de arrasto e o som de confirmação no fim.","O segundo `<input type=""range"">` do cartão manda `speaker.set {volume}` pelo gesto `volume`, com a tela em 0-100 e o registrador em 0-255 pela curva medida (`volume_do_percentual`). Ele é o ESCRITOR que faltava: o primeiro arrasto é o que faz o daemon publicar a chave `speaker` e destrava o ♪.","Não há como mudar o volume do alto-falante pela interface nova. E a ausência tem efeito colateral: a frase do produto para o botão de mudo sem volume (`DICA_SPEAKER_SEM_DADO`) manda *""use o controle deslizante primeiro""*, e o HTML teve de reescrever a frase porque mandaria alguém a um controle que não está na tela. || DECIDIDO em 04/09/2026 — A barra pintada vira clicável. Não mexe no desenho e destrava o ♪, que hoje não tem como sair do cinza. Onde está escrito: `docs/process/2026-09-04-O-PO-DECIDE-as-54-e-os-sete-conflitos.md` §2 `02[05]`, sobre a pergunta [05] de `docs/process/sprints/2026-09-04-DECISOES-DELA-02-controles.md`. Não espera mais palavra dela. || FECHOU em 06/09/2026. A frase ""`type=""range""` aparece ZERO vez nas dez páginas publicadas"" era de 02/09 e caiu: ele está na bancada e no publicado. E o efeito colateral que a célula descrevia morreu junto — a recusa do ♪ mandava usar um deslizante que não existia, e agora ele existe. IGUAL: mesmo IPC, mesma escala, mesma curva, e o perfil lembra o número do PROTOCOLO nos dois."
02-controles,Alto-falante — o botão de mudo,DIFERENTE,acao_speaker_mudo(dele).sensivel,PRESENTE,src/hefesto_dualsense4unix/interface/pacotes/a02_controles.py,src/hefesto_dualsense4unix/app/widgets/controller_card.py:2045 · src/hefesto_dualsense4unix/app/widgets/controller_card.py:4488 · src/hefesto_dualsense4unix/app/widgets/controller_card.py:5268,src/hefesto_dualsense4unix/interface/pacotes/a02_controles.py:891 · src/hefesto_dualsense4unix/interface/paginas/02-controles.html:1688 · src/hefesto_dualsense4unix/interface/paginas/02-controles.html:1979,"Rótulo, sensibilidade e dica por estado (""Silenciar""/""Ativar""/""sem dado"" insensível), e o clique manda `speaker_set(muted=…)`.","O ♪ consulta `acao_speaker_mudo(dele).sensivel` para RECUSAR e depois manda `p.speaker_set(muted=not lido[1], uniq=…, **volume_conhecido)`. A classe `on` do botão é do mockup (apagada no P1, acesa no P2).","O GESTO é o mesmo, com a mesma trava do mesmo dono, e o HTML ainda melhorou: ele passou a recusar AQUI em vez de delegar a recusa ao daemon (""recusa de longe é recusa que depende do outro lado continuar recusando""). O que difere é a mostra — o botão não muda de rótulo, não fica cinza, e o aceso é o do desenho. || DECIDIDO em 04/09/2026 — O botão apaga e a dica diz por quê. É a D-03 aplicada a esta aba. Onde está escrito: `docs/process/2026-09-04-O-PO-DECIDE-as-54-e-os-sete-conflitos.md` §2 `02[04]`, sobre a pergunta [04] de `docs/process/sprints/2026-09-04-DECISOES-DELA-02-controles.md`. Não espera mais palavra dela."
02-controles,"Alto-falante — o botão ""Devolver"" (soltar a posse do volume)",DIFERENTE,alto-porque,PRESENTE,LADO-HTML,src/hefesto_dualsense4unix/app/widgets/controller_card.py:2084 · src/hefesto_dualsense4unix/app/widgets/controller_card.py:4513,src/hefesto_dualsense4unix/interface/pacotes/a02_controles.py:1511 · src/hefesto_dualsense4unix/interface/paginas/02-controles.html:2155,"Segundo botão do bloco, sensível exatamente quando há posse; manda `release` e a dica é honesta sobre o limite (o firmware fica com o último valor mandado).","Mesmo desenho do gêmeo do 🎙, e pela mesma decisão [06] de 04/09: o botão fica fora e a dica do ♪ (`alto-porque`) diz o preço de assumir o volume. O deslizante que destrava o botão apagado existe desde a D-08, e é para ELE que a frase aponta.","Tomada a posse do registrador de volume, não há como soltá-la pela interface nova. Diferente do ""Liberar"" do microfone, este NÃO tem decisão dela por trás — não achei registro de remoção deliberada. || DECIDIDO em 04/09/2026 — Fica fora, e a dica do ♪ diz o preço. É a decisão dela de 31/08 aplicada ao gêmeo. Onde está escrito: `docs/process/2026-09-04-O-PO-DECIDE-as-54-e-os-sete-conflitos.md` §2 `02[06]`, sobre a pergunta [06] de `docs/process/sprints/2026-09-04-DECISOES-DELA-02-controles.md`. Não espera mais palavra dela. || REMEDIDO em 06/09/2026 pela PARIDADE-REMEDIR-01: FALTA → DIFERENTE, pela mesma razão do 76. A decisão de 04/09 já estava escrita nesta célula; o que faltava era o veredito acompanhá-la e o `sinal` sair do nome de método da GTK."
02-controles,"Alto-falante — ""Sons do jogo""",DIFERENTE,core/ds_output_report.py:136,PRESENTE,src/hefesto_dualsense4unix/interface/pacotes/a02_controles.py,src/hefesto_dualsense4unix/app/widgets/controller_card.py:716 · src/hefesto_dualsense4unix/app/widgets/controller_card.py:4202,src/hefesto_dualsense4unix/interface/pacotes/a02_controles.py:942 · src/hefesto_dualsense4unix/interface/paginas/02-controles.html:1691,"`ROTA_DO_CANAL[""jogo""] = 2` no `speaker.set`, JUNTO com o volume do deslizante e o `uniq`; depois `audio_saida.garantir_saida_audivel(sink)`, o som de confirmação e a anotação no rascunho do perfil.","`p.speaker_set(rota=SAIDA_L_FONE_R_ALTO_FALANTE, uniq=…, **_volume_conhecido(...))` — a mesma rota, tirada da constante nomeada em `core/ds_output_report.py:136` e nunca digitada.","O byte é o mesmo (rota 2) e o volume viaja junto quando se sabe — a armadilha 1 da SOM-02 está respeitada nos dois lados. Faltam as três coisas que a GTK faz depois: garantir que o sink não está mudo, tocar a confirmação (que é a ÚNICA prova de que a mudança valeu, porque o registrador não se lê) e anotar no rascunho."
02-controles,"Alto-falante — ""Todo o som do PC""",DIFERENTE,mandar_o_som_do_pc,PRESENTE,LADO-HTML,src/hefesto_dualsense4unix/app/widgets/controller_card.py:4285 · src/hefesto_dualsense4unix/app/widgets/controller_card.py:4310 · src/hefesto_dualsense4unix/app/audio_saida.py:820,src/hefesto_dualsense4unix/interface/pacotes/a02_controles.py:1821 · src/hefesto_dualsense4unix/app/audio_saida.py:1017 · src/hefesto_dualsense4unix/app/audio_saida.py:971,"Rota 3 no firmware (camada 2) E `pactl set-default-sink` pelo `RotaDeSaida` da aba (camada 1), porque *""a camada 1 vence a camada 2""*.","Camada 1 E camada 2, nesta ordem: `audio_saida.mandar_o_som_do_pc` resolve o sink deste controle (`escolher_sink` mais o casamento por dispositivo USB) e troca a saída padrão pela mesma `RotaDeSaida` que a GTK usa; só então vai o byte da rota. ""Sons do jogo"" DEVOLVE a saída, como o `pedir_rota_do_sistema(False)` da GTK.","FECHOU em 04/09/2026 (queixa 7 dela). O que faltava não era protocolo: era o dono da camada 1 fora da janela GTK — lá ele é injetado no card por `definir_pedido_de_rota`, e depende do `MicMonitor` para saber o sink. O novo junta as duas metades sem GTK e sem monitor, com os mesmos donos. DIFERENTE e não IGUAL por DOIS pontos medidos: (1) a GTK apaga o seletor ANTES do clique por `acao_da_rota`, e o HTML RECUSA DIZENDO depois, no cartão — é a D-03, que ainda não foi feita nesta aba; (2) sem sink atribuível (o caso do RÁDIO, em que o DualSense não publica placa de som) o HTML recusa com `MOTIVO_ROTA_SEM_SINK` e NÃO escreve o byte, para não deixar o firmware roteado para um canal que o sistema não alimenta."
02-controles,Alto-falante — qual botão de rota está aceso,DIFERENTE,rota_na_tela,PRESENTE,src/hefesto_dualsense4unix/interface/pacotes/a02_controles.py,src/hefesto_dualsense4unix/app/widgets/controller_card.py:3916 · src/hefesto_dualsense4unix/app/widgets/controller_card.py:2428 · src/hefesto_dualsense4unix/app/widgets/controller_card.py:4227,src/hefesto_dualsense4unix/interface/pacotes/a02_controles.py:745 · src/hefesto_dualsense4unix/interface/pacotes/a02_controles.py:1218 · src/hefesto_dualsense4unix/interface/aba02.py:1382 · src/hefesto_dualsense4unix/interface/paginas/02-controles.html:1788,"`SegmentedSelector` com o estado vindo do daemon, e guarda `_speaker_canal_pintando` para a repintura não disparar pedido.","`rota_na_tela` lê `speaker.rota` do `state_full` a cada tique e acende o botão que casa; rota que não é nenhuma das duas (0 e 1, tudo/mono no fone) apaga os DOIS, e sem bloco `speaker` também. Os bytes vêm de `ROTA_DO_CANAL`, nunca digitados. Medido na tela dela em 03/09: o desenho acendia `Todo o som do PC` no segundo card e o produto acendeu `Sons do jogo` no primeiro, que é o `rota: 2` do daemon.","03/09/2026 — FECHADA PELA METADE, e a metade que falta é da GTK. A linha anterior dizia que a GTK tinha *""o estado vindo do daemon""*, e isso é FALSO — medido por leitura: `self._speaker_canal` aparece TRÊS vezes em `controller_card.py` (a criação e duas de sensibilidade), e nenhuma o repinta; a guarda `_speaker_canal_pintando` é posta em `False` no nascimento e nunca vira `True`, porque não existe a repintura que ela protegeria. O aceso da GTK é o do ÚLTIMO CLIQUE da sessão. || Então o HTML passou a ser o único dos dois que responde ""por onde o som está saindo AGORA"" — e é DIFERENTE, não IGUAL, porque as fontes são diferentes: uma lê o aparelho, a outra lembra o clique."
02-controles,Alto-falante — o som de confirmação,DIFERENTE,tocar_confirmacao,PRESENTE,src/hefesto_dualsense4unix/interface/pacotes/a02_controles.py,src/hefesto_dualsense4unix/app/widgets/controller_card.py:4599 · src/hefesto_dualsense4unix/app/widgets/controller_card.py:4628,src/hefesto_dualsense4unix/interface/pacotes/a02_controles.py:2660 · src/hefesto_dualsense4unix/interface/pacotes/a02_controles.py:2592 · src/hefesto_dualsense4unix/interface/pacotes/a02_controles.py:2615,"`audio_saida.tocar_confirmacao(sink, saida_muda=…)` dentro do mesmo trabalho do IPC, com três camadas anti-rajada.","Toca `audio_saida.tocar_confirmacao` no sink DAQUELE controle nos três gestos do bloco do alto-falante (o deslizante, o ♪ e a rota), fora do voo do botão (`_fora_do_voo`), com `saida_muda` lido do dono (`saida_muda_do_entry`). O motor é o mesmo da janela, reusado inteiro.","Não é enfeite, e a GTK escreve a razão: o registrador de volume do DualSense **não tem leitura**, e o número que a tela mostra é o que NÓS mandamos. Sem o som não há como saber se a mudança valeu. É ideia dela: *""ao clicar em cada botão ele emite o som (…) tem que ajudar a entender o conceito""*. || CONFERIDA em 06/09/2026 pela PARIDADE-REMEDIR-01 e MANTIDA: `tocar_confirmacao` continua sem chamador em `interface/`. **E o custo dela SUBIU**, porque o deslizante do alto-falante nasceu nesta leva (linha 82): agora ela ARRASTA um número que o aparelho não devolve, e o som era o único jeito de saber que a mudança valeu. || FECHADA em 06/09/2026 pela A-CONFISSAO-NO-BOTAO-01. DIFERENTE e não IGUAL por um motivo declarado: a janela toca em QUATRO gestos e esta tela tem TRÊS — o quarto é a devolução da posse, que ela mandou tirar em 30/08. E a razão desta linha muda de palavra: onde se dizia ""o registrador de volume não tem leitura"", o mapa de canais diz `audio.leitura_de_volta` = `existe=desconhecido`, com as duas colunas de `aciona` esperando a palavra dela — o que se sabe é que NÃO HÁ LEITURA DE VOLTA HOJE. Medido no piloto: o som sai numa linha própria (`hefesto-som-de-confirmacao`) e o desfecho do clique chega aos 182 ms com o tocador segurado em 1000 ms. || O TRANSPORTE, DECLARADO em 06/09/2026 pela PARIDADE-CRUZA-O-MAPA-01, porque a linha afirmava paridade sem dizer onde ela vale: **vale no CABO**. `tocar_confirmacao` recusa no degrau 3 quando não há sink, e o dono escreve a razão no próprio corpo (`app/audio_saida.py:526-529`): *""pelo RÁDIO o DualSense não publica placa de som nenhuma (medido 15/08/2026: a placa segue o transporte). No cabo ele fecha, mesmo com quatro controles, pelo dispositivo USB em que a placa e o HID penduram juntos""* — e `rota_do_no` (`app/audio_saida.py:1622-1634`) recusa por rádio COM A FRASE enquanto não houver ponte de saída. O mapa concorda pela chave `audio.alto_falante@dualsense`: `cabo_aciona=parcial`, `radio_aciona=não` com causa `divida`. NADA foi medido em aparelho por esta frente — é leitura de código, e a linha de prova (o som saindo no controle no cabo, e o silêncio no rádio) fica para a MESA-DE-QUATRO-01."
02-controles,"Alto-falante — o selo ""Saída muda"" (a camada 1 do PipeWire)",FALTA_NO_HTML,LeituraMic.saida_muda,AUSENTE,LADO-HTML,src/hefesto_dualsense4unix/app/widgets/controller_card.py:2111 · src/hefesto_dualsense4unix/app/widgets/controller_card.py:4642,,Lê `speaker.saida_muda`/`audio.saida_muda` do payload ou a `LeituraMic.saida_muda` do MicMonitor; só `True` acende o selo.,"Nada. Nenhum pacote lê `saida_muda`, e o piloto de produção não tem o segundo informante (o MicMonitor).","É a armadilha que ela mesma nomeou: *""volume perfeito num sink mudo no PipeWire é trabalho invisível""*. Sem o selo, ela mexe no som do controle e não sai nada, sem saber por quê — e no HTML nem o deslizante existe para ela tentar. || CONSTRUÍDA E NÃO PUBLICADA — 06/09/2026, CONTROLES-OS-TRES-SELOS-01, conferida pela PARIDADE-REMEDIR-02. O selo lê `controller_card.saida_muda_do_entry` e sai no rótulo da moldura pelo endereço `alto-selo` (`a02_controles.py:2680`, `aba02.py:2322`); o segundo informante (o `MicMonitor`) continua sem existir no piloto de produção. Contado: 2 ocorrências na bancada, ZERO no publicado. Espera o `--publicar 02`."
02-controles,"Alto-falante — ""acordado / dormindo"" no título da moldura",FALTA_NO_HTML,definir_estado_do_canal,AUSENTE,LADO-HTML,src/hefesto_dualsense4unix/app/widgets/controller_card.py:4556 · src/hefesto_dualsense4unix/app/widgets/controller_card.py:5232,src/hefesto_dualsense4unix/interface/paginas/02-controles.html:1678,"`definir_estado_do_canal` acrescenta o sufixo ao rótulo da moldura (""Alto-falante · 71 % · acordado""), com `""""` significando ""não sei"" (o caso do rádio, sem placa de som).","Nada. O rótulo da moldura é o texto fixo ""Alto-falante"".","É a metade ""ligar isso à interface"" da SOM-ACORDADO-01, e ela separa ""acordado agora, por acaso"" de ""acordado por padrão"" (o drop-in 54 do WirePlumber). || CONSTRUÍDA E NÃO PUBLICADA — 06/09/2026, CONTROLES-OS-TRES-SELOS-01, conferida pela PARIDADE-REMEDIR-02. O `· acordado` / `· dormindo` sai do sono lido por `audio_saida.estado_do_canal` pelo endereço `alto-canal` (`a02_controles.py:2682`, `aba02.py:1959`), com o porquê no `alto-canal-porque`. Contado: 2 ocorrências na bancada, ZERO no publicado. Espera o `--publicar 02`."
02-controles,Anotar no rascunho do perfil o que o gesto de som fez,DIFERENTE,_lembrar_do_som,PRESENTE,src/hefesto_dualsense4unix/interface/pacotes/a02_controles.py,src/hefesto_dualsense4unix/app/widgets/controller_card.py:4320 · src/hefesto_dualsense4unix/app/widgets/controller_card.py:4336,src/hefesto_dualsense4unix/interface/pacotes/a02_controles.py:2554 · src/hefesto_dualsense4unix/interface/pacotes/a02_controles.py:2818 · src/hefesto_dualsense4unix/interface/pacotes/a02_controles.py:2964 · src/hefesto_dualsense4unix/interface/pacotes/a02_controles.py:3209,"Todo gesto de som confirmado registra volume, mudo e rota no rascunho, por escritor único (`draft_config.registrar_alto_falante_no_rascunho`), para o ""Salvar Perfil"" persistir.","`_lembrar_do_som` é o ESCRITOR ÚNICO do som por peça nesta aba, e os CINCO gestos de som o chamam — mudo do microfone, mudo do alto-falante, rota, e os dois volumes. Ele grava no PERFIL ATIVO, no callback de SUCESSO, sobre o efetivo (`effective_mic_for`/`effective_speaker_for`), e campo ausente é campo não tocado.","Decisão dela de 09/08 (SOM-CANAL-NO-PERFIL-01): *""a ideia é respeitar tudo (…) tanto usar o mic do controle quanto usar o canal de saída de som específico do DS""*. No HTML, mexer no som e salvar o perfil grava um perfil sem o que acabou de ser mexido. || REMEDIDA em 06/09/2026 pela PARIDADE-REMEDIR-01, com os endereços lidos no código: ""nenhum dos três gestos anota nada"" caiu — são cinco, e todos anotam. DIFERENTE e não IGUAL porque o DESTINO é outro: a GTK anota no rascunho em memória para o ""Salvar Perfil"" persistir depois; aqui não há rascunho (ação imediata, decisão dela de 01/09) e a anotação vai direto ao perfil ativo, sem reaplicar — o aparelho já está no valor."
02-controles,A recusa chega a quem clicou,DIFERENTE,_recusou_dizendo,PRESENTE,src/hefesto_dualsense4unix/interface/hefesto_vivo.py,src/hefesto_dualsense4unix/app/widgets/controller_card.py:5268 · src/hefesto_dualsense4unix/app/widgets/controller_card.py:5322,src/hefesto_dualsense4unix/interface/hefesto_vivo.py:1102 · tests/unit/test_a_recusa_chega_ao_cartao.py,Botão insensível + dica na MOLDURA (porque peça insensível não recebe evento no GTK3) + as duas tarjas de aviso no corpo do card.,"`Piloto._recusou_dizendo` deposita todo `RuntimeError` num depósito por `uniq` e o repinta no CARTÃO daquele controle; a frase vence em 30 s (decisão dela: *""é aviso, não estado""*).","Caminhos opostos, e cada um cobre o que o outro não cobre. A GTK avisa ANTES (o botão cinza com a dica), o HTML avisa DEPOIS (a frase no cartão). O HTML acerta o endereço — a frase pousa no card do controle certo, não no rodapé —, mas quem olha a tela em repouso não tem como saber que um botão vai recusar. || DECIDIDO em 04/09/2026 — O botão apaga e a dica diz por quê. É a D-03 aplicada a esta aba. Onde está escrito: `docs/process/2026-09-04-O-PO-DECIDE-as-54-e-os-sete-conflitos.md` §2 `02[04]`, sobre a pergunta [04] de `docs/process/sprints/2026-09-04-DECISOES-DELA-02-controles.md`. Não espera mais palavra dela."
02-controles,Abrir e fechar o card (a mesa em acordeão),SO_NO_HTML,radio-mesa,PRESENTE,src/hefesto_dualsense4unix/interface/paginas/02-controles.html,src/hefesto_dualsense4unix/app/widgets/controller_card.py:2537,src/hefesto_dualsense4unix/interface/paginas/02-controles.html:1428,"Não existe. Os cards são empilhados numa coluna, todos abertos, com teto elástico de largura.","`<input class=""radio-mesa"" type=""radio"" name=""mesa"">` com `<label class=""faixa"">`: clicar num card abre o dele e fecha os outros. Puro CSS, sem JavaScript e sem gesto.",Ganho de layout que a GTK não tinha e que resolve o problema que ela mediu lá (o card de dois controles esticando por 1900px). Registro para ninguém remover.
03-gatilhos,"Escolher o modo do gatilho, por lado (L2/R2), entre os 19 do produto",IGUAL,CHAVE_DO_MODO,PRESENTE,src/hefesto_dualsense4unix/interface/aba03.py,src/hefesto_dualsense4unix/app/actions/triggers_actions.py:113 · src/hefesto_dualsense4unix/app/actions/triggers_actions.py:128 · src/hefesto_dualsense4unix/app/actions/trigger_specs.py:97 · src/hefesto_dualsense4unix/gui/main.glade:837 · src/hefesto_dualsense4unix/gui/main.glade:998,src/hefesto_dualsense4unix/interface/aba03.py:559 · src/hefesto_dualsense4unix/interface/aba03.py:616 · src/hefesto_dualsense4unix/interface/paginas/03-gatilhos.html:1244 · src/hefesto_dualsense4unix/interface/pacotes/a03_gatilhos.py:1239,"SegmentedSelector com os 19 itens vindos de `PRESETS`, um por lado; `set_items([(spec.name, spec.label)])`. O `name` é contrato de disco/IPC/DSX.","`<select class=""modo"">` por lado e por coluna, com os MESMOS 19 `value`. Os values não se digitam: saem de `PRESETS` pela ordem (`CHAVE_DO_MODO`). O gesto `modo` aplica na hora.","Os 19 nomes de contrato são os mesmos e vêm da mesma fonte (`PRESETS`) nos dois lados. O HTML acrescenta uma opção `—` desabilitada para o lugar vazio, que o gesto recusa se alguém a alcançar por JS — não é um vigésimo modo."
03-gatilhos,Os rótulos em português dos 19 modos,IGUAL,html_das_opcoes_de_modo,PRESENTE,src/hefesto_dualsense4unix/interface/pacotes/a03_gatilhos.py,src/hefesto_dualsense4unix/app/actions/trigger_specs.py:83 · src/hefesto_dualsense4unix/app/actions/trigger_specs.py:97,src/hefesto_dualsense4unix/interface/pacotes/a03_gatilhos.py:1072 · src/hefesto_dualsense4unix/interface/aba03.py:525 · src/hefesto_dualsense4unix/interface/aba03.py:563,"`spec.label` do `trigger_specs.PRESETS` — dono único, com teto medido de 22 caracteres e portão que o cobra.","O rótulo vem de `PRESETS`, e a segunda cópia morreu. `MODOS` é `[(p.label, DICA_DO_MODO[p.name]) for p in PRESETS]` — só a DICA é desta tela, e ela é casada pelo `name`, que é contrato, e não pela ordem. O produto não espera a publicação: `html_das_opcoes_de_modo` relê as opções da página e troca o nó de texto de cada uma pelo `label` do `value` correspondente, e o bloco pousa nos oito `select.modo` a cada tique.","03/09/2026 — FECHOU, medido no DOM VIVO com um controle na mesa: os oito `<select>` mostravam `Arco de flecha` e `Disparo` onde o produto diz `Arco de flecha (Bow)` e `Disparo (Weapon)` (as desambiguações que ELA pediu em 07/08/2026). Eram **16 divergências**; depois da cura, ZERO nos oito. O `title` de cada modo continua sendo o desta tela, mais concreto que o do motor — a dívida do rótulo não foi paga abrindo a da dica. A régua nova compara CONJUNTOS e nunca conta opções: um `== 19` reprovaria o dia em que o produto ganhasse um modo."
03-gatilhos,"Dica (tooltip) por modo, com a descrição do que ele faz",DIFERENTE,SimpleRigid,PRESENTE,src/hefesto_dualsense4unix/interface/paginas/03-gatilhos.html,src/hefesto_dualsense4unix/app/actions/triggers_actions.py:114 · src/hefesto_dualsense4unix/app/actions/triggers_actions.py:130,src/hefesto_dualsense4unix/interface/aba03.py:444 · src/hefesto_dualsense4unix/interface/aba03.py:616 · src/hefesto_dualsense4unix/interface/paginas/03-gatilhos.html:1249,"`sel.set_tooltips({spec.name: spec.description})` — os 38 botões (19 × 2 lados) ganham a frase do próprio `PRESETS`, sem cópia.","`title=""…""` em cada `<option>`, com um texto próprio, mais longo e mais concreto (ex.: `Rigid` → ""Trava dura do começo ao fim do curso. Serve para freio de carro e para arma travada."").","Os dois têm dica por modo, mas o TEXTO tem donos diferentes e é diferente: a GTK usa `spec.description` (""Barreira rígida numa posição fixa.""), o HTML usa a segunda coluna de `MODOS`. Não é regressão — o texto novo é mais rico —, mas são duas verdades sobre o mesmo modo, e nenhum portão as compara. || DECIDIDO em 04/09/2026 — Dica do campo, com o texto desta tela. Onde está escrito: `docs/process/2026-09-04-O-PO-DECIDE-as-54-e-os-sete-conflitos.md` §2 `03[01]`, sobre a pergunta [01] de `docs/process/sprints/2026-09-04-DECISOES-DELA-03-gatilhos.md`. Não espera mais palavra dela."
03-gatilhos,Descrição visível do modo ESCOLHIDO (sem passar o mouse),DIFERENTE,spec.description,PRESENTE,LADO-HTML,src/hefesto_dualsense4unix/app/actions/triggers_actions.py:513 · src/hefesto_dualsense4unix/gui/main.glade:874 · src/hefesto_dualsense4unix/gui/main.glade:1034,src/hefesto_dualsense4unix/interface/pacotes/a03_gatilhos.py:497,"Um `GtkLabel` em itálico debaixo da grade, reescrito a cada troca de modo com `spec.description`.","a explicação SEGUE o modo escolhido e é reescrita a cada tique — mas mora no `title` do embrulho do <select>, logo só aparece com o mouse parado em cima. O campo já gasta o seu alvo com `valor`","Na GTK a explicação do modo em uso está SEMPRE na tela. No HTML, depois de escolher, a coluna não diz mais o que aquele modo faz — o `<select>` fechado mostra só o rótulo, e o `title` da opção escolhida não é o `title` do `<select>`. || DECIDIDO em 04/09/2026 — Dica do campo, com o texto desta tela. Onde está escrito: `docs/process/2026-09-04-O-PO-DECIDE-as-54-e-os-sete-conflitos.md` §2 `03[01]`, sobre a pergunta [01] de `docs/process/sprints/2026-09-04-DECISOES-DELA-03-gatilhos.md`. Não espera mais palavra dela. || REMEDIDA em 04/09/2026, e o veredito é DIFERENTE, não IGUAL. A ONDA2-03 fechou a METADE que importava — a explicação deixou de ser fixa e passou a seguir o modo escolhido —, e a régua acusou `spec.description` presente. Mas o enunciado desta linha diz 'SEM PASSAR O MOUSE', e a entrega é uma DICA: a GTK mostra o texto na tela, o HTML mostra ao pousar o mouse. Chamar isso de IGUAL apagaria a diferença que ELA vai sentir. O que falta para fechar é um lugar VISÍVEL na coluna para o texto do modo — e isso é pixel novo, logo é desenho, logo é o olho dela."
03-gatilhos,AJUSTAR cada parâmetro do modo (os 73 parâmetros dos 19 modos),IGUAL,_ALAVANCA,PRESENTE,src/hefesto_dualsense4unix/interface/pacotes/a03_gatilhos.py,src/hefesto_dualsense4unix/app/actions/triggers_actions.py:511 · src/hefesto_dualsense4unix/app/actions/triggers_actions.py:540,src/hefesto_dualsense4unix/interface/pacotes/a03_gatilhos.py:973 · src/hefesto_dualsense4unix/interface/pacotes/a03_gatilhos.py:978 · src/hefesto_dualsense4unix/interface/pacotes/a03_gatilhos.py:2518,"Um `Gtk.Scale` por parâmetro, montado de `spec.params` com mínimo, máximo e padrão; arrastar reverte o preset para Personalizar, grava no rascunho e agenda o live-preview de 300 ms.","Um `<input type=range>` transparente por cima do trilho que ela aprovou, com `min`/`max` do `spec.params[i]` — o desenho não muda um pixel. O gesto `ajuste` recolhe a coluna inteira (`data-hef-forma=""@controle""`), troca UM número na lista posicional e reaplica; o preset volta a `custom` sozinho, porque a curva deixou de ser uma das do produto.","03/09/2026 — FECHOU, medido CLICANDO no controle da mesa: escolhi `Stop hard` no L2, li DEZ alavancas na caixa, arrastei a primeira de 0 a 8 e o daemon respondeu `ajuste → aplicado`; seis tiques depois o número na tela era 8 e o campo de efeito pronto tinha voltado a `— Nenhum —` sozinho, que é o que a GTK faz ao mexer num slider. As quatro cláusulas do lado GTK — faixa e padrão do `trigger_specs`, reverter o preset, gravar no rascunho, reaplicar — valem as quatro. O que difere é o relógio: a GTK agenda 300 ms, o HTML aplica no `change` (quando o arrasto termina)."
03-gatilhos,"Mostrar nome, valor e posição na faixa de cada ajuste",IGUAL,spec.params,PRESENTE,src/hefesto_dualsense4unix/interface/pacotes/a03_gatilhos.py,src/hefesto_dualsense4unix/app/actions/triggers_actions.py:540,src/hefesto_dualsense4unix/interface/pacotes/a03_gatilhos.py:653 · src/hefesto_dualsense4unix/interface/pacotes/a03_gatilhos.py:777,"Rótulo à esquerda (150px, com reticências) e o `Gtk.Scale` com o número à direita; a posição do cursor é o valor dentro de [min, max].","Nome, trilho preenchido na PORCENTAGEM DA FAIXA daquele parâmetro (não de 0..255) e o número à direita.","A mesma informação, do mesmo `spec.params`, na mesma ordem posicional. O HTML deriva a porcentagem de `(valor - min) / (max - min)`, que é exatamente o que a posição do cursor do `Gtk.Scale` representa."
03-gatilhos,A caixa de ajustes acompanha o modo (de zero a onze linhas),IGUAL,"minmax(var(--r-aj-<lado>),auto)",PRESENTE,src/hefesto_dualsense4unix/interface/pacotes/a03_gatilhos.py,src/hefesto_dualsense4unix/app/actions/triggers_actions.py:511 · src/hefesto_dualsense4unix/gui/main.glade:895,src/hefesto_dualsense4unix/interface/pacotes/a03_gatilhos.py:717 · src/hefesto_dualsense4unix/interface/pacotes/a03_gatilhos.py:1004 · src/hefesto_dualsense4unix/interface/aba03.py:355,`_rebuild_params` esvazia o box e remonta uma linha por parâmetro a cada troca de modo; o `GtkScrolledWindow` em volta rola o que passar de 110px.,"A caixa é um BLOCO trocado inteiro por seletor CSS (`blocos:`), com uma linha por parâmetro do modo; a trilha do CSS é `minmax(var(--r-aj-<lado>),auto)`, então ela cresce e a aba rola.","Os dois deixam o MODO decidir quantas linhas existem, e os dois rolam quando não cabe. O HTML ainda carrega um teto (`_cabem_no_desenho`) para o caso de a página publicada voltar a ter trilha fixa, mas hoje ele devolve `None`: a 03 foi publicada com a trilha que cresce, e nada é cortado."
03-gatilhos,"""Montar do zero"" (Custom) — mandar o byte de modo e as 7 forças cruas",IGUAL,specs.preset_to_positional_params,PRESENTE,src/hefesto_dualsense4unix/interface/pacotes/a03_gatilhos.py,src/hefesto_dualsense4unix/app/actions/trigger_specs.py:248 · src/hefesto_dualsense4unix/app/actions/triggers_actions.py:638,src/hefesto_dualsense4unix/interface/pacotes/a03_gatilhos.py:2142 · src/hefesto_dualsense4unix/interface/pacotes/a03_gatilhos.py:973 · src/hefesto_dualsense4unix/interface/pacotes/a03_gatilhos.py:1795,"Oito sliders (`mode` 0-255 e `force_0..force_6` 0-255) que ela ajusta, enviados por `_send_trigger_named` como `[mode, *forces]`.","Escolher `Montar do zero` monta OITO ajustes a partir do spec — `Modo (byte cru)` 0..255 e `Força 0..6` 0..255 —, cada um com a sua alavanca. Os oito são arrastáveis e cada arrasto manda `[mode, *forces]` pela mesma porta da GTK.","03/09/2026 — FECHOU, e ele era o caso mais grave da falta de ajuste: os oito padrões de `Custom` são ZERO, então o modo aparecia na lista, o gesto respondia `aplicado` e o gatilho não mudava — a `A-CASA-SABE-E-O-PRODUTO-NAO-FAZ` num item de menu. Medido agora: a caixa mostra 8 ajustes e 8 alavancas, com as faixas do produto. Esta linha fechou junto com a dos 73 parâmetros, e continua com linha própria porque a prova é outra: lá basta a alavanca existir, aqui é preciso que os OITO existam, senão o modo volta a não fazer nada."
03-gatilhos,"Quando o campo ""Efeito pronto"" aparece, e o que escolhê-lo faz",DIFERENTE,MultiPositionFeedback,PRESENTE,src/hefesto_dualsense4unix/interface/pacotes/a03_gatilhos.py,src/hefesto_dualsense4unix/app/actions/triggers_actions.py:100 · src/hefesto_dualsense4unix/app/actions/triggers_actions.py:441 · src/hefesto_dualsense4unix/gui/main.glade:848,src/hefesto_dualsense4unix/interface/pacotes/a03_gatilhos.py:1288 · src/hefesto_dualsense4unix/interface/pacotes/a03_gatilhos.py:415 · src/hefesto_dualsense4unix/interface/paginas/03-gatilhos.html:1270,"A linha só é revelada nos DOIS modos por posição (`MultiPositionFeedback` e `MultiPositionVibration`); escolher um preset POPULA os dez sliders de posição, grava no rascunho e agenda o preview. O modo não muda.","O campo aparece SEMPRE, nos 19 modos; escolher uma curva TROCA o modo para `MultiPositionFeedback` e manda as dez intensidades ao daemon na hora.","Três divergências no mesmo campo: (a) visibilidade — 2 modos contra 19; (b) efeito — a GTK preenche os sliders e deixa o modo onde está, o HTML muda o modo por baixo; (c) o HTML não tem como preencher sem aplicar, porque não tem sliders. A própria docstring do gesto marca isso como escolha de produto que espera a palavra dela. || DECIDIDO em 04/09/2026 — Fica como está, e a dica avisa antes do clique. Onde está escrito: `docs/process/2026-09-04-O-PO-DECIDE-as-54-e-os-sete-conflitos.md` §2 `03[02]`, sobre a pergunta [02] de `docs/process/sprints/2026-09-04-DECISOES-DELA-03-gatilhos.md`. Não espera mais palavra dela."
03-gatilhos,As curvas prontas de FEEDBACK por posição,IGUAL,_tabela_que_o_campo_mostra,PRESENTE,src/hefesto_dualsense4unix/interface/pacotes/a03_gatilhos.py,src/hefesto_dualsense4unix/profiles/trigger_presets.py:29 · src/hefesto_dualsense4unix/profiles/trigger_presets.py:55 · src/hefesto_dualsense4unix/app/actions/triggers_actions.py:452,src/hefesto_dualsense4unix/interface/pacotes/a03_gatilhos.py:1165 · src/hefesto_dualsense4unix/interface/pacotes/a03_gatilhos.py:1231 · src/hefesto_dualsense4unix/interface/aba03.py:579,"Oferece as SEIS de `FEEDBACK_POSITION_LABELS` — rampa crescente, rampa decrescente, plateau central, stop hard, stop macio e **linear médio** — mais ""Personalizar"".","Oferece as SEIS. A lista `PRONTOS` do gerador saiu de `FEEDBACK_POSITION_LABELS` em vez de ser digitada, e o pacote completa o que a página publicada ainda não trouxer — em QUALQUER modo, porque o campo mostra as de feedback nos 17 que não são por posição, que é o que a página crava.","03/09/2026 — FECHOU. Duas metades: (a) `linear_medio` faltava na lista digitada do gerador; (b) a completação do pacote só corria quando o gatilho JÁ estava em `Curva de força`, então, medido no DOM VIVO com o gatilho em `Desligado`, os oito campos ofereciam CINCO das seis. Depois da cura, oito campos com as seis. E o clique foi feito: escolhi `Linear médio` no L2 do controle da mesa, o modo virou `MultiPositionFeedback`, a caixa mostrou dez barras em 4 (que é `[4]×10`, a curva certa) e o aparelho voltou a `Desligado` depois. A trava que faltava era de mão única: o gerador reprovava um rótulo que o produto NÃO tem e nunca um que o produto tem e a tela esqueceu."
03-gatilhos,As curvas prontas de VIBRAÇÃO por posição,DIFERENTE,MODO_DA_VIBRACAO,PRESENTE,src/hefesto_dualsense4unix/interface/pacotes/a03_gatilhos.py,src/hefesto_dualsense4unix/profiles/trigger_presets.py:43 · src/hefesto_dualsense4unix/profiles/trigger_presets.py:65 · src/hefesto_dualsense4unix/app/actions/triggers_actions.py:405 · src/hefesto_dualsense4unix/app/actions/triggers_actions.py:452,src/hefesto_dualsense4unix/interface/pacotes/a03_gatilhos.py:430 · src/hefesto_dualsense4unix/interface/pacotes/a03_gatilhos.py:1231 · src/hefesto_dualsense4unix/interface/pacotes/a03_gatilhos.py:2145,"Com o modo em `MultiPositionVibration`, o combo de preset é repovoado com as cinco de `VIBRATION_POSITION_LABELS` — pulso crescente, machine gun, galope, senoide, vibração final — e `resolve_vibration_preset` preenche os dez sliders de posição.","Oferece as CINCO, e só no modo delas: com o gatilho em `MultiPositionVibration` o campo troca a tabela inteira (as de força saem, as de vibração entram) — a regra do `_populate_preset_combo` da GTK. Escolher uma manda as dez posições nos `pos_*` do modo de vibração, pela mesma porta.","03/09/2026 — REMEDIDO, e o texto anterior caiu inteiro: ele dizia *""Nenhuma. O `<select class=pronto>` só carrega as curvas de feedback""*, e isso deixou de ser verdade. As cinco chegam ao aparelho. **Continua DIFERENTE por UMA coisa, e ela é decisão dela:** na GTK escolher um preset POPULA os sliders e deixa o modo onde está; aqui o clique já aplica (*""clicar já aplica""*, 01/09) e, escolhida fora dos dois modos por posição, a curva TROCA o modo. É a mesma escolha de produto que a linha do campo ""Efeito pronto"" descreve, e ela espera a palavra dela — não é dívida de código. || DECIDIDO em 04/09/2026 — Fica como está, e a dica avisa antes do clique. Onde está escrito: `docs/process/2026-09-04-O-PO-DECIDE-as-54-e-os-sete-conflitos.md` §2 `03[02]`, sobre a pergunta [02] de `docs/process/sprints/2026-09-04-DECISOES-DELA-03-gatilhos.md`. Não espera mais palavra dela."
03-gatilhos,Reconhecer QUAL curva pronta está salva no perfil,SO_NO_HTML,FEEDBACK_POSITION_PRESETS,PRESENTE,src/hefesto_dualsense4unix/interface/pacotes/a03_gatilhos.py,src/hefesto_dualsense4unix/app/actions/triggers_actions.py:452 · src/hefesto_dualsense4unix/app/actions/triggers_actions.py:471 · src/hefesto_dualsense4unix/app/actions/triggers_actions.py:196,src/hefesto_dualsense4unix/interface/pacotes/a03_gatilhos.py:418 · src/hefesto_dualsense4unix/interface/pacotes/a03_gatilhos.py:530,"Não reconhece: ao carregar um perfil, `_populate_preset_combo` sempre termina em `set_active_id(""custom"")` — a tela diz ""Personalizar"" mesmo quando as dez intensidades são exatamente a ""Stop hard"".","`_pronto_da_curva` compara a curva salva com `FEEDBACK_POSITION_PRESETS` e mostra o nome dela; `_meu_efeito_que_casa` faz o mesmo contra a biblioteca dela, e o nome DELA vence o nome do motor.","Ganho real, e o HTML está CERTO onde a GTK está errada: o disco guarda as dez intensidades, não a chave do preset, e a GTK simplesmente desiste de deduzi-la. Não ""consertar"" isto removendo — é a diferença entre a tela dizer ""Stop hard"" e a tela dizer ""Personalizar"" sobre a mesma curva."
03-gatilhos,Aplicar o efeito no aparelho,DIFERENTE,trigger_set_detalhado,PRESENTE,src/hefesto_dualsense4unix/interface/pacotes/a03_gatilhos.py,src/hefesto_dualsense4unix/app/actions/triggers_actions.py:222 · src/hefesto_dualsense4unix/app/actions/triggers_actions.py:580 · src/hefesto_dualsense4unix/gui/main.glade:936 · src/hefesto_dualsense4unix/gui/main.glade:1091,src/hefesto_dualsense4unix/interface/pacotes/a03_gatilhos.py:1218 · src/hefesto_dualsense4unix/interface/pacotes/a03_gatilhos.py:1282 · src/hefesto_dualsense4unix/interface/pacotes/rodape.py:101 · src/hefesto_dualsense4unix/interface/pacotes/rodape.py:39,"Dois caminhos: o botão explícito ""Aplicar em L2""/""Aplicar em R2"" por lado, e o live-preview automático 300 ms depois de qualquer mudança. Os dois chamam `_apply_trigger` → `trigger_set_detalhado`.","Não há botão de aplicar por lado: o `change` do `<select>` já manda ao daemon (decisão dela de 01/09 — ""clicar já aplica""). O ""Aplicar"" do rodapé é outra coisa: manda o rascunho montado a partir do PERFIL NO DISCO.","O efeito chega ao aparelho nos dois, pela MESMA função (`ipc_bridge.trigger_set_detalhado`), então a rota está paga. O que muda é que a GTK tem um botão que reenvia o que está na tela sem mexer em nada, e o HTML não — e o ""Aplicar"" do rodapé não é substituto: ele reenvia o que está no DISCO, não o que ela acabou de escolher. || DECIDIDO em 04/09/2026 — Um botão na faixa que já existe (`--r-acao`), mandando os dois gatilhos da coluna. Onde está escrito: `docs/process/2026-09-04-O-PO-DECIDE-as-54-e-os-sete-conflitos.md` §2 `03[03]`, sobre a pergunta [03] de `docs/process/sprints/2026-09-04-DECISOES-DELA-03-gatilhos.md`. Não espera mais palavra dela. || O ↻ DE REENVIO DA ABA 03 SAI — decisão dela, 06/09/2026, e esta linha fecha como DIFERENTE decidido: não é dívida a pagar nem igualdade a declarar. A rota do efeito continua paga pelos dois lados; o que a GTK tem a mais é um botão que ela mandou não construir aqui."
03-gatilhos,Debounce de 300 ms entre a mexida e a aplicação,IGUAL,_casas_cravadas,PRESENTE,src/hefesto_dualsense4unix/interface/pacotes/a03_gatilhos.py,src/hefesto_dualsense4unix/app/actions/triggers_actions.py:95 · src/hefesto_dualsense4unix/app/actions/triggers_actions.py:322,src/hefesto_dualsense4unix/interface/pacotes/a03_gatilhos.py:1239 · src/hefesto_dualsense4unix/interface/hefesto_vivo.py:1036,"`_schedule_live_preview` agenda com `GLib.timeout_add(300, …)` e cancela o pendente, para não inundar o IPC enquanto ela arrasta um slider ou percorre a grade.","Sem debounce: o `change` do `<select>` dispara um gesto, que roda numa thread e volta.","Caminho equivalente com o mesmo desfecho. O debounce existe na GTK por causa do ARRASTAR de slider, que emite dezenas de `value-changed` por segundo; no HTML não há slider, e um `<select>` emite um `change` por escolha. Um pedido por escolha nos dois."
03-gatilhos,"""Desligar"" — soltar a trava manual sem re-armá-la (R-19)",DIFERENTE,trigger.reset,PRESENTE,src/hefesto_dualsense4unix/interface/pacotes/a03_gatilhos.py,src/hefesto_dualsense4unix/app/actions/triggers_actions.py:654 · src/hefesto_dualsense4unix/app/actions/triggers_actions.py:580 · src/hefesto_dualsense4unix/gui/main.glade:950 · src/hefesto_dualsense4unix/gui/main.glade:1105,src/hefesto_dualsense4unix/interface/pacotes/a03_gatilhos.py:1218 · src/hefesto_dualsense4unix/interface/pacotes/a03_gatilhos.py:1253 · src/hefesto_dualsense4unix/interface/pacotes/a03_gatilhos.py:1569,"Botão dedicado por lado, que manda `trigger.reset` (LIBERA `mark_manual_trigger_active`). Escolher `Off` na GRADE DE MODOS, porém, cai no `_apply_trigger` e manda `trigger.set` com `Off` — que ARMA a trava.","Não há botão dedicado. Escolher `Desligado` no `<select>` de modo manda `trigger.reset` — `_aplicar` desvia o modo `Off` para a porta certa, com a razão escrita.","E o HTML está MELHOR na rota que ela mais usa: na GTK, ""Desligado"" clicado na grade de modos PAUSA a troca automática de perfil sem nada na tela dizer — só o botão ""Desligar"", ao lado, faz o certo. No HTML só existe uma rota e ela é a certa. O que se perde é o botão explícito: quem procurar ""Desligar"" na tela nova não acha. || DECIDIDO em 04/09/2026 — Um botão na faixa que já existe (`--r-acao`), mandando os dois gatilhos da coluna. Onde está escrito: `docs/process/2026-09-04-O-PO-DECIDE-as-54-e-os-sete-conflitos.md` §2 `03[03]`, sobre a pergunta [03] de `docs/process/sprints/2026-09-04-DECISOES-DELA-03-gatilhos.md`. Não espera mais palavra dela. || O ↻ DE REENVIO DA ABA 03 SAI — decisão dela, 06/09/2026, e esta linha fecha como DIFERENTE decidido: não é dívida a pagar nem igualdade a declarar. A rota do efeito continua paga pelos dois lados; o que a GTK tem a mais é um botão que ela mandou não construir aqui."
03-gatilhos,Cancelar/adiantar o preview pendente ao desligar (MESA-CHEIA-08 e o furo de 14/08),IGUAL,trigger.reset,PRESENTE,src/hefesto_dualsense4unix/interface/pacotes/a03_gatilhos.py,src/hefesto_dualsense4unix/app/actions/triggers_actions.py:256 · src/hefesto_dualsense4unix/app/actions/triggers_actions.py:283,src/hefesto_dualsense4unix/interface/pacotes/a03_gatilhos.py:1218,"`_cancelar_live_preview` mata o preview pendente DAQUELE lado e `_adiantar_live_preview` dispara AGORA o do outro, para que nenhum `trigger.set` caia depois do `trigger.reset` e re-arme a trava — que é uma só para os dois gatilhos.","Nada, e não precisa: sem debounce não existe pedido pendente que possa cair depois do `trigger.reset`.","O desfecho é o mesmo — o ""Desligar"" é a última palavra nos dois — por caminho equivalente: a GTK precisa de duas curas porque tem debounce, o HTML não tem a causa. Registrado para ninguém ""portar"" as duas funções para o HTML achando que faltam."
03-gatilhos,"Editar em ""Todos"" — mexer no gatilho de toda a mesa de uma vez",FALTA_NO_HTML,TriggerDraft,AUSENTE,LADO-HTML,src/hefesto_dualsense4unix/app/alvo_de_edicao.py · src/hefesto_dualsense4unix/app/actions/triggers_actions.py:368,src/hefesto_dualsense4unix/interface/pacotes/a03_gatilhos.py:1041 · src/hefesto_dualsense4unix/interface/pacotes/a03_gatilhos.py:1053,"Três estados de alvo (`CONTROLE`, `TODOS`, `DESCONHECIDO`). Em `TODOS` a escrita vai para a seção GLOBAL do perfil e LIMPA o lado editado dos overrides por controle, espelhando a regra do backend.","Não existe. A aba é uma COLUNA POR CONTROLE; todo gesto exige `uniq` e todo ""Guardar"" escreve em `prof.controllers[chave].triggers`. A seção global `triggers` do perfil nunca é escrita por esta aba.","Com dois controles na mesa, pôr o mesmo efeito nos dois custa dois cliques em vez de um na GTK — e, mais importante, o perfil salvo pelo HTML fica com dois overrides por MAC em vez de uma seção global, o que muda o que acontece quando ela liga um TERCEIRO controle: ele herda a global (que o HTML nunca escreveu), não o efeito que ela configurou. || O MECANISMO FECHOU E O BOTÃO NÃO CHEGOU — 06/09/2026, GATILHOS-EM-TODOS-01, conferida pela PARIDADE-REMEDIR-02. O gesto `em-todos` existe e é completo (`interface/pacotes/a03_gatilhos.py:3232`): manda o par L2+R2 em BROADCAST, escreve a seção GLOBAL do perfil e tira aquele lado dos overrides por controle pela regra de `draft_config.with_override_fields_cleared` (`_com_os_gatilhos_de_todos`, :3346). O que não existe é a OFERTA: o botão está só em `mockup/03-gatilhos.html` (3 ocorrências) e ZERO em `interface/paginas/03-gatilhos.html`. Ninguém alcança o gesto pela tela dela, então a linha continua `FALTA_NO_HTML` até o `--publicar 03`. O veredito `TEM_NO_HTML` que o laudo propôs não existe no domínio desta planilha."
03-gatilhos,"Recusar quando não há a quem aplicar, em vez de mandar às cegas",IGUAL,_exigir_controle,PRESENTE,src/hefesto_dualsense4unix/interface/pacotes/a03_gatilhos.py,src/hefesto_dualsense4unix/app/actions/triggers_actions.py:603 · src/hefesto_dualsense4unix/app/actions/triggers_actions.py:688,src/hefesto_dualsense4unix/interface/pacotes/a03_gatilhos.py:1041 · src/hefesto_dualsense4unix/interface/pacotes/a03_gatilhos.py:1053,"Com o alvo `DESCONHECIDO`, o ""Aplicar"" e o ""Desligar"" recusam e escrevem o motivo na barra de status — em vez de cair no broadcast, que zerava o gatilho dos quatro (ABAS-06).","`_exigir_controle` recusa e distingue DOIS casos: coluna vazia (`RuntimeError`, com a frase ""não há controle no lugar P3…"") e clique sem controle (`ValueError`).","Os dois recusam em vez de mandar sem alvo, e os dois dizem o motivo. Uma ressalva que não muda o veredito: no HTML só o `RuntimeError` chega à tela — o `ValueError` fica no `stderr` por contrato do piloto (`hefesto_vivo.py:1101-1136`). Mas o caso do `ValueError` só se alcança se o clique não trouxer coluna nenhuma, que não é o caminho de um clique de verdade nesta página."
03-gatilhos,Traduzir a recusa do daemon para a língua dos rótulos da aba (HARM-19),IGUAL,humanizar_erro_gatilho,PRESENTE,src/hefesto_dualsense4unix/interface/pacotes/a03_gatilhos.py,src/hefesto_dualsense4unix/app/actions/triggers_actions.py:39 · src/hefesto_dualsense4unix/app/actions/triggers_actions.py:45,src/hefesto_dualsense4unix/interface/pacotes/a03_gatilhos.py:1132 · src/hefesto_dualsense4unix/interface/pacotes/a03_gatilhos.py:1284 · src/hefesto_dualsense4unix/interface/pacotes/a03_gatilhos.py:1332 · src/hefesto_dualsense4unix/interface/pacotes/a03_gatilhos.py:1347,"`humanizar_erro_gatilho` converte ""end (3) deve ser > start (5)"" em ""Fim (3) precisa ser maior que Início (5)"", usando os rótulos do próprio `spec.params`.","`_na_lingua_da_tela` chama EXATAMENTE a mesma função do produto estável, com o `spec` do modo em jogo, e devolve o motivo cru quando não há tradução.","Mesmo dono, mesma função, mesmos rótulos — o HTML importa `triggers_actions.humanizar_erro_gatilho` em vez de reescrever. O import é protegido para não derrubar o gesto numa árvore sem PyGObject, o que é cuidado a mais, não diferença."
03-gatilhos,Dizer na tela o desfecho: aplicado × guardado para depois × nada aconteceu,DIFERENTE,frase_do_desfecho,PRESENTE,LADO-HTML,src/hefesto_dualsense4unix/app/actions/triggers_actions.py:700 · src/hefesto_dualsense4unix/app/actions/triggers_actions.py:759 · src/hefesto_dualsense4unix/app/textos_de_aplicacao.py:316,src/hefesto_dualsense4unix/interface/pacotes/a03_gatilhos.py:2041 · src/hefesto_dualsense4unix/interface/pacotes/a03_gatilhos.py:2333,"`_toast_trigger` sempre escreve na barra de status, e `frase_do_desfecho` decide a palavra lendo o CORPO do daemon (`aplicado_em`/`guardado_em`/`motivo`) — com as razões da janela como explicação, não como decisão.","O corpo do daemon deixou de ser jogado fora: `_desfecho` devolve `(ok, motivo, corpo)` e `_conferir_o_desfecho` lê `aplicado_em` / `guardado_em` / `motivo`. As TRÊS rotas que passavam por sucesso calado agora falam. O que continua calado é o SUCESSO.","03/09/2026 — REMEDIDO, duas das três perdas fecharam e a terceira não. Medido chamando o gesto com quatro corpos: mesa vazia diz *""nenhum controle recebeu""*, `guardado_em` diz *""guardado""*, e a recusa DENTRO de uma resposta `status: ok` diz o motivo. O que sobra é a queixa de origem desta casa: **quando dá certo, a tela não diz nada** — o piloto imprime `[gesto] … → aplicado` no terminal, e quem clica não vê confirmação. Fechar isso é pôr texto novo na tela (barra de status ou aviso), e texto de tela é DELA. || DECIDIDO em 04/09/2026 — No cartão, pela peça da D-01 — C-3. Sem pisca: um fato, um sinal. É o conflito C-3: a lista da aba propunha o campo piscando sem palavra; a D-01 manda o recado ao cartão, e a decisão DELA ganha. Onde está escrito: `docs/process/2026-09-04-O-PO-DECIDE-as-54-e-os-sete-conflitos.md` §2 `03[04]`, sobre a pergunta [04] de `docs/process/sprints/2026-09-04-DECISOES-DELA-03-gatilhos.md`. Não espera mais palavra dela."
03-gatilhos,"O rascunho acompanha a tela, para o ""Salvar Perfil"" do rodapé gravar o que ela vê",DIFERENTE,_schedule_live_preview,PRESENTE,LADO-HTML,src/hefesto_dualsense4unix/app/actions/triggers_actions.py:342 · src/hefesto_dualsense4unix/app/actions/triggers_actions.py:249 · src/hefesto_dualsense4unix/app/actions/triggers_actions.py:438 · src/hefesto_dualsense4unix/app/actions/triggers_actions.py:487 · src/hefesto_dualsense4unix/app/actions/triggers_actions.py:597,src/hefesto_dualsense4unix/interface/pacotes/rodape.py:39,"`_persist_params_to_draft` grava modo + params no `self.draft` a cada troca de modo, a cada preset escolhido, a cada slider mexido e antes de todo envio — a cura do BUG-TRIGGERS-DRAFT-STALE-01.","Nada equivalente. O ""Salvar Perfil"" do rodapé monta o rascunho com `DraftConfig.from_profile(load_profile(nome))` — o perfil do DISCO — e por cima só a cor viva da lightbar. Os gatilhos vêm do disco, com a razão escrita na própria docstring.","03/09/2026 — A DÍVIDA FECHOU e o dado envelheceu no mesmo minuto: o símbolo `_schedule_live_preview` APARECEU no lado HTML, posto pela leva do gap. DIFERENTE, e NÃO `IGUAL`, de propósito: o símbolo existir prova que o HTML passou a fazer algo, não que ele faça o MESMO que a GTK. Chamar de IGUAL sem medir seria a maquiagem que esta régua existe para impedir — remeça a feature e reescreva a linha. || Na GTK, escolher um modo e clicar ""Salvar Perfil"" no rodapé grava esse modo. No HTML, o mesmo par de cliques grava o que já estava no disco — a escolha se perde calada. O HTML tem outra porta (""Guardar esse efeito"", feature seguinte), mas o botão do rodapé, que está nas dez abas e diz ""Salvar Perfil"", não a usa."
03-gatilhos,"Gravar a configuração do gatilho no perfil, por controle",DIFERENTE,"data-hef-forma=""@controle""",PRESENTE,src/hefesto_dualsense4unix/interface/pacotes/a03_gatilhos.py,src/hefesto_dualsense4unix/app/actions/triggers_actions.py:384 · src/hefesto_dualsense4unix/app/draft_config.py:1163 · src/hefesto_dualsense4unix/app/draft_config.py:641,src/hefesto_dualsense4unix/interface/pacotes/a03_gatilhos.py:1351 · src/hefesto_dualsense4unix/interface/pacotes/a03_gatilhos.py:1482 · src/hefesto_dualsense4unix/interface/paginas/03-gatilhos.html:1374,"Pelo rascunho: `with_controller_triggers(uniq, …)` semeado com o efetivo em tela, e a gravação em disco acontece no ""Salvar Perfil"" do rodapé. Com o alvo em ""Todos"", grava na seção global.","Botão ""Guardar esse efeito"" por coluna: lê os campos da coluna (`data-hef-forma=""@controle""`), monta `TriggersConfig` e grava DIRETO no disco, reaplicando o perfil. Não regrava se nada mudou.","Os dois gravam no override por MAC, e o HTML grava na hora (uma volta a menos). Duas divergências: (a) o HTML NUNCA grava na seção global (ver feature do alvo ""Todos""); (b) o HTML lê o modo DA TELA, e a tela reverte para o disco em 500 ms (feature seguinte) — então, passado meio segundo do clique no modo, o ""Guardar"" grava o que já estava lá."
03-gatilhos,A escolha feita na tela PERMANECE na tela,IGUAL,"_do_rascunho(uniq, disco)",PRESENTE,src/hefesto_dualsense4unix/interface/pacotes/a03_gatilhos.py,src/hefesto_dualsense4unix/app/actions/triggers_actions.py:168 · src/hefesto_dualsense4unix/app/actions/triggers_actions.py:189 · src/hefesto_dualsense4unix/app/actions/triggers_actions.py:342,src/hefesto_dualsense4unix/interface/pacotes/a03_gatilhos.py:569 · src/hefesto_dualsense4unix/interface/pacotes/a03_gatilhos.py:777 · src/hefesto_dualsense4unix/interface/pacotes/a03_gatilhos.py:458,"`_refresh_triggers_from_draft` repinta os widgets a partir do RASCUNHO, que já recebeu a escolha em `_persist_params_to_draft`. O que ela escolheu continua selecionado.","O RASCUNHO vence o override e o perfil na pintura — a mesma ordem do `_refresh_triggers_from_draft` da GTK. O que ela aplicou fica no campo até o daemon desfazê-lo (troca de perfil ou replug, as duas podas). E o nome da curva volta junto: `_do_lado` reconhece a curva também na forma PLANA, que é a que o rascunho guarda.","03/09/2026 — FECHOU, medido no VIVO e NO TEMPO: escolhi `Stop hard` no L2 e reli o DOM TREZE tiques depois (6,5 s, com o tique de 500 ms) — modo `MultiPositionFeedback`, curva `[0,0,0,0,0,0,8,8,8,8]`, campo dizendo `stop_hard`. Uma leitura só mediria um instante; o defeito aparecia em MEIO SEGUNDO. || A segunda metade foi achada CLICANDO, nesta frente: o modo ficava, mas o NOME DA CURVA sumia — `_do_lado` só reconhecia a forma aninhada do disco (`[[0],[1],…]`) e o rascunho guarda a plana, então o campo voltava a `— Nenhum —` sobre um gatilho que estava com a curva aplicada. Valia para as ONZE curvas do produto, e contaminava o ""Guardar esse efeito"", que lê a coluna."
03-gatilhos,O override por controle vence a seção global do perfil na exibição,IGUAL,overrides.get(uniq),PRESENTE,src/hefesto_dualsense4unix/interface/pacotes/a03_gatilhos.py,src/hefesto_dualsense4unix/app/actions/triggers_actions.py:181 · src/hefesto_dualsense4unix/app/draft_config.py:1112,src/hefesto_dualsense4unix/interface/pacotes/a03_gatilhos.py:910,"`draft.effective_triggers_for(uniq)` — o override por MAC quando existe, senão a seção global, com fusão POR LADO (`model_fields_set`).","`overrides.get(uniq)` e, por lado, `_do_lado(seus[disco]) if seus.get(disco) else lados[sig]` — o mesmo desempate, lado a lado.","Mesma regra, mesma granularidade (por lado, não por seção inteira), a partir da mesma estrutura de perfil. A única diferença é a fonte — rascunho na GTK, disco no HTML —, que já está registrada na feature da escolha que não permanece."
03-gatilhos,Abrir a aba não escreve nada no aparelho,IGUAL,def pacote(ctx: Contexto),PRESENTE,src/hefesto_dualsense4unix/interface/pacotes/a03_gatilhos.py,src/hefesto_dualsense4unix/app/actions/triggers_actions.py:151,src/hefesto_dualsense4unix/interface/pacotes/a03_gatilhos.py:1084 · src/hefesto_dualsense4unix/interface/hefesto_vivo.py:1006,"Cura explícita: o `set_active_id(""Off"")` da montagem roda sob `_triggers_guard_refresh` para o handler curto-circuitar — senão a abertura da janela agendava um preview que escrevia ""Off"" e zerava o gatilho do perfil ativo (BUG-GUI-OPEN-OFF-TRIGGER-WRITE-01).",Por construção: a pintura nunca chama o daemon. Só o gesto (o `change` do `<select>` ou o botão) manda alguma coisa.,"O mesmo desfecho — abrir a aba não muda o gatilho — por caminho equivalente: a GTK paga uma guarda porque o widget emite sinal ao ser populado, o HTML separa pintura de gesto desde a arquitetura."
03-gatilhos,"""Meus efeitos"" — guardar o par L2+R2 com um nome e reusá-lo em qualquer perfil",SO_NO_HTML,gui_prefs,PRESENTE,src/hefesto_dualsense4unix/interface/pacotes/a03_gatilhos.py,src/hefesto_dualsense4unix/gui/main.glade:760,src/hefesto_dualsense4unix/interface/pacotes/a03_gatilhos.py:471 · src/hefesto_dualsense4unix/interface/pacotes/a03_gatilhos.py:516 · src/hefesto_dualsense4unix/interface/paginas/03-gatilhos.html:1371,"Não existe. Não há campo de nome, não há biblioteca, não há como salvar um efeito fora de um perfil.","Campo de nome (60 letras) ao lado do ""Guardar esse efeito""; com nome, o par L2+R2 entra na biblioteca em `gui_prefs` e passa a aparecer no campo ""Efeito pronto"" das quatro colunas, com o prefixo `meu:`. Escolhê-lo aplica a METADE daquele gatilho.","Feature nova, com dono, portão e disco — decisão 17 dela, de 02/09/2026. Ela é a resposta parcial à falta de ajustes editáveis: não dá para montar um efeito na tela nova, mas dá para guardar e reusar o que já está montado. Não remover."
03-gatilhos,"Uma coluna por controle da mesa, lado a lado (até quatro)",SO_NO_HTML,"data-conectado=""sim""",PRESENTE,src/hefesto_dualsense4unix/interface/paginas/03-gatilhos.html,src/hefesto_dualsense4unix/gui/main.glade:776 · src/hefesto_dualsense4unix/app/actions/triggers_actions.py:168,src/hefesto_dualsense4unix/interface/pacotes/a03_gatilhos.py:902 · src/hefesto_dualsense4unix/interface/pacotes/a03_gatilhos.py:1004 · src/hefesto_dualsense4unix/interface/paginas/03-gatilhos.html:1240 · src/hefesto_dualsense4unix/interface/paginas/03-gatilhos.html:1377 · src/hefesto_dualsense4unix/interface/paginas/03-gatilhos.html:1509 · src/hefesto_dualsense4unix/interface/paginas/03-gatilhos.html:1618,"Um par L2/R2 só, o do alvo de edição escolhido em outro lugar da janela. Para ver o gatilho do outro controle, troca-se o alvo.","Quatro colunas (`p1`..`p4`), cada uma com o seu L2 e o seu R2, o seu ""Guardar"" e a sua identidade (cor do plástico, transporte). Os lugares sem aparelho recebem travessão.","Ganho de leitura que a GTK não dá: com dois controles na mesa, os dois gatilhos de cada um aparecem ao mesmo tempo. É também o que torna a falta do ""Todos"" mais visível — mas isso está contado na feature própria."
03-gatilhos,"O travessão no lugar vazio, em vez de ""Desligado""",SO_NO_HTML,e a segunda é um botão que responde calado.,PRESENTE,src/hefesto_dualsense4unix/interface/aba03.py,src/hefesto_dualsense4unix/gui/main.glade:776,src/hefesto_dualsense4unix/interface/pacotes/a03_gatilhos.py:337 · src/hefesto_dualsense4unix/interface/pacotes/a03_gatilhos.py:944 · src/hefesto_dualsense4unix/interface/aba03.py:595,Não se aplica: não há coluna de lugar vazio na aba.,"Opção `—` (desabilitada) como primeira de cada `<select>`, escrita nos lugares que a página dá por vazios; `_sem_nada` só a usa quando a página já a oferece, e o gesto recusa se alguém a escolher.","Decisão 13 dela, 02/09/2026, e a razão é dela: `Desligado` é uma escolha LEGÍTIMA de um controle conectado, e usar a mesma palavra para ""não há aparelho aqui"" confunde as duas. Cura de um defeito que a coluna por controle criou — e que a GTK não tinha porque não tem colunas."
03-gatilhos,Não regravar o perfil quando nada mudou,SO_NO_HTML,_com_os_gatilhos,PRESENTE,src/hefesto_dualsense4unix/interface/pacotes/a03_gatilhos.py,src/hefesto_dualsense4unix/app/actions/footer_actions.py,src/hefesto_dualsense4unix/interface/pacotes/a03_gatilhos.py:1511,"Não tem: o ""Salvar Perfil"" do rodapé grava sempre.","`_com_os_gatilhos` devolve `None` quando o gatilho novo é igual ao que já estava, e o gesto não grava — evitando trocar a data do arquivo e disparar um `profile.switch` no meio de uma partida.","Pequeno, mas real e com custo medido escrito no código: regravar reaplica o perfil. Registrado para ninguém tirar achando que é otimização prematura."
03-gatilhos,Rolar quando os ajustes não cabem na coluna,IGUAL,"minmax(var(--r-aj-<lado>),auto)",PRESENTE,src/hefesto_dualsense4unix/interface/pacotes/a03_gatilhos.py,src/hefesto_dualsense4unix/gui/main.glade:895 · src/hefesto_dualsense4unix/gui/main.glade:1050,src/hefesto_dualsense4unix/interface/aba03.py:355 · src/hefesto_dualsense4unix/interface/aba03.py:1140 · src/hefesto_dualsense4unix/interface/pacotes/a03_gatilhos.py:195,"`GtkScrolledWindow` com `min-content-height` de 110px em volta do box de parâmetros, com `propagate-natural-height`.","A caixa cresce (`grid-auto-rows:var(--h-barra)` + trilha `minmax(var(--r-aj-<lado>),auto)`) e a ABA rola — decisão dela de 02/09: ""a aba passa a rolar nos modos grandes, e isso é aceito"".","Os dois mostram os onze ajustes do modo mais cheio sem esconder nenhum, rolando. O que rola é diferente (a caixa na GTK, a aba no HTML), mas é escolha dela e o requisito — a tela nunca esconde o que está gravado — é atendido nos dois."
03-gatilhos,A lista de 19 modos abre e se deixa escolher no compositor dela,NAO_DA_PARA_SABER,"data-campo=""modo-chave-e""",PRESENTE,src/hefesto_dualsense4unix/interface/paginas/03-gatilhos.html,src/hefesto_dualsense4unix/app/actions/triggers_actions.py:86 · src/hefesto_dualsense4unix/app/actions/triggers_actions.py:126 · src/hefesto_dualsense4unix/app/widgets/segmented_selector.py,src/hefesto_dualsense4unix/interface/paginas/03-gatilhos.html:224 · src/hefesto_dualsense4unix/interface/paginas/03-gatilhos.html:1244 · src/hefesto_dualsense4unix/interface/aba03.py:340,"Botões segmentados, sem popup nenhum — o `GtkComboBoxText` foi ABANDONADO nesta aba porque o cosmic-comp fechava o popup no clique (FEAT-DSX-COMBO-TO-SEGMENTED-01).","`<select>` nativo com 20 opções, cujo popup no WebKitGTK também é do sistema. A página trata um problema DIFERENTE (contraste da lista aberta no Chrome) com `select option{background:…}`.","Não dá para decidir lendo: o defeito que motivou a troca na GTK é do COMPOSITOR sobre o popup do sistema, e o `<select>` do WebKitGTK abre um popup do sistema também. Nenhum arquivo desta árvore diz se ele foi testado na mesa dela sob cosmic-comp. Falta o teste de clique — abrir a interface com `--oculta` não basta, porque o efeito é de foco de janela e precisa da tela viva. É o único item desta aba em que a interface nova pode estar reintroduzindo um defeito que a GTK já pagou para matar."
04-iluminacao,Escolher uma cor livre (paleta do sistema),FALTA_NO_HTML,_on_lightbar_cor_solta,AUSENTE,LADO-HTML,src/hefesto_dualsense4unix/gui/main.glade:1233 · src/hefesto_dualsense4unix/app/actions/lightbar_actions.py:852 · src/hefesto_dualsense4unix/app/actions/lightbar_actions.py:814,,"GtkColorButton abre o diálogo de cor; ao confirmar, `color-set` grava no rascunho e `_on_lightbar_cor_solta` manda a cor ao aparelho na hora, pelo mesmo caminho do botão Aplicar.","A tela nova NÃO oferece mais esta porta. A casa hachurada do fim da fileira de tons saiu em 11/09/2026 por ordem dela, e a segunda porta do gesto `cor` saiu junto: `a04_iluminacao.cor` recusa dizendo um pedido sem `data-hex`, e só os botões da fileira o trazem. O que a tela oferece são os ONZE tons da guia (`a04_iluminacao.tons_da_guia`) e o reenvio pela caixa do hexadecimal, que alcança a cor guardada mesmo quando ela não está na fileira.","FATO DERRUBADO em 04/09/2026: a linha do publicado é hoje `<input type=""color"" class=""livre"" value=""#0000ff"" data-gesto=""cor""` — **igual à do mockup**, que a página inteira é byte-idêntica a ele. A afirmação anterior (o publicado sem o `data-gesto`) valia antes das publicações de 03/09 e não vale mais. **VEREDITO A REMEDIR:** o `sinal` desta linha é `_on_lightbar_cor_solta`, uma função da GTK que o lado HTML nunca vai chamar — por isso o portão fica verde mesmo com a dívida fechando por outro caminho. Quem remedir tem de medir o ATO na tela viva, não o símbolo. O ouvinte do piloto só reconhece `data-gesto`/`data-hef-gesto`/`data-papel`/classe `r-<nome>` (hefesto_vivo.py:619), então no produto de hoje qualquer cor fora dos oito tons da guia é INALCANÇÁVEL. Na GTK esta é a porta PRINCIPAL da cor. || O BALDE PUBLICAR ESTÁ VAZIO — medido em 04/09/2026 com `scripts/check_o_desenho_aprovado.py`: ""o produto já tem 13 · o produto está atrás 0"". As treze páginas foram publicadas na madrugada; esta linha não espera mais o `--publicar` dela. || REMEDIDO em 06/09/2026 pela PARIDADE-REMEDIR-01, com o endereço lido no HEAD desta árvore: o `sinal` era `_on_lightbar_cor_solta`, função da GTK que o lado HTML nunca vai chamar — era ELE que segurava o veredito, não a feature. Trocado pelo endereço de tela (D-0609-O-SINAL-DA-PARIDADE-NAO-E-PROSA), o ato está medido: `data-gesto=""cor""` nas linhas 2427 e 2802 do publicado, e o gesto em `a04_iluminacao.py:2322`. || VEREDITO VIRADO EM 11/09/2026, e NÃO é regressão: a feature saiu por ORDEM DELA (ILUMINACAO-PALETA-01) — *""temos que remover esse botão que o mouse tá (que abre outras cores.)""*. Era IGUAL enquanto os dois lados tinham a porta; hoje só a GTK a tem, e a GTK está aposentada. O `sinal` volta a ser o símbolo da GTK PORQUE a expectativa virou AUSENTE: com `FALTA_NO_HTML` é a regra `divida-fechada` que morde, e ela morde quando o lado HTML PASSA a chamar a função da janela antiga — que é a forma legítima descrita na regra 7 deste portão. A decisão D-0609-O-SINAL-DA-PARIDADE-NAO-E-PROSA continua valendo para as linhas que afirmam PRESENTE, que é onde um símbolo inalcançável nunca mordia. Quem guarda a ordem dela na tela é a §15 de `aba04._conferir`, que reprova o campo de cor de volta e os três tons podados."
04-iluminacao,Guia de 8 cores prontas (a paleta dos slots de jogador),SO_NO_HTML,core/led_control.player_slot_color,PRESENTE,src/hefesto_dualsense4unix/interface/aba04.py,src/hefesto_dualsense4unix/gui/main.glade:1233,src/hefesto_dualsense4unix/interface/paginas/04-iluminacao.html:1634 · src/hefesto_dualsense4unix/interface/aba04.py:591,Não existe. A única porta de cor é o diálogo do GtkColorButton.,"Oito botões por coluna, cada um com `data-gesto=""cor"" data-hex=""#RRGGBB""`, pintados no tom da casa e levando o hex CRU do produto.","Ganho real: o hex de cada botão sai de `luz(i)`, que é `core/led_control.player_slot_color` — a mesma paleta que o daemon usa. Não é cor digitada. Ninguém deve 'consertar' removendo."
04-iluminacao,Marca de qual cor está escolhida agora,IGUAL,"data-campo=""hex""",PRESENTE,LADO-HTML,src/hefesto_dualsense4unix/app/actions/lightbar_actions.py:589,src/hefesto_dualsense4unix/interface/paginas/04-iluminacao.html · mockup/04-iluminacao.html · src/hefesto_dualsense4unix/interface/pacotes/a04_iluminacao.py,O ColorButton mostra sempre a cor corrente: `_refresh_lightbar_from_draft` faz `set_rgba` do `leds.lightbar_rgb` a cada repintura da aba.,"Os tons carregam `data-campo=""hex"" data-hef-alvo=""classe"" data-hef-quando=""#RRGGBB""` no PUBLICADO e na bancada — 20 ocorrências em cada, medidas em 06/09/2026 —, e o alvo `classe` do pintor troca a marca a cada tique. A marca segue a cor viva, não a que o gerador escreveu.","FATO DERRUBADO em 04/09/2026: `grep -c 'data-campo=""hex""'` dá **18 nos DOIS** — os 16 tons mais os 2 spans estão na página que o produto abre, byte-idêntica ao mockup. A contagem de 2 no publicado valia antes das publicações de 03/09. **VEREDITO A REMEDIR:** o `sinal` é `_refresh_lightbar_from_draft`, função da GTK que o lado HTML nunca vai chamar — o portão fica verde com a dívida fechando por outro caminho. Medir o ATO na tela viva. O alvo `classe` existe no pintor desde sempre (hefesto_vivo.py:227). No produto de hoje a marca mente assim que a cor muda. || O BALDE PUBLICAR ESTÁ VAZIO — medido em 04/09/2026 com `scripts/check_o_desenho_aprovado.py`: ""o produto já tem 13 · o produto está atrás 0"". As treze páginas foram publicadas na madrugada; esta linha não espera mais o `--publicar` dela. || REMEDIDO em 06/09/2026 pela PARIDADE-REMEDIR-01, com o endereço lido no HEAD desta árvore: eram 18 em 04/09 e são 20 hoje, nos DOIS arquivos — a página cresceu e continuou igual. O `sinal` era `_refresh_lightbar_from_draft`, nome de função da GTK; trocado pelo endereço de tela, que é o que o lado HTML escreve."
04-iluminacao,A cor vai ao aparelho no gesto (sem segundo clique),IGUAL,_so_abriu_o_seletor,PRESENTE,src/hefesto_dualsense4unix/interface/pacotes/a04_iluminacao.py,src/hefesto_dualsense4unix/app/actions/lightbar_actions.py:814 · src/hefesto_dualsense4unix/app/actions/lightbar_actions.py:881 · src/hefesto_dualsense4unix/app/actions/lightbar_actions.py:942,src/hefesto_dualsense4unix/interface/pacotes/a04_iluminacao.py:635 · src/hefesto_dualsense4unix/interface/pacotes/a04_iluminacao.py:693,"`_on_lightbar_cor_solta` → `_aplicar_cor_no_controle` → `led_set_detalhado(..., uniq=alvo)`. Foi o conserto BOTÃO-QUE-NÃO-MENTE-01: antes só o botão Aplicar escrevia.","Gesto `cor` → `p.led_set(hex_to_rgb(pedido), uniq=uniq)`, na hora, sem rascunho. Decisão dela de 01/09: 'clicar na cor já deveria aplicar a cor no controle.'","Os dois entram no mesmo método IPC (`led.set`) com o mesmo payload base (`rgb` + `uniq`), e os dois agem no gesto. O HTML ainda ganha um guarda que a GTK não precisa: `_so_abriu_o_seletor` (a04:618) descarta o `click` que um `<input type=color>` dispara ao ABRIR com o valor velho — na GTK o `color-set` já só dispara ao confirmar."
04-iluminacao,O BRILHO viaja junto com a cor,IGUAL,brilho_do_controle,PRESENTE,src/hefesto_dualsense4unix/interface/pacotes/a04_iluminacao.py,src/hefesto_dualsense4unix/app/actions/lightbar_actions.py:942 · src/hefesto_dualsense4unix/app/actions/lightbar_actions.py:1224,src/hefesto_dualsense4unix/interface/pacotes/a04_iluminacao.py:1757 · src/hefesto_dualsense4unix/interface/pacotes/a04_iluminacao.py:1810 · src/hefesto_dualsense4unix/interface/pacotes/a04_iluminacao.py:309,"Toda escrita de cor leva o brilho da tela: `led_set_detalhado(self._current_rgb, brightness=self._current_brightness, uniq=...)`. O toast diz o percentual enviado.","`_escrever_a_cor` é o caminho ÚNICO de escrita de cor da aba, e ele manda `brightness=brilho_do_controle(perfil, uniq)` em toda escrita — o MESMO número que a coluna imprime no trilho. Os três gestos que escrevem cor (`cor`, `apagar`, `auto`) passam por ele.","03/09/2026 — REMEDIDO, e a dívida tinha fechado: a linha era `p.led_set(rgb, uniq=uniq)` sem o argumento, e o `_handle_led_set` caía no default *""Ausente ou inválido -> assume 1.0""*; a mesma coluna que mostrava `50%` mandava a cor a 100%, e um clique num tom DESFAZIA o brilho escolhido na janela GTK. Hoje os dois lados mandam o brilho em TODA escrita de cor (`lightbar_actions.py:942`, `a04_iluminacao.py:1810`) e o número tem UM dono de cada lado — `self._current_brightness` lá, `brilho_do_controle` aqui —, os dois lendo o `lightbar_brightness` efetivo do alvo. A diferença que sobra não é do ato: a GTK lê o rascunho e o HTML lê o perfil em disco, porque a interface nova não tem rascunho (decisão dela: o gesto age na hora). Com o trilho de brilho ainda só-leitura no HTML, os dois números são o mesmo número."
04-iluminacao,Botão de reenvio explícito da cor ('Aplicar no controle'),IGUAL,reenviar,PRESENTE,src/hefesto_dualsense4unix/interface/pacotes/a04_iluminacao.py,src/hefesto_dualsense4unix/gui/main.glade:1300 · src/hefesto_dualsense4unix/app/actions/lightbar_actions.py:870,src/hefesto_dualsense4unix/interface/aba04.py:1111 · src/hefesto_dualsense4unix/interface/aba04.py:1668 · src/hefesto_dualsense4unix/interface/pacotes/a04_iluminacao.py,Botão dedicado que reenvia a cor da tela ao hardware — útil depois de reconectar um controle ou trocar de alvo. Entra pelo mesmo `_aplicar_cor_no_controle`.,"a caixa do hexadecimal virou o botão de reenvio: um clique reenvia a cor ao controle, LENDO o `texto` vivo do campo e nunca o `data-hex` congelado do desenho","03/09/2026 — REMEDIDO, e o veredito VOLTOU para a falta. A linha dizia DIFERENTE porque o símbolo `_aplicar_cor_no_controle` ""apareceu no lado HTML"": ele aparece numa FRASE DE DOCSTRING (`_escrever_a_cor` diz *""ELE É O `_aplicar_cor_no_controle` DA GTK""*), e um sinal que um comentário satisfaz é uma régua que confunde a PALAVRA com o ATO — a família de defeito que esta casa mais paga. O sinal passou a ser o ENDEREÇO que a página vai ganhar quando a dívida fechar, que é a forma que a régua reconhece e que um docstring não pode satisfazer. || O caso de uso continua descoberto: o controle cai e volta, e a cor não é reemitida por gesto nenhum. O único reenvio possível é clicar de novo num tom — o que só alcança as oito cores da guia. || O BOTÃO NOVO É DESENHO, e desenho é DELA: a célula ""Opções"" tem dois botões aprovados (Automático e Desligar) e um terceiro muda a cena. || DECIDIDO em 04/09/2026 — A caixa do hexadecimal vira o botão. Onde está escrito: `docs/process/2026-09-04-O-PO-DECIDE-as-54-e-os-sete-conflitos.md` §2 `04[03]`, sobre a pergunta [03] de `docs/process/sprints/2026-09-04-DECISOES-DELA-04-iluminacao.md`. Não espera mais palavra dela. || FECHADA em 04/09/2026 pela ONDA2-04, e a zero pixel: o reenvio não ganhou elemento novo, a caixa do hexadecimal é que passou a ser o botão. A MEDIÇÃO QUE IMPORTA está na mordida: ler o `data-hex` em vez do `texto` derruba um caso e deixa o irmão verde — por isso são dois, e por isso o reenvio de uma cor que ela acabou de escolher mandaria a cor ANTIGA. || ESCOPO ESTREITADO em 04/09/2026, achado pela frente da aba 03: o sinal `data-gesto=""reenviar""` com escopo `LADO-HTML` casa com QUALQUER aba, e a 03 ganhou um reenvio no mesmo dia. Uma régua que casa com a aba errada dá o veredito certo pelo motivo errado — e no dia seguinte dá o errado."
04-iluminacao,Escolher a cor grava no rascunho do perfil,DIFERENTE,with_controller_leds,PRESENTE,src/hefesto_dualsense4unix/interface/pacotes/rodape.py,src/hefesto_dualsense4unix/app/actions/lightbar_actions.py:864 · src/hefesto_dualsense4unix/app/actions/lightbar_actions.py:450,src/hefesto_dualsense4unix/interface/pacotes/a04_iluminacao.py:693 · src/hefesto_dualsense4unix/interface/pacotes/rodape.py:76,"`on_lightbar_color_set` chama `_persist_leds_update({""lightbar_rgb"": ...})`, que grava no GLOBAL do draft ou no override do alvo, e o 'Salvar Perfil' do rodapé persiste. Em 'Todos' ainda limpa o campo dos overrides para a cor não ressuscitar.","O gesto não toca perfil nenhum. Quem recolhe é o 'Salvar' do rodapé, que reconstrói o draft do perfil em disco e sobrepõe a cor VIVA lida do daemon como override por controle.","Os dois chegam a 'a cor fica salva', por rotas opostas: a GTK guarda a INTENÇÃO no rascunho e escreve no disco no Salvar; o HTML não guarda nada e o Salvar fotografa o que está ACESO. A diferença aparece quando o daemon não aplicou (Steam segurando o fd, Modo Nativo): a GTK salva o que ela pediu, o HTML salva o que o aparelho está mostrando — que pode não ser o pedido dela."
04-iluminacao,Frase de desfecho lida do CORPO do daemon (aplicado_em / guardado_em / offline / seção fora),IGUAL,frase_do_envio,PRESENTE,src/hefesto_dualsense4unix/interface/pacotes/a04_iluminacao.py,src/hefesto_dualsense4unix/app/actions/lightbar_actions.py:226 · src/hefesto_dualsense4unix/app/actions/lightbar_actions.py:141 · src/hefesto_dualsense4unix/app/actions/lightbar_actions.py:962,src/hefesto_dualsense4unix/interface/pacotes/a04_iluminacao.py:1810 · src/hefesto_dualsense4unix/interface/pacotes/a04_iluminacao.py:1814 · src/hefesto_dualsense4unix/interface/pacotes/a04_iluminacao.py:1412,"Usa a forma `_detalhado`, lê `aplicado_em`/`guardado_em` e decide a frase por `frase_do_desfecho`; separa 'daemon desligado' de 'a seção leds não entrou' (`mensagem_de_secao_fora`) e diz 'enviada', nunca 'aplicada'.","`_escrever_a_cor` chama `led_set_detalhado`, e o desfecho sai de `lightbar_actions.frase_do_envio` — o MESMO dono que a GTK usa, que por sua vez chama `textos_de_aplicacao.frase_do_desfecho`. Corpo ausente levanta com `sem_resposta_do_daemon()`, que devolve o próprio `lightbar_actions._AVISO_HEFESTO_DESLIGADO`.","03/09/2026 — REMEDIDO, e a dívida tinha fechado. A porta era `led_set` (`bool`), e um `True` dele significa só *""o daemon respondeu""*: um clique com o Modo Nativo ligado, ou com o controle recém-saído da mesa, saía CALADO — o piloto anotava ""aplicou"" e a barra não mudava. Hoje a aba lê o CORPO e não decide frase nenhuma: quem conhece as quatro razões do daemon e a ordem entre elas é `frase_do_desfecho`, o mesmo dono dos dois lados, e a troca de ""aplicado"" por ""enviada"" vem de `frase_do_envio` — a palavra que a LIGHTBAR-BT-RESET-01 mediu (por Bluetooth o firmware ACEITA E IGNORA a escrita). || A ""seção fora"" do título NÃO está em falta: `mensagem_de_secao_fora` só fala do `apply_draft`, e no ramo por-`uniq` — o único que o HTML tem — a própria GTK cai em `_AVISO_HEFESTO_DESLIGADO`, que é a frase que este lado importa. O que o HTML não tem é o ESCOPO 'Todos', e isso é outra linha desta aba."
04-iluminacao,Apagar a barra (a cor vai a preto),IGUAL,led_set,PRESENTE,src/hefesto_dualsense4unix/interface/pacotes/a04_iluminacao.py,src/hefesto_dualsense4unix/gui/main.glade:1313 · src/hefesto_dualsense4unix/app/actions/lightbar_actions.py:1023 · src/hefesto_dualsense4unix/app/actions/lightbar_actions.py:1078,src/hefesto_dualsense4unix/interface/pacotes/a04_iluminacao.py:697 · src/hefesto_dualsense4unix/interface/pacotes/a04_iluminacao.py:707 · src/hefesto_dualsense4unix/interface/paginas/04-iluminacao.html:1664,"Botão 'Apagar' → `led_set_detalhado((0,0,0), uniq=estado_alvo.uniq)`, com o `uniq` sempre presente (conserto R-17: era o único output da GUI que caía em broadcast).","Gesto `apagar` → `p.led_set((0,0,0), uniq=uniq)`, e recusa dizendo quando o clique não trouxe controle.","Mesmo método (`led.set`), mesmo payload (`rgb=[0,0,0]` + `uniq`), mesma disciplina de nunca mandar sem endereço. O que a GTK faz a mais — espelhar o preto no rascunho e sincronizar o ColorButton — está contado nas features do rascunho e da marca de cor; o ATO no aparelho é o mesmo."
04-iluminacao,Ajustar o brilho da barra (0–100%),DIFERENTE,"data-gesto=""brilho""",PRESENTE,src/hefesto_dualsense4unix/interface/aba04.py,src/hefesto_dualsense4unix/gui/main.glade:1377 · src/hefesto_dualsense4unix/app/actions/lightbar_actions.py:995 · src/hefesto_dualsense4unix/app/actions/lightbar_actions.py:830,src/hefesto_dualsense4unix/interface/aba04.py:975 · src/hefesto_dualsense4unix/interface/pacotes/a04_iluminacao.py:2169 · src/hefesto_dualsense4unix/interface/hefesto_vivo.py:1078,"GtkScale de 0 a 100; o arraste só marca `_brilho_pendente` e atualiza o rascunho, e o SOLTAR (`button-release-event`/`key-release-event`) faz UMA escrita — para não saturar a fila do rádio.","O trilho é um `<input type=""range"">` de 0 a 100 sobre a barra pintada; o `change` (soltar) vira o gesto `brilho`, que GRAVA o `lightbar_brightness` no override daquele controle, no perfil ativo em disco, e reenvia a cor pedida ao aparelho com o brilho novo. Decisão dela, 03/09/2026: **""Grava na hora""**.","A DIFERENÇA É ONDE O NÚMERO CAI, e ela é decisão dela: a GTK só marca o rascunho (`_persist_leds_update`) e o disco espera o Salvar Perfil; o HTML não tem rascunho (decisão dela de 01/09) e o número que a coluna imprime é lido do PERFIL EM DISCO — sem gravar, o valor voltaria ao velho no tique seguinte. Duas diferenças menores, medidas: o HTML grava no override POR CONTROLE (a fita desta aba é inerte desde 28/08, cada coluna é um controle), e ele DIZ quando não há cor a reacender em vez de mandar preto. MEDIDO NO WEBKIT VIVO em 03/09: o polegar leva o trilho de 100% a 45% e a 70%, o `.cheio` e o `%` acompanham, e o disco recebe `{'leds': {'lightbar_brightness': 0.45}}` no `uniq` normalizado, com UMA gravação por arraste (o `click` que o navegador manda depois do `change` é engolido). MEDIDO EM 04/09/2026 NA PÁGINA PUBLICADA, e a ressalva anterior (""isto vale na BANCADA, a página publicada ainda não recebeu o `<input>`"") CAIU: `grep -c 'data-gesto=""brilho""' src/hefesto_dualsense4unix/interface/paginas/04-iluminacao.html` dá 2, e `cmp` diz que a página e `mockup/04-iluminacao.html` são byte-idênticas."
04-iluminacao,Mostrar o brilho corrente,IGUAL,lightbar_brightness,PRESENTE,src/hefesto_dualsense4unix/interface/pacotes/a04_iluminacao.py,src/hefesto_dualsense4unix/app/actions/lightbar_actions.py:601,src/hefesto_dualsense4unix/interface/pacotes/a04_iluminacao.py:503 · src/hefesto_dualsense4unix/interface/paginas/04-iluminacao.html:1648,"A escala é posicionada com o `lightbar_brightness` efetivo do alvo (override do controle quando existe, senão o global), lido do PERFIL e não do backend.","Emite `brilho` ('82%') e `brilho-pct` (a largura do trilho), lendo o override do controle e caindo no global do perfil.","Conferi a UNIDADE dos dois lados, que é onde isto poderia divergir calado: no draft da GTK o campo é inteiro 0–100 (`draft_config.py:99`), no JSON do perfil é fração 0.0–1.0 (`profiles/schema.py`), e a conversão mora em `DraftConfig.from_profile` (draft_config.py:281-292). O HTML lê o JSON e multiplica por 100 (a04:505). Medido ao vivo com `meu_perfil`: `lightbar_brightness=1.0` no disco → '100%' nas duas telas."
04-iluminacao,Prévia da cor com o brilho aplicado,DIFERENTE,folha_da_luz,PRESENTE,src/hefesto_dualsense4unix/interface/pacotes/a04_iluminacao.py,src/hefesto_dualsense4unix/gui/main.glade:1247 · src/hefesto_dualsense4unix/app/actions/lightbar_actions.py:1576,src/hefesto_dualsense4unix/interface/pacotes/a04_iluminacao.py:1058 · src/hefesto_dualsense4unix/interface/pacotes/a04_iluminacao.py:1401 · src/hefesto_dualsense4unix/interface/pacotes/a04_iluminacao.py:1563 · src/hefesto_dualsense4unix/interface/paginas/04-iluminacao.html:3071,Um GtkDrawingArea pintado com `rgb × brilho` a cada repintura — feedback imediato do arraste antes de escrever no hardware.,"O DESENHO GRANDE é a prévia, e ele é vivo: `folha_da_luz` escreve `--luz` no `<g id=""…-lightbar"">` de cada coluna com a cor que o daemon publica — que já vem PÓS-ESCALA de brilho por contrato (D8). Ela viaja no `blocos:` do `<style id=""plastico-vivo"">`, que o publicado JÁ tem. As duas tiras do `.aceso` fazem o mesmo pelo campo `luz`, ainda órfão no publicado.","03/09/2026 — REMEDIDO. A linha dizia DIFERENTE porque o símbolo `_on_lightbar_preview_draw` ""apareceu"", e ele aparece num COMENTÁRIO — mesmo defeito de régua da linha do botão de reenvio; o sinal passou a ser a função que faz o trabalho. || O QUE ESTAVA NA TELA DELA, medido no DOM vivo com um controle no cabo: o desenho acendia `(126, 184, 212)` — o `--luz` que o gerador CRAVA, a cor do MOCKUP — com o aparelho em `(0, 0, 255)` e a caixa do hexadecimal logo acima dizendo `#0000FF`. A mesma célula afirmando duas cores. Hoje o ensaio `a_luz_do_desenho_e_a_luz_do_aparelho.py` pergunta a `controller_card.rotulo_lightbar` e compara com o `getComputedStyle` do `.peca`, e fecha verde. || CONTINUA DIFERENTE, e a divergência é deliberada: a prévia da GTK pinta o rascunho SEMPRE, inclusive sob Steam ou Nativo; esta APAGA nos quatro estados em que `rotulo_lightbar` tem ressalva, que é a regra dela — *""se não tá mostrando agora, não tem info pra mostrar""*. Está medido: com a Steam segurando o `fd` do controle dela, o desenho vai a `(63, 67, 80)` e a GTK ficaria azul. || DECIDIDO em 04/09/2026 — Uma linha só quando há ressalva. É a D-02, e a peça é a mesma. Onde está escrito: `docs/process/2026-09-04-O-PO-DECIDE-as-54-e-os-sete-conflitos.md` §2 `04[01]`, sobre a pergunta [01] de `docs/process/sprints/2026-09-04-DECISOES-DELA-04-iluminacao.md`. Não espera mais palavra dela. || O BALDE PUBLICAR ESTÁ VAZIO — medido em 04/09/2026 com `scripts/check_o_desenho_aprovado.py`: ""o produto já tem 13 · o produto está atrás 0"". As treze páginas foram publicadas na madrugada; esta linha não espera mais o `--publicar` dela."
04-iluminacao,A tira só acende quando há cor a AFIRMAR,SO_NO_HTML,rotulo_lightbar,PRESENTE,src/hefesto_dualsense4unix/interface/pacotes/a04_iluminacao.py,src/hefesto_dualsense4unix/app/actions/lightbar_actions.py:1576,src/hefesto_dualsense4unix/interface/pacotes/a04_iluminacao.py:530 · src/hefesto_dualsense4unix/interface/pacotes/a04_iluminacao.py:143,"A prévia pinta o rascunho SEMPRE — inclusive sob Steam ou Modo Nativo, quando a cor publicada pode não ser a que está no plástico. O aviso vai num rótulo separado, mas o retângulo acende igual.","`acesa = base if recado is None else None` — nos quatro estados em que `rotulo_lightbar` tem ressalva (Nativo, Steam segurando o fd, fonte desconhecida, apagada) a tira sai APAGADA, com estilo explícito (`TIRA_APAGADA`).","É a regra dela aplicada ao desenho: 'se não tá mostrando agora, não tem info pra mostrar no produto'. O HTML lê o PRIMEIRO retorno de `rotulo_lightbar` (a ressalva) para decidir, em vez do segundo (a cor base, que vem preenchida mesmo com `lightbar_on` falso). Ganho sobre a GTK — mas hoje morto no publicado, porque viaja no mesmo `luz` órfão. || 03/09/2026: a mesma regra passou a valer no DESENHO GRANDE, e lá ela chega ao PUBLICADO — `folha_da_luz` apaga a barra do SVG nos mesmos quatro estados, por uma folha de estilo em vez do campo `luz`. Medido na mesa dela com a Steam segurando o `fd`: o desenho foi a `(63, 67, 80)`."
04-iluminacao,Ressalva do estado da barra (Nativo / Steam / fonte desconhecida / apagada),DIFERENTE,rotulo_lightbar,PRESENTE,src/hefesto_dualsense4unix/interface/pacotes/a04_iluminacao.py,src/hefesto_dualsense4unix/gui/main.glade:1274 · src/hefesto_dualsense4unix/app/actions/lightbar_actions.py:643 · src/hefesto_dualsense4unix/app/actions/lightbar_actions.py:682,src/hefesto_dualsense4unix/interface/pacotes/a04_iluminacao.py:519 · src/hefesto_dualsense4unix/interface/pacotes/a04_iluminacao.py:173 · src/hefesto_dualsense4unix/interface/paginas/04-iluminacao.html:1657,"Rótulo dedicado `lightbar_estado_no_controle`, escrito por `_atualizar_estado_da_barra` com o texto de `widgets/controller_card.rotulo_lightbar`. Some quando não há aviso a dar.","Usa a MESMA `rotulo_lightbar`, mas a frase viaja no `title` das três peças de `luz` — e `luz` é órfão no publicado, então a ressalva não chega à tela dela hoje.","Mesma fonte de verdade, lugar diferente: rótulo visível na GTK, `title` de hover no HTML. E o HTML só a alcança quando o campo `luz` for publicado — o `title` da célula `.aceso` no publicado está CONGELADO ('O Cosmic Red aceso…', com um controle branco na mesa). O pintor não tem alvo para atributo `title` (os alvos são texto/largura/fundo/valor/html/classe/cor), por isso a frase precisa entrar dentro do bloco trocado por `html`. || DECIDIDO em 04/09/2026 — Uma linha só quando há ressalva. É a D-02, e a peça é a mesma. Onde está escrito: `docs/process/2026-09-04-O-PO-DECIDE-as-54-e-os-sete-conflitos.md` §2 `04[01]`, sobre a pergunta [01] de `docs/process/sprints/2026-09-04-DECISOES-DELA-04-iluminacao.md`. Não espera mais palavra dela."
04-iluminacao,Mostrar o hex da cor em texto,SO_NO_HTML,"data-campo=""hex""",PRESENTE,src/hefesto_dualsense4unix/interface/paginas/04-iluminacao.html,src/hefesto_dualsense4unix/gui/main.glade:1233,src/hefesto_dualsense4unix/interface/pacotes/a04_iluminacao.py:513 · src/hefesto_dualsense4unix/interface/pacotes/a04_iluminacao.py:77 · src/hefesto_dualsense4unix/interface/paginas/04-iluminacao.html:1645,Não mostra. O ColorButton exibe a cor como amostra; não há `#RRGGBB` escrito em lugar nenhum da aba.,"`data-campo=""hex""` pintado a cada tique com `cor_do_swatch(c)` formatado — e ele não some quando a barra apaga: o hex diz QUAL cor está gravada, o desenho abaixo diz se está acesa.","Medido ao vivo: o campo veio '#0000FF' e '#FF0000', batendo com o `lightbar_rgb` do state_full. A leitura crua tem dono (`controller_card.cor_do_swatch`), não é uma segunda verdade. Este é um dos poucos campos da aba que o publicado JÁ pinta de verdade."
04-iluminacao,Marcar/desmarcar cada uma das 5 luzes de jogador,FALTA_NO_HTML,on_player_led_toggled,AUSENTE,LADO-HTML,src/hefesto_dualsense4unix/gui/main.glade:1478 · src/hefesto_dualsense4unix/app/actions/lightbar_actions.py:1383 · src/hefesto_dualsense4unix/app/actions/lightbar_actions.py:1229,src/hefesto_dualsense4unix/interface/pacotes/a04_iluminacao.py:920 · src/hefesto_dualsense4unix/interface/aba04.py:1344,"Cinco GtkCheckButton ('LED 1'..'LED 5'); qualquer toggle recalcula o bitmask e manda `player_leds_set_detalhado(bits, uniq=...)`, com guarda contra os 5 IPCs redundantes de um preset.","Cinco lâmpadas clicáveis por coluna. Cada clique vira o bit e reescreve o bitmask inteiro pelo `player_leds_set_detalhado`, SEM tocar no número — o `identity_number_set` não sai daqui. O estado de partida vem do DADO (`desenho_de_agora` lê o override do perfil e, na falta, o padrão do número), nunca do `aria-pressed` do botão.","Procurei em toda a árvore antes de escrever isto (grep de `player_leds` em `src/hefesto_dualsense4unix/interface/`): as únicas ocorrências são a reexportação da ponte, uma citação em prosa na aba02 e o `rodape.py:91-93`, que apenas COPIA o valor que já estava no perfil. Ninguém escreve LED de jogador pelo HTML. E o perfil dela tem escolha gravada — medi `meu_perfil`: `player_leds: [false,false,true,false,false]`. || REMEDIDO em 06/09/2026 (LUZES-01): a dívida FECHOU na bancada e no pacote. O que sobra de DIFERENTE é o momento da gravação — a GTK escreve no rascunho e espera o Aplicar/Salvar, e aqui o clique já aplica e já grava (D-01). O sinal desta linha deixou de ser `on_player_led_toggled`: esse nome só aparece do lado HTML em PROSA (a docstring nomeia o gêmeo da janela), e uma régua que lê prosa como uso acusaria dívida fechada onde não há chamada. O sinal honesto é o endereço de tela. || DISPENSADA POR ELA em 07/09/2026, e a linha volta a FALTA_NO_HTML — não por regressão, por decisão. Olhando a aba com os quatro DualSense na mesa: *""pq tá surgindo os leds no lado da iluminação se acima já tem o canto dos players? pode remover?""*, e a forma final, *""só olhar a linha de cima da seleção de player e replicar o que tem lá.""* A célula LEDs voltou a ser DESENHO: as cinco lâmpadas espelham o número da linha Jogador e não têm escolha própria. O `sinal` volta a ser o símbolo da GTK, que é o que um FALTA_NO_HTML afirma ausente; o `data-gesto` que estava aqui saiu da página com o widget. **A dívida que esta linha volta a contar é REAL** — o HTML não tem o caminho —, e o custo foi dito a ela antes: some o controle manual do desenho."
04-iluminacao,Presets 'Desenho do P1' … 'Desenho do P4',FALTA_NO_HTML,aplicar_desenho_do_jogador,AUSENTE,LADO-HTML,src/hefesto_dualsense4unix/gui/main.glade:1518 · src/hefesto_dualsense4unix/app/actions/lightbar_actions.py:1305 · src/hefesto_dualsense4unix/app/actions/lightbar_actions.py:1332,src/hefesto_dualsense4unix/interface/pacotes/a04_iluminacao.py:920 · src/hefesto_dualsense4unix/interface/aba04.py:1344,"Quatro botões que aplicam o padrão CANÔNICO via `aplicar_desenho_do_jogador(n)` → `core/led_control.player_led_pattern` — a mesma tabela que o daemon usa para acender, cobrindo 1..8.","SEIS teclas de desenho por coluna — `P1`..`P4`, todas e nenhuma —, e nenhuma delas mexe no número. Elas leem `core/led_control.player_led_pattern`, a MESMA tabela do daemon, em vez de uma segunda cópia. O ramo `nenhuma` tira o override e devolve a coluna ao automático, com recado no cartão.","Cuidado com o nome, que aqui engana de propósito: os botões '1 2 3 4' do HTML e os botões 'Desenho do P1..P4' da GTK parecem a mesma coisa e são opostos — a GTK avisa isso no próprio tooltip ('Não muda o número deste controle') e o HTML avisa o inverso na dica do botão. || REMEDIDO em 04/09/2026, e a distinção FICA de pé: o HTML ganhou a ESCRITA do padrão canônico (era a queixa dela, 'escolha do jogador no iluminação não funciona'), e não o preset. As duas features continuam distintas — esta é 'desenhar sem renumerar', e o HTML não tem esse caminho. O sinal `aplicar_desenho_do_jogador` segue AUSENTE de propósito: o gesto do HTML lê a tabela `player_led_pattern` direto, porque o método da GTK é o handler do botão de preset, não a fiação. || REMEDIDO em 06/09/2026 (LUZES-01): as teclas de DESENHO nasceram, e com duas a mais que a janela — todas e nenhuma. A distinção que esta linha guarda continua de pé e agora tem os dois lados: os botões `1 2 3 4` da linha Jogador DÃO o número, estas teclas dão o desenho e não renumeram. O sinal `aplicar_desenho_do_jogador` sai: ele é o handler do botão da janela, não a fiação, e do lado HTML só aparece em prosa. || DISPENSADA POR ELA em 07/09/2026, e a linha volta a FALTA_NO_HTML — não por regressão, por decisão. Olhando a aba com os quatro DualSense na mesa: *""pq tá surgindo os leds no lado da iluminação se acima já tem o canto dos players? pode remover?""*, e a forma final, *""só olhar a linha de cima da seleção de player e replicar o que tem lá.""* A célula LEDs voltou a ser DESENHO: as cinco lâmpadas espelham o número da linha Jogador e não têm escolha própria. O `sinal` volta a ser o símbolo da GTK, que é o que um FALTA_NO_HTML afirma ausente; o `data-gesto` que estava aqui saiu da página com o widget. **A dívida que esta linha volta a contar é REAL** — o HTML não tem o caminho —, e o custo foi dito a ela antes: some o controle manual do desenho."
04-iluminacao,Presets 'Todas acesas' / 'Todas apagadas',FALTA_NO_HTML,on_player_leds_preset_none,AUSENTE,LADO-HTML,src/hefesto_dualsense4unix/gui/main.glade:1554 · src/hefesto_dualsense4unix/gui/main.glade:1562 · src/hefesto_dualsense4unix/app/actions/lightbar_actions.py:1329 · src/hefesto_dualsense4unix/app/actions/lightbar_actions.py:1346,src/hefesto_dualsense4unix/interface/pacotes/a04_iluminacao.py:920 · src/hefesto_dualsense4unix/interface/aba04.py:1344,Dois atalhos: `_set_player_leds([True]*5)` e `[False]*5`. O 'Todas apagadas' tem significado no motor — desenho vazio quer dizer 'quem manda é o automático'.,"A botoeira da LUZES-01 (06/09/2026) trouxe as seis teclas de desenho — `P1`..`P4`, todas e nenhuma. O caminho de VOLTA ao automático, que era o que faltava, é `devolver_o_desenho_ao_automatico`: ele apaga o override por-uniq de `player_leds` em vez de gravar cinco lâmpadas apagadas.","Vale a mesma medição da feature anterior. O 'Todas apagadas' é o único jeito de DEVOLVER as 5 luzes ao automático sem mexer no número — e o HTML não tem esse caminho de volta. || REMEDIDO em 04/09/2026 por DOIS motivos. (1) O SINAL trocou: era `_set_player_leds`, o escritor COMPARTILHADO dos três caminhos de desenho da GTK — ele apareceu no lado HTML por ser CITADO em prosa (o pacote nomeia o caminho gêmeo de onde vem a frase), e a régua leu citação como dívida fechada. `on_player_leds_preset_none` é o handler do botão em si: ele só aparece no HTML no dia em que o botão aparecer. (2) A dívida ficou mais cara: agora o HTML PRENDE o override e não tem como soltá-lo. || REMEDIDO em 06/09/2026 pela PARIDADE-REMEDIR-01, com o endereço lido no HEAD desta árvore: fechada pela LUZES-01. O `sinal` `on_player_leds_preset_none` é o handler do botão da GTK e nunca apareceria aqui; o símbolo honesto do lado HTML é o que faz o mesmo ATO, e a dívida que esta linha cobrava — o caminho de volta ao automático — é exatamente ele. || DISPENSADA POR ELA em 07/09/2026, e a linha volta a FALTA_NO_HTML — não por regressão, por decisão. Olhando a aba com os quatro DualSense na mesa: *""pq tá surgindo os leds no lado da iluminação se acima já tem o canto dos players? pode remover?""*, e a forma final, *""só olhar a linha de cima da seleção de player e replicar o que tem lá.""* A célula LEDs voltou a ser DESENHO: as cinco lâmpadas espelham o número da linha Jogador e não têm escolha própria. O `sinal` volta a ser o símbolo da GTK, que é o que um FALTA_NO_HTML afirma ausente; o `data-gesto` que estava aqui saiu da página com o widget. **A dívida que esta linha volta a contar é REAL** — o HTML não tem o caminho —, e o custo foi dito a ela antes: some o controle manual do desenho."
04-iluminacao,Botão 'Aplicar o desenho' (reenvio das 5 luzes),FALTA_NO_HTML,on_player_leds_apply,AUSENTE,LADO-HTML,src/hefesto_dualsense4unix/gui/main.glade:1579 · src/hefesto_dualsense4unix/app/actions/lightbar_actions.py:1349,src/hefesto_dualsense4unix/interface/pacotes/a04_iluminacao.py:920 · src/hefesto_dualsense4unix/interface/aba04.py:1344,Reenvia o bitmask corrente dos cinco checkboxes ao alvo — útil depois de reconectar o controle ou trocar de perfil.,"O indicador das cinco lâmpadas VIROU o botão (decisão dela [03], 04/09: *a caixa do hexadecimal vira o botão*): reemite o bitmask corrente ao controle. Ele NÃO grava — reenviar é repetir a escolha que já está na tela, e gravar prenderia num override quem só exibia o automático do número.","Consequência do mesmo buraco: sem escrita de player-LED no HTML não há reenvio possível. `player_leds_set_detalhado` está pronto na ponte e sem chamador. || REMEDIDO em 06/09/2026 (LUZES-01): o buraco fechou junto com a escrita de player-LED, e `player_leds_set_detalhado` deixou de ser porta sem chamador. DIFERENTE, e as duas diferenças são escolha escrita: aqui o reenvio não grava, e recusa com o co-op ligado. || DISPENSADA POR ELA em 07/09/2026, e a linha volta a FALTA_NO_HTML — não por regressão, por decisão. Olhando a aba com os quatro DualSense na mesa: *""pq tá surgindo os leds no lado da iluminação se acima já tem o canto dos players? pode remover?""*, e a forma final, *""só olhar a linha de cima da seleção de player e replicar o que tem lá.""* A célula LEDs voltou a ser DESENHO: as cinco lâmpadas espelham o número da linha Jogador e não têm escolha própria. O `sinal` volta a ser o símbolo da GTK, que é o que um FALTA_NO_HTML afirma ausente; o `data-gesto` que estava aqui saiu da página com o widget. **A dívida que esta linha volta a contar é REAL** — o HTML não tem o caminho —, e o custo foi dito a ela antes: some o controle manual do desenho."
04-iluminacao,Rótulo 'Desenho que mandamos: …' (qual desenho vale e por ordem de quem),DIFERENTE,player_slot,PRESENTE,src/hefesto_dualsense4unix/interface/pacotes/a04_iluminacao.py,src/hefesto_dualsense4unix/gui/main.glade:1622 · src/hefesto_dualsense4unix/app/actions/lightbar_actions.py:303 · src/hefesto_dualsense4unix/app/actions/lightbar_actions.py:718,src/hefesto_dualsense4unix/interface/pacotes/a04_iluminacao.py:246,"Rótulo `player_leds_estado` escrito por `texto_do_desenho_aceso`, com três ramos na ordem em que o backend resolve: co-op ligado → escolha dela → automático do número.","Chama a MESMA função, mas SÓ no ramo do co-op, e a frase entra na dica das peças de `luz` (órfã no publicado). Os ramos 'escolha sua' e 'automático do PN' foram deliberadamente cortados.","O corte é MEDIDO e está documentado no próprio pacote: o `state_full` publica `player_slot` e não publica `player_leds`, então o HTML não vê o override por-uniq — a frase 'desenho do P2 — automático' seria falsa exatamente quando ela tivesse escolhido outro desenho. O pacote reproduziu isso com o merge real do backend antes de cortar. Menos frase, mas nenhuma frase falsa."
04-iluminacao,Quem decide se o co-op manda nas 5 luzes,DIFERENTE,status_actions.texto_do_coop_derrubado,PRESENTE,src/hefesto_dualsense4unix/interface/pacotes/a04_iluminacao.py,src/hefesto_dualsense4unix/app/actions/status_actions.py:2224 · src/hefesto_dualsense4unix/app/actions/lightbar_actions.py:736 · src/hefesto_dualsense4unix/app/textos_de_aplicacao.py:151,src/hefesto_dualsense4unix/interface/pacotes/a04_iluminacao.py:146,"Lê `coop.enabled` do state_full (`_sync_coop_governa_luzes`) e publica em `_coop_ligado`, que governa o rótulo E o toast dos três gestos de desenho.","Lê `coop.players > 1` (`o_coop_manda`), recusando o booleano de propósito.","MEDIDO AO VIVO na mesa dela agora, rodando os dois lados contra o daemon: `coop = {enabled: true, players: 1}` com ninguém em co-op. A GTK conclui LIGADO e escreve 'Desenho que mandamos: o do co-op — com o co-op ligado, é ele que manda nas 5 luzes' — falso; e pelo mesmo caminho todo toast de desenho vira 'guardado, vale quando o co-op sair'. O HTML conclui FALSE e não diz nada. **A divergência é a favor do HTML** — aqui quem tem o defeito é a GTK (`CoopManager.disable()` não zera `coop_enabled`, como o próprio `status_actions.texto_do_coop_derrubado` já registrava). Não é dívida do HTML; é dívida da GTK."
04-iluminacao,Checkbox 'Cores automáticas por controle' (auto_player_colors),IGUAL,"data-gesto=""auto-cores""",PRESENTE,LADO-HTML,src/hefesto_dualsense4unix/gui/main.glade:1201 · src/hefesto_dualsense4unix/app/actions/lightbar_actions.py:1107 · src/hefesto_dualsense4unix/app/actions/lightbar_actions.py:585,src/hefesto_dualsense4unix/interface/paginas/04-iluminacao.html:2016 · src/hefesto_dualsense4unix/interface/pacotes/a04_iluminacao.py:386 · src/hefesto_dualsense4unix/interface/pacotes/a04_iluminacao.py:2846,"Toggle que grava sempre na seção GLOBAL do draft, com toast dizendo o que passa a valer; persiste no Salvar e viaja no Aplicar. Religá-lo NÃO apaga cores explícitas por controle.","O interruptor está no PUBLICADO com os três atributos — `data-gesto` e `data-campo=""auto-cores""` mais `data-hef-alvo=""marcado""` —, o pacote o pinta com o estado do perfil e o gesto `auto-cores` o troca, gravando a cor ao desligar (decisão D-13 dela).","Medi o perfil ativo dela: `leds.auto_player_colors = True`. Pelo HTML ela não vê esse estado nem pode mudá-lo, e um Salvar pela interface nova escreve `False` no override sem ela ter pedido. O campo governa a paleta E a numeração automática (inclusive dos externos) — é o martelo mais pesado da aba na GTK, e no HTML ele é invisível. || FATO DERRUBADO EM 04/09/2026, medindo o ATO em vez de ler a linha: o override por controle NÃO carrega `auto_player_colors`. A linha `auto_player_colors=False` do `rodape.py` existe, e o valor dela é DESCARTADO duas vezes — `with_controller_leds` chama `_leds_draft_to_config` sem `include_auto`, e o filtro `only_fields` o derruba de novo. O toggle é do PERFIL, por decisão antiga e escrita nas duas pontas. Então o Salvar NÃO escreve `False` em override nenhum, e não há por este lado o caminho para dois controles com a mesma cor: quem chega depois recebe a cor automática do número dele. O que CONTINUA valendo desta linha é a outra metade — pelo HTML ela não vê nem muda o estado do automático. A régua que tranca o fato é `tests/unit/test_o_salvar_nao_congela_a_paleta_automatica.py`. || DECIDIDO em 04/09/2026 — Interruptor de verdade na aba — C-4, com a gravação da cor ao desligar, como a D-13 mandou. É o conflito C-4: a lista da aba propunha só MOSTRAR o estado do automático; a D-13 manda um interruptor de verdade, e a decisão DELA ganha. Onde está escrito: `docs/process/2026-09-04-O-PO-DECIDE-as-54-e-os-sete-conflitos.md` §2 `04[02]`, sobre a pergunta [02] de `docs/process/sprints/2026-09-04-DECISOES-DELA-04-iluminacao.md`. Não espera mais palavra dela. || REMEDIDO em 06/09/2026 pela PARIDADE-REMEDIR-01, com o endereço lido no HEAD desta árvore: a `html_faz` desta linha dizia *""Não existe controle nenhum para isso""* e caducou. A LUZES-01 pôs o interruptor na aba, e a decisão de 04/09 que a linha já registrava — interruptor de verdade, C-4 — está cumprida."
04-iluminacao,'Voltar ao automático' (o controle selecionado),DIFERENTE,player_slot_color,PRESENTE,src/hefesto_dualsense4unix/interface/pacotes/a04_iluminacao.py,src/hefesto_dualsense4unix/gui/main.glade:1341 · src/hefesto_dualsense4unix/app/actions/lightbar_actions.py:1141,src/hefesto_dualsense4unix/interface/pacotes/a04_iluminacao.py:711 · src/hefesto_dualsense4unix/interface/pacotes/a04_iluminacao.py:743 · src/hefesto_dualsense4unix/interface/pacotes/a04_iluminacao.py:761,"Remove `lightbar` + `lightbar_brightness` do override daquele controle no draft (player-LEDs e gatilhos próprios ficam); a cor automática volta a valer nele no próximo Aplicar. Com 'Todos' escolhido, orienta pelo toast em vez de agir.","O botão 'Automático' faz OUTRA coisa: `p.chamar(""lightbar.reset"", uniq=)` — larga o claim da barra para o jogo — e em seguida `p.led_set(player_slot_color(n), uniq=)` para a barra não ficar preta.","Mesmo rótulo, dois atos sem interseção. A GTK mexe no PERFIL (tira a cor própria e devolve a paleta) e não escreve no aparelho; o HTML mexe no APARELHO (solta o claim e pinta) e não toca o perfil — o override do disco continua lá. Pior: o passo 2 chama `led.set`, que faz `mark_manual_trigger_active(""led"")` no daemon (ipc_handlers.py:1385), ou seja, re-registra a cor como MANUAL logo após largar o claim. A divergência é deliberada e vem de ordem dela ('voltar ao automático nesse caso é deixar o jogo escolher' + 'deixa em uma das cores default'), mas as duas telas continuam com o mesmo nome para coisas diferentes."
04-iluminacao,'Voltar todos ao automático',FALTA_NO_HTML,"data-gesto=""auto-todos""",AUSENTE,LADO-HTML,src/hefesto_dualsense4unix/gui/main.glade:1353 · src/hefesto_dualsense4unix/app/actions/lightbar_actions.py:1175,src/hefesto_dualsense4unix/interface/pacotes/a04_iluminacao.py:416 · src/hefesto_dualsense4unix/interface/pacotes/a04_iluminacao.py:3007 · src/hefesto_dualsense4unix/interface/aba04.py:743,"Limpa `lightbar`/`lightbar_brightness` de TODOS os overrides do draft e religa `auto_player_colors`, com toast dizendo que vale no próximo Aplicar/Salvar.","NADA, e a ausência é ORDEM DELA — 07/09/2026: *""Olha na real sai todos. Deixa só lá o de cima mesmo o tongle. E aí vai servir pra dizer. O jogo é que escolhe quais serão as cores de todos os controles.""* O botão, o gesto e os dois ajudantes que só ele chamava saíram no mesmo commit; o que fica na faixa do título é o interruptor do automático, e só ele. Os três endereços acima são as notas datadas que guardam o que ele fazia, campo a campo.","É o único caminho que ela tem para DESFAZER de uma vez as cores próprias acumuladas nos overrides. Medi o perfil dela: `controllers` já tem dois uniqs com `leds.lightbar` gravado. Sem este botão, cada um teria de ser desfeito por outro meio — e o HTML não tem meio nenhum. || REMEDIDO em 06/09/2026 (LUZES-01): o único desfazer de uma vez nasceu, e o rótulo NÃO é *Voltar ao automático* — essa frase ela mandou encurtar em 31/08 e virou o botão POR CONTROLE de cada coluna. DIFERENTE porque o alcance é o mesmo e o momento não: a janela avisa que vale no próximo Aplicar/Salvar, e aqui vale no clique. || ENDEREÇO REAPONTADO em 07/09/2026: a poda da botoeira moveu o `automatico_de_todos` no arquivo. A feature não mudou — ela sobreviveu à remoção de propósito, e é o único dos quatro gestos da LUZES-01 que fica. || DE DIFERENTE PARA FALTA_NO_HTML em 07/09/2026, e a queda é DECISÃO DELA, não dívida: ela mandou tirar os três cantos desta aba que falavam de automático. O CUSTO ESTÁ MEDIDO e não se esconde — o perfil ativo dela tem override de `lightbar` em DOIS dos quatro controles, o override vence a camada automática no merge por campo do backend (`core/backend_pydualsense._merged_desired_for_key`), e este era o único gesto desta tela que os tirava. Enquanto eles estiverem lá, ligar o interruptor não devolve a cor do número àqueles dois — é a causa medida dos DOIS AZUIS lado a lado que ela viu na mesa hoje."
04-iluminacao,"Largar o claim da lightbar para o jogo (`lightbar.reset`, o 0x08)",SO_NO_HTML,"data-campo=""aceso""",PRESENTE,src/hefesto_dualsense4unix/interface/pacotes/a04_iluminacao.py,src/hefesto_dualsense4unix/cli/cmd_lightbar_reset.py:83 · src/hefesto_dualsense4unix/cli/app.py:131,src/hefesto_dualsense4unix/interface/pacotes/a04_iluminacao.py:743 · src/hefesto_dualsense4unix/interface/pacotes/a04_iluminacao.py:793,Nenhum chamador. Em toda a GUI estável não há gesto que mande `lightbar.reset` — só a CLI tem.,"É o passo 1 do gesto 'Automático', pela via crua da ponte.","Feature nova, vinda de ordem dela em 01/09 ('voltar ao automático nesse caso é deixar o jogo escolher'). Registro para ninguém 'consertar' removendo. Ressalva do próprio handler (ipc_handlers.py:4388): 'a suspeita é que ele só TRAVA quando mandado dentro da janela de ~3,4 s pós-conexão'."
04-iluminacao,Prévia honesta quando o automático está ligado,DIFERENTE,ENDERECO_DO_AUTOMATICO,PRESENTE,src/hefesto_dualsense4unix/interface/pacotes/a04_iluminacao.py,src/hefesto_dualsense4unix/app/actions/lightbar_actions.py:415 · src/hefesto_dualsense4unix/app/actions/lightbar_actions.py:585,src/hefesto_dualsense4unix/interface/pacotes/a04_iluminacao.py:386 · src/hefesto_dualsense4unix/interface/pacotes/a04_iluminacao.py:1979 · src/hefesto_dualsense4unix/interface/pacotes/a04_iluminacao.py:2847,"`_auto_preview_slot`: com o automático LIGADO e um controle específico em edição, a prévia mostra a cor da PALETA daquele número, não a cor manual global — cura de um defeito achado ao vivo em 17/07 (a prévia ficava roxa com o controle azul).","O interruptor ""Cores automáticas por controle"" EXISTE na aba (gesto `auto-cores`, D-13 dela) e o estado é PINTADO ao vivo pelo endereço `auto-cores`, lido do perfil por `automatico_do_perfil`. A cor mostrada é o `lightbar_rgb` VIVO do daemon, que já é a cor resolvida — não há prévia congelada para corrigir.","O HTML pinta o `hex` a partir do `lightbar_rgb` VIVO do daemon, que já é a cor resolvida — então a classe de defeito que a GTK curou aqui não pode acontecer do mesmo jeito. Mas a informação 'esta cor é da paleta automática, não sua' não existe em lugar nenhum do HTML, e é dela que a feature trata. || DECIDIDO em 04/09/2026 — Interruptor de verdade na aba — C-4, com a gravação da cor ao desligar, como a D-13 mandou. É o conflito C-4: a lista da aba propunha só MOSTRAR o estado do automático; a D-13 manda um interruptor de verdade, e a decisão DELA ganha. Onde está escrito: `docs/process/2026-09-04-O-PO-DECIDE-as-54-e-os-sete-conflitos.md` §2 `04[02]`, sobre a pergunta [02] de `docs/process/sprints/2026-09-04-DECISOES-DELA-04-iluminacao.md`. Não espera mais palavra dela. || REMEDIDA em 06/09/2026 pela PARIDADE-REMEDIR-01. O `html_faz` dizia ""não há toggle de automático nem prévia viva no publicado"", e isso caiu em 04/09 com a decisão `04[02]`/D-13 dela executada. DIFERENTE e não IGUAL porque a resposta chega por caminhos diferentes: a GTK CORRIGE a prévia daquele número quando o automático está ligado; aqui a tela nunca mostra prévia velha (a cor é a resolvida do daemon) e quem responde ""esta cor é da paleta, não sua"" é o estado do interruptor no topo da aba."
04-iluminacao,Regra D4 — cor única em 'Todos' desliga o automático e AVISA,DIFERENTE,"data-gesto=""auto-cores""",PRESENTE,LADO-HTML,src/hefesto_dualsense4unix/app/actions/lightbar_actions.py:450 · src/hefesto_dualsense4unix/app/actions/lightbar_actions.py:1273 · src/hefesto_dualsense4unix/app/actions/lightbar_actions.py:106,src/hefesto_dualsense4unix/interface/paginas/04-iluminacao.html:2016 · src/hefesto_dualsense4unix/interface/pacotes/a04_iluminacao.py:2846,"Quando a GUI não sabe quem está conectado, editar a cor em 'Todos' com o automático ligado desliga o toggle (senão a paleta venceria no merge e a cor seria invisível) e compõe `_AVISO_D4` no toast, nunca em popup.","A metade que faltava — ver e mudar o estado do automático — está na aba desde 06/09/2026. O RAMO D4 não se coloca aqui, e não por falta de trabalho: toda escrita de cor pelo HTML leva `uniq`, e o override por-uniq VENCE a camada automática no merge. A cor não fica invisível, então não há o que desligar nem o que avisar.","Registro como falta e não como 'não se aplica' porque a razão de fundo continua viva: no merge do backend a camada automática vence o default global, e o HTML grava `auto_player_colors=False` no override pelo Salvar (rodape.py:96) sem nunca explicar isso a ela. A regra existe; o que falta é a superfície que a conta. || FATO DERRUBADO EM 04/09/2026, medindo o ATO em vez de ler a linha: o override por controle NÃO carrega `auto_player_colors`. A linha `auto_player_colors=False` do `rodape.py` existe, e o valor dela é DESCARTADO duas vezes — `with_controller_leds` chama `_leds_draft_to_config` sem `include_auto`, e o filtro `only_fields` o derruba de novo. O toggle é do PERFIL, por decisão antiga e escrita nas duas pontas. Então o Salvar NÃO escreve `False` em override nenhum, e não há por este lado o caminho para dois controles com a mesma cor: quem chega depois recebe a cor automática do número dele. O que CONTINUA valendo desta linha é a outra metade — pelo HTML ela não vê nem muda o estado do automático. A régua que tranca o fato é `tests/unit/test_o_salvar_nao_congela_a_paleta_automatica.py`. || DECIDIDO em 04/09/2026 — Interruptor de verdade na aba — C-4, com a gravação da cor ao desligar, como a D-13 mandou. É o conflito C-4: a lista da aba propunha só MOSTRAR o estado do automático; a D-13 manda um interruptor de verdade, e a decisão DELA ganha. Onde está escrito: `docs/process/2026-09-04-O-PO-DECIDE-as-54-e-os-sete-conflitos.md` §2 `04[02]`, sobre a pergunta [02] de `docs/process/sprints/2026-09-04-DECISOES-DELA-04-iluminacao.md`. Não espera mais palavra dela. || REMEDIDO em 06/09/2026 pela PARIDADE-REMEDIR-01, com o endereço lido no HEAD desta árvore: DIFERENTE, e a diferença é de premissa, não de dívida. A GTK desliga o automático porque edita em 'Todos' sem saber quem está conectado; a aba nova escreve por controle. Fica DIFERENTE e não IGUAL porque o aviso da GTK não tem gêmeo aqui — e não FALTA porque não há o que ele avisaria."
04-iluminacao,Escopo 'Todos' — um pedido POR MAC em cada conectado,DIFERENTE,lightbar_on,PRESENTE,src/hefesto_dualsense4unix/interface/pacotes/a04_iluminacao.py,src/hefesto_dualsense4unix/app/actions/lightbar_actions.py:378 · src/hefesto_dualsense4unix/app/actions/lightbar_actions.py:1199 · src/hefesto_dualsense4unix/app/actions/lightbar_actions.py:175,src/hefesto_dualsense4unix/interface/pacotes/a04_iluminacao.py:609 · src/hefesto_dualsense4unix/interface/pacotes/a04_iluminacao.py:690 · src/hefesto_dualsense4unix/interface/paginas/04-iluminacao.html:1631 · src/hefesto_dualsense4unix/interface/paginas/04-iluminacao.html:2063,"Com o alvo em 'Todos' e os conectados conhecidos, manda `led.set` uma vez por `uniq` (`_enviar_led_em_todos`) e SOMA as N respostas (`somar_os_corpos`) para dizer uma frase só — o override por-uniq vence a paleta sem desligar o automático de ninguém (R-14).",Não existe 'Todos'. A página é uma coluna por controle e todo gesto carrega o `uniq` daquela coluna; clique sem controle é recusa explícita.,"Escolha de arquitetura, não descuido: a GTK edita UM alvo por vez com um seletor no cabeçalho, o HTML mostra todos lado a lado. O efeito prático é que no HTML não há gesto de mesa inteira — 'a mesma cor em todo mundo' exige N cliques. Nada se perde em segurança (o `uniq` sempre viaja, que é a disciplina R-17), mas a comodidade some."
04-iluminacao,Recusa quando a janela não sabe o alvo,IGUAL,_uniq(o),PRESENTE,src/hefesto_dualsense4unix/interface/pacotes/a04_iluminacao.py,src/hefesto_dualsense4unix/app/actions/lightbar_actions.py:402 · src/hefesto_dualsense4unix/app/actions/lightbar_actions.py:916 · src/hefesto_dualsense4unix/app/actions/lightbar_actions.py:1055,src/hefesto_dualsense4unix/interface/pacotes/a04_iluminacao.py:609 · src/hefesto_dualsense4unix/interface/pacotes/a04_iluminacao.py:690 · src/hefesto_dualsense4unix/interface/pacotes/a04_iluminacao.py:705 · src/hefesto_dualsense4unix/interface/pacotes/a04_iluminacao.py:741 · src/hefesto_dualsense4unix/interface/hefesto_vivo.py:1048,"`alvo_de_edicao(self).desconhecido` separa 'ela escolheu Todos' de 'a janela ainda não sabe', e no segundo caso recusa com frase pronta e ZERO IPC — nunca escreve global disfarçado de por-controle.",`_uniq(o)` vazio levanta `ValueError` com a razão escrita; o piloto guarda o desfecho como 'recusou dizendo' e leva a frase à tela.,"Caminhos diferentes, mesmo efeito medido: nenhum byte sai e a razão chega à tela. O comentário do HTML é explícito sobre o risco que isso evita — `""""` não vira 'todos', senão um Desligar sem dono apagaria a barra dos quatro."
04-iluminacao,Trocar o número do jogador deste controle,DIFERENTE,identity_number_set,PRESENTE,src/hefesto_dualsense4unix/interface/pacotes/a04_iluminacao.py,src/hefesto_dualsense4unix/app/actions/status_actions.py:2057 · src/hefesto_dualsense4unix/app/ipc_bridge.py:712,src/hefesto_dualsense4unix/interface/pacotes/a04_iluminacao.py:2484 · src/hefesto_dualsense4unix/interface/pacotes/a04_iluminacao.py:2332 · src/hefesto_dualsense4unix/interface/pacotes/a04_iluminacao.py:2289 · src/hefesto_dualsense4unix/interface/paginas/04-iluminacao.html:2144,"Existe, mas NO CABEÇALHO — não nesta aba. `identity_number_set(uniq, numero)` rodado em thread, com toast do motivo traduzido em caso de recusa. Exige um controle escolhido no seletor. E PARA AÍ: as cinco lâmpadas não acompanham o número novo.","Quatro botões dentro da coluna de cada controle, com a dica dizendo com quem ele troca de lugar. Mesma função da ponte; recusa levantando `RuntimeError` com o motivo já traduzido. Desde 04/09/2026 faz a segunda metade: as cinco lâmpadas seguem o número, no alvo E no parceiro da troca — `coop.sync` quando o co-op manda nelas, `player_leds_set_detalhado` com `player_led_pattern` quando não.","Mesma chamada IPC e mesma semântica (`identity_number_set`, que TROCA os dois, e não `identity.renumber`, que compacta). || DEIXOU DE SER IGUAL em 04/09/2026, e a diferença é a queixa dela: 'escolha do jogador no iluminação não funciona'. Medido na mesa dela com os dois DualSense e o daemon vivo, lendo /sys/class/leds a cada passo: `identity.number.set` sozinho troca o `player_slot` e NÃO move lâmpada nenhuma; somar a escrita do override por uniq também não move (o daemon responde `aplicado_em` e a camada do co-op repinta por cima, uma posição acima no merge); só `coop.sync` move. A causa é a camada do co-op ser um mapa PUBLICADO por `_apply_coop_player_leds`, que só roda no fim de um ciclo CHEIO — e renumerar não é um dos gatilhos. || A GTK tem o MESMO defeito por este caminho, e não o cura: o cabeçalho dela troca o número e as lâmpadas ficam onde estavam. É dívida da GTK. || A cura estrutural é de UMA linha no daemon (`daemon/ipc_handlers._handle_identity_number_set` já adianta `reassert_resolved_outputs` e `_schedule_external_tick` no ramo `changed`; falta `coop.sync`) — com ela os dois lados ficam curados e este ramo do HTML vira redundância."
04-iluminacao,Anel com a cor do plástico do dono de cada número,SO_NO_HTML,um_botao_de_player,PRESENTE,src/hefesto_dualsense4unix/interface/pacotes/a04_iluminacao.py,src/hefesto_dualsense4unix/app/actions/status_actions.py:2020,src/hefesto_dualsense4unix/interface/pacotes/a04_iluminacao.py:323 · src/hefesto_dualsense4unix/interface/pacotes/a04_iluminacao.py:341 · src/hefesto_dualsense4unix/interface/paginas/04-iluminacao.html:1652,Não existe. Os botões de número do cabeçalho não mostram de quem é o número.,"`um_botao_de_player` põe um `<i class=""dono"" style=""--plastico:#…"">` em cada número que já tem dono NA MESA, e a dica nomeia com quem a troca acontece.","Ganho, com dono no motor: a cor sai de `monta.cor_da_zona`, que LÊ a folha de cores amostrada, e o anel só aparece quando o dono está de fato na mesa (correção de 31/08 — 'um número sem dono na mesa é um número LIVRE'). Registro para ninguém remover achando que é enfeite."
04-iluminacao,Desenho das cinco lâmpadas do indicador,SO_NO_HTML,core/led_control.player_led_pattern,PRESENTE,src/hefesto_dualsense4unix/interface/pacotes/a04_iluminacao.py,src/hefesto_dualsense4unix/gui/main.glade:1478 · src/hefesto_dualsense4unix/gui/main.glade:1622,src/hefesto_dualsense4unix/interface/pacotes/a04_iluminacao.py:1058 · src/hefesto_dualsense4unix/interface/pacotes/a04_iluminacao.py:1000 · src/hefesto_dualsense4unix/interface/aba04.py:213 · src/hefesto_dualsense4unix/interface/paginas/04-iluminacao.html:3071,Não desenha as lâmpadas. Mostra cinco checkboxes rotulados 'LED 1'..'LED 5' e uma frase de texto sobre o desenho em vigor.,"Duas vezes: `monta.luzinhas(jogador)` desenha o padrão dentro do `.aceso`, e `folha_da_luz` acende os cinco `<rect>` do indicador DENTRO DO DESENHO GRANDE, pelo `player_led_pattern` do número vivo — apagando as cinco antes de acender as do padrão, porque entre regras de igual especificidade e as duas `!important` decide a ordem.","03/09/2026 — REMEDIDO, e o defeito era maior do que a linha dizia. Ela dizia que o ganho era ""morto no publicado"" porque viajava no campo `luz`, órfão; medido no DOM vivo, as cinco lâmpadas do DESENHO GRANDE não acendiam nenhuma — nem no publicado nem na bancada. `--led-apagado` e `--led-aceso` são declarados em `.luzinhas` (`monta.CSS_LUZINHAS`), que é o indicador PEQUENO; as regras do desenho pintam `<rect>` dentro do SVG, e `.luzinhas` é uma FOLHA da árvore, não um ancestral — as duas chegavam vazias, o `fill:var(--led-aceso)` ficava inválido no tempo de computar e as cinco herdavam o cinza do casco. É o defeito que o próprio `CSS_LUZINHAS` já tinha pagado um andar acima: *""Um bloco reusável que depende de um seletor da aba que o pariu não é reusável""*. || A cura declara o par em `.luz-grade`, LENDO os dois valores do dono (`token_das_luzinhas`) em vez de os digitar, e a folha viva os leva à página publicada. Fotografado antes e depois: a lâmpada do meio do P1 (número 1) acende."
04-iluminacao,O desenho grande do controle refletir a luz viva,SO_NO_HTML,ALVO_DA_BARRA,PRESENTE,src/hefesto_dualsense4unix/interface/pacotes/a04_iluminacao.py,src/hefesto_dualsense4unix/gui/main.glade:1155,src/hefesto_dualsense4unix/interface/pacotes/a04_iluminacao.py:971 · src/hefesto_dualsense4unix/interface/pacotes/a04_iluminacao.py:1058 · src/hefesto_dualsense4unix/interface/aba04.py:213 · src/hefesto_dualsense4unix/interface/paginas/04-iluminacao.html:2006,Não desenha o controle nesta aba.,"O SVG do DualSense tem a lightbar pintada em `--luz`, e o valor é VIVO desde 03/09/2026: `folha_da_luz` escreve a regra por coluna, com `!important` para vencer o `--luz` que o gerador crava no `style` do `<g>`. Um lugar sem controle recebe `--luz:initial`, que devolve a barra ao cinza da folha.","03/09/2026 — REMEDIDO, e o ganho deixou de ser MORTO. A linha dizia *""não é vivo (…) quem olhar a foto da tela vai ver a lightbar 'funcionando' e ela está congelada""*, e estava certa: medido no DOM vivo, `(126, 184, 212)` no desenho contra `(0, 0, 255)` no aparelho. || A cura é uma FOLHA e não um campo, pela mesma razão da `folha_do_plastico`: dos alvos do pintor nenhum escreve uma variável CSS, e reescrever o SVG pelo `innerHTML` custaria 370 linhas por coluna a cada meio segundo sem nunca sossegar (o navegador normaliza marcação). Ela pousa no `<style id=""plastico-vivo"">`, que o PUBLICADO já tem — é o que faz esta cura chegar à tela dela sem publicação. || A GTK não desenha o controle nesta aba, então continua sendo ganho; o que mudou é que agora ele é verdadeiro."
04-iluminacao,Aviso 'o mesmo desenho foi para os N controles',DIFERENTE,_AVISO_MESMO_DESENHO_NOS_QUATRO,PRESENTE,LADO-HTML,src/hefesto_dualsense4unix/app/actions/lightbar_actions.py:1550 · src/hefesto_dualsense4unix/app/actions/lightbar_actions.py:120,src/hefesto_dualsense4unix/interface/pacotes/a04_iluminacao.py:2856 · src/hefesto_dualsense4unix/interface/pacotes/a04_iluminacao.py:2829,"Quando o alvo é 'Todos' deliberado, o toast acrescenta quantos controles receberam o mesmo desenho — porque mandar o desenho do P2 para os quatro quebra a invariante do co-op e nada na tela avisava (L12).","O caminho inteiro existe e é o do dono, mas o aviso não chega a aparecer — e a diferença é de ESCOPO, não de código. O `_Janela` deixou de cravar `_quantos_recebem_o_desenho` = 0 e passou a emprestar do dono os dois degraus (`_edit_uniq`, `_uniqs_conectados`) e a própria conta; `_o_aviso_dos_n` lê a frase de `_AVISO_MESMO_DESENHO_NOS_QUATRO`; e `_cobrar_a_frase_do_desenho` devolve a frase do dono, que os quatro gestos de desenho (`luzes`, `desenho-de`, `reenviar-desenho`, `player`) põem no canal de recado verde de 6,0 s. **Só que a aba não tem um escopo 'Todos'** — todo gesto leva `uniq` —, então a conta responde 0 e o aviso nunca dispara. A resposta 0 de hoje é MEDIDA pelo dono, não afirmada por esta aba: no dia em que o botão nascer, o aviso aparece sem uma linha a mais.","REMEDIDO em 04/09/2026: a condição que esta linha previa ACONTECEU — 'só vira urgente quando a escrita de player-LED chegar ao HTML' — e a escrita chegou. A dívida NÃO fechou, e a régua tinha de continuar mordendo: o sinal era `_quantos_recebem_o_desenho`, que passou a existir no lado HTML como a DECLARAÇÃO de que o ramo não existe (devolve 0, para emprestar a frase do desenho de `lightbar_actions._msg_do_desenho` sem reescrever texto). Um nome que aparece por declarar a ausência não é a feature chegando. O sinal agora é o próprio texto do aviso, `_AVISO_MESMO_DESENHO_NOS_QUATRO`: ele só aparece no HTML quando o aviso aparecer. || O que a L12 mede continua valendo como dívida CONDICIONAL do dia em que esta aba ganhar um escopo 'Todos'. || SAI DO BALDE DESENHO em 04/09/2026, sem virar pergunta: Dívida CONDICIONAL, não desenho: depende da escrita das cinco lâmpadas do jogador e de um escopo 'Todos', e nenhum dos dois existe na interface nova. Sem eles não há desenho indo para N controles. Registrado em `docs/process/sprints/2026-09-04-DECISOES-DELA-04-iluminacao.md`, seção 'Não são decisão dela'. || CONFERIDA em 06/09/2026 pela PARIDADE-REMEDIR-01 e MANTIDA: continua sem escopo ""Todos"" nesta aba — todo gesto de `a04_iluminacao` leva `uniq`. Dívida CONDICIONAL, e o sinal (o próprio texto do aviso) é o certo para ela morder no dia em que o escopo nascer. || REMEDIDA em 06/09/2026 pela ILUMINACAO-O-AVISO-DOS-N-01, e o veredito mudou de FALTA_NO_HTML para DIFERENTE: o sinal APARECEU no lado HTML — a régua acusou `divida-fechada`, que é ela funcionando. Duas coisas eram defeito e fecharam: a conta era uma CONSTANTE (`return 0`) onde havia dono, e o aviso era ENGOLIDO por construção — `_msg_do_desenho` cola a frase no fim da frase do corpo real E na do corpo feliz, as duas saem iguais, e o `if frase != feliz` do `_cobrar_a_frase_do_desenho` nunca a veria. O que NÃO fechou é o escopo 'Todos' desta aba, e ele não é dívida de código: está na lista 'Ainda aberto' do `aba04.py` como decisão dela — *""um 'aplicar a todos' teria de ser um botão próprio — e ele não existe""*. A régua é `tests/unit/test_a_iluminacao_avisa_quantos_receberam_o_desenho.py`, que abre o 'Todos' pela função do produto (`_janela_do_desfecho` com `uniq` vazio) em vez de por um dublê. || ENDEREÇO REAPONTADO em 07/09/2026: a poda dos dois botões do automático encolheu o arquivo e a linha citada passou do fim dele. A feature não mudou — continua dívida CONDICIONAL do dia em que esta aba ganhar um escopo 'Todos', e ela ficou MAIS distante hoje, porque o único gesto de escopo global da aba saiu por ordem dela."
04-iluminacao,O 'Automático' de fato larga a luz para o jogo?,NAO_DA_PARA_SABER,lightbar.reset,PRESENTE,src/hefesto_dualsense4unix/interface/pacotes/a04_iluminacao.py,src/hefesto_dualsense4unix/cli/cmd_lightbar_reset.py:8,src/hefesto_dualsense4unix/interface/pacotes/a04_iluminacao.py:743 · src/hefesto_dualsense4unix/interface/pacotes/a04_iluminacao.py:761,Não se coloca — a GTK não manda o 0x08 por gesto nenhum.,"Manda `lightbar.reset` e, no mesmo gesto, um `led.set` com a cor do slot.","Li os dois handlers e não consegui decidir: `_handle_lightbar_reset` (ipc_handlers.py:4407) só manda o 0x08 no fio e não mexe no desejado; `_handle_led_set` logo depois grava o override por-uniq, chama `reassert_resolved_outputs()` e `mark_manual_trigger_active(""led"")` (ipc_handlers.py:1379-1385). Pelo código, o passo 2 parece RETOMAR o claim que o passo 1 acabou de largar — mas quem responde isso é o firmware, e o próprio handler diz que o efeito do 0x08 só foi observado dentro da janela de ~3,4 s pós-conexão. Faltou o que eu não podia fazer nesta leva: clicar no botão com um jogo aberto e olhar o plástico."
05-vibracao,Clicar num dos três degraus de força (Economia/Balanceado/Máximo),DIFERENTE,_gravar_a_forca,PRESENTE,src/hefesto_dualsense4unix/interface/pacotes/a05_vibracao.py,src/hefesto_dualsense4unix/gui/main.glade:1752 · src/hefesto_dualsense4unix/app/actions/rumble_actions.py:747 · src/hefesto_dualsense4unix/app/actions/rumble_actions.py:773 · src/hefesto_dualsense4unix/app/actions/rumble_actions.py:811,src/hefesto_dualsense4unix/interface/pacotes/a05_vibracao.py:729 · src/hefesto_dualsense4unix/interface/pacotes/a05_vibracao.py:817 · src/hefesto_dualsense4unix/interface/aba05.py:1077 · src/hefesto_dualsense4unix/interface/paginas/05-vibracao.html:1897,"Os quatro GtkToggleButton chamam `_set_policy`, que manda `rumble_policy_set_checked(policy, timeout=STATE_IPC_TIMEOUT_S)`. A chave é `economia`/`balanceado`/`max`/`auto`.","O gesto `forca` lê `data-forca` (a CHAVE, não o rótulo) e grava `controllers[uniq].rumble.policy` no PERFIL ativo, pelo decisor do produto (`app/draft_config.with_controller_rumble`) — POR CONTROLE. Depois `perfil.gravar_e_reaplicar` manda o daemon reaplicar o perfil, e daí o `_controllers_to_rumble_scales` publica o fator relativo com `set_rumble_scales`.","FATO SUBSTITUÍDO EM 03/09/2026, decisão dela: *""construir por controle""*. Esta linha dizia IGUAL porque os dois lados chamavam `app/ipc_bridge.rumble_policy_set_checked`, com o mesmo timeout. Aquele IPC é da MESA e não aceita `uniq` (`daemon/ipc_handlers.py:4511`): clicar ""Economia"" na coluna do P2 mudava os quatro. Hoje o HTML faz MAIS que a GTK — cada coluna escreve o override daquela peça, e os vizinhos não se mexem. O que o HTML deixou de ter é o caminho para pôr a MESA em `Auto`, declarado em `a05_vibracao.SEM_DONO['forca:auto-da-mesa']`.  O `Auto` saiu da interface nova em 05/09/2026, decisão dela: ""segue os três modos sempre. clicou em perfil de energia econômico na aba sistema todos vão pra vibração manual"". A economia de bateria tem UM dono — o Perfil de Bateria da aba 09, que grava `orcamento.teto`, e `_effective_mult` aplica `min(modo, teto)`. O `auto` continua na janela GTK e no daemon; o que saiu foi a OFERTA nesta tela, e por isso a linha é FALTA_NO_HTML e não uma dívida a pagar."
05-vibracao,"QUAL degrau está aceso (o estado da escolha, e a exclusão mútua entre os três)",IGUAL,"data-campo=""degrau""",PRESENTE,src/hefesto_dualsense4unix/interface/paginas/05-vibracao.html,src/hefesto_dualsense4unix/app/actions/rumble_actions.py:699 · src/hefesto_dualsense4unix/app/actions/rumble_actions.py:968 · src/hefesto_dualsense4unix/app/actions/rumble_actions.py:654,src/hefesto_dualsense4unix/interface/aba05.py:1052 · src/hefesto_dualsense4unix/interface/pacotes/a05_vibracao.py:311 · src/hefesto_dualsense4unix/app/telas/vibracao.py:268 · src/hefesto_dualsense4unix/interface/paginas/05-vibracao.html:1897,"`_apply_policy_to_widgets` afunda exatamente um dos quatro a partir do `rumble_policy` do `state_full`, e `_activate_policy_toggle` re-afirma a exclusão a cada clique — inclusive quando o clique num já-ativo o desmarcaria.","Os quatro botões carregam `data-campo=""degrau"" data-hef-alvo=""classe"" data-hef-quando=<chave>`. O pacote emite `degrau` com a chave que `app/telas/vibracao.pacote_da_coluna` leu de `state_full.rumble_policy`, e o alvo `classe` acende quem casa e APAGA as três irmãs — a exclusão mútua sem lista de irmãos.","MEDIDO NO DOM VIVO em 03/09/2026, com a mesa dela (um DualSense White no cabo) e `rumble_policy='balanceado'`: a coluna do controle acende `balanceado` e as três irmãs apagam. A fonte é a MESMA das duas telas — `state_full.rumble_policy` —, e a exclusão é a mesma regra. A cena cravada do mockup, que punha o P1 em `Máximo`, saiu do ar. || O DADO ESTAVA VELHO E O PORTÃO NÃO VIU: esta linha dizia `NADA` e `FALTA_NO_HTML` depois de a dívida ter fechado, porque o `sinal` era `_apply_policy_to_widgets` — um símbolo da GTK que jamais apareceria do lado HTML, logo a regra `divida-fechada` nunca poderia morder. O sinal de hoje é o ENDEREÇO na tela: tire-o do desenho e a régua reprova. || REMEDIDA em 04/09/2026 pela ONDA2-05, com o endereço lido no código. Continua IGUAL, mas o texto CADUCOU: dizia 'a coluna do controle acende balanceado'. Hoje a coluna só acende o que é DELA, e o herdado acende na linha de mesa."
05-vibracao,"Deslizador de intensidade livre (política ""custom"", `rumble.policy_custom`)",DIFERENTE,"data-papel=""intensidade""",PRESENTE,LADO-HTML,src/hefesto_dualsense4unix/gui/main.glade:37 · src/hefesto_dualsense4unix/gui/main.glade:1842 · src/hefesto_dualsense4unix/app/actions/rumble_actions.py:827 · src/hefesto_dualsense4unix/app/actions/rumble_actions.py:884,src/hefesto_dualsense4unix/interface/aba05.py:778 · src/hefesto_dualsense4unix/interface/aba05.py:806 · src/hefesto_dualsense4unix/interface/pacotes/a05_vibracao.py:860 · src/hefesto_dualsense4unix/interface/pacotes/a05_vibracao.py:158,"`rumble_policy_slider` (0–200, passo 1) manda `rumble_policy_custom(valor/100)`, apaga os quatro botões, acende a linha do teto e diz na barra de estado '(ajuste seu — nenhum dos quatro botões vale agora)'. Se o valor cair em cima de um preset, ele volta a afundar o botão.","A linha ""Personalizado"" é um `<input type=range>` de 0 a 200, com passo derivado (`aba05.PASSO`, o MDC dos degraus com o teto) e alvo de pintura `valor`. O gesto `intensidade` grava `policy=""custom""` com `custom_mult = pontos/100` no PERFIL — daquele controle, na hora.","DÍVIDA FECHADA EM 03/09/2026, decisão dela: *""0 a 200%, e grava na hora.""* Esta linha dizia FALTA_NO_HTML porque a barra era um `<div>` sem `value` e o clique nela morria num `ValueError` que a tela não mostra. DIFERENTE, e não IGUAL, por duas razões medidas: a GTK manda `rumble.policy_custom`, que é da MESA, e o HTML grava no PERFIL por CONTROLE; e a GTK anda de 1 em 1 enquanto o HTML anda no passo que faz cada degrau ter uma parada em cima dele. || MEDIDO EM 04/09/2026 NA PÁGINA PUBLICADA, e a frase anterior (""o que ela vê hoje ainda é o `<div>`"") CAIU: `src/hefesto_dualsense4unix/interface/paginas/05-vibracao.html` traz duas vezes `<input class=""trilho arrasta"" type=""range"" data-papel=""intensidade"" data-campo=""mult-pct"">`, e é byte-idêntica ao `mockup/05-vibracao.html`. || DECIDIDO em 04/09/2026 — JÁ FOI — §3. As treze páginas foram publicadas na madrugada. Onde está escrito: `docs/process/2026-09-04-O-PO-DECIDE-as-54-e-os-sete-conflitos.md` §2 `05[01]`, sobre a pergunta [01] de `docs/process/sprints/2026-09-04-DECISOES-DELA-05-vibracao.md`. Não espera mais palavra dela. || O BALDE PUBLICAR ESTÁ VAZIO — medido em 04/09/2026 com `scripts/check_o_desenho_aprovado.py`: ""o produto já tem 13 · o produto está atrás 0"". As treze páginas foram publicadas na madrugada; esta linha não espera mais o `--publicar` dela. AJUSTE DE RÉGUA, 07/09/2026: o `sinal_escopo` era `interface/aba05.py` e o literal só vivia lá DENTRO DE UMA LISTA DE PROIBIDOS — a régua achava o sinal na régua, não na emissão. Quando a leva dos quatro lugares apagou a proibição (o lugar vazio passou a PODER ter o endereço), o portão acusou `sinal-sumiu` sobre uma feature intacta. O escopo passa a ser LADO-HTML, que é onde o sinal de fato está."
05-vibracao,O NÚMERO do multiplicador que a tela mostra,IGUAL,_pedido_da_politica,PRESENTE,src/hefesto_dualsense4unix/interface/pacotes/a05_vibracao.py,src/hefesto_dualsense4unix/app/actions/rumble_actions.py:722 · src/hefesto_dualsense4unix/app/actions/rumble_actions.py:788,src/hefesto_dualsense4unix/interface/pacotes/a05_vibracao.py:119 · src/hefesto_dualsense4unix/interface/pacotes/a05_vibracao.py:292 · src/hefesto_dualsense4unix/app/telas/vibracao.py:331 · src/hefesto_dualsense4unix/interface/paginas/05-vibracao.html:1898,O deslizador mostra o multiplicador PEDIDO: `_POLICY_MULT[policy] * 100` (ou `custom_mult * 100` em custom).,"Escreve o multiplicador PEDIDO na caixa `data-campo=""mult""`: `app/telas/vibracao._pedido_da_politica` vezes 100 — e essa função é a mesma linha da janela estável (`custom_mult` no `custom`, senão `_POLICY_MULT[policy]`).","MEDIDO CONTRA O DAEMON DELA em 03/09/2026: `rumble_policy='balanceado'` e a aba escreve `100%`, com o trilho em 66,7% — o mesmo 100 que a GTK põe no deslizador. Os dois lados leem a MESMA escada (`rumble_actions._POLICY_MULT`, a única cópia autorizada em `app/`). || O DADO ESTAVA VELHO: esta linha dizia que o HTML escrevia `rumble_mult_applied * 100` — o campo que `daemon/lifecycle.py` documenta como preso em 0,7 —, e essa dívida fechou. O que continua diferente entre as duas telas é só o TETO da faixa, e ele tem linha própria."
05-vibracao,O teto da faixa do multiplicador,IGUAL,RUMBLE_CUSTOM_MULT_MAX,PRESENTE,src/hefesto_dualsense4unix/interface/pacotes/a05_vibracao.py,src/hefesto_dualsense4unix/gui/main.glade:28,src/hefesto_dualsense4unix/interface/pacotes/a05_vibracao.py:123 · src/hefesto_dualsense4unix/interface/pacotes/a05_vibracao.py:151 · src/hefesto_dualsense4unix/interface/aba05.py:158,"Vai a 200%, e o comentário do glade explica que é de propósito: os quatro botões são presets seguros e o deslizador é o ajuste livre de quem aceita o preço (de 170 para cima a conta satura em 255).","A barra vai a 200%, e o número NÃO se digita: sai de `profiles.schema.RUMBLE_CUSTOM_MULT_MAX` (2,0), que é quem recusa o que passa dele nas duas bordas. `aba05.TETO` e `a05_vibracao.teto_da_barra()` leem o mesmo dono — um para desenhar o `max` do `<input>`, o outro para a largura e o `Máx`.","FATO SUBSTITUÍDO EM 03/09/2026. Esta linha registrava DOIS tetos para a mesma grandeza — 200 na GTK, 150 no HTML — como decisão dela de 27/08 (*""não passa do Máximo""*), e pedia que ninguém 'corrigisse' o 150 de volta. Aquela decisão valia para uma barra de LEITURA; ao mandar torná-la ARRASTÁVEL ela deu o teto novo com todas as letras: *""0 a 200%""*. Os dois lados voltaram a dizer o mesmo número, e o do HTML passou a ter dono em vez de ser digitado."
05-vibracao,A explicação do modo Auto (a escada da bateria e o intervalo de 5 s),FALTA_NO_HTML,rumble_policy_auto_label,AUSENTE,src/hefesto_dualsense4unix/app/actions/rumble_actions.py,src/hefesto_dualsense4unix/gui/main.glade:1861 · src/hefesto_dualsense4unix/app/actions/rumble_actions.py:729 · src/hefesto_dualsense4unix/app/actions/rumble_actions.py:788,,"Um rótulo que aparece SÓ quando o Auto está escolhido, com quatro linhas: a escada 100/70/30 por faixa de bateria, o 'nunca passa de 100%' e o 'espera 5 segundos antes de trocar de faixa'.",nada — o modo Auto não é oferecido nesta tela desde 05/09/2026,"O `Auto` saiu da interface nova em 05/09/2026, decisão dela: ""segue os três modos sempre. clicou em perfil de energia econômico na aba sistema todos vão pra vibração manual"". A economia de bateria tem UM dono — o Perfil de Bateria da aba 09, que grava `orcamento.teto`, e `_effective_mult` aplica `min(modo, teto)`. O `auto` continua na janela GTK e no daemon; o que saiu foi a OFERTA nesta tela, e por isso a linha é FALTA_NO_HTML e não uma dívida a pagar. || ESCOPO REAPONTADO em 06/09/2026 (`GTK-3`): ele era o `gui/main.glade`, apagado com a janela. O rótulo continua sendo montado por `rumble_actions.py`, que é motor e fica."
05-vibracao,O aviso 'a intensidade não está chegando a jogo nenhum',IGUAL,rumble_actions.texto_do_alcance_da_intensidade,PRESENTE,src/hefesto_dualsense4unix/app/telas/vibracao.py,src/hefesto_dualsense4unix/app/actions/rumble_actions.py:291 · src/hefesto_dualsense4unix/app/actions/rumble_actions.py:1259 · src/hefesto_dualsense4unix/gui/main.glade:1916,src/hefesto_dualsense4unix/app/telas/vibracao.py:384 · src/hefesto_dualsense4unix/app/telas/vibracao.py:457 · src/hefesto_dualsense4unix/interface/pacotes/a05_vibracao.py:175 · src/hefesto_dualsense4unix/interface/pacotes/a05_vibracao.py:183 · src/hefesto_dualsense4unix/interface/paginas/05-vibracao.html:2785,"`rumble_policy_aviso` acende em laranja com o texto de `texto_do_alcance_da_intensidade`, decidido pelo predicado `sem_dono_do_rumble`; e a frase do Modo Nativo quando é o caso.","A MESMA função é chamada e o resultado vira uma linha `alerta` no bloco `#vib-estado`, no rodapé do quadro.","Um dono só para a frase (`rumble_actions.texto_do_alcance_da_intensidade`), duas telas. CONFIRMADO POR EXECUÇÃO contra o daemon dela agora: com `vpads == 0`, `textos_do_estado` devolve exatamente a frase 'A intensidade não está chegando a jogo nenhum: falta o gamepad virtual…' — a mesma que a GTK pinta. Foi publicado por ela em `1125ba2e`; a nota do `mockup/DIVERGENCIAS.md` que dizia que isso só existe na bancada já está vencida — e já saiu do arquivo, que hoje tem 24 linhas."
05-vibracao,A linha do teto do orçamento da mesa ('150% · limitado a 30% pelo orçamento'),IGUAL,secao_orcamento.orcamento_em_vigor,PRESENTE,src/hefesto_dualsense4unix/app/telas/vibracao.py,src/hefesto_dualsense4unix/app/actions/rumble_actions.py:384 · src/hefesto_dualsense4unix/app/actions/rumble_actions.py:493,src/hefesto_dualsense4unix/app/telas/vibracao.py:331 · src/hefesto_dualsense4unix/app/telas/vibracao.py:360 · src/hefesto_dualsense4unix/app/telas/vibracao.py:446,"Um rótulo criado em código, ao lado do aviso de alcance, pintado por `_pintar_a_linha_do_teto` na montagem e a cada clique/deslize.","A mesma função `texto_do_teto_do_orcamento`, alimentada por `_pedido_da_politica(state)` e `_orcamento_da_maquina()`, vira outra linha `alerta` do mesmo bloco.","Mesma frase, mesma escada (`rumble_actions._POLICY_MULT`, a única cópia autorizada em `app/`), mesmo dono do orçamento (`secao_orcamento.orcamento_em_vigor`). O `auto` foi curado em 02/09 para não calar onde a GTK avisa (a nota está em `app/telas/vibracao.py:63-77`)."
05-vibracao,"A linha 'com um controle escolhido, a intensidade vale para todos' (RUM-1)",DIFERENTE,AlvoDeEdicao,PRESENTE,src/hefesto_dualsense4unix/app/telas/vibracao.py,src/hefesto_dualsense4unix/app/actions/rumble_actions.py:459 · src/hefesto_dualsense4unix/app/actions/rumble_actions.py:563,src/hefesto_dualsense4unix/app/telas/vibracao.py:451 · src/hefesto_dualsense4unix/interface/paginas/05-vibracao.html · mockup/05-vibracao.html · mockup/05-vibracao.html:982,"Quando o seletor está num controle específico, acende um rótulo ciano confessando que a aba GRAVA no override daquela peça e MANDA na mesa inteira.","A chamada existe, mas o alvo passado é sempre `TODOS` (a fita do topo é inerte nesta aba por decisão dela, 28/08), e nesse estado a função devolve `None` — a linha nunca é montada. O CSS `.est.info` que a coloriria JÁ está na página publicada.","Não é código faltando — é a aba não ter alvo por controle (fecha em MIGRA-VIBRACAO-04). Hoje a divergência que a frase confessa não existe no HTML, logo calar é correto, e quando o alvo por controle chegar a linha nasce pronta e COLORIDA. || O DEFEITO LATENTE MORREU: esta linha dizia que a frase nasceria SEM COR porque o `.est.info` 'ficou para trás na publicação'. MEDIDO em 03/09/2026: ele está na página publicada, em duas regras (linhas 1015-1016), e a bancada e o publicado são byte-idênticos."
05-vibracao,A contagem de pedidos de vibração do JOGO (`rumble_ff`),FALTA_NO_HTML,texto_dos_pedidos_de_vibracao,AUSENTE,src/hefesto_dualsense4unix/app/telas/vibracao.py,src/hefesto_dualsense4unix/app/actions/rumble_actions.py:116 · src/hefesto_dualsense4unix/app/actions/rumble_actions.py:186 · src/hefesto_dualsense4unix/app/actions/rumble_actions.py:1296,,"O sufixo do `rumble_state_label`: 'o jogo pediu vibração 5x — se não sentiu, é aqui dentro', com as sete perguntas na ordem da verdade (nativo, dado ausente, estranhos, descartados, não-nulos, força zero, sem vpad) e o desdobramento por jogador com a mesa cheia.",nada — a contagem saiu da faixa de estado em 07/09/2026,"A CONTAGEM SAIU DA ABA — decisão dela, 07/09/2026, com os quatro DualSense na mesa, verbatim: ""Vibração remove essa última frase também"". A frase era a última linha do pé do quadro e dizia, por jogador, quantas vezes o jogo pediu vibração e com que força: 'o jogo pediu vibração — Jogador 1: 2x, todas com força zero · Jogador 2: 2x, todas com força zero · Jogador 3: nenhuma · Jogador 4: 2x, todas com força zero'. Volta a FALTA_NO_HTML porque a GTK continua tendo a linha e o HTML não mostra mais — e isso é escolha dela, não dívida a pagar. || SÓ A CHAMADA MORREU: `texto_dos_pedidos_de_vibracao` e `_pedidos_por_jogador` continuam de pé em `app/actions/rumble_actions.py`, com as sete perguntas na ordem da verdade; nenhuma peça de produto foi apagada, ao contrário das cinco da trava em 05/09 — aquelas eram desta aba e de mais nenhuma. || O QUE ISTO CUSTA, MEDIDO: esta era a única coisa na tela que dizia que o JOGO pediu vibração e com que força — o instrumento que separa 'o motor não tremeu' de 'o jogo não pediu nada'. Nove testes da bancada de 07/09 a citam (`docs/process/sprints/2026-09-07-O-COMO-DO-MAPA`); seis a usam como confirmação ao lado das mãos e do desenho que acende em laranja, e TRÊS ficam sem instrumento: `vibracao.rumble.ff @ cabo` e `@ rádio` (o passo 'confira que ela NÃO diz que falta gamepad virtual') e `vibracao.rumble.habilitar @ cabo` (o passo 'confira que ela diz que o jogo ainda não pediu vibração nenhuma'). Onde a informação reaparece é decisão dela, e está proposta no relatório da frente. || O SINAL É AUSENTE E MORDE: `texto_dos_pedidos_de_vibracao` não aparece mais em `app/telas/vibracao.py`, que é o ESCOPO desta linha e a única porta por onde a contagem voltaria à tela (o `interface/aba05.py` cita o nome de propósito, na régua 8 que morde o retorno) — o dia em que a chamada voltar, esta linha reprova por `divida-fechada`. || A FAIXA `#vib-estado` FICA: ela é o pouso do recibo do clique (05-Q4 dela) e das duas linhas de alerta que sobram; com a mesa quieta nasce VAZIA e o `.vib-estado:empty{display:none}` a esconde. Medido no Chrome, 1280x800: a faixa tinha 17,1 px e o conteúdo do miolo terminava em 708,1 px; passou a 691, com a grade e as colunas imóveis."
05-vibracao,"A linha 'Estado da vibração': o jogo controla / travada em silêncio / travada em fraca=X, forte=Y",FALTA_NO_HTML,_update_rumble_state_label,AUSENTE,LADO-HTML,src/hefesto_dualsense4unix/app/actions/rumble_actions.py:1274 · src/hefesto_dualsense4unix/gui/main.glade:2075,,"`_update_rumble_state_label` lê `rumble_passthrough` e `rumble_active` e escreve o estado em cor: verde para 'o JOGO controla a vibração', laranja para 'travada em silêncio (clique ""Deixar o jogo controlar a vibração"")' ou 'travada em fraca=160, forte=220 (clique … para jogar)'.",nada — a faixa de estado saiu da aba em 05/09/2026,"A FAIXA SAIU — decisão dela, 05/09/2026, verbatim: ""pq temos uma linha de estado se o estado em vibração sempre vai ser o jogo mandando os input pro controle e a gnt aumentando eles ou diminuindo? remove ela não faz sentido"". Volta a FALTA_NO_HTML porque a GTK continua mostrando o estado e o HTML não mostra mais — e isso é escolha dela, não dívida a pagar. || A MEDIÇÃO QUE DÁ RAZÃO A ELA, feita antes de obedecer: dos três estados, os dois 'travada' precisam de `rumble_active` armado, e os DOIS gestos desta aba terminam em `rumble_passthrough(True)` — `a05_vibracao.testar` (passos 3 e 4) e `a05_vibracao.parar`. Quem arma e DEIXA armado é a janela GTK (lá o 'Parar' é botão separado do 'Devolver ao jogo') ou `hef test rumble`. Nesta tela a faixa dizia sempre 'o jogo controla a vibração', menos pelo meio segundo do 'Testar' (`SEGUNDOS_DO_TESTE`), em que piscava a trava. O próprio `?` da faixa confessava: 'Esta aba não trava — quem trava é a janela do Hefesto ou a linha de comando'. || AS CINCO PEÇAS DE PRODUTO MORRERAM JUNTO (`TRAVA_JOGO_CONTROLA`, `TRAVA_EM_SILENCIO`, `estado_da_trava`, `SOLTAR_A_TRAVA`, `html_da_trava` em `app/telas/vibracao.py`): esta aba era a única chamadora delas, e o `portao_a_casa_sabe_e_o_produto_nao_faz` reprovou nomeando duas assim que a faixa saiu. O `sinal` volta a ser o do lado GTK, que é o que uma linha AUSENTE cobra. || O QUE SOBRA NA TELA é o rodapé `#vib-estado`, que é outra coisa: avisa quantas vezes o jogo pediu vibração e que a intensidade não alcança jogo nenhum sem o gamepad virtual. Nenhuma frase dele é um dos três estados da trava. || DECISÃO CADUCA: a D-14 de 04/09/2026 ('uma linha de estado por coluna') foi revogada por ela em 05/09. O que ela custava está medido: a faixa tomava 31 px, e o miolo da aba rolava 74 px — passou a rolar 43."
05-vibracao,"As duas barras de motor (esquerdo/direito, 0–255) como AJUSTE",DIFERENTE,motores_do_controle,PRESENTE,src/hefesto_dualsense4unix/app/telas/vibracao.py,src/hefesto_dualsense4unix/gui/main.glade:44 · src/hefesto_dualsense4unix/gui/main.glade:1960 · src/hefesto_dualsense4unix/app/actions/rumble_actions.py:1198,src/hefesto_dualsense4unix/interface/aba05.py:1107 · src/hefesto_dualsense4unix/interface/pacotes/a05_vibracao.py:1416 · src/hefesto_dualsense4unix/interface/pacotes/ponte.py:84,`rumble_weak_scale` e `rumble_strong_scale` são GtkScale de 0 a 255 que ELA arrasta; `_read_scales` lê os dois e é esse par que o 'Testar' e o 'Aplicar' mandam ao daemon.,"as duas barras viraram AJUSTE: `<input type=range>` 0-100 por motor, gravando por `rumble.motores.set` e lendo de volta do `state_full.rumble_motores`","Mesmo lugar na tela, sentido INVERTIDO: na GTK são ENTRADA (ela escolhe a força do teste); no HTML são SAÍDA (o que o jogo mandou). Consequência prática: no HTML ela não tem como escolher com que força testar. O próprio pacote registra a causa em SEM_DONO[""barra:motor""] (a05_vibracao.py:79-85): o ouvinte manda `valor: alvo.value ?? ''` e um `<div>` não tem `value`. || REMEDIDA em 04/09/2026 pela ONDA2-05, com o endereço lido no código. MUDA DE ASSUNTO, e por isso a célula foi reescrita e não só o veredito: ela dizia 'na GTK são ENTRADA (ela escolhe a força do teste); no HTML são SAÍDA'. Agora as duas são ENTRADA de coisas DIFERENTES — a GTK escolhe o par 0-255 do TESTE, o HTML escolhe a POLÍTICA por motor (0-100) que MULTIPLICA o degrau. É decisão dela de 04/09, não dívida."
05-vibracao,Testar (o controle treme por meio segundo),DIFERENTE,rumble_passthrough(True),PRESENTE,src/hefesto_dualsense4unix/interface/pacotes/a05_vibracao.py,src/hefesto_dualsense4unix/app/actions/rumble_actions.py:1022 · src/hefesto_dualsense4unix/gui/main.glade:2014,src/hefesto_dualsense4unix/interface/pacotes/a05_vibracao.py:370 · src/hefesto_dualsense4unix/interface/pacotes/a05_vibracao.py:307 · src/hefesto_dualsense4unix/interface/aba05.py:731 · src/hefesto_dualsense4unix/interface/paginas/05-vibracao.html:1588 · src/hefesto_dualsense4unix/interface/paginas/05-vibracao.html:1994,"`on_rumble_test_500ms`: cancela um teste anterior, lê as duas escalas, manda `rumble_set_checked(weak, strong)`, arma `GLib.timeout_add(500, ...)` e diz na barra 'Testando por meio segundo (fraca=…, forte=…)'. Sem alvo explícito — o daemon usa o alvo de output vigente.","O gesto `testar` MIRA a coluna primeiro (`controller.target.set` com o índice daquele controle), monta o par a partir de `PAR_DE_TESTE` **reduzido pela barra de cada motor daquela coluna** (`_par_das_barras`) e manda `rumble_set_checked`. Não dorme e não para sozinho: o teste FICA ligado (`_EM_TESTE`) e o arraste da barra o reenvia ao vivo. Quem chama `rumble_stop` + `rumble_passthrough(True)` é o gesto `parar`.","Três diferenças reais. (1) ENDEREÇO: o HTML mira a coluna antes, e por isso treme UM controle; a GTK depende do alvo de output que outra tela escolheu — sem alvo, o `rumble.set` é BROADCAST. Aqui o HTML é melhor, e é ganho deliberado. (2) VALORES: a GTK usa o que ela escolheu nas escalas; o HTML usa `PAR_DE_TESTE` reduzido pela barra de cada motor. **Esta célula dizia até 09/09/2026 que o HTML usava 'o que o JOGO pediu por último', e era falso**: `_par_das_barras` lia `last_weak`/`last_strong` de dentro do bloco `per_vpad`, que não tem essas chaves, e o par saía SEMPRE `(160, 220)` — a VIBRA-MULT-01 matou a leitura e pôs a barra no lugar dela. (3) DURAÇÃO: a GTK arma um temporizador cancelável de meio segundo; o HTML fica ligado até ela clicar 'Parar' (pedido dela, 07/09/2026)."
05-vibracao,O par padrão 160/220 quando as duas forças estão em zero,IGUAL,PAR_DE_TESTE,PRESENTE,src/hefesto_dualsense4unix/interface/pacotes/a05_vibracao.py,src/hefesto_dualsense4unix/app/actions/rumble_actions.py:1025,src/hefesto_dualsense4unix/interface/pacotes/a05_vibracao.py:245 · src/hefesto_dualsense4unix/interface/pacotes/a05_vibracao.py:406,"`if weak == 0 and strong == 0: weak = 160; strong = 220`, e ainda move as escalas para mostrar o que mandou.","`PAR_DE_TESTE = (160, 220)`, e ele é a BASE do 'Testar' SEMPRE — não há condição. `_par_das_barras` reduz cada metade pela barra daquele motor (`weak` pela direita, `strong` pela esquerda), então com as duas barras em 100 o par no fio é `(160, 220)`.","Mesmos dois números, mesmo papel: é o par que o 'Testar' manda quando ninguém pediu outra coisa, e com as duas barras em 100 ele sai byte-idêntico ao da GTK. **A CONDIÇÃO DIVERGIU EM 09/09/2026 (VIBRA-MULT-01)**: a GTK ainda cai no par só quando as duas escalas estão em zero; no HTML não há condição nenhuma — o par é a base e a barra de cada motor o reduz. Esta célula dizia 'aplicado quando `last_weak` e `last_strong` são zero', e as duas chaves nunca existiram no bloco de onde a aba as lia. O próprio pacote declara que são DUAS CÓPIAS do mesmo literal (`a05_vibracao.PAR_DE_TESTE` e `app/actions/rumble_actions.py`), e é dívida conhecida, não divergência."
05-vibracao,O fim do teste devolve a vibração ao jogo (stop + passthrough),IGUAL,rumble_actions,PRESENTE,src/hefesto_dualsense4unix/interface/pacotes/a05_vibracao.py,src/hefesto_dualsense4unix/app/actions/rumble_actions.py:1216,src/hefesto_dualsense4unix/interface/pacotes/a05_vibracao.py:412 · src/hefesto_dualsense4unix/interface/pacotes/a05_vibracao.py:464,"`_rumble_test_stop`: `rumble_stop()` e depois `rumble_passthrough(True)`, zera as escalas e o rascunho, e diz 'Teste encerrado — vibração devolvida ao jogo'. Nasceu da queixa 'testei os motores e aí o jogo não vibra mais'.","Os dois mesmos passos, na mesma ordem, no fim do gesto `testar`.","Mesmas duas chamadas, mesma ordem (parar antes de soltar; invertidas, o passthrough soltaria antes de o silêncio ir). O que o HTML não faz é o texto de encerramento e a escrita no rascunho — mas isso está contado nas features do recado e do rascunho, não aqui."
05-vibracao,"Cancelar um teste ainda em curso (clicar Parar, Aplicar ou testar de novo dentro dos 500 ms)",IGUAL,_minha_vez,PRESENTE,src/hefesto_dualsense4unix/interface/pacotes/a05_vibracao.py,src/hefesto_dualsense4unix/app/actions/rumble_actions.py:985 · src/hefesto_dualsense4unix/app/actions/rumble_actions.py:997 · src/hefesto_dualsense4unix/app/actions/rumble_actions.py:1024 · src/hefesto_dualsense4unix/app/actions/rumble_actions.py:1092 · src/hefesto_dualsense4unix/app/actions/rumble_actions.py:1107,src/hefesto_dualsense4unix/interface/pacotes/a05_vibracao.py:454 · src/hefesto_dualsense4unix/interface/pacotes/a05_vibracao.py:457 · src/hefesto_dualsense4unix/interface/pacotes/a05_vibracao.py:609 · src/hefesto_dualsense4unix/interface/pacotes/a05_vibracao.py:625 · src/hefesto_dualsense4unix/interface/pacotes/a05_vibracao.py:657,"`_cancel_rumble_test_timer` remove a fonte GLib pendente, e é chamado no começo de Testar, Aplicar, Parar e Devolver ao jogo — senão o `_rumble_test_stop` pendente desfaria a ação seguinte.","Um CONTADOR DE VEZ (`_VEZ`): quem começa um teste leva um número e, ao acordar do meio segundo, só manda `rumble_stop` + `passthrough` se o número ainda for o dele. O 'Parar' também toma a vez. Não há temporizador a cancelar — o teste que perdeu a vez simplesmente não fala.","MESMO DEFEITO COBERTO, mecanismo diferente porque o meio segundo aqui é um `time.sleep` em thread própria e lá é uma fonte GLib. O que a GTK protege com `_cancel_rumble_test_timer` — *'senão o `_rumble_test_stop` pendente desfaria a ação seguinte'*, o M6 — está protegido: dois 'Testar' seguidos e o primeiro não desliga o segundo; 'Testar' e depois 'Parar', e o teste que dormia não reabre o passthrough por cima. Provado por `test_a_05_vibracao_diz_a_forca_que_ela_escolheu.test_um_segundo_testar_cancela_o_primeiro`. A GTK cancela também no 'Aplicar' e no 'Devolver'; esses dois botões não existem nesta aba e já estão contados nas linhas deles — contá-los aqui outra vez inflaria a mesma dívida duas vezes. || O SINAL SAIU DA PALAVRA PARA O ATO: era `_cancel_rumble_test_timer`, que do lado HTML só aparece DENTRO de um comentário, e uma régua que lê prosa dá verde sobre prosa."
05-vibracao,"Aplicar (fixar a vibração naqueles valores, até ela mudar)",FALTA_NO_HTML,on_rumble_apply,AUSENTE,LADO-HTML,src/hefesto_dualsense4unix/app/actions/rumble_actions.py:996 · src/hefesto_dualsense4unix/gui/main.glade:2021,src/hefesto_dualsense4unix/interface/aba05.py:731 · src/hefesto_dualsense4unix/interface/paginas/05-vibracao.html:1588 · src/hefesto_dualsense4unix/interface/paginas/05-vibracao.html:2822,"`on_rumble_apply` grava weak/strong no rascunho, manda `rumble_set_checked` e diz 'Vibração travada (fraca=…, forte=…) — enquanto travada o jogo NÃO controla a vibração; clique ""Deixar o jogo controlar a vibração"" para jogar'.","Não existe. A aba tem dois botões por coluna — Testar e Parar. O 'Aplicar' que aparece na página é o do RODAPÉ (o perfil inteiro, `profile.apply_draft`), outra coisa.","Não há como fixar uma vibração contínua pela aba nova. Todo caminho do HTML termina em passthrough (o `testar` e o `parar` os dois soltam), de modo que o estado 'travada em fraca=X, forte=Y' é inalcançável — e, se outra superfície o produzir, o HTML nem o mostra (ver a feature da linha de estado)."
05-vibracao,"Deixar o jogo controlar a vibração (o botão de devolver, sozinho)",DIFERENTE,rumble_passthrough,PRESENTE,src/hefesto_dualsense4unix/interface/pacotes/a05_vibracao.py,src/hefesto_dualsense4unix/app/actions/rumble_actions.py:1106 · src/hefesto_dualsense4unix/gui/main.glade:2028 · src/hefesto_dualsense4unix/gui/main.glade:101,src/hefesto_dualsense4unix/interface/pacotes/a05_vibracao.py:1826 · src/hefesto_dualsense4unix/interface/pacotes/a05_vibracao.py:1779 · src/hefesto_dualsense4unix/app/telas/vibracao.py:235,"`on_rumble_passthrough`: `rumble_passthrough(True)`, zera as escalas e grava `passthrough=True` no rascunho. É o antídoto do 'Parar', e o banner do cabeçalho manda clicar nele PELO NOME.","Não há botão de devolver sozinho, e o ATO chega à tela em um clique: o `parar` da coluna faz `rumble_stop_checked()` E `rumble_passthrough(True)` — os dois passos da janela num gesto só —, e o `testar` termina do mesmo jeito. Ninguém fica travado.","O produto tem uma frase de tela — em `status_actions` e no rótulo de estado — que manda clicar num botão que a interface nova NÃO TEM. Enquanto o 'Parar' do HTML devolver sozinho, ninguém fica travado; mas qualquer mensagem que cite o nome do botão vira instrução impossível. || REMEDIDA em 06/09/2026 pela PARIDADE-REMEDIR-02, com o trabalho da VIBRACAO-O-QUE-SOBROU-01, e ela NÃO é irmã das linhas 165 e 170: lá o que saiu foi a resposta inteira (o modo Auto e a faixa de estado não existem nesta tela), e aqui saiu só a SEGUNDA PORTA para um ato que continua a um clique. Por isso `DIFERENTE` e não `FALTA`. O que fechou de verdade foi a FRASE: nenhum texto do produto manda mais clicar num botão que a interface nova não tem. || O SINAL PROPOSTO PELO LAUDO CAIU: `COMO_DEVOLVER_AO_JOGO` mora em `app/actions/rumble_actions.py`, que é o lado GTK — usá-lo aqui reprovaria por `sinal-sumiu`. O que se lê é a chamada do gesto."
05-vibracao,Parar,DIFERENTE,rumble_passthrough(True),PRESENTE,src/hefesto_dualsense4unix/interface/pacotes/a05_vibracao.py,src/hefesto_dualsense4unix/app/actions/rumble_actions.py:1078 · src/hefesto_dualsense4unix/gui/main.glade:2063,src/hefesto_dualsense4unix/interface/pacotes/a05_vibracao.py:416 · src/hefesto_dualsense4unix/interface/aba05.py:797,"`on_rumble_stop`: cancela o teste, zera as escalas, zera o rascunho e manda `rumble_stop_checked()` — que FIXA (0,0) e faz o laço do daemon re-afirmar o silêncio. NÃO devolve ao jogo: diz 'Vibração parada (travada em silêncio) — clique ""Deixar o jogo controlar a vibração"" para o jogo voltar'.","O gesto `parar` mira a coluna, manda `rumble_stop_checked()` e EM SEGUIDA `rumble_passthrough(True)` — dois atos num botão só, porque a aba não tem o botão de devolver.","Estados finais opostos: a GTK deixa TRAVADO EM SILÊNCIO (o jogo continua mudo até ela clicar em devolver); o HTML deixa o JOGO NO COMANDO. O HTML é o que não deixa estado morto, e é a decisão certa dada a ausência do botão de devolver — mas quem espera o comportamento da GTK ('parei, e vai ficar parado') vai ver o jogo voltar a vibrar. Há ainda uma diferença de ordem: o HTML só levanta o motivo da recusa DEPOIS de soltar o passthrough (a05:439-444)."
05-vibracao,O endereço do gesto — quem treme quando ela clica,DIFERENTE,controller.target.set,PRESENTE,src/hefesto_dualsense4unix/interface/pacotes/a05_vibracao.py,src/hefesto_dualsense4unix/app/actions/rumble_actions.py:894 · src/hefesto_dualsense4unix/app/actions/rumble_actions.py:938 · src/hefesto_dualsense4unix/daemon/ipc_handlers.py:4133,src/hefesto_dualsense4unix/interface/pacotes/a05_vibracao.py:307 · src/hefesto_dualsense4unix/interface/pacotes/a05_vibracao.py:266 · src/hefesto_dualsense4unix/interface/aba05.py:740,"Nenhum método de vibração leva endereço (`rumble.set`, `rumble.stop`, `rumble.policy_set`, `rumble.passthrough`). Quem escolhe é o alvo de output do daemon, mexido por outra tela (o chip do seletor, `status_actions`). Sem alvo, o padrão do daemon é BROADCAST.","O gesto manda `controller.target.set` com o índice daquele controle ANTES de qualquer coisa, e só então o `rumble.set`/`rumble.stop`. A fita do topo é inerte por decisão dela: o endereço é a coluna.","É a divergência de arquitetura da aba, e ela é GANHO do HTML para o par testar/parar: o clique diz em qual controle. O que NÃO mudou é a força — `rumble.policy_set` continua sendo da mesa, então clicar 'Economia' na coluna do P2 muda os quatro. O HTML sabe e escreve isso (a05_vibracao.py:351-356), mas a tela não conta a ela. || DECIDIDO em 04/09/2026 — Uma linha de MESA embaixo da grade. Devolve o caminho para pôr a mesa em Auto, perdido em 03/09, e faz ""herdado"" ficar óbvio sem palavra. Onde está escrito: `docs/process/2026-09-04-O-PO-DECIDE-as-54-e-os-sete-conflitos.md` §2 `05[05]`, sobre a pergunta [05] de `docs/process/sprints/2026-09-04-DECISOES-DELA-05-vibracao.md`. Não espera mais palavra dela. || REMEDIDA em 04/09/2026 pela ONDA2-05, com o endereço lido no código. A METADE QUE FALTAVA FECHOU. A célula dizia 'o que NÃO mudou é a força — clicar Economia na coluna do P2 muda os quatro'. Isso caiu em duas etapas: a força virou por controle em 03/09, e hoje o gesto `forca-mesa`, que saiu em 05/09/2026 com a linha de mesa (`forca_da_mesa`) deu à MESA um endereço próprio."
05-vibracao,Gravar a força escolhida no rascunho do perfil (o 'Salvar Perfil' persistir o que a aba mostra),DIFERENTE,_o_que_e_da_mesa_inteira,PRESENTE,src/hefesto_dualsense4unix/interface/pacotes/rodape.py,src/hefesto_dualsense4unix/app/actions/rumble_actions.py:905 · src/hefesto_dualsense4unix/app/actions/rumble_actions.py:806 · src/hefesto_dualsense4unix/app/actions/rumble_actions.py:882,src/hefesto_dualsense4unix/interface/pacotes/rodape.py:269 · src/hefesto_dualsense4unix/interface/pacotes/rodape.py:289 · src/hefesto_dualsense4unix/interface/pacotes/a05_vibracao.py:1447 · src/hefesto_dualsense4unix/interface/pacotes/a05_vibracao.py:1546,"Todo clique de degrau e todo deslize chamam `_gravar_intensidade_no_rascunho`, que escreve `policy`/`custom_mult` em `self.draft.rumble` — e o 'Salvar Perfil' do rodapé grava exatamente o que a aba mostra.","DUAS camadas, e a escolha dela sobrevive às duas: os gestos `forca` e `intensidade` gravam NO ATO, pelo dono (`_gravar_a_forca` → `perfil.gravar_e_reaplicar`); e o ""Salvar Perfil"" do rodapé sobrepõe ao disco o `rumble_policy`, o `rumble_passthrough` e o `custom_mult` que o daemon publica (`_o_que_e_da_mesa_inteira`), com a regra do par — o teto some quando a política não é `custom`.","Ela clica 'Máximo' na aba nova, vai ao rodapé e clica 'Salvar': o perfil grava a política que JÁ ESTAVA no disco, e a escolha dela se perde calada. É exatamente o defeito que `rodape._draft_do_ativo` foi escrito para evitar na COR ('um Salvar que só lesse o disco gravaria o verde — perdendo a mudança dela') e que continua vivo na VIBRAÇÃO. O docstring afirma o contrário do que o corpo faz. || REMEDIDA em 06/09/2026 pela PARIDADE-REMEDIR-01, com os endereços lidos no código. O `html_faz` dizia ""a política de vibração não é sobreposta, apesar de o docstring afirmar que sim"" — em 05/09 o docstring foi corrigido para descrever o que o código fazia, e em 06/09 o CÓDIGO alcançou a promessa: `rodape.py:289` lê as três chaves do estado vivo. DIFERENTE e não IGUAL porque não há rascunho em memória nesta interface: a força já está no disco quando ela chega ao rodapé, e o rodapé só garante que o Salvar não a atropele."
05-vibracao,O ajuste de vibração por PEÇA (override do controle) e o aviso quando ele é apagado,IGUAL,with_controller_rumble,PRESENTE,src/hefesto_dualsense4unix/interface/pacotes/a05_vibracao.py,src/hefesto_dualsense4unix/app/actions/rumble_actions.py:945 · src/hefesto_dualsense4unix/app/actions/rumble_actions.py:369 · src/hefesto_dualsense4unix/app/actions/rumble_actions.py:815,src/hefesto_dualsense4unix/interface/pacotes/a05_vibracao.py:1083 · src/hefesto_dualsense4unix/interface/pacotes/a05_vibracao.py:1159,"Com um controle no seletor, `_gravar_intensidade_no_rascunho` escreve em `draft.controller_override(uniq).rumble`; e quando o gesto APAGA esse override (escolher 'Auto', que o esquema recusa por unidade), o toast ganha a oração '— e este controle voltou ao ajuste geral…'.","a oração RUM-3 chega ao cartão pelo canal de SUCESSO da D-01, em vez do laranja de recusa","DÍVIDA FECHADA PELA METADE EM 03/09/2026, e a metade que falta está nomeada. O override por peça existe nos dois lados e passa pelo mesmo decisor; o que o HTML não tem é a oração '— e este controle voltou ao ajuste geral', porque não há canal de recado de SUCESSO nesta interface (só `RuntimeError` chega ao cartão). É a linha 'Recado de SUCESSO depois de cada gesto' desta mesma aba, e ela continua FALTA_NO_HTML. || DECIDIDO em 04/09/2026 — No cartão, pela peça da D-01 — C-6. É o conflito C-6: a lista da aba propunha o sucesso na faixa de avisos; a D-01 manda no próprio cartão, e a decisão DELA ganha. Onde está escrito: `docs/process/2026-09-04-O-PO-DECIDE-as-54-e-os-sete-conflitos.md` §2 `05[04]`, sobre a pergunta [04] de `docs/process/sprints/2026-09-04-DECISOES-DELA-05-vibracao.md`. Não espera mais palavra dela. || REMEDIDA em 04/09/2026 pela ONDA2-05, com o endereço lido no código. "
05-vibracao,Zerar weak/strong (e o passthrough) no rascunho ao parar ou devolver,DIFERENTE,_draft_do_ativo,PRESENTE,src/hefesto_dualsense4unix/interface/pacotes/rodape.py,src/hefesto_dualsense4unix/app/actions/rumble_actions.py:1043 · src/hefesto_dualsense4unix/app/actions/rumble_actions.py:1091 · src/hefesto_dualsense4unix/app/actions/rumble_actions.py:1124 · src/hefesto_dualsense4unix/app/actions/rumble_actions.py:1231,src/hefesto_dualsense4unix/interface/pacotes/rodape.py:91 · src/hefesto_dualsense4unix/interface/pacotes/rodape.py:350 · src/hefesto_dualsense4unix/interface/pacotes/rodape.py:290,"`_zerar_rumble_no_rascunho` baixa weak/strong no rascunho no 'Parar' e no fim do teste, e escreve `passthrough=True` no 'Devolver' e no fim do teste. Sem isso, o próximo 'Aplicar' de QUALQUER aba re-travava a vibração que ela acabara de mandar parar (ABAS-04).","Não há rascunho a zerar, e a metade que importava chegou: o draft do «Aplicar» nasce DO DISCO a cada clique (`rodape._draft_do_ativo`) e `_o_que_e_da_mesa_inteira` sobrepõe o `rumble_passthrough` do estado vivo; os dois gestos da aba terminam em `rumble_passthrough(True)`.","O sintoma que ABAS-04 curou volta pelo caminho do HTML: se o perfil no disco tiver `rumble.weak/strong` não-zero, um 'Aplicar' do rodapé re-manda esses valores e re-trava a vibração que o 'Parar' da coluna acabou de soltar. A causa é a mesma (o `to_ipc_dict` emite a seção `rumble` sempre) e aqui não há a escrita compensatória. || REMEDIDA em 06/09/2026 pela PARIDADE-REMEDIR-01: metade da linha fechou e a outra metade é a que carrega o sintoma. Continua FALTA_NO_HTML porque o `_zerar_rumble_no_rascunho` da GTK faz DUAS coisas e o HTML faz uma — com um `rumble.weak/strong` não-zero no disco, o ""Aplicar"" do rodapé ainda re-manda os dois. || REMEDIDA em 06/09/2026 pela PARIDADE-REMEDIR-02, com a medição da VIBRACAO-O-QUE-SOBROU-01 CONFERIDA no schema: a PREMISSA desta linha caiu. O `porque` acima teme um perfil com `rumble.weak/strong` não-zero no disco — e `profiles/schema.RumbleConfig:315` tem `extra=""forbid""` e NENHUM campo `weak`/`strong`: um perfil assim não carrega. A seção que viaja tem `passthrough`, `policy` e `custom_mult`, e mais nada. A escrita compensatória da GTK não tem contraparte aqui porque a doença que ela cura não existe deste lado. || O SINAL PROPOSTO PELO LAUDO CAIU: ele era o nome de um TESTE, e `tests/` não é o lado HTML para esta régua — é a mesma recusa que a linha 56 recebeu em 06/09."
05-vibracao,Avisar que o perfil não tem opinião sobre a política de vibração,IGUAL,FRASE_DA_MESA_EM_AUTO,PRESENTE,src/hefesto_dualsense4unix/interface/pacotes/a05_vibracao.py,src/hefesto_dualsense4unix/app/actions/rumble_actions.py:1134 · src/hefesto_dualsense4unix/app/actions/rumble_actions.py:654,src/hefesto_dualsense4unix/interface/aba05.py:1699 · src/hefesto_dualsense4unix/interface/pacotes/a05_vibracao.py:663,`_refresh_rumble_from_draft` distingue 'o perfil tem política' de 'não tem'; no segundo caso mostra o estado vivo do daemon e avisa na barra: 'Política exibida = estado atual do daemon; o perfil não tem opinião (escolha uma política para salvá-la no perfil).',a coluna que HERDA deixou de acender degrau; quem acende é a linha de mesa,"A distinção que a GTK faz — 'isto é o daemon, não o teu perfil' — some. Combinada com a feature 21 (o Salvar não grava a política), ela fica sem saber que a escolha não vai para o perfil, e sem o aviso que dizia isso. || DECIDIDO em 04/09/2026 — Uma linha de MESA embaixo da grade. Devolve o caminho para pôr a mesa em Auto, perdido em 03/09, e faz ""herdado"" ficar óbvio sem palavra. Onde está escrito: `docs/process/2026-09-04-O-PO-DECIDE-as-54-e-os-sete-conflitos.md` §2 `05[05]`, sobre a pergunta [05] de `docs/process/sprints/2026-09-04-DECISOES-DELA-05-vibracao.md`. Não espera mais palavra dela. || REMEDIDA em 04/09/2026 pela ONDA2-05, com o endereço lido no código.  || SINAL TROCADO em 04/09/2026: era `_refresh_rumble_from_draft`, que é o nome do método da JANELA GTK. Um sinal do lado GTK nunca poderia ser achado do lado HTML — a linha estava condenada a `sinal-sumiu` no dia em que fechasse. O sinal novo é o símbolo do LADO HTML que entrega a feature, que é o que a coluna `sinal` promete. || E O SINAL FOI ESCOLHIDO DUAS VEZES: a primeira tentativa era o trecho de código que decide (`degrau` só quando o ajuste é próprio), e o portão de acentuação reprovou — identificador Python não leva acento e a régua de idioma não tem como saber disso dentro de uma célula de CSV. O sinal é um NOME, não um trecho: nome sobrevive a refatoração de linha e não briga com o idioma."
05-vibracao,Recado de SUCESSO depois de cada gesto,IGUAL,"""recado""",PRESENTE,src/hefesto_dualsense4unix/interface/pacotes/a05_vibracao.py,src/hefesto_dualsense4unix/app/actions/rumble_actions.py:1301 · src/hefesto_dualsense4unix/app/actions/rumble_actions.py:676 · src/hefesto_dualsense4unix/app/actions/rumble_actions.py:823 · src/hefesto_dualsense4unix/app/actions/rumble_actions.py:885 · src/hefesto_dualsense4unix/app/actions/rumble_actions.py:1012 · src/hefesto_dualsense4unix/app/actions/rumble_actions.py:1014 · src/hefesto_dualsense4unix/app/actions/rumble_actions.py:1035 · src/hefesto_dualsense4unix/app/actions/rumble_actions.py:1038 · src/hefesto_dualsense4unix/app/actions/rumble_actions.py:1040 · src/hefesto_dualsense4unix/app/actions/rumble_actions.py:1098 · src/hefesto_dualsense4unix/app/actions/rumble_actions.py:1126 · src/hefesto_dualsense4unix/app/actions/rumble_actions.py:1232,src/hefesto_dualsense4unix/interface/pacotes/a05_vibracao.py:1083 · src/hefesto_dualsense4unix/interface/pacotes/a05_vibracao.py:249,"`_toast_rumble` põe uma frase na barra de estado em todo caminho: 'Intensidade da vibração: Máximo', 'Testando por meio segundo (fraca=160, forte=220)', 'Vibração travada (fraca=…, forte=…)…', 'Vibração parada (travada em silêncio)…', 'Pronto — agora o jogo controla a vibração', 'Teste encerrado — vibração devolvida ao jogo'.","usa a peça de sucesso da ONDA0-P (`_deu_certo_dizendo`) — verde por 6 s, em vez de laranja por 30","Os dois gestos físicos desta aba não deixam rastro no `state_full` — o próprio pacote declara isso em `SEM_ECO = (""testar"", ""parar"")` (a05_vibracao.py:482). Sem eco e sem recado, o único sinal de que 'Testar' funcionou é o plástico tremer na mão dela. Se não tremer (Modo Nativo, controle que caiu), a tela fica muda. || DECIDIDO em 04/09/2026 — No cartão, pela peça da D-01 — C-6. É o conflito C-6: a lista da aba propunha o sucesso na faixa de avisos; a D-01 manda no próprio cartão, e a decisão DELA ganha. Onde está escrito: `docs/process/2026-09-04-O-PO-DECIDE-as-54-e-os-sete-conflitos.md` §2 `05[04]`, sobre a pergunta [04] de `docs/process/sprints/2026-09-04-DECISOES-DELA-05-vibracao.md`. Não espera mais palavra dela. || REMEDIDA em 04/09/2026 pela ONDA2-05, com o endereço lido no código.  || SINAL TROCADO em 04/09/2026: era `_toast_rumble`, que é o nome do método da JANELA GTK. Um sinal do lado GTK nunca poderia ser achado do lado HTML — a linha estava condenada a `sinal-sumiu` no dia em que fechasse. O sinal novo é o símbolo do LADO HTML que entrega a feature, que é o que a coluna `sinal` promete."
05-vibracao,Recado de RECUSA quando o Hefesto não aceita,DIFERENTE,_recusou_dizendo,PRESENTE,src/hefesto_dualsense4unix/interface/hefesto_vivo.py,src/hefesto_dualsense4unix/app/actions/rumble_actions.py:811 · src/hefesto_dualsense4unix/app/actions/rumble_actions.py:1010 · src/hefesto_dualsense4unix/app/actions/rumble_actions.py:1097 · src/hefesto_dualsense4unix/app/actions/rumble_actions.py:109,src/hefesto_dualsense4unix/interface/pacotes/a05_vibracao.py:366 · src/hefesto_dualsense4unix/interface/pacotes/a05_vibracao.py:409 · src/hefesto_dualsense4unix/interface/pacotes/a05_vibracao.py:440 · src/hefesto_dualsense4unix/interface/hefesto_vivo.py:1102 · src/hefesto_dualsense4unix/interface/hefesto_vivo.py:1119,"Distingue três casos e escreve os três na barra: recusa do daemon vivo (o motivo do corpo da resposta), daemon desligado ('o Hefesto pode estar desligado — ligue na aba Sistema') e sucesso.","O gesto levanta `RuntimeError` com o motivo, e o piloto o desenha como recado no CARTÃO daquele controle. Mas `ValueError` (clique inválido) vai só para o `stderr`.","A recusa do PRODUTO chega igual nas duas telas (mesma frase, mesmo dono). O que muda é o clique inválido: na GTK ele não existe (os botões só existem onde valem); no HTML a barra 'Personalizado' e um clique sem coluna levantam `ValueError` e ficam MUDOS na tela — a tela não diz nem 'não deu', e o segundo clique parece o primeiro. || DECIDIDO em 04/09/2026 — As duas frases que já existem sobem para o cartão. Onde está escrito: `docs/process/2026-09-04-O-PO-DECIDE-as-54-e-os-sete-conflitos.md` §2 `05[06]`, sobre a pergunta [06] de `docs/process/sprints/2026-09-04-DECISOES-DELA-05-vibracao.md`. Não espera mais palavra dela."
05-vibracao,A nota 'os valores acima ainda passam pela intensidade escolhida ali em cima',IGUAL,DICA_DOS_VALORES_QUE_PASSAM,PRESENTE,src/hefesto_dualsense4unix/interface/aba05.py,src/hefesto_dualsense4unix/gui/main.glade:2085,src/hefesto_dualsense4unix/interface/aba05.py:1718,"Um rótulo fixo no rodapé do card 'Testar motores', em itálico: 'Os valores acima ainda passam pela intensidade escolhida ali em cima antes de chegar ao controle.'","virou rótulo PERMANENTE, como na GTK","Mesma frase, mesmo dono, VISIBILIDADE diferente — e aqui é a visibilidade que importa. Na GTK ela é um rótulo em itálico, PERMANENTE, no rodapé do card 'Testar motores': ensina sem ser perguntada. No HTML ela só aparece com o rato sobre o `?` de 'Testar agora'. É a única frase que liga os dois cards — por que um 'Testar' com 220 sai fraco no Economia —, e continua invisível para quem não passa o rato. Fecha quando esta aba tiver lugar de texto permanente, e isso é DESENHO, logo é decisão dela. || DECIDIDO em 04/09/2026 — Só a nota do Testar sobe para a tela. A do Auto fica no `?`. Onde está escrito: `docs/process/2026-09-04-O-PO-DECIDE-as-54-e-os-sete-conflitos.md` §2 `05[02]`, sobre a pergunta [02] de `docs/process/sprints/2026-09-04-DECISOES-DELA-05-vibracao.md`. Não espera mais palavra dela. || REMEDIDA em 04/09/2026 pela ONDA2-05, com o endereço lido no código. "
05-vibracao,Os oito interruptores de lado (ligar/desligar cada punho),SO_NO_HTML,"data-hef=""lado""",PRESENTE,LADO-HTML,src/hefesto_dualsense4unix/gui/main.glade · src/hefesto_dualsense4unix/profiles/schema.py,src/hefesto_dualsense4unix/app/telas/vibracao.py:119 · src/hefesto_dualsense4unix/interface/aba05.py:680 · src/hefesto_dualsense4unix/interface/paginas/05-vibracao.html:1568 · src/hefesto_dualsense4unix/interface/paginas/05-vibracao.html:1575 · src/hefesto_dualsense4unix/interface/paginas/05-vibracao.html:1974 · src/hefesto_dualsense4unix/interface/paginas/05-vibracao.html:1981 · src/hefesto_dualsense4unix/interface/pacotes/a05_vibracao.py:75 · src/hefesto_dualsense4unix/interface/hefesto_vivo.py:1018,"Não existe. O produto liga e desliga a vibração INTEIRA de um controle, nunca um punho.","Desenha quatro botões `data-papel=""lado""` por controle (dois por coluna), com glifo, título e classe `on`. Clicar dispara o gesto `lado`, que não tem dono registrado: o piloto imprime '[gesto sem dono]' e não faz nada.","Ganho de DESENHO, não de função — e hoje é um botão que mente: a classe `on`/`off` está cravada da cena do mockup (o P1 nasce com o esquerdo apagado) e o clique não muda nem a tela nem o aparelho. Registrado aqui para ninguém 'consertar' removendo: fecha em MIGRA-VIBRACAO-06, e a dica publicada já promete o comportamento ('Desligue um lado e o jogo deixa de fazer aquele punho tremer'). AJUSTE DE RÉGUA, 07/09/2026: o `sinal_escopo` era `interface/aba05.py` e o literal só vivia lá DENTRO DE UMA LISTA DE PROIBIDOS — a régua achava o sinal na régua, não na emissão. Quando a leva dos quatro lugares apagou a proibição (o lugar vazio passou a PODER ter o endereço), o portão acusou `sinal-sumiu` sobre uma feature intacta. O escopo passa a ser LADO-HTML, que é onde o sinal de fato está. E O SINAL MUDOU DE ATRIBUTO POR DECISÃO, 03/09/2026: `lado` saiu de `data-papel` para `data-hef` junto com `motor`, para o ouvinte de clique parar de ler o interruptor de punho como nome de gesto (ver PAPEIS_QUE_SAO_GESTO em aba05.py). O elemento é o mesmo, o endereço é o mesmo, o atributo é outro."
05-vibracao,"Mostrar o que CHEGOU aos motores agora, por lado e por controle",SO_NO_HTML,NAO_SEI,PRESENTE,src/hefesto_dualsense4unix/app/telas/vibracao.py,src/hefesto_dualsense4unix/gui/main.glade:2000 · src/hefesto_dualsense4unix/app/widgets/controller_card.py,src/hefesto_dualsense4unix/app/telas/vibracao.py:216 · src/hefesto_dualsense4unix/app/telas/vibracao.py:190 · src/hefesto_dualsense4unix/app/telas/vibracao.py:231 · src/hefesto_dualsense4unix/app/telas/vibracao.py:271 · src/hefesto_dualsense4unix/interface/pacotes/a05_vibracao.py:161,"Nesta aba, nada. O par físico existe no produto (`controller_card.motores_no_fisico`), mas quem o mostra é o card da aba Controles, não a aba de Vibração.","Cada coluna mostra dois números '/255' com trilho proporcional — o que chegou aos motores daquele controle agora —, com `—` quando não se sabe (daemon antigo, nunca escreveu, ou escreveu há tempo demais).","É informação nova nesta aba, e é boa: responde 'o motor recebeu alguma coisa?' ao lado do botão que o faz tremer, com honestidade sobre o desconhecido (`NAO_SEI = '—'`, nunca zero). O único cuidado é não confundir com um ajuste — ver a feature 12."
05-vibracao,O lado que TREME aceso no desenho do controle,SO_NO_HTML,"data-campo=""treme-e""",PRESENTE,src/hefesto_dualsense4unix/interface/paginas/05-vibracao.html,src/hefesto_dualsense4unix/gui/main.glade:1704,src/hefesto_dualsense4unix/interface/aba05.py:838 · src/hefesto_dualsense4unix/interface/pacotes/a05_vibracao.py:332 · src/hefesto_dualsense4unix/app/telas/vibracao.py:274 · src/hefesto_dualsense4unix/interface/paginas/05-vibracao.html:1785,Não existe nesta aba.,"O SVG de cada coluna acende o punho que recebeu força: `_endereca_o_tremor` põe `data-campo=""treme-{e,d}"" data-hef-alvo=""classe"" data-hef-classe=""acesa""` no grupo de cada motor, e o pacote emite `treme-e`/`treme-d` a partir do `treme` que `pacote_da_coluna` calcula. Vazio APAGA — nunca acende.","O FIO SOLTO FOI LIGADO. A conta já existia (`app/telas/vibracao.pacote_da_coluna`, campo `treme`), o CSS já existia e o desenho já sabia qual grupo do SVG é cada motor; o que faltava era o achatamento entre um e outro, e o punho aceso na tela era o da CENA do mockup — o P1 com o direito aceso, para sempre. MEDIDO em 03/09/2026 com a mesa parada: `treme-e` e `treme-d` saem vazios e os dois punhos apagam, que é a resposta certa para 'ninguém mediu tremor nenhum'. Continua SO_NO_HTML porque a janela estável nunca teve isto nesta aba."
05-vibracao,A dica dos degraus avisar que a MESA pode ter um teto (aba Configurações),IGUAL,DICA_DO_TETO_DA_MESA,PRESENTE,src/hefesto_dualsense4unix/interface/aba05.py,src/hefesto_dualsense4unix/gui/main.glade:1753 · src/hefesto_dualsense4unix/gui/main.glade:1761 · src/hefesto_dualsense4unix/gui/main.glade:1769 · src/hefesto_dualsense4unix/gui/main.glade:1777,src/hefesto_dualsense4unix/interface/aba05.py:176 · src/hefesto_dualsense4unix/interface/aba05.py:1200 · src/hefesto_dualsense4unix/interface/paginas/05-vibracao.html:1566,"Os quatro tooltips terminam com a mesma oração: 'A mesa pode ter um teto (aba Configurações): esta escolha continua valendo, só não passa dele.' Ela ensina que o teto EXISTE, antes de ele morder.","A dica de 'Força da vibração' termina com a MESMA oração, e ela não é redigitada: `aba05.DICA_DO_TETO_DA_MESA` a LÊ do tooltip do botão Economia no `gui/main.glade`, e o gerador levanta `SystemExit` se ela sair de lá.","Mesma frase, mesmo dono, e nos DOIS lados ela é dica: os quatro tooltips da GTK também só aparecem com o rato em cima. A diferença que sobra é de contagem, não de conteúdo — a GTK repete a oração nos quatro botões e o HTML a põe uma vez, na dica que cobre os quatro. MEDIDO em 03/09/2026: a frase aparece uma vez na página publicada e uma na bancada, e os dois arquivos são byte-idênticos. O ensino preventivo que a RUM-7 pediu em 25/08 existe nas duas telas. || O DADO ESTAVA VELHO: esta linha dizia que 'a palavra orçamento não aparece em nenhum texto de tela da página publicada', e o gerador passou a ler o glade."
06-navegacao,Ligar/desligar a emulação de MOUSE,DIFERENTE,keyboard.emulation.set,PRESENTE,src/hefesto_dualsense4unix/interface/pacotes/a06_navegacao.py,src/hefesto_dualsense4unix/app/actions/mouse_actions.py:401 · src/hefesto_dualsense4unix/gui/main.glade:3731,src/hefesto_dualsense4unix/interface/pacotes/a06_navegacao.py:683 · src/hefesto_dualsense4unix/interface/aba06.py:1050,"Interruptor próprio ""Emular mouse"". Manda `mouse.emulation.set` com `enabled`+`speed`+`scroll_speed`+`origin=manual` — leva as velocidades dos sliders junto no mesmo pedido.","O gesto `modo` no `<label class=""tog"">` do ""Status do Modo"". Manda `mouse.emulation.set` com só `enabled`+`origin=manual`, e EM SEGUIDA `keyboard.emulation.set` — um interruptor para os dois.","Três diferenças reais. (1) O HTML ACOPLA mouse e teclado num interruptor só — na GTK são dois switches independentes. (2) O HTML não manda `speed`/`scroll_speed` no pedido de ligar; a GTK manda, e é assim que a preferência ajustada com o mouse desligado passa a valer no instante em que ela liga. (3) O HTML lê o estado ATUAL do daemon para decidir o lado (`novo = not enabled`), enquanto a GTK lê a posição do widget — o do HTML é mais honesto, porque a caixinha da tela nunca é pintada (ver a linha 3)."
06-navegacao,Ligar/desligar a emulação de TECLADO,DIFERENTE,identidade_de,PRESENTE,src/hefesto_dualsense4unix/interface/pacotes/a06_navegacao.py,src/hefesto_dualsense4unix/app/actions/emulation_actions.py:1706 · src/hefesto_dualsense4unix/gui/main.glade:4030,src/hefesto_dualsense4unix/interface/pacotes/a06_navegacao.py:773 · src/hefesto_dualsense4unix/interface/paginas/06-navegacao.html:2911,"Interruptor próprio ""Emular teclado"", separado do mouse. `keyboard.emulation.set {enabled}`. Nasceu porque desligar o mouse deixava o teclado emitindo Alt+Tab dentro da partida.","Duas vias e nenhum interruptor próprio: o gesto `modo` (junto com o mouse) e a lista ""Função do teclado"", cujas opções ""Desativado""/""Desligada"" chamam `keyboard.emulation.set {enabled:False}`.","O método do daemon é o mesmo, mas o CONTROLE é outro: a GTK dá um interruptor booleano dedicado, o HTML esconde o liga/desliga dentro de uma lista de três opções cuja terceira (""Só dentro do jogo"", na bancada) não tem dono e recusa. E o `modo` do HTML derruba o teclado junto com o mouse — na GTK dá para ter mouse ligado e teclado desligado com dois cliques, e no HTML só passando pela lista."
06-navegacao,A posição do interruptor do mouse na tela reflete o daemon,IGUAL,"data-hef-quando=""Ligado""",PRESENTE,src/hefesto_dualsense4unix/interface/aba06.py,src/hefesto_dualsense4unix/app/actions/mouse_actions.py:315 · src/hefesto_dualsense4unix/app/actions/mouse_actions.py:253,src/hefesto_dualsense4unix/interface/pacotes/a06_navegacao.py:1028 · src/hefesto_dualsense4unix/interface/aba06.py:1401 · src/hefesto_dualsense4unix/interface/paginas/06-navegacao.html:3014,"`daemon.state_full` a cada refresh; `mouse_emulation.enabled` vira `toggle.set_active()` sob guarda de reentrância, e o `dirty`/`in_profile` do rascunho impede sobrepor edição pendente.","O `pacote()` emite `rato-ligado` do `mouse_emulation.enabled`, e SÓ quando ele é bool — sem o bloco a chave não sai e o `—` do desenho fica, em vez de a tela afirmar um lado que ninguém mediu. O rótulo perdeu o `<input type=checkbox>`: a palavra é nó de texto e o aceso é a classe `ligado` (alvo `classe` + `data-hef-quando`).","FECHADA em 03/09/2026 (`f66b2318`), e REMEDIDA aqui antes de virar IGUAL. Era a maior mentira desta aba: com `mouse_emulation.enabled=false` a tela dizia `Ligado`, e clicar no `<label>` virava o checkbox mesmo quando o gesto RECUSAVA — nada o devolvia. As duas causas morreram e as duas foram conferidas no arquivo que o produto renderiza: não há mais checkbox (não há o que virar sozinho) e a CSS reage a `.tog.ligado`, não a `:checked`. MEDIDO NA TELA DELA em 03/09, com o daemon dizendo `enabled: false`: o DOM vivo devolveu `{palavra: 'Desligado', ligado: false}` (`scripts/ensaios/o_interruptor_do_modo_no_webkit.py`). || POR QUE A RÉGUA NÃO ACUSOU A CURA: o `sinal` desta linha era `in_profile`, um conceito do rascunho da GTK que nunca apareceria no lado HTML — a regra 6 (`divida-fechada`) não tinha como morder. O sinal novo é o ATRIBUTO que a cura pôs: tirá-lo apaga a linha."
06-navegacao,"A posição da ""Função do teclado"" reflete o daemon",IGUAL,keyboard_emulation,PRESENTE,src/hefesto_dualsense4unix/interface/pacotes/a06_navegacao.py,src/hefesto_dualsense4unix/app/actions/emulation_actions.py:570 · src/hefesto_dualsense4unix/app/actions/emulation_actions.py:1686,src/hefesto_dualsense4unix/interface/pacotes/a06_navegacao.py:329 · src/hefesto_dualsense4unix/interface/pacotes/a06_navegacao.py:583,"`descrever_teclado_emulado(bloco)` devolve (posição, frase) do `keyboard_emulation` do `state_full`; o switch fica insensível quando o bloco não veio (`None` = não sei).","Pinta `teclado-estado` com a palavra que a página CARREGADA sabe receber; sem o bloco `keyboard_emulation` a chave nem é emitida, e o `<select>` não é tocado.","Conferido opção a opção contra a página publicada: `enabled=True` emite ""Só fora do jogo"", que EXISTE na lista publicada; `enabled=False` cai para ""Desligada"", que também existe. Os dois estados chegam à tela. E os dois lados tratam a ausência do bloco do mesmo jeito — não afirmam nada. É o único campo de estado desta aba em que o HTML alcança a GTK."
06-navegacao,"Portão de modo: impedir ligar o mouse fora de ""Controlar o PC""",IGUAL,mode_of_state,PRESENTE,src/hefesto_dualsense4unix/interface/pacotes/a06_navegacao.py,src/hefesto_dualsense4unix/app/actions/mouse_actions.py:285 · src/hefesto_dualsense4unix/app/actions/mouse_actions.py:33,src/hefesto_dualsense4unix/interface/pacotes/a06_navegacao.py:520 · src/hefesto_dualsense4unix/interface/pacotes/a06_navegacao.py:526 · src/hefesto_dualsense4unix/interface/aba06.py:1719,"`blocked = mode != MODE_DESKTOP` deixa o switch INSENSÍVEL e acende uma frase ao lado ANTES de qualquer clique, dizendo que ligar ali derrubaria o vpad e os jogadores do co-op.","o interruptor apaga ANTES e a razão fica ao lado, com UM campo só — o cinza sai da tira por `:has()`, sem segundo endereço a divergir","FATO SUBSTITUÍDO — 03/09/2026. Esta linha dizia que o HTML *""deixa o interruptor VIRADO na tela, porque ninguém o repinta""*, e que ela lia ""não deu"" vendo o botão dizer que deu. Isso CADUCOU com a linha do `rato-ligado`: o `<label>` perdeu o `<input type=checkbox>`, então o clique recusado não mexe em nada — medido em 03/09 com o daemon dela em `mode: gamepad`, os dois cliques recusaram e a tela ficou em `Desligado` do começo ao fim. || CONTINUA DIFERENTE, e por uma coisa só: o MOMENTO. A GTK desliga o widget ANTES do clique (`blocked = mode != MODE_DESKTOP`) e acende a frase ao lado; o HTML aceita o clique e recusa por escrito. A frase é outra de propósito — a da GTK manda para a aba ""Início"", que não existe no desenho das dez. || DECIDIDO em 04/09/2026 — Apaga o interruptor e escreve ao lado, na tira de estados. É a D-03 com a D-02. Onde está escrito: `docs/process/2026-09-04-O-PO-DECIDE-as-54-e-os-sete-conflitos.md` §2 `06[01]`, sobre a pergunta [01] de `docs/process/sprints/2026-09-04-DECISOES-DELA-06-navegacao.md`. Não espera mais palavra dela. || REMEDIDA em 04/09/2026 pela ONDA2-06, com o endereço lido no código. A RESSALVA QUE FICA, e é de propósito: a frase é OUTRA. A da GTK manda à aba 'Início', que não existe no desenho das dez."
06-navegacao,"Frase própria para ""não sei o modo"" (daemon mudo)",IGUAL,ctx.state,PRESENTE,src/hefesto_dualsense4unix/interface/pacotes/a06_navegacao.py,src/hefesto_dualsense4unix/app/actions/mouse_actions.py:50 · src/hefesto_dualsense4unix/app/actions/mouse_actions.py:308,src/hefesto_dualsense4unix/interface/pacotes/a06_navegacao.py:718,"`MODO_DESCONHECIDO_HINT` — texto distinto do bloqueio por modo jogo, aplicado quando `mode is None`. Nasceu do INTERRUPTOR-APAGADO-MUDO-01: um switch cinza sem uma palavra ao lado.","O gesto `modo` recusa com frase própria quando `ctx.state` está vazio, antes de olhar o modo.","Os dois separam ""o Hefesto disse que não"" de ""o Hefesto não disse nada"", e os dois textos dizem a mesma coisa: não sei se ligar o mouse derrubaria um jogo em andamento. A diferença de momento já está contada na linha do portão de modo; a substância — existir uma frase distinta para o desconhecido — está nos dois."
06-navegacao,Motivo da recusa do daemon traduzido para português,IGUAL,frase_da_recusa_do_mouse,PRESENTE,src/hefesto_dualsense4unix/interface/pacotes/a06_navegacao.py,src/hefesto_dualsense4unix/app/actions/mouse_actions.py:71 · src/hefesto_dualsense4unix/app/actions/mouse_actions.py:449,src/hefesto_dualsense4unix/interface/pacotes/a06_navegacao.py:1190 · src/hefesto_dualsense4unix/interface/pacotes/a06_navegacao.py:1345 · src/hefesto_dualsense4unix/interface/pacotes/a06_navegacao.py:1424,"`frase_da_recusa_do_mouse(resposta)` lê `bloqueio` do corpo e traduz cinco motivos (`desligada`, `sem_device`, `modo_jogo`, `vpad_suspenso_pelo_steam_input`), com fallback honesto para motivo novo e para recusa sem motivo.","`_recusa_do_mouse` lê o corpo por `ponte.resultado` e devolve a frase de `mouse_actions.frase_da_recusa_do_mouse` — a MESMA função da GTK, não uma cópia. O `modo` e o `_mandar` levantam `RuntimeError` com ela, e o `_recusou_dizendo` do piloto a põe no cartão dela na hora do clique.","FECHADA em 03/09/2026 e MEDIDA aqui. O CSV mandava remeçar antes de chamar de IGUAL — *""o símbolo existir prova que o HTML passou a fazer algo, não que ele faça o MESMO""* —, e a medição é esta: `_mandar` e `modo` usam `p.resultado` (que traz o corpo) e não sobrou um `p.chamar` no arquivo; a tabela é importada, não redigitada; e `test_a_06_a_recusa_diz_o_motivo_e_o_clique_anda` é PARAMETRIZADO sobre `BLOQUEIO_DO_MOUSE_EM_PORTUGUES` inteiro, então um motivo novo no produto cobra a tradução dos dois lados. || CORREÇÃO DE FATO: esta linha dizia ""cinco motivos"". São QUATRO — `desligada`, `modo_jogo`, `sem_device`, `vpad_suspenso_pelo_steam_input` —, contados na tabela do produto."
06-navegacao,Reverter o interruptor ao último estado CONFIRMADO quando falha,IGUAL,_largar_a_reserva,PRESENTE,src/hefesto_dualsense4unix/interface/pacotes/a06_navegacao.py,src/hefesto_dualsense4unix/app/actions/mouse_actions.py:437 · src/hefesto_dualsense4unix/app/actions/mouse_actions.py:476 · src/hefesto_dualsense4unix/app/actions/emulation_actions.py:1749,src/hefesto_dualsense4unix/interface/pacotes/a06_navegacao.py:1308 · src/hefesto_dualsense4unix/interface/pacotes/a06_navegacao.py:1028 · src/hefesto_dualsense4unix/interface/pacotes/a06_navegacao.py:1080,"Mouse e teclado guardam a última posição confirmada pelo daemon e voltam para ELA (não para `not enabled` do clique), sob guarda salva/restaurada para não reentrar no handler — o `set_active` do GTK3 reemite `state-set` síncrono.","Duas camadas, e nenhuma delas guarda uma segunda verdade. Na TELA: os dois campos são repintados do daemon a cada tique — a lista do teclado desde 02/09, o interruptor desde 03/09 —, então o que falhou volta sozinho. Na MEMÓRIA do clique: `_reservar` anota o alvo e `_largar_a_reserva` o desfaz quando o Hefesto recusa ou fica mudo, devolvendo o último CONFIRMADO.","FECHADA em 03/09/2026 — metade pela linha do `rato-ligado`, metade nesta leva. O CSV dizia *""Para o 'Status do Modo': nada""*, e era verdade enquanto o interruptor não era pintado. || O HTML CONVERGE PARA O DAEMON e a GTK converge para uma variável da janela (`draft.mouse.enabled`) — a primeira é mais forte, porque acerta também quando quem mudou o valor foi outra janela. E a memória do clique passou a ter a mesma disciplina do `_revert_mouse_toggle` da GTK: só o CONFIRMADO fica. A mordida está em `test_a_06_o_segundo_clique_nao_e_engolido`: esvazie o `_largar_a_reserva` e a recusa volta a apagar um pedido que aconteceu."
06-navegacao,Linha de estado do mouse virtual (uinput pronto / sem permissão / componente faltando),IGUAL,BLOQUEIO_DO_MOUSE_EM_PORTUGUES,PRESENTE,src/hefesto_dualsense4unix/interface/pacotes/a06_navegacao.py,src/hefesto_dualsense4unix/app/actions/mouse_actions.py:579 · src/hefesto_dualsense4unix/app/actions/mouse_actions.py:169 · src/hefesto_dualsense4unix/gui/main.glade:3762,src/hefesto_dualsense4unix/interface/pacotes/a06_navegacao.py:405 · src/hefesto_dualsense4unix/interface/aba06.py:1570 · src/hefesto_dualsense4unix/interface/paginas/06-navegacao.html:3027,"Quatro frases coloridas numa linha da aba, decididas por hierarquia: o daemon manda (`device_ativo`/`bloqueio=sem_device`), e a sonda local (`import uinput` + `os.access(/dev/uinput)`) só diz QUAL é o defeito. Cada frase termina com o gesto certo desta instalação.","`_o_mouse_virtual_em_uma_linha` responde *por que o cursor não anda* na linha `rato-estado`, com a hierarquia da GTK: `device_ativo` do daemon primeiro, senão o `bloqueio` traduzido por `BLOQUEIO_DO_MOUSE_EM_PORTUGUES` — a tabela do produto, importada. Vazia quando não há o que dizer; o `:empty` do desenho apaga a linha.","FECHADA em 03/09/2026 (`f66b2318`) e REMEDIDA aqui, que era o que a linha pedia. O desenho ganhou as três linhas de estado, e `rato-bloqueio` saiu do `SEM_ENDERECO`. || A DIFERENÇA QUE FICA ESTÁ DECLARADA, e ela é uma SUBTRAÇÃO deliberada: a GTK completa a hierarquia com uma sonda LOCAL (`import uinput` + `os.access`) rodando dentro do processo da janela, e o docstring dela mesma diz que isso *""erra nos dois sentidos""* — num Flatpak a janela olha o sandbox e grita ""sem permissão"" sobre um nó que o daemon abre. O HTML tem só o ramo do daemon, que é quem executa. E o ramo que falta só valeria com o daemon mudo, estado em que o pacote nem é chamado — o `_tique` do piloto volta antes."
06-navegacao,"Frase de bloqueio do TECLADO (""Ligado, em pausa agora…"")",IGUAL,descrever_teclado_emulado,PRESENTE,src/hefesto_dualsense4unix/interface/pacotes/a06_navegacao.py,src/hefesto_dualsense4unix/app/actions/emulation_actions.py:529 · src/hefesto_dualsense4unix/app/actions/emulation_actions.py:570 · src/hefesto_dualsense4unix/app/actions/emulation_actions.py:1700 · src/hefesto_dualsense4unix/gui/main.glade:4048,src/hefesto_dualsense4unix/interface/pacotes/a06_navegacao.py:434 · src/hefesto_dualsense4unix/interface/aba06.py:1571 · src/hefesto_dualsense4unix/interface/paginas/06-navegacao.html:3028,"Tabela `BLOQUEIO_DO_TECLADO_EM_PORTUGUES` descreve o ESTADO (ligado mas calado por modo jogo, por Steam Input, sem device), com uma entrada declarada morta e um teste que cobra a declaração dos dois lados. Vai para um label sob o switch.","`_o_teclado_em_uma_linha` chama `emulation_actions.descrever_teclado_emulado` — a mesma função da GTK, dona de `BLOQUEIO_DO_TECLADO_EM_PORTUGUES` — e põe a frase na linha `teclado-bloqueio`. Sem o bloco, a frase é a de ""não sei"" da própria GTK, que fala do Hefesto e não do teclado.","FECHADA em 03/09/2026 (`f66b2318`) e REMEDIDA aqui. É a linha que distingue *desligado por você* de *ligado e calado agora porque um jogo assumiu* — sem ela, com o teclado suspenso, a tela continuava dizendo ""Só fora do jogo"", verdade sobre a configuração e não sobre o que estava acontecendo. || A TABELA NÃO FOI COPIADA: quem traduz é a função do produto, e é a mesma que traduz a recusa do `keyboard.emulation.set` (`_recusa_do_teclado`) — a frase do estado e a da recusa não podem ser duas."
06-navegacao,Velocidade do cursor,DIFERENTE,vel-cursor,PRESENTE,src/hefesto_dualsense4unix/interface/pacotes/a06_navegacao.py,src/hefesto_dualsense4unix/app/actions/mouse_actions.py:495 · src/hefesto_dualsense4unix/gui/main.glade:79 · src/hefesto_dualsense4unix/gui/main.glade:3788,src/hefesto_dualsense4unix/interface/pacotes/a06_navegacao.py:869 · src/hefesto_dualsense4unix/interface/pacotes/a06_navegacao.py:548 · src/hefesto_dualsense4unix/interface/aba06.py:1156 · src/hefesto_dualsense4unix/interface/paginas/06-navegacao.html:2915,"`Gtk.Scale` contínuo com adjustment 1..12, passo 1. `value-changed` atualiza o rascunho e (só com a emulação ligada) manda `mouse.emulation.set {speed, origin}`.","Um `bignum` com `−`/`+`: os gestos `vel-cursor-menos`/`-mais` somam ±1 ao valor do ÚLTIMO TIQUE e mandam o mesmo `mouse.emulation.set {speed, origin}`. O número é pintado do daemon no campo `vel-cursor`.","Mesmo método, mesmo payload, mesma faixa efetiva (1..12) e o mesmo padrão 6. O que muda: (a) o gesto — arrastar contínuo × dois botões de passo; (b) a aparação — a GTK trava no widget, o HTML manda fora da faixa de propósito e deixa o daemon aparar (`daemon/lifecycle.py:1477`), o que é a decisão certa (uma verdade só) mas produz um clique que ""não anda"" no extremo; (c) a origem do valor de partida — a GTK lê o widget, o HTML lê o estado de 500 ms atrás."
06-navegacao,Velocidade da rolagem,DIFERENTE,vel-rolagem,PRESENTE,src/hefesto_dualsense4unix/interface/pacotes/a06_navegacao.py,src/hefesto_dualsense4unix/app/actions/mouse_actions.py:508 · src/hefesto_dualsense4unix/gui/main.glade:87 · src/hefesto_dualsense4unix/gui/main.glade:3813,src/hefesto_dualsense4unix/interface/pacotes/a06_navegacao.py:898 · src/hefesto_dualsense4unix/interface/pacotes/a06_navegacao.py:549 · src/hefesto_dualsense4unix/interface/aba06.py:1158,"`Gtk.Scale` 1..5, passo 1, mesmo caminho do cursor. `on_mouse_scroll_speed_changed`.","`bignum` com `rolagem-menos`/`-mais`, ±1 sobre o último tique, campo `vel-rolagem` pintado do daemon.","Mesma forma e mesmas ressalvas do cursor. O `PROVAS` do pacote deixa a diferença explícita: `rolagem-menos` partindo do padrão 1 manda `scroll_speed: 0`, fora da faixa, e o daemon apara para 1 (`a06_navegacao.py:1449-1450`). A GTK nunca emite fora da faixa porque o widget não deixa. O alcance real é idêntico: só o analógico direito, `_emit_scroll`.  SINAL RENOMEADO EM 05/09/2026: os dois `-`/`+` viraram uma barra arrastável, decisão dela (""velocidade do cursor e da rolagem coloca um slicer pra cada""), e os gestos `rolagem-menos`/`-mais` deram lugar ao gesto único `vel-rolagem`, que recebe o valor pelo evento `change` do `<input type=range>`."
06-navegacao,Rota speed-only: mexer na velocidade não pode RELIGAR a emulação,IGUAL,mouse.emulation.set,PRESENTE,src/hefesto_dualsense4unix/interface/pacotes/a06_navegacao.py,src/hefesto_dualsense4unix/app/actions/mouse_actions.py:523,src/hefesto_dualsense4unix/interface/pacotes/a06_navegacao.py:668 · src/hefesto_dualsense4unix/interface/pacotes/a06_navegacao.py:895 · src/hefesto_dualsense4unix/interface/pacotes/a06_navegacao.py:913,`_send_mouse_param_async` manda o payload SEM `enabled` — a rota do daemon que atualiza config e device sem start/stop e sem persistir o flag. É a cura do BUG-MOUSE-GUI-SYNC-01 (A4): religar o mouse pelo slider matava o gamepad virtual.,"`_mandar` manda `mouse.emulation.set` com só `speed`/`scroll_speed` e `origin`, sem `enabled` — e o docstring cita a mesma cura pelo nome.","Conferi o handler do daemon: `enabled is None` desvia para `set_mouse_speed`, que nunca faz start/stop nem cria o flag (`daemon/ipc_handlers.py:5189-5200`, `daemon/lifecycle.py:1456-1496`). Os dois lados caem exatamente nessa rota, com o mesmo payload. A cicatriz do A4 foi transplantada corretamente."
06-navegacao,Coalescing dos ajustes de velocidade (um RPC em voo por parâmetro),IGUAL,MEMORIA_DE_UM_CLIQUE,PRESENTE,src/hefesto_dualsense4unix/interface/pacotes/a06_navegacao.py,src/hefesto_dualsense4unix/app/actions/mouse_actions.py:534,src/hefesto_dualsense4unix/interface/pacotes/a06_navegacao.py:1254 · src/hefesto_dualsense4unix/interface/pacotes/a06_navegacao.py:1288 · src/hefesto_dualsense4unix/interface/pacotes/a06_navegacao.py:1512,Um RPC em voo por parâmetro; valores emitidos durante o voo guardam só o ÚLTIMO e são reenviados ao terminar. Falha é silenciosa de propósito — slider é gesto contínuo.,"`_partir_de` parte do último valor que o Hefesto CONFIRMOU quando o tique ainda não trouxe o novo, sob três condições que a desligam sozinha: o daemon ainda diz o mesmo número, o clique vai para o mesmo lado, e o relógio ainda está na janela do tique (`MEMORIA_DE_UM_CLIQUE`). `_reservar` anota ANTES da chamada — os gestos rodam em thread — e `_largar_a_reserva` desfaz na recusa.","FECHADA em duas levas e MEDIDA aqui. O CSV dizia *""o HTML PERDE clique: dois cliques dentro do mesmo tique leem o mesmo `atual` e mandam o mesmo alvo""*. Isso caducou para as velocidades em 02/09 e para o INTERRUPTOR em 03/09, nesta leva — ele tinha o mesmo defeito e não tinha a cura. || NÃO É A MESMA MECÂNICA DA GTK, e a diferença é a favor do HTML: a GTK guarda o último valor emitido durante um RPC em voo (protege a REDE, e a falha é silenciosa de propósito, porque slider é gesto contínuo); o HTML guarda a INTENÇÃO dela, que é o que se perdia. O alcance é o mesmo — nenhum clique morre. Três defeitos desta memória fecharam em 03/09: o interruptor sem cura, a recusa envenenando o clique seguinte, e a memória atravessando uma volta inteira pela janela GTK. As três mordidas estão em `test_a_06_o_segundo_clique_nao_e_engolido`."
06-navegacao,Preferência de velocidade com a emulação DESLIGADA,DIFERENTE,set_mouse_speed,PRESENTE,src/hefesto_dualsense4unix/interface/pacotes/a06_navegacao.py,src/hefesto_dualsense4unix/app/actions/mouse_actions.py:499 · src/hefesto_dualsense4unix/app/actions/mouse_actions.py:515,src/hefesto_dualsense4unix/interface/pacotes/a06_navegacao.py:893,"Atualiza o rascunho com `dirty=True` e NÃO manda IPC (`if not self._mouse_is_enabled(): return`). A preferência fica guardada para o ""Salvar Perfil""/""Aplicar"" e para o momento em que ela ligar o mouse.","Manda o IPC sempre. O daemon atualiza `config.mouse_speed` e, com a emulação desligada, não persiste nada (`lifecycle.py:1488-1496`).","Dois destinos diferentes para o mesmo gesto. Na GTK, mexer na velocidade com o mouse desligado é uma escolha que vai para o PERFIL e sobrevive a tudo. No HTML, ela vai para a config viva do daemon e morre no próximo start — o `set_mouse_speed` só chama `save_mouse_emulation` quando `mouse_emulation_enabled` é verdade. A tela do HTML mostra o número certo (vem do daemon), então a perda é invisível até ela reiniciar."
06-navegacao,Velocidade guardada no PERFIL (seção `Profile.mouse`),IGUAL,in_profile,PRESENTE,LADO-HTML,src/hefesto_dualsense4unix/app/draft_config.py:692 · src/hefesto_dualsense4unix/app/draft_config.py:826 · src/hefesto_dualsense4unix/app/draft_config.py:574,src/hefesto_dualsense4unix/interface/pacotes/rodape.py:217 · src/hefesto_dualsense4unix/interface/pacotes/rodape.py:257,"A seção `mouse` entra no perfil quando `dirty` (ela tocou nesta sessão) ou `in_profile` (o perfil de origem já a tinha), e o rodapé ""Salvar Perfil"" a grava. Sem `enabled` — o dono do liga/desliga é o modo.",FECHOU EM 05/09/2026 (Fase 1.2 do perfil). `rodape._o_que_e_da_mesa_inteira` lê `mouse_emulation` do `daemon.state_full` e monta o `MouseDraft` com `dirty=True` — sem esse `dirty` a seção não passa pelo gate de `to_profile` e some no Salvar. Velocidade do cursor E da rolagem viajam para o perfil.,"Fechada. A velocidade por PERFIL — rápido no desktop, lento no jogo de apontar-e-clicar — passou a existir no lado HTML pelo rodapé, que é onde o Salvar mora. O caminho é o do lado GTK: o mesmo `DraftConfig.to_profile`, o mesmo gate `dirty`/`in_profile`. A diferença que sobra é de ORIGEM e não de efeito: o GTK monta o draft a partir dos widgets da aba Emulação, e o HTML a partir do que o daemon publica no instante do Salvar. Os dois `bignum` de ""velocidade do estilo Point-and-click"" (`interface/aba06.py`) continuam sem endereço de propósito — ligá-los mudaria o cursor dela agora."
06-navegacao,Tabela do que cada botão faz como mouse,SO_NO_HTML,Profile.button_actions,PRESENTE,src/hefesto_dualsense4unix/interface/pacotes/a06_navegacao.py,src/hefesto_dualsense4unix/gui/main.glade:3840,src/hefesto_dualsense4unix/interface/aba06.py:1302 · src/hefesto_dualsense4unix/interface/pacotes/a06_navegacao.py:1013 · src/hefesto_dualsense4unix/interface/pacotes/a06_navegacao.py:1178,"Um `GtkFrame` estático com 8 linhas escritas no glade: Cruz/L2 → Botão esquerdo, Triângulo/R2 → Botão direito, R3 → Botão do meio, Círculo → Enter, Quadrado → Esc, D-pad → setas, analógico esquerdo → cursor, direito → rolagem. SÓ LEITURA — não há como trocar nenhuma.","A tela ""Definições Controle e Mouse"": 21 linhas, cada uma com um `<select>` de 25 opções agrupadas (Mouse · Função do teclado · Executar Comando · Nada), com ""Guardar"" e ""Voltar ao padrão"" que gravam em `Profile.button_actions`.","Ganho real e com motor por trás: `Profile.button_actions` nasceu por decisão dela em 01/09 (*""ganha campo""*), o esquema valida (`profiles/schema.py:1034, :1133`), e `profiles/manager.apply_button_actions:570` propaga aos DOIS devices via `core/acoes_de_botao.resolver`. A GTK nunca tocou nesse campo — grep por `button_actions` em `app/` volta vazio. Ninguém deve ""consertar"" isto removendo. A ressalva de convivência está numa linha própria abaixo."
06-navegacao,"Editar QUAL TECLA cada botão digita (`Profile.key_bindings`, combinação livre)",DIFERENTE,dehumanize_binding,PRESENTE,LADO-HTML,src/hefesto_dualsense4unix/app/actions/input_actions.py:369 · src/hefesto_dualsense4unix/app/actions/input_actions.py:533 · src/hefesto_dualsense4unix/app/actions/input_actions.py:192 · src/hefesto_dualsense4unix/gui/main.glade:4088,src/hefesto_dualsense4unix/interface/pacotes/a06_navegacao.py:1305 · src/hefesto_dualsense4unix/interface/pacotes/a06_navegacao.py:2810 · src/hefesto_dualsense4unix/interface/aba06.py:2205,"TreeView com a coluna ""Tecla do teclado"" editável em texto: ela digita ""Alt + Tab"", ""Ctrl + Shift + F"", ""Super"", ""Abrir teclado na tela"" — qualquer combinação de `KEY_*`. `dehumanize_binding` converte para os tokens crus e `parse_binding` valida na fronteira, com toast quando não reconhece.","A tela **Teclas do teclado** (pop-up da aba Navegação) tem um campo de TEXTO por botão: ela digita `Alt + Tab`, `Ctrl + W`, `F5`, qualquer combinação, e o `dehumanize_binding` do MESMO dono da janela antiga traduz. `guardar-teclas` grava em `Profile.key_bindings`; cada linha tem um ↺ que devolve só ela ao de fábrica.","A lista fechada tem 14 teclas e dois combos fixos (Alt+Tab, Alt+Shift+Tab). Tudo o que estiver fora dela — uma letra, um F5, um Ctrl+W, qualquer combinação que ela invente — a GTK escreve e o HTML não tem como escrever, por nenhuma aba. Procurei `key_bindings` em toda a árvore `interface/`: só aparece nesta aba, e só para zerar. É a maior perda de alcance da migração desta área, e ela é estrutural (campo fechado × campo aberto), não um botão que ficou para trás. || DIFERENTE, e a diferença é o ALCANCE, medida em 06/09/2026: a GTK oferece a coluna para os 17 botões de `CANONICAL_BUTTONS`; a tela nova oferece para os OITO de `acoes_de_botao.DOMINIO_DO_TECLADO` — os únicos em que `key_bindings` manda depois que `button_actions` existe. Nos outros nove a escrita iria para o disco e o `resolver()` não a leria. A tela nova valida MAIS que a antiga: além de `parse_binding` (a forma), ela pergunta a `uinput_keyboard.SUPPORTED_KEYS` se o device sabe emitir a tecla — a antiga aceita `KEY_BANANA` e o device a pula em silêncio. NÃO PUBLICADA: a tela existe na bancada e o produto continua sem ela até o `--publicar 06`."
06-navegacao,Adicionar uma linha de atalho para um botão que não tinha,DIFERENTE,"data-campo=""plastico""",PRESENTE,src/hefesto_dualsense4unix/interface/aba06.py,src/hefesto_dualsense4unix/app/actions/input_actions.py:488 · src/hefesto_dualsense4unix/gui/main.glade:4121,src/hefesto_dualsense4unix/interface/aba06.py:962,"""Adicionar"" escolhe o primeiro botão canônico ainda sem linha, cria a linha com KEY_SPACE e explica no toast, com o nome humano do botão, o que aconteceu e onde trocar.","Não há botão ""Adicionar"" — as 21 linhas existem sempre, e dar função a um botão vazio é escolher na lista da linha dele.","Não é perda: o ""Adicionar"" da GTK só existe porque a lista dela cria linha apenas para botão QUE JÁ TEM tecla — botão sem tecla simplesmente some, e foi isso que produziu o TECLADO-QUE-NAO-DIGITA-01. O HTML mostra os 21 sempre, o que dispensa o botão e mata a causa. A diferença que sobra é o alcance da lista, contada na linha do `key_bindings`."
06-navegacao,Remover: deixar um botão sem digitar nada,DIFERENTE,button_actions,PRESENTE,src/hefesto_dualsense4unix/interface/pacotes/a06_navegacao.py,src/hefesto_dualsense4unix/app/actions/input_actions.py:510 · src/hefesto_dualsense4unix/gui/main.glade:4129,src/hefesto_dualsense4unix/core/acoes_de_botao.py:128 · src/hefesto_dualsense4unix/core/acoes_de_botao.py:294 · src/hefesto_dualsense4unix/interface/pacotes/a06_navegacao.py:1079,"""Remover"" tira a linha selecionada e a chave sai de `key_bindings` (recusa dizendo quando não há linha selecionada).","Escolher ""— Nada —"" na linha. `resolver()` vê o `__NADA__` e pula o botão, então ele não entra em nenhum dos dois devices.","O efeito no device é o mesmo — o botão fica mudo. O CAMPO é outro: a GTK apaga a chave de `key_bindings`, o HTML grava `__NADA__` em `button_actions`. Isso importa porque `button_actions` preenchido reescreve o conjunto INTEIRO de bindings do teclado quando o perfil é aplicado (ver a linha da convivência), então o silêncio pedido pelo HTML é mais forte do que ela imagina: ele não cala um botão, ele redefine todos."
06-navegacao,Voltar ao padrão dos atalhos,DIFERENTE,button_actions,PRESENTE,src/hefesto_dualsense4unix/interface/pacotes/a06_navegacao.py,src/hefesto_dualsense4unix/app/actions/input_actions.py:524 · src/hefesto_dualsense4unix/gui/main.glade:4137,src/hefesto_dualsense4unix/interface/pacotes/a06_navegacao.py:1178 · src/hefesto_dualsense4unix/interface/aba06.py:1276,"""Voltar ao padrão"" põe `draft.key_bindings = None` (herda `DEFAULT_BUTTON_BINDINGS`), repinta a lista e avisa. Só o rascunho — o disco só muda no ""Salvar Perfil"".","""Voltar ao padrão"" da tela de definições zera OS DOIS campos (`key_bindings=None` e `button_actions=None`), grava no disco na hora e manda o daemon reaplicar o perfil. Pede confirmação, e recusa dizendo quando já está de fábrica.","Três diferenças, e uma é perigosa. (1) Alcance: o HTML zera dois campos, a GTK um — e zerar os dois é a escolha certa, porque zerar só um deixaria a tabela metade de fábrica. (2) Confirmação: o HTML pergunta antes, a GTK não. (3) Momento da gravação: o HTML grava DIRETO no arquivo e reaplica; a GTK só mexe no rascunho. Quem clicar no ""Voltar ao padrão"" do HTML apaga, no mesmo gesto, todos os atalhos que ela tenha escrito à mão na GTK — e o texto de confirmação fala em ""as 21 linhas de o que cada botão faz"", não em atalhos de teclado. || REMEDIDA em 04/09/2026 pela ONDA2-06, com o endereço lido no código. Continua DIFERENTE (rascunho x disco é troca de modelo deliberada), mas a metade PERIGOSA fechou: a confirmação passou a dizer 'atalhos de teclado' e o gesto dá recibo do que apagou."
06-navegacao,Onde a escolha é GRAVADA (rascunho + rodapé × disco direto),DIFERENTE,perfil.gravar_e_reaplicar,PRESENTE,src/hefesto_dualsense4unix/interface/pacotes/a06_navegacao.py,src/hefesto_dualsense4unix/app/actions/input_actions.py:558 · src/hefesto_dualsense4unix/app/draft_config.py:826,src/hefesto_dualsense4unix/interface/pacotes/a06_navegacao.py:1163 · src/hefesto_dualsense4unix/interface/pacotes/a06_navegacao.py:1243,"Tudo vai para o `DraftConfig`; o disco só é escrito pelo rodapé (""Salvar Perfil""), e o ""Aplicar"" manda o rascunho ao daemon. Dá para experimentar e desistir.","O ""Guardar"" chama `perfil.gravar_e_reaplicar` — `save_profile` no disco + `profile.switch` se for o ativo. Não há rascunho e não há desfazer.","É uma troca deliberada de modelo, e ela tem os dois lados. A favor do HTML: a GTK tinha um caminho em que a escolha ficava no rascunho e sumia se ela fechasse a janela, e o ""Guardar"" do HTML é explícito. Contra: no HTML não há ""Cancelar"" que devolva o disco — o `fechar-definicoes` (que existe só na bancada) larga as escolhas PENDENTES, não desfaz o que já foi gravado. E o ""Guardar"" grava só o que DIFERE do de fábrica, o que é a decisão certa e não tem paralelo na GTK."
06-navegacao,Convivência entre `key_bindings` (GTK) e `button_actions` (HTML) no daemon,DIFERENTE,DEFAULT_BUTTON_BINDINGS,PRESENTE,LADO-HTML,src/hefesto_dualsense4unix/profiles/manager.py:303 · src/hefesto_dualsense4unix/profiles/manager.py:635,src/hefesto_dualsense4unix/profiles/manager.py:304 · src/hefesto_dualsense4unix/profiles/manager.py:570 · src/hefesto_dualsense4unix/core/acoes_de_botao.py:244,"Escreve só `key_bindings`. O daemon aplica com `apply_keyboard`, que resolve o perfil e chama `device.set_bindings(...)`.","Escreve só `button_actions`. O daemon aplica com `apply_button_actions`, que roda DEPOIS e chama `teclado.set_bindings(resolve_key_bindings(do_teclado))` com o conjunto derivado de `acoes_de_botao.resolver(button_actions)`.","ACHADO NÃO REGISTRADO, e é o mais caro desta medição. `resolver()` parte de `padrao()`, que lê `DEFAULT_BUTTON_BINDINGS` — o DE FÁBRICA — e aplica só as diferenças de `button_actions`. Ele NUNCA consulta `profile.key_bindings`. Como `apply_button_actions` roda depois de `apply_keyboard` e reescreve o conjunto inteiro, um perfil com `button_actions` preenchido faz os `key_bindings` dela pararem de valer, em silêncio, na próxima ativação do perfil (com o device de mouse vivo; sem ele o método sai antes, em `manager.py:614`). Efeito prático: o primeiro ""Guardar"" na tela nova apaga o efeito de tudo o que ela editou na tabela da GTK, e o arquivo continua mostrando os dois campos, como se os dois valessem. Isto é do produto, não da aba — e é o preço de a migração ter trocado de campo em vez de reusar o que existia. [noqa-acento: os literais sem acento nesta linha são CÓDIGO — o valor do atributo, o nome da função ou a chave do estado. Acentuá-los quebraria o casamento com o fonte.] || REMEDIDA em 04/09/2026 pela ONDA2-06, com o endereço lido no código. Continua DIFERENTE — fechou só a metade DITA. A cura é no MOTOR: `core/acoes_de_botao.resolver()` tem de herdar `profile.key_bindings`."
06-navegacao,O botão PS na tabela de atalhos,IGUAL,BOTAO_PS,PRESENTE,src/hefesto_dualsense4unix/interface/pacotes/a06_navegacao.py,src/hefesto_dualsense4unix/app/actions/input_actions.py:100 · src/hefesto_dualsense4unix/app/actions/input_actions.py:146,src/hefesto_dualsense4unix/interface/aba06.py:1578 · src/hefesto_dualsense4unix/interface/pacotes/a06_navegacao.py:1516 · src/hefesto_dualsense4unix/interface/pacotes/a06_navegacao.py:1522 · src/hefesto_dualsense4unix/core/acoes_de_botao.py:62,"`ps` é um dos 17 botões canônicos e aparece na lista, com o rótulo ""Botão PS"" — dá para dar uma tecla a ele.","O `ps` é a 19ª das VINTE E DUAS linhas da tabela de atalhos (`aba06.REMAP`, `(gl(""ps""), ""ps"")`), com o nome ao lado como as outras dezessete que não são face nem direcional, e o valor de fábrica vem do motor (`acoes_de_botao.acao_do_ps`, ""Abrir a Steam"").","Diferença medida rodando as duas listas lado a lado: só na GTK está `ps`; só no HTML estão `l3_direcao`, `r3_direcao` e as três regiões do touchpad. Provavelmente é decisão implícita (o PS é a base dos cinco combos, e trocá-lo tiraria as saídas de emergência que a própria dica da aba nomeia — `interface/aba06.py:1395-1397`), mas ela não está escrita em lugar nenhum, e a GTK continua oferecendo. Fica como falta declarada até alguém decidir. || DECIDIDO em 04/09/2026 — Fica fora, e a razão vira dica. O PS é a saída de emergência. Onde está escrito: `docs/process/2026-09-04-O-PO-DECIDE-as-54-e-os-sete-conflitos.md` §2 `06[03]`, sobre a pergunta [03] de `docs/process/sprints/2026-09-04-DECISOES-DELA-06-navegacao.md`. Não espera mais palavra dela. || REMEDIDA em 04/09/2026 pela ONDA2-06, com o endereço lido no código. Sai do balde DESENHO: fica FORA por decisão, e a razão está dita na tela. Não é dívida a pagar — é escolha registrada. || CORREÇÃO no mesmo dia: chegou a ser marcada DIFERENTE, e o portão recusou com razão — DIFERENTE pede o sinal PRESENTE, e ele está AUSENTE. Uma decisão de deixar de fora NÃO é a mesma coisa que estar lá diferente. Fica FALTA_NO_HTML com a razão dita: é escolha registrada, não dívida a pagar. || CADUCOU em 06/09/2026: a decisão de 04/09 (""Fica fora"") foi REVERTIDA pela 06-Q3 dela, e a `ONDA5-06-02` pôs o botão PS na lista — ele é a 19ª das 22 linhas e abre em ""Abrir a Steam"", que é o `padrao()[""ps""]` do motor. A linha está fechável como IGUAL, e o fecho é da `PARIDADE-REMEDIR-01`, que mede as duas metades da célula antes de escrever o veredito. [noqa-acento: os literais sem acento nesta linha são CÓDIGO — o nome da função ou o valor do atributo. Acentuá-los quebraria o casamento com o fonte.] || FECHADA em 06/09/2026 pela PARIDADE-REMEDIR-01, que é o que a própria célula mandava fazer, com as DUAS metades medidas: o desenho (`aba06.py:1578`) e o motor (`a06_navegacao.py:1516`, que resolve o que o PS faz por `acoes.acao_do_ps`). IGUAL: os dois lados oferecem o `ps` na lista e os dois o resolvem pelo mesmo dono. A reversão é dela (06-Q3) e revoga a decisão de 04/09 (""fica fora"")."
06-navegacao,As três regiões do touchpad na tabela,DIFERENTE,"data-campo=""identidade""",PRESENTE,src/hefesto_dualsense4unix/interface/aba06.py,src/hefesto_dualsense4unix/app/actions/input_actions.py:101 · src/hefesto_dualsense4unix/app/actions/input_actions.py:315,src/hefesto_dualsense4unix/interface/aba06.py:983 · src/hefesto_dualsense4unix/core/acoes_de_botao.py:66,"NÃO as oferece, por decisão dela de 09/08 (TOUCHPAD-DO-SISTEMA-01): o touchpad voltou a ser ponteiro do sistema, e listar um botão que o produto não dispara é a janela mentindo. Em vez de linha, uma FRASE explica que o perfil continua guardando os atalhos e que esta versão não os dispara.","Oferece as três como linhas editáveis, por decisão dela de 27/08 (*""o touchpad tem o click pra esquerda, linha do clique direita linha do click centro""*), com os padrões Backspace/Delete/Enter lidos do produto.","NÃO HAVIA CONFLITO, e a premissa desta linha caiu por palavra DELA em 04/09/2026: *""Pedi pra tirar o texto não o touch mostrando os toques.""* O que ela mandou remover em 09/08 foi o TEXTO da aba — não o touchpad como entrada —, e a decisão de 27/08 nunca contradisse a de julho. As três regiões FICAM na tabela (D-15). || O QUE ESTA LINHA MEDIU DE VERDADE, e continua valendo, é outra coisa: `daemon/subsystems/keyboard._combine_with_touchpad:442` se cala quando o touchpad é ponteiro do sistema, para um clique não disparar duas coisas. Se essa condição valer nesta máquina, o HTML oferece três linhas que não acendem nada e não diz uma palavra — e ISSO é a dívida, não a escolha de oferecê-las. || FATO ERRADO SUBSTITUÍDO: esta célula dizia ""Duas decisões DELA em conflito, com seis semanas de distância"". O conflito foi construído por quem escreveu, lendo uma das duas por cima. A lição, dela: quando duas escolhas dela parecem se contradizer, a primeira hipótese é que eu li uma delas errado. || DECIDIDO em 04/09/2026 — Ficam, com a marca de que não disparam. A D-15 já mandou que ficassem; a marca impede a tela de prometer. A marca nasce FIXA — a viva espera o daemon publicar `ponteiro_do_sistema`, e isso é sprint própria. Onde está escrito: `docs/process/2026-09-04-O-PO-DECIDE-as-54-e-os-sete-conflitos.md` §2 `06[02]`, sobre a pergunta [02] de `docs/process/sprints/2026-09-04-DECISOES-DELA-06-navegacao.md`. Não espera mais palavra dela. || REMEDIDA em 04/09/2026 pela ONDA2-06, com o endereço lido no código. Fechada por decisão dela: as três regiões FICAM, com a marca, e a tela parou de prometer o que o motor não faz."
06-navegacao,Os dois eixos dos analógicos como linha da tabela,SO_NO_HTML,acoes_de_botao,PRESENTE,src/hefesto_dualsense4unix/interface/aba06.py,src/hefesto_dualsense4unix/app/actions/input_actions.py:83,src/hefesto_dualsense4unix/core/acoes_de_botao.py:50 · src/hefesto_dualsense4unix/core/acoes_de_botao.py:237 · src/hefesto_dualsense4unix/interface/aba06.py:972 · src/hefesto_dualsense4unix/interface/aba06.py:974,"Não existem — a GTK só lista botões, e eixo não é botão em lugar nenhum do produto.","`l3_direcao` e `r3_direcao` são duas das 21 linhas, com ""Movimento do cursor"" e ""Rolagem vertical e horizontal"" de fábrica.","Ganho de honestidade: sem as duas linhas, ""L3 · direção"" seria a única coisa da tabela sem endereço, e a tela não conseguiria dizer o que o analógico faz. Ressalva medida e já declarada: `resolver()` pula os dois eixos (`acoes_de_botao.py:292-293`), então trocar o que eles fazem não acende nada hoje — e há uma segunda ponta solta, que `_nome_do_botao` não tem rótulo humano para eles (`input_actions._BUTTON_LABELS` tem 20 nomes para 21 botões), então uma recusa que os cite mostraria `r3_direcao` cru na tela dela."
06-navegacao,Legenda que ensina como o teclado emulado funciona,DIFERENTE,acao-do-gesto,PRESENTE,src/hefesto_dualsense4unix/interface/aba06.py,src/hefesto_dualsense4unix/app/actions/input_actions.py:55 · src/hefesto_dualsense4unix/app/actions/input_actions.py:395 · src/hefesto_dualsense4unix/gui/main.glade:4066,src/hefesto_dualsense4unix/interface/aba06.py:1404 · src/hefesto_dualsense4unix/interface/aba06.py:997,"`BINDINGS_LEGEND`, quatro parágrafos fixos acima da lista: como funciona, como fazer combinações com ""+"", como abrir o teclado na tela, e o aviso de que NENHUM atalho de fábrica digita letra.","Parte do mesmo conteúdo virou dica `?` do quadro Navegação (combinações com ""+"", nenhum atalho de fábrica digita letra, abra com o L3) e dica da ""Função do teclado"".","O texto sobreviveu, mas mudou de forma por regra dela de 30/08 (*""texto na interface é zero… se for de média importância vira tooltip""*), e mudou de lugar: na GTK está acima da lista de atalhos, no HTML está na dica do quadro, longe da tela de 21 linhas onde ela vai escolher. A parte que se perdeu no caminho é a instrução de COMBINAR teclas — no HTML ela não faz sentido, porque não há onde digitar uma combinação."
06-navegacao,Dizer se ESTA máquina tem teclado na tela instalado,IGUAL,frase_do_teclado_na_tela,PRESENTE,src/hefesto_dualsense4unix/interface/pacotes/a06_navegacao.py,src/hefesto_dualsense4unix/app/actions/input_actions.py:271 · src/hefesto_dualsense4unix/app/actions/input_actions.py:437 · src/hefesto_dualsense4unix/app/actions/mouse_actions.py:209,src/hefesto_dualsense4unix/interface/pacotes/a06_navegacao.py:455 · src/hefesto_dualsense4unix/interface/aba06.py:1572 · src/hefesto_dualsense4unix/interface/paginas/06-navegacao.html:3029,"`frase_do_teclado_na_tela(osk_disponivel)` — tri-estado, lido do `keyboard_emulation.osk_disponivel` do daemon. Instalado: ""o L3 abre"". Não instalado: diz que o L3 não vai abrir nada, que não há como escrever texto hoje, e nomeia os dois pacotes com o ambiente de cada um. `None` devolve string vazia — não afirma sobre máquina que ninguém olhou.","`_o_teclado_na_tela_em_uma_linha` chama `input_actions.frase_do_teclado_na_tela` — a mesma função da GTK — com o `osk_disponivel` do daemon, e põe a frase na linha `teclado-osk`. O tri-estado é preservado: só um `bool` de verdade vira afirmação; qualquer outra coisa vira `None`, e `None` devolve frase vazia.","FECHADA em 03/09/2026 (`f66b2318`) e REMEDIDA aqui. `teclado-osk` saiu do `SEM_ENDERECO` — o desenho ganhou a linha, e o que cai nela é a frase do PRODUTO, não uma frase nova. || É a frase que decide se existe ALGUM caminho para escrever texto com o controle, já que nenhum atalho de fábrica digita letra: a dica desta aba manda abrir o teclado na tela com o L3, e numa máquina sem `wvkbd-mobintl`/`onboard` a tela prometia o que não entrega. Visto na tela dela em 03/09: *""Neste computador: o teclado na tela está instalado — o L3 abre.""*, com o daemon publicando `osk_disponivel: true`."
06-navegacao,Nomear os botões que não digitam nada,DIFERENTE,_aviso_da_tabela,PRESENTE,LADO-HTML,src/hefesto_dualsense4unix/app/actions/input_actions.py:228 · src/hefesto_dualsense4unix/app/actions/input_actions.py:76,src/hefesto_dualsense4unix/interface/pacotes/a06_navegacao.py:1130 · src/hefesto_dualsense4unix/interface/pacotes/a06_navegacao.py:993 · src/hefesto_dualsense4unix/interface/pacotes/a06_navegacao.py:1070 · src/hefesto_dualsense4unix/interface/aba06.py:1882,"`frase_dos_botoes_sem_tecla` lista, em português e com nome humano, os botões sem tecla; e diz quais deles JÁ são do mouse, avisando que dar tecla a esses faz o botão fazer as duas coisas ao mesmo tempo. Tem texto próprio para o caso ""nenhum botão digita nada"".","a tira nomeia, e vai ALÉM da GTK: diz também os dois donos do R3 e as seis linhas que o `— Nada —` não cala","Duas coisas se perderam. A primeira é atenuada: como o HTML mostra as 21 linhas sempre, a lista já responde ""quem não digita"" — quem estiver em ""— Nada —"". A segunda não é: o aviso de que um botão pode ter DOIS donos (o device de mouse e o de teclado agindo no mesmo botão) sumiu, e no HTML o problema é maior, porque a tabela dele oferece explicitamente ações de mouse E de teclado na mesma lista, sem dizer que escolher uma não desliga a outra. O `padrao()` do produto até documenta a colisão do R3 (`acoes_de_botao.py:214-218`); a tela não a mostra. [noqa-acento: os literais sem acento nesta linha são CÓDIGO — o valor do atributo, o nome da função ou a chave do estado. Acentuá-los quebraria o casamento com o fonte.] || DECIDIDO em 04/09/2026 — Uma tira de aviso sob a tabela. O que vai ser APAGADO não mora num hover. Onde está escrito: `docs/process/2026-09-04-O-PO-DECIDE-as-54-e-os-sete-conflitos.md` §2 `06[04]`, sobre a pergunta [04] de `docs/process/sprints/2026-09-04-DECISOES-DELA-06-navegacao.md`. Não espera mais palavra dela. || REMEDIDA em 04/09/2026 pela ONDA2-06, com o endereço lido no código. É DIFERENTE por ir além, não por faltar. || SINAL TROCADO: era `frase_dos_botoes_sem_tecla`, que a ONDA2-06 removeu ao reescrever a tira. O sinal novo é a FUNÇÃO que produz o aviso, não uma frase — frase muda de redação, função só some quando a feature some."
06-navegacao,Nomear os atalhos que o perfil guarda e a lista não mostra,DIFERENTE,frase_dos_atalhos_fora_da_lista,PRESENTE,LADO-HTML,src/hefesto_dualsense4unix/app/actions/input_actions.py:315 · src/hefesto_dualsense4unix/app/actions/input_actions.py:558,src/hefesto_dualsense4unix/interface/pacotes/a06_navegacao.py:1088 · src/hefesto_dualsense4unix/interface/pacotes/a06_navegacao.py:1130,"`frase_dos_atalhos_fora_da_lista` nomeia as chaves guardadas que não têm linha (hoje, as regiões do touchpad), diz o motivo, e garante que nada nesta aba as apaga. É a metade visível do ATALHO-FORA-DA-LISTA-01; a outra é a FUSÃO em `_persist_key_bindings_to_draft`, que impede o primeiro gesto na aba de podar o perfil dela em silêncio.",a tira os nomeia e diz que guardar os substitui,"O defeito que a fusão da GTK cura — a tela podar o que ela nunca ofereceu — volta no HTML por outro caminho: não pela poda, mas pela reescrita em `apply_button_actions`. E não há frase nenhuma dizendo isso. O ""Voltar ao padrão"" do HTML é o mais direto: apaga `key_bindings` inteiro, incluindo o que a GTK preservava com cuidado, e a confirmação nem cita a palavra ""atalhos"". || DECIDIDO em 04/09/2026 — Uma tira de aviso sob a tabela. O que vai ser APAGADO não mora num hover. Onde está escrito: `docs/process/2026-09-04-O-PO-DECIDE-as-54-e-os-sete-conflitos.md` §2 `06[04]`, sobre a pergunta [04] de `docs/process/sprints/2026-09-04-DECISOES-DELA-06-navegacao.md`. Não espera mais palavra dela. || REMEDIDA em 04/09/2026 pela ONDA2-06, com o endereço lido no código. DIFERENTE por FATO, não por forma: a GTK diz 'nada nesta aba os apaga' e aqui APAGA. A frase tinha de mudar porque o fato mudou."
06-navegacao,Avisar o CUSTO de desligar o teclado emulado,DIFERENTE,_o_custo_de_desligar_o_teclado,PRESENTE,LADO-HTML,src/hefesto_dualsense4unix/app/actions/emulation_actions.py:1722,src/hefesto_dualsense4unix/interface/pacotes/a06_navegacao.py:482 · src/hefesto_dualsense4unix/interface/pacotes/a06_navegacao.py:478 · src/hefesto_dualsense4unix/interface/aba06.py:1719,"O toast do desligar diz: ""saem também o teclado na tela (L3/R3) e as três regiões do touchpad"" — não só o Alt+Tab. Está no código com a nota de que o custo foi medido e não é óbvio.","a frase é PERMANENTE enquanto durar, em vez do aviso de 30 s da GTK","O HTML tem canal para a RECUSA (`_recusou_dizendo`, só `RuntimeError`) e nenhum canal para o AVISO DE SUCESSO. É uma lacuna do piloto, não desta aba, e está declarada — mas o efeito na tela dela é o mesmo: escolher ""Desativado"" tira três coisas e a tela só mostra a lista mudando. || DECIDIDO em 04/09/2026 — Uma frase permanente enquanto estiver desativado. Onde está escrito: `docs/process/2026-09-04-O-PO-DECIDE-as-54-e-os-sete-conflitos.md` §2 `06[05]`, sobre a pergunta [05] de `docs/process/sprints/2026-09-04-DECISOES-DELA-06-navegacao.md`. Não espera mais palavra dela. || REMEDIDA em 04/09/2026 pela ONDA2-06, com o endereço lido no código. DIFERENTE por ser MELHOR: um custo que dura não cabe num aviso que some. || SINAL TROCADO: era a frase `Teclado emulado ligado`, que deixou de existir quando o aviso virou permanente. Pela mesma razão da linha 219: o sinal passa a ser a FUNÇÃO, que só some se a feature sumir."
06-navegacao,O rótulo do L3 de fábrica (`__TOGGLE_OSK__`),IGUAL,Abrir e fechar o teclado na tela,PRESENTE,src/hefesto_dualsense4unix/interface/paginas/06-navegacao.html,src/hefesto_dualsense4unix/app/actions/input_actions.py:173,src/hefesto_dualsense4unix/interface/paginas/06-navegacao.html:3166 · src/hefesto_dualsense4unix/interface/aba06.py:1276,"Mostra ""Abrir e fechar teclado na tela"" na linha do L3. O rótulo foi acrescentado em 02/09 justamente para não mostrar `__TOGGLE_OSK__` cru na tela dela.","A lista de cada uma das 21 linhas oferece as 26 ações de `core/acoes_de_botao.ACOES`, inclusive `TOKEN_TOGGLE_OSK` — ""Abrir e fechar o teclado na tela"" —, que é o de fábrica do L3. A pintura da linha do L3 casa com uma `<option>`, e o ""Guardar"" devolve o mesmo token.","FECHADA: ELA PUBLICOU. A linha dizia *""a cura é publicar a bancada, e é ato dela""*, e o ato aconteceu — `mockup/06-navegacao.html` e `interface/paginas/06-navegacao.html` são BYTE-IDÊNTICOS em 03/09/2026. Contado no arquivo publicado: 26 `<option>` para as 26 ações do produto, diferença de conjunto VAZIA. || As duas consequências caladas morreram juntas: a pintura do L3 não é mais descartada em silêncio por `escrever()`, e o ""Guardar"" não rebaixa mais o L3 de alternador para só-abrir. Remedido lendo a página, e não a bancada — que é a regra que este episódio deixou."
06-navegacao,"Quem navega o PC, e por qual controle",SO_NO_HTML,is_primary,PRESENTE,src/hefesto_dualsense4unix/interface/pacotes/a06_navegacao.py,src/hefesto_dualsense4unix/gui/main.glade:3690,src/hefesto_dualsense4unix/interface/pacotes/a06_navegacao.py:396 · src/hefesto_dualsense4unix/interface/pacotes/a06_navegacao.py:534 · src/hefesto_dualsense4unix/interface/paginas/06-navegacao.html:1690 · src/hefesto_dualsense4unix/interface/paginas/06-navegacao.html:2070,"Não existe. A aba não mostra a mesa nem diz de qual controle o mouse e o teclado saem — o produto declara ""INPUT vem sempre do primário"" no esquema, e a janela não o repete.","Um cartão por controle da mesa, com a linha ""USB • Navega o PC"" / ""BT • Só a janela"" pintada do `is_primary` do daemon e do `via` da mesa. É o campo `navega`, e são os únicos endereços por-controle da aba.","Ganho claro, e com dono no produto: `is_primary` vem do daemon. Com dois controles na mesa (é o caso dela agora), a GTK deixa a pessoa adivinhar de qual controle sai o cursor; o HTML responde na tela. A `title` da fita ainda reforça: *""Não se aplica: mouse, teclado e gestos saem de um controle só""* (`interface/aba06.py:1652`)."
06-navegacao,"A tabela dos cinco combos (PS+Options, PS+↑…)",SO_NO_HTML,config.ps_button_action,PRESENTE,src/hefesto_dualsense4unix/interface/pacotes/a06_navegacao.py,src/hefesto_dualsense4unix/gui/main.glade:3690,src/hefesto_dualsense4unix/interface/aba06.py:814 · src/hefesto_dualsense4unix/interface/aba06.py:937 · src/hefesto_dualsense4unix/interface/pacotes/a06_navegacao.py:1311,Não existe nesta aba. Os cinco combos são callbacks montados em código no `daemon/subsystems/hotkey.py` e a janela GTK não os mostra aqui.,"Tabela de cinco linhas com a combinação e o que ela faz, e o número de cada linha acende as peças correspondentes no desenho do controle ao passar o ponteiro. Cada linha tem um `<select>` com o gesto `acao-do-gesto`.","Ganho como LEITURA — ela passa a ver o que os combos fazem, o que a GTK nunca mostrou. Mas os cinco `<select>` são clique morto declarado: `acao-do-gesto` está em `SEM_GESTO` com a medição (os combos são callbacks em código, não dado; o vizinho `config.ps_button_action` tem escritor vivo pelo `daemon.reload` e nenhum que grave em disco). Registro como ganho porque a leitura tem valor e o resto está honestamente declarado — mas a tela OFERECE trocar cinco coisas que não trocam."
06-navegacao,"A lista ""Navegação Interna"" (navegar a janela do Hefesto com o controle)",SO_NO_HTML,core/disputa_de_botao.py,PRESENTE,src/hefesto_dualsense4unix/interface/pacotes/a06_navegacao.py,src/hefesto_dualsense4unix/gui/main.glade:3690,src/hefesto_dualsense4unix/interface/aba06.py:1129 · src/hefesto_dualsense4unix/interface/pacotes/a06_navegacao.py:1285,Não existe.,"Um `<select>` de três opções (""Ligada — cada controle navega o Hefesto"" / ""Só o Player N navega"" / ""Desligada""), com dica explicando o co-op. Sem gesto que o atenda.","Feature nova, e ainda sem motor: `SEM_GESTO` mede que nenhum dos 39 métodos do daemon a atende, e que o `core/disputa_de_botao.py` citado pelas sprints não existe no disco. O piloto recusa pelo NOME quando ela clica, o que é o mínimo honesto. Não é dívida da migração — é fila de produto, e está escrita como tal."
06-navegacao,"A lista ""Modo Steam""",SO_NO_HTML,SEM_GESTO,PRESENTE,src/hefesto_dualsense4unix/interface/aba06.py,src/hefesto_dualsense4unix/gui/main.glade:3690,src/hefesto_dualsense4unix/interface/aba06.py:1160 · src/hefesto_dualsense4unix/interface/pacotes/a06_navegacao.py:1289,"Não existe nesta aba (a GTK trata Steam Input em outro lugar, `emulation_actions.py:1764+`, e é outro assunto: desligar o PSSupport que sequestra o controle).","Um `<select>` de três degraus (""Desligado"" / ""o controle navega a Steam como num Steam Deck"" / ""e a Steam abre em Modo Jogo na próxima vez""). Sem gesto que o atenda.","Feature nova, sem motor: `SEM_GESTO` registra ""não há método de Modo Steam no daemon — nenhum dos 39"". Nasceu de um pedido dela de 27/08 (unificar dois botões trocados num só). Como a anterior: fila de produto, declarada, e o clique recusa pelo nome em vez de sumir."
06-navegacao,"""Voltar ao padrão"" da ABA INTEIRA",SO_NO_HTML,SEM_GESTO,PRESENTE,src/hefesto_dualsense4unix/interface/aba06.py,src/hefesto_dualsense4unix/app/actions/input_actions.py:524,src/hefesto_dualsense4unix/interface/aba06.py:1183 · src/hefesto_dualsense4unix/interface/pacotes/a06_navegacao.py:1317,"Não existe. A GTK tem ""Voltar ao padrão"" só para os atalhos do teclado, e ele faz exatamente o que o nome diz.","Um quarto botão na fileira, com confirmação, prometendo devolver a aba inteira ao de fábrica — as opções de ativação, os 5 gestos e as 21 linhas das duas telas. Sem gesto que o atenda.","Registro como ganho de desenho e RECUSA de execução, e a recusa está bem medida: das cinco coisas que a frase promete, só as duas velocidades têm rota; um botão que devolve dois números de cinco coisas seria o botão que responde calado. Está em `SEM_GESTO` por essa razão, com a frase inteira escrita. Vale a nota para quem for ligá-lo: o texto da confirmação promete mais do que qualquer implementação futura vai poder cumprir sem métodos novos."
06-navegacao,"A tela ""Remapeamento dos botões"" (para qual outro botão cada um passa a valer)",SO_NO_HTML,SEM_GESTO,PRESENTE,src/hefesto_dualsense4unix/interface/aba06.py,src/hefesto_dualsense4unix/gui/main.glade:3690,src/hefesto_dualsense4unix/interface/aba06.py:1314 · src/hefesto_dualsense4unix/interface/aba06.py:657 · src/hefesto_dualsense4unix/interface/pacotes/a06_navegacao.py:1336,Não existe. A GTK não tem remapeamento botão-por-botão em lugar nenhum.,"Uma pop-up completa com as mesmas 21 linhas e um `<select>` por linha com as cinco famílias de peças do mapa, mais ""— Sem troca —"". Guardar e Voltar ao padrão sem dono.","Feature nova e a mais funda das que faltam: `SEM_GESTO` mede que ""o remapeamento botão-por-botão não tem sequer campo no perfil, quanto mais método de IPC"". Os 21 `<select>` desta tela ficam de propósito sem `data-campo` e sem `data-gesto` — pintar um formulário que ninguém grava seria a metade errada da cura (`interface/aba06.py:693-705`). É a decisão certa e está escrita."
06-navegacao,"A tela ""Estilo Point-and-click""",SO_NO_HTML,mouse.emulation.set,PRESENTE,src/hefesto_dualsense4unix/interface/aba06.py,src/hefesto_dualsense4unix/app/actions/input_actions.py:571,src/hefesto_dualsense4unix/interface/aba06.py:1323 · src/hefesto_dualsense4unix/interface/pacotes/a06_navegacao.py:1339,"Não existe como tela. O que existe do lado do produto é um PERFIL em disco chamado `point_and_click.json`, que a GTK só carrega como qualquer outro perfil.","Uma pop-up com 7 linhas de mapa (touchpad como ponteiro, toques como cliques) e dois `bignum` de velocidade do estilo. Guardar sem dono, e os dois `bignum` deliberadamente sem endereço.","Feature nova sem motor, e a razão está medida: ""Estilo de Jogo"" não existe em campo, widget ou preset nenhum do produto. O cuidado que vale registrar é o dos dois `bignum`: eles ficaram sem endereço de propósito porque ligá-los ao `mouse.emulation.set` mudaria o cursor AGORA enquanto ela pensa que edita um estilo guardado — a pior forma de um botão mentir. Ninguém deve ligá-los sem o campo do estilo existir primeiro."
06-navegacao,A tela parar de desfazer a escolha de quem está clicando,IGUAL,"data-gesto=""linha-de-botao""",PRESENTE,src/hefesto_dualsense4unix/interface/paginas/06-navegacao.html,src/hefesto_dualsense4unix/app/actions/mouse_actions.py:355,src/hefesto_dualsense4unix/interface/paginas/06-navegacao.html:3166 · src/hefesto_dualsense4unix/interface/pacotes/a06_navegacao.py:916 · src/hefesto_dualsense4unix/interface/pacotes/a06_navegacao.py:1553,"Não precisa: o TreeView é o dono do que está na tela, e a sincronização com o daemon respeita edição pendente (`draft.mouse.dirty or in_profile` sai antes de sobrepor).","Os 21 `<select>` levam `data-gesto=""linha-de-botao""`, o gesto anota a escolha em `_MEXENDO`, e `_o_que_a_tabela_mostra` passa a CONCORDAR com a tela em vez de reescrevê-la — até guardar ou sair (a saída é medida pelo relógio, `PAUSA_DE_OUTRA_ABA`).","FECHADA: ELA PUBLICOU. A linha dizia *""NA TELA DELA HOJE a cura não existe""*, contando 21 ocorrências na bancada e 0 no publicado, e concluía *""publicar resolve, e publicar é ato dela""*. Recontado em 03/09/2026 no arquivo que o produto renderiza: **21 de 21**, e `fechar-definicoes` presente — os dois arquivos são byte-idênticos. || O defeito que isto cura estava medido com dublê (ANTES: Botão direito · CLIQUE: F11 · +1500 ms: Botão direito) e tinha duas causas, as duas desta aba: o `<select>` não casava com nenhum alvo clicável do ouvinte, e o tique reescrevia por cima."
07-lancadores,"Repor o atalho de inicialização DE CARONA, ao Salvar/Aplicar perfil",IGUAL,com_a_carona,PRESENTE,LADO-HTML,src/hefesto_dualsense4unix/app/actions/carona_do_wrapper.py:360 · src/hefesto_dualsense4unix/app/actions/profiles_actions.py:3232 · src/hefesto_dualsense4unix/app/actions/profiles_actions.py:3532 · src/hefesto_dualsense4unix/app/actions/profile_writer.py:210 · src/hefesto_dualsense4unix/app/actions/footer_actions.py:268 · src/hefesto_dualsense4unix/app/app.py:1790,src/hefesto_dualsense4unix/interface/pacotes/perfil.py:306 · src/hefesto_dualsense4unix/interface/pacotes/rodape.py:356 · src/hefesto_dualsense4unix/interface/pacotes/rodape.py:384 · src/hefesto_dualsense4unix/interface/pacotes/a10_perfis.py:277,"Todo gesto de perfil chama `pegar_carona_no_gesto`, que roda `reparar_ou_adiar` numa thread e repõe o wrapper que a Steam comeu — sem botão, sem ela lembrar de nada. Cinco chamadores.","`perfil.com_a_carona()` roda `carona_do_wrapper.passada(completa=True)` atrás do `carona.ligada()` e devolve a notícia junto do desfecho — sem botão. Chamam-na o «Aplicar» e o «Salvar» do rodapé (`rodape.py:356` e `:384`) e os gestos de perfil da aba 10, por `_com_a_carona`. Ela NUNCA levanta: é acabamento, não caminho.","É a cura que o desenho DELA pediu com todas as letras (*""nem precisa ter um botão na gui, mas ele se auto corrigir ao clicarmos em aplicar ou salvar""*, carona_do_wrapper.py:7). No HTML a reposição virou um botão que ela tem de achar: enquanto ela não abrir a aba 07 e clicar em Consertar, o jogo fica sem o atalho. MEDIDO AGORA nesta máquina: o PRAGMATA (appid 3357650) está com motivo `regressao` — *tinha o atalho e perdeu* — e nada o repôs. || FECHOU em 06/09/2026, e o `html_faz` anterior era a medição de 03/09 (""grep devolve só COMENTÁRIO""). Conferido no fonte: a função é de MÓDULO em `interface/pacotes/perfil.py`, o lugar compartilhado onde `gravar_e_reaplicar` já mora. IGUAL: o dono é o mesmo dos dois lados (`app/actions/carona_do_wrapper`), e o desenho dela — *""nem precisa ter um botão na gui, mas ele se auto corrigir ao clicarmos em aplicar ou salvar""* — está honrado nos dois."
07-lancadores,A vigia que espera a Steam fechar e repõe sozinha,IGUAL,INTERVALO_DA_VIGIA_S,PRESENTE,src/hefesto_dualsense4unix/interface/pacotes/a07_lancadores.py,src/hefesto_dualsense4unix/app/actions/carona_do_wrapper.py:417 · src/hefesto_dualsense4unix/app/actions/carona_do_wrapper.py:430 · src/hefesto_dualsense4unix/app/actions/carona_do_wrapper.py:199 · src/hefesto_dualsense4unix/app/actions/carona_do_wrapper.py:388,src/hefesto_dualsense4unix/interface/pacotes/a07_lancadores.py:630 · src/hefesto_dualsense4unix/interface/pacotes/a07_lancadores.py:696 · src/hefesto_dualsense4unix/interface/pacotes/a07_lancadores.py:707 · src/hefesto_dualsense4unix/interface/pacotes/a07_lancadores.py:1080 · src/hefesto_dualsense4unix/interface/pacotes/a07_lancadores.py:1405 · src/hefesto_dualsense4unix/interface/pacotes/a07_lancadores.py:732,"Quando o reparo é adiado (Steam ou jogo abertos), arma um `GLib.timeout_add_seconds(45)` que só pergunta ""a Steam já fechou?"" — sem reler o vdf — e o reparo ACONTECE quando ela sai da Steam. Avisa uma vez por episódio, nunca repete.","A `_VigiaDaSteam` arma no ramo de RECUSA do `consertar` e do `consertar-fechando-a-steam`, e o tique é `carona_do_wrapper.passada(completa=False)` — a MESMA função do tique da janela velha, com o mesmo `INTERVALO_DA_VIGIA_S` perguntado ao dono a cada volta e o mesmo desligador (`ligada()`). Quando a Steam fecha, o reparo ACONTECE, a leitura da aba é esquecida e a frase do dono vai ao corpo do cartão da Steam por uma volta da vigia.","03/09/2026 — A DÍVIDA FECHOU, e ela era uma PROMESSA sem dono: a recusa do `Consertar` termina em *""Feche a Steam e eu reponho""* (`sentinela_do_wrapper.frase_do_aviso`) e NADA reperguntava depois — ela tinha de fechar a Steam, lembrar da tarja de 30 s e voltar à aba para clicar de novo, que é exatamente o que o pedido dela recusa (*""ela não pode precisar lembrar de nada""*). || AS DUAS VIGIAS CONTINUAM SENDO DUAS, e é a armadilha 1 do enunciado: a `_Vigia` de LEITURA segue só-leitura (TTL de 20 s, `anotar=False`) e a pintura NUNCA escreve; a `_VigiaDaSteam` só nasce de um clique dela que foi adiado. || O QUE AINDA DIFERE é QUEM a arma: na GTK ela também é armada DE CARONA em todo Salvar/Aplicar perfil (`pegar_carona_no_gesto`); no HTML só o `Consertar` da 07. Isso é a linha *""Repor o atalho de inicialização DE CARONA""*, que segue FALTA_NO_HTML e mora em `interface/pacotes/rodape.py`."
07-lancadores,Aplicar o wrapper à biblioteca INTEIRA por um gesto explícito,DIFERENTE,sentinela_do_wrapper.reparar_ou_adiar,PRESENTE,src/hefesto_dualsense4unix/interface/pacotes/a07_lancadores.py,src/hefesto_dualsense4unix/app/actions/daemon_actions.py:1360 · src/hefesto_dualsense4unix/app/actions/daemon_actions.py:1371 · src/hefesto_dualsense4unix/app/actions/daemon_actions.py:1415 · src/hefesto_dualsense4unix/app/actions/daemon_actions.py:1478 · src/hefesto_dualsense4unix/gui/main.glade:3021,src/hefesto_dualsense4unix/interface/pacotes/a07_lancadores.py:487 · src/hefesto_dualsense4unix/interface/desenho_dos_lancadores.py:669,"""Aplicar aos jogos da Steam"": diálogo de confirmação TEMADO e não-bloqueante, depois worker que chama `apply_wrapper_to_all_games`. Recusa com jogo aberto; com a Steam aberta PERGUNTA se pode fechá-la.","Gesto `consertar` do cartão da Steam: chama `sentinela_do_wrapper.reparar_ou_adiar` direto, SEM confirmação, e levanta `RuntimeError` com a frase da sentinela quando o reparo é adiado ou erra.","03/09/2026 — DUAS DAS TRÊS DIFERENÇAS CAÍRAM, e uma delas era FATO ERRADO. (b) dizia *""o HTML só repõe o que `censo.reparaveis` traz, a GTK reaplica a TODOS os jogos instalados""*: os dois descem pelo MESMO `apply_wrapper_to_all_games`, e o `censo.reparaveis` do `reparar_ou_adiar` é o PORTÃO que decide se vale abrir o vdf, não o alcance da escrita (sentinela_do_wrapper.py:476-486). (c) dizia que a recusa da GTK vira pergunta e a do HTML só informa: o `consertar-fechando-a-steam` É essa pergunta, e existe desde hoje. || SOBRA A PRIMEIRA, e ela é de DESENHO: a janela velha mostra um diálogo de confirmação temado antes de escrever no `localconfig.vdf` e promete o backup por escrito; a página escreve com UM clique e só diz depois. Quem decide se a tela nova ganha essa confirmação é ela."
07-lancadores,"Fechar a Steam por ~20 s com consentimento, aplicar, e reabrir",IGUAL,with_steam_closed,PRESENTE,src/hefesto_dualsense4unix/interface/pacotes/a07_lancadores.py,src/hefesto_dualsense4unix/app/actions/daemon_actions.py:1497 · src/hefesto_dualsense4unix/app/actions/daemon_actions.py:1529 · src/hefesto_dualsense4unix/app/actions/daemon_actions.py:1546,src/hefesto_dualsense4unix/interface/pacotes/a07_lancadores.py:1339 · src/hefesto_dualsense4unix/interface/pacotes/a07_lancadores.py:1395 · src/hefesto_dualsense4unix/interface/pacotes/a07_lancadores.py:578 · src/hefesto_dualsense4unix/interface/pacotes/a07_lancadores.py:571,"Com a Steam aberta, mostra o diálogo de consentimento e, com o sim, roda `slo.with_steam_closed(apply_fn)` — fecha uma vez, aplica, reabre uma vez. É a única forma de a edição sobreviver (a Steam regrava o vdf ao sair).","O gesto `consertar-fechando-a-steam` chama `slo.with_steam_closed(sw.reparar_ou_adiar)` — o MESMO fluxo provado que os três botões da janela velha usam. O consentimento vem em DOIS cliques: o primeiro arma e troca o rótulo do botão, o segundo (que só existe no cartão já armado, e só dentro de `SEGUNDOS_PARA_CONFIRMAR`) executa. A recusa é `daemon_actions.format_steam_janela_recusa`, palavra por palavra.","03/09/2026 — A DÍVIDA FECHOU e o dado envelheceu CALADO, que é o defeito que esta régua existe para impedir: o `sinal` era `slo.with_steam_closed(apply_fn)` — com o nome do argumento LOCAL da GTK —, uma string que o lado HTML nunca escreveria, então a regra `divida-fechada` não podia acusar o fecho. Trocado por `with_steam_closed`, o símbolo do dono. || O que muda é só o VASO do consentimento: a janela velha pergunta num diálogo, a página pergunta com o botão que muda de rótulo — e os dois rótulos saem do diálogo da GTK (`daemon_actions._pedir_para_fechar_a_steam`). Os dois guardas (o `data-v` que só existe no cartão armado, e a janela de tempo) são o que impede a `--prova-gesto` de fechar a Steam DELA para provar que sabe clicar."
07-lancadores,Respeitar o `jogos_sem_wrapper.txt` no reparo em massa,DIFERENTE,jogos_sem_wrapper.txt,PRESENTE,src/hefesto_dualsense4unix/interface/pacotes/a07_lancadores.py,src/hefesto_dualsense4unix/app/actions/daemon_actions.py:1478 · src/hefesto_dualsense4unix/app/actions/daemon_actions.py:1546 · src/hefesto_dualsense4unix/app/actions/daemon_actions.py:1652 · src/hefesto_dualsense4unix/integrations/steam_launch_options.py:574,src/hefesto_dualsense4unix/interface/pacotes/a07_lancadores.py:504 · src/hefesto_dualsense4unix/integrations/sentinela_do_wrapper.py:481,NÃO respeita. Os TRÊS pontos em que a janela GTK aplica em massa chamam `apply_wrapper_to_all_games()` sem o argumento `excluir=` — a lista de recusa dela é ignorada e o wrapper volta ao jogo que ela tirou.,"Respeita. `reparar_ou_adiar` monta a chamada com `excluir=censo.recusados`, que sai do `jogos_sem_wrapper.txt`.","DIFERENTE-PARA-MELHOR no HTML, e é a armadilha 3 do enunciado: aqui a GTK é que tem o defeito. A própria docstring do motor declara que `excluir` existe *""para que 'não quero o wrapper neste jogo' sobreviva ao próximo install em vez de ser desfeito por ele""* (steam_launch_options.py:589) — e a janela dela desfaz. Não é dívida do HTML; é uma linha a NÃO copiar de volta."
07-lancadores,"Lembrete proativo ""este jogo ainda não abre pelo launcher do Hefesto""",IGUAL,wrapper_dialog_decision,PRESENTE,src/hefesto_dualsense4unix/interface/pacotes/a07_lancadores.py,src/hefesto_dualsense4unix/app/actions/launch_wrapper_dialog.py:345 · src/hefesto_dualsense4unix/app/actions/launch_wrapper_dialog.py:106 · src/hefesto_dualsense4unix/app/actions/launch_wrapper_dialog.py:380 · src/hefesto_dualsense4unix/app/actions/launch_wrapper_dialog.py:413 · src/hefesto_dualsense4unix/app/actions/launch_wrapper_dialog.py:449,src/hefesto_dualsense4unix/interface/pacotes/a07_lancadores.py:1721 · src/hefesto_dualsense4unix/interface/pacotes/a07_lancadores.py:2160,"No tique lento de 2 Hz que a janela já tem, decide por função pura (janela em foco é jogo Steam + emulação ativa + não dispensado + vdf diz que falta) e mostra UM diálogo não-modal, com anti-spam de 1 vez por appid por sessão. Lê o vdf uma vez por appid, em worker.","NADA. Não há tique, gatilho nem diálogo equivalente em `interface/`; para saber, ela tem de abrir a aba 07 e clicar em ""Detectar o jogo que está aberto"".","É a inversão de quem procura quem: na GTK o produto avisa ENQUANTO ela joga, que é o único momento em que a informação vale; no HTML ela precisa suspeitar do problema, sair do jogo, abrir a aba e clicar. Um aviso que exige suspeita prévia não é aviso. || FECHADA em 06/09/2026 pela STEAM-INPUT-01. O enunciado da sprint dizia NADA; medido, o lembrete existia desde 03/09 com DUAS das quatro condições. A que faltava era a da EMULAÇÃO: no Modo Nativo não há vpad e a aba avisava de duplicação assim mesmo. A cura importa `wrapper_dialog_decision` e lhe entrega a evidência do serviço, que é mais forte que a do vdf."
07-lancadores,Copiar a linha do wrapper para a área de transferência,IGUAL,copiar_a_linha,PRESENTE,src/hefesto_dualsense4unix/interface/pacotes/a07_lancadores.py,src/hefesto_dualsense4unix/app/actions/launch_wrapper_dialog.py:434 · src/hefesto_dualsense4unix/app/actions/launch_wrapper_dialog.py:491 · src/hefesto_dualsense4unix/app/actions/daemon_actions.py:1318 · src/hefesto_dualsense4unix/app/actions/daemon_actions.py:1280 · src/hefesto_dualsense4unix/app/actions/daemon_actions.py:1288 · src/hefesto_dualsense4unix/gui/main.glade:3016,src/hefesto_dualsense4unix/interface/pacotes/a07_lancadores.py:1638 · src/hefesto_dualsense4unix/interface/pacotes/a07_lancadores.py:1661,"Dois lugares: o botão ""Copiar opções"" do próprio lembrete e o ""Copiar opções para os jogos"" da aba Sistema. A string é CONSTANTE (`WRAPPER_LAUNCH`) e o toast avisa quando o wrapper ainda não está instalado. Se o clipboard falhar, o texto do diálogo continua selecionável.","botão «Copiar a linha» com a linha à mostra, SÓ no estado de linha intocável. O gesto CONFERE lendo de volta (`request_text`, assíncrono — o `wait_for_text` reentraria no laço da janela) e, sem confirmação, RECUSA dizendo e aponta o bloco","É a saída manual de quando o reparo automático não pode rodar (Steam aberta, jogo aberto, linha intocável). Sem ela, quando o HTML recusa o Consertar, não sobra caminho nenhum na tela — só editar o vdf à mão. || DECIDIDO em 04/09/2026 — Os dois, só quando faz falta — botão e linha à mostra, só no estado de linha intocável. Onde está escrito: `docs/process/2026-09-04-O-PO-DECIDE-as-54-e-os-sete-conflitos.md` §2 `07[01]`, sobre a pergunta [01] de `docs/process/sprints/2026-09-04-DECISOES-DELA-07-lancadores.md`. Não espera mais palavra dela. || FECHADA em 04/09/2026 pela ONDA2-07, e é o PRIMEIRO botão de copiar de toda a interface nova. Ele custou uma linha nova em `hefesto_vivo.PERIGOSOS` por um motivo que a lista ainda não tinha: o gesto não grava byte nenhum e mesmo assim JOGA FORA o que ela tinha copiado. Foi ele que alargou a definição de `ESCREVEM` de 'grava no disco' para 'muda algo dela que ela não mandou mudar'."
07-lancadores,"""Não perguntar para este jogo"" (dispensar o lembrete)",IGUAL,add_dismissed_appid,PRESENTE,src/hefesto_dualsense4unix/interface/pacotes/a07_lancadores.py,src/hefesto_dualsense4unix/app/actions/launch_wrapper_dialog.py:435 · src/hefesto_dualsense4unix/app/actions/launch_wrapper_dialog.py:479 · src/hefesto_dualsense4unix/app/actions/launch_wrapper_dialog.py:213,src/hefesto_dualsense4unix/interface/pacotes/a07_lancadores.py:1302 · src/hefesto_dualsense4unix/interface/pacotes/a07_lancadores.py:1328 · src/hefesto_dualsense4unix/interface/pacotes/a07_lancadores.py:571 · src/hefesto_dualsense4unix/interface/pacotes/a07_lancadores.py:805,"Botão do lembrete que persiste o appid no `launch_dialog_dismissed.json`, com escrita atômica (mkstemp + os.replace) e merge com o disco.","O gesto `nao-perguntar` chama `lwd.add_dismissed_appid(appid)` e LÊ A CONFIRMAÇÃO DE VOLTA — o `add` do dono engole o erro —, recusando na tela quando o arquivo não aceitou a escrita. O rótulo é o do diálogo da GTK, palavra por palavra, e o botão só nasce ao lado do aviso que ele dispensa.","03/09/2026 — A DÍVIDA FECHOU, e o par ficou inteiro: até 02/09 a tela nova só sabia DESFAZER (`remove_dismissed_appid`) e nada nesta casa punha um appid na lista pelo HTML — um caminho só de volta. || O dado envelheceu calado pelo mesmo motivo da linha da Steam fechada: o `sinal` era `_wrapper_dialog_dismissed_set`, um atributo INTERNO do mixin da GTK, que o HTML nunca escreveria. Trocado por `add_dismissed_appid`, a função do dono — agora esta linha morde. || O que a GTK ainda tem e o HTML não é o LEMBRETE de onde o botão pendia (ver a linha do lembrete proativo, que segue FALTA_NO_HTML); aqui ele pende do aviso vivo do jogo aberto, que é a outra metade do mesmo assunto."
07-lancadores,"Ver quem foi dispensado, e desfazer (""Voltar a perguntar"")",SO_NO_HTML,remove_dismissed_appid,PRESENTE,src/hefesto_dualsense4unix/interface/pacotes/a07_lancadores.py,src/hefesto_dualsense4unix/app/actions/launch_wrapper_dialog.py:184 · src/hefesto_dualsense4unix/app/actions/launch_wrapper_dialog.py:240,src/hefesto_dualsense4unix/interface/pacotes/a07_lancadores.py:303 · src/hefesto_dualsense4unix/interface/pacotes/a07_lancadores.py:623 · src/hefesto_dualsense4unix/interface/desenho_dos_lancadores.py:616,"NÃO faz. A escrita tinha dono (o botão do diálogo) e a LEITURA não tinha nenhuma tela; até 02/09 o módulo só sabia `add_dismissed_appid`, e desfazer pedia editar o JSON à mão.","Lista os dispensados dentro do cartão da Steam com o rótulo do jogo, e cada linha ganha o botão ""Voltar a perguntar"", que chama `remove_dismissed_appid` e RECUSA na tela se o arquivo não aceitou a escrita.","Ganho real, e nasceu por decisão dela de 02/09. O `remove_dismissed_appid` devolve `bool` (ao contrário do `add`, que engole) justamente porque roda no clique dela — está escrito em launch_wrapper_dialog.py:251. Ninguém deve ""simplificar"" isto removendo o par: o `add` sozinho é um caminho só de ida. MEDIDO AGORA: a lista está vazia nesta máquina, então a tela não mostra o botão hoje."
07-lancadores,"Aviso automático ""o jogo aberto agora não passou pelo wrapper""",IGUAL,wrapper_banner_text,PRESENTE,src/hefesto_dualsense4unix/interface/pacotes/a07_lancadores.py,src/hefesto_dualsense4unix/app/actions/home_actions.py:565 · src/hefesto_dualsense4unix/app/actions/home_actions.py:559 · src/hefesto_dualsense4unix/app/actions/status_actions.py:3064 · src/hefesto_dualsense4unix/app/actions/status_actions.py:2946 · src/hefesto_dualsense4unix/app/actions/status_actions.py:2819 · src/hefesto_dualsense4unix/gui/main.glade:320,src/hefesto_dualsense4unix/interface/pacotes/a07_lancadores.py:616 · src/hefesto_dualsense4unix/interface/pacotes/a07_lancadores.py:649 · src/hefesto_dualsense4unix/interface/pacotes/a07_lancadores.py:1009 · src/hefesto_dualsense4unix/interface/pacotes/a07_lancadores.py:1013,"Banner inline nas abas Início e Status, alimentado por `state_full.gamepad_emulation.wrapper_used`. Só o `False` LITERAL acende (nunca alarme falso por payload incompleto), e `state=None` apaga.","`aviso_do_jogo_aberto` chama `home_actions.aviso_do_wrapper(state)` — a MESMA função dona da GTK, com o texto dela — e a frase sai em QUATRO telas: o cartão da Steam da 07, a Início, a Status e a coluna Atenção da aba Jogar (`app/actions/jogar/painel.py`). As duas recusas dela calam as quatro, porque a conta mora na dona e não em cada chamador. E a frase parou de mandar copiar: ela diz o que o produto FAZ — repõe o atalho no próximo Aplicar ou Salvar Perfil, com a Steam fechada.","03/09/2026 — A DÍVIDA FECHOU PELA METADE, e o `sinal` que a linha carregava (`state_full.gamepad_emulation.wrapper_used`, a notação do PAYLOAD) nunca poderia acusá-la: trocado por `wrapper_banner_text`, o símbolo do dono. || DIFERENTE, e NÃO IGUAL, por ONDE o aviso aparece: a GTK acende o banner nas abas Início e Status — as duas que ela já está olhando —, e o HTML só no cartão da Steam da 07. O aviso continua exigindo que ela esteja NAQUELA aba, e essa exigência era metade do defeito original. Levá-lo à 01-jogar é trabalho da frente daquela aba, não desta. || O que o HTML acrescenta é a dispensa RESPEITADA: com o appid na lista, o aviso não volta para aquele jogo. || DECIDIDO em 04/09/2026 — A frase para de nomear lugar. Uma frase, um dono, certa nas duas telas. Onde está escrito: `docs/process/2026-09-04-O-PO-DECIDE-as-54-e-os-sete-conflitos.md` §2 `07[02]`, sobre a pergunta [02] de `docs/process/sprints/2026-09-04-DECISOES-DELA-07-lancadores.md`. Não espera mais palavra dela. || DECIDIDO em 04/09/2026 — As duas recusas calam tudo. Aviso que sobrevive à resposta dela ensina que o botão não obedece. Onde está escrito: `docs/process/2026-09-04-O-PO-DECIDE-as-54-e-os-sete-conflitos.md` §2 `07[03]`, sobre a pergunta [03] de `docs/process/sprints/2026-09-04-DECISOES-DELA-07-lancadores.md`. Não espera mais palavra dela. || FECHADO em 06/09/2026 — ONDA5-07-03, e o `DIFERENTE` por ONDE o aviso aparece caiu junto: ele está na coluna Atenção da 01-jogar desde 04/09, e a dona única (`aviso_do_wrapper`, 05/09) fez as quatro telas responderem à mesma recusa. A frase deixou de nomear um lugar que não existe — o `grep -c Copiar` na `paginas/09-sistema.html` dá ZERO — e passou a prometer o que o produto cumpre, COM A CONDIÇÃO: o portão do Passo 2 disparou e mediu que um «Salvar» no rodapé NÃO arma a vigia da Steam (`perfil.com_a_carona` é passada única), então a frase diz *com a Steam fechada* em vez de prometer o que ninguém cumpre. A régua ponta a ponta é `tests/unit/test_a_aba01_le_o_estado_em_vez_de_cravar.py::test_as_duas_recusas_dela_calam_a_coluna_atencao`."
07-lancadores,"Lista permanente dos jogos sem o atalho, com nome e motivo",SO_NO_HTML,linhas_de_jogos,PRESENTE,src/hefesto_dualsense4unix/interface/desenho_dos_lancadores.py,src/hefesto_dualsense4unix/app/actions/carona_do_wrapper.py:447 · src/hefesto_dualsense4unix/app/actions/carona_do_wrapper.py:304,src/hefesto_dualsense4unix/interface/desenho_dos_lancadores.py:577 · src/hefesto_dualsense4unix/interface/desenho_dos_lancadores.py:379 · src/hefesto_dualsense4unix/interface/pacotes/a07_lancadores.py:368,"Só FALA, e passa: a frase da sentinela nomeia os jogos num toast do rodapé, uma vez por episódio, e some. Não há tela que liste.","Lista dentro do cartão da Steam, permanente: reparáveis (com botão), intocáveis (sem botão, porque não há gesto que os mude), recusados e dispensados — cada linha com `data-v` = appid, nunca o rótulo.","Ganho, e é a diferença entre um aviso e um inventário. MEDIDO AGORA: a lista traz 1 linha — PRAGMATA (appid 3357650), *tinha o atalho e perdeu* —, 62 appids com o wrapper e 22 jogos instalados. O `data-v` ser o appid (e não o nome) é decisão medida: dois jogos podem ter o mesmo rótulo, e `rotulo_do_jogo` cai para `appid NNNN` quando o manifesto sumiu."
07-lancadores,"""Não usar neste jogo"" / ""Voltar a usar"" (o `jogos_sem_wrapper.txt`)",SO_NO_HTML,_appid_do_clique,PRESENTE,src/hefesto_dualsense4unix/interface/pacotes/a07_lancadores.py,src/hefesto_dualsense4unix/integrations/steam_launch_options.py,src/hefesto_dualsense4unix/interface/pacotes/a07_lancadores.py · src/hefesto_dualsense4unix/interface/pacotes/a07_lancadores.py:592 · src/hefesto_dualsense4unix/interface/pacotes/a07_lancadores.py:608 · src/hefesto_dualsense4unix/interface/pacotes/a07_lancadores.py:581,"NÃO faz. O arquivo existe e o produto inteiro o respeita, mas NENHUMA tela da GTK o escreve — a única forma de tirar um jogo era editá-lo à mão.","Dois gestos por linha da lista: `tirar-daqui` põe o appid no arquivo, `voltar-a-usar` o tira. Clique sem `data-v` é RECUSA explícita, nunca palpite.","Ganho puro — é a cura escrita e nunca ligada finalmente ganhando tela. Vem em PAR de propósito (a07:610-615: *um gesto que só vai numa direção deixa a pessoa presa no estado em que clicou*). Nota de risco: como a GTK ignora `excluir` no reparo em massa (ver essa linha), um jogo tirado aqui volta a receber o wrapper se ela clicar em ""Aplicar aos jogos da Steam"" na janela velha."
07-lancadores,"""Ver o que impede"" — os cinco impedimentos do prontuário",SO_NO_HTML,curar_o_que_e_automatico,PRESENTE,src/hefesto_dualsense4unix/interface/pacotes/a07_lancadores.py,src/hefesto_dualsense4unix/integrations/prontuario_dos_jogos.py,src/hefesto_dualsense4unix/interface/pacotes/a07_lancadores.py:528 · src/hefesto_dualsense4unix/interface/pacotes/a07_lancadores.py:512 · src/hefesto_dualsense4unix/interface/pacotes/a07_lancadores.py:532,NÃO faz. `prontuario_dos_jogos.levantar_censo` e `curar_o_que_e_automatico` estavam em `integrations/` sem UM chamador em `src/`.,"Gesto que chama `levantar_censo` e troca o corpo do cartão da Steam pela frase do censo. Roda em thread porque leva ~13,4 s (examina o executável de cada jogo).","Ganho: é o primeiro chamador de tela de um motor que já existia. Ressalva que a régua seguinte precisa saber: só `levantar_censo` (o diagnóstico) foi ligado; `curar_o_que_e_automatico` (as duas curas, prontuario_dos_jogos.py:865) continua SEM chamador nos dois lados — nem GTK nem HTML curam o que o censo aponta."
07-lancadores,"Carimbo ""N jogos já sabem por onde entrar"" (pontes confirmadas)",SO_NO_HTML,pontes_confirmadas(),PRESENTE,src/hefesto_dualsense4unix/interface/pacotes/a07_lancadores.py,src/hefesto_dualsense4unix/integrations/prontuario_dos_jogos.py,src/hefesto_dualsense4unix/interface/pacotes/a07_lancadores.py:361 · src/hefesto_dualsense4unix/interface/desenho_dos_lancadores.py:560 · src/hefesto_dualsense4unix/interface/desenho_dos_lancadores.py:686 · src/hefesto_dualsense4unix/interface/desenho_dos_lancadores.py:201,NÃO faz. `prontuario_dos_jogos.pontes_confirmadas` não tem chamador na GTK.,"Lê `pontes_confirmadas()` e monta o carimbo do cartão, junto com o aviso de linhas intocáveis. Zero SOME em vez de ocupar a linha dizendo nada.","Ganho, e é uma cicatriz virada do avesso: o desenho de 02/09 dizia `◆ 3 jogos já sabem por onde entrar` com o número DIGITADO. MEDIDO AGORA: `pontes = 0` e `intocaveis = []`, então o carimbo está VAZIO — e vazio é a resposta certa, não a ausência de pintura."
07-lancadores,Contagem de jogos instalados no cartão da Steam,SO_NO_HTML,pdj.jogos_instalados(),PRESENTE,src/hefesto_dualsense4unix/interface/pacotes/a07_lancadores.py,src/hefesto_dualsense4unix/integrations/prontuario_dos_jogos.py,src/hefesto_dualsense4unix/interface/pacotes/a07_lancadores.py:354 · src/hefesto_dualsense4unix/interface/desenho_dos_lancadores.py:681 · src/hefesto_dualsense4unix/interface/desenho_dos_lancadores.py:530,NÃO faz. Nenhuma tela GTK mostra quantos jogos da Steam estão instalados.,"Lê `pdj.jogos_instalados()` e escreve `N jogos instalados` no topo do cartão; antes da primeira leitura escreve `…`, nunca um número.","Ganho. MEDIDO AGORA: 22 jogos instalados contra 62 appids com o wrapper na linha do vdf — o vdf guarda linha de jogo desinstalado, e é por isso que os dois números são diferentes e os dois precisam existir. O `…` no lugar de um número não-lido é o que impede o desenho de voltar a falar pela máquina."
07-lancadores,Achar Heroic · Lutris · Flatpak · RetroArch · Dolphin/mGBA nesta máquina,SO_NO_HTML,jogos_locais.pastas_de_atalhos,PRESENTE,src/hefesto_dualsense4unix/interface/pacotes/a07_lancadores.py,src/hefesto_dualsense4unix/daemon/subsystems/hotkey.py:56 · src/hefesto_dualsense4unix/daemon/lifecycle.py:2271 · src/hefesto_dualsense4unix/daemon/lifecycle.py:4169 · src/hefesto_dualsense4unix/daemon/subsystems/game_signal.py:97 · src/hefesto_dualsense4unix/profiles/schema.py:1336,src/hefesto_dualsense4unix/interface/desenho_dos_lancadores.py:470 · src/hefesto_dualsense4unix/interface/pacotes/a07_lancadores.py:232 · src/hefesto_dualsense4unix/interface/desenho_dos_lancadores.py:482 · src/hefesto_dualsense4unix/interface/desenho_dos_lancadores.py:712 · src/hefesto_dualsense4unix/interface/desenho_dos_lancadores.py:509,"NÃO faz. Os cinco só aparecem em COMENTÁRIO na GTK e no daemon — zero função, zero chamada.","Procura o `.desktop` nas pastas da spec XDG (`jogos_locais.pastas_de_atalhos`) e o comando no `PATH`, e responde com o caminho INTEIRO. Três estados distintos: não procurei / procurei e não achei (selo `off`) / achei aqui.","Ganho, e o único lugar da aba onde os cinco lançadores do enunciado existem como CÓDIGO. MEDIDO AGORA, em 0,9 ms: flatpak achado em `/usr/bin/flatpak`; heroic, lutris, retroarch e emuladores NÃO ACHEI. O topo diz `2 encontrados · 1 com impedimento` — os 2 são Steam e Flatpak, e a conta soma `presente`, não o selo."
07-lancadores,"Ler a BIBLIOTECA de Heroic, Lutris, RetroArch, Dolphin ou mGBA",IGUAL,DIZ_SEM_FONTE,PRESENTE,src/hefesto_dualsense4unix/interface/desenho_dos_lancadores.py,,src/hefesto_dualsense4unix/interface/desenho_dos_lancadores.py:470 · src/hefesto_dualsense4unix/interface/pacotes/a07_lancadores.py:135 · src/hefesto_dualsense4unix/interface/desenho_dos_lancadores.py:47 · src/hefesto_dualsense4unix/interface/desenho_dos_lancadores.py:499,Não lê. Nenhuma função abre o catálogo de nenhum dos cinco.,"Também não lê, e DIZ isso: os cinco cartões saem com selo `nao_sei` (""NÃO SEI"") ou `off` (""NÃO ACHEI"") em vez de escolher entre CHEGAM e NÃO CHEGAM. A razão está declarada como dívida em `SEM_DONO[""heroic""]`.","Os dois fazem a mesma coisa — nada — e isso precisa constar para ninguém abrir uma frente achando que o HTML perdeu algo. O que o HTML acrescenta não é leitura: é HONESTIDADE sobre a ausência (o selo `NÃO SEI` nasceu em 02/09 justamente porque `CHEGAM`/`NÃO CHEGAM` seriam as duas afirmações que o produto não pode fazer). Varrer a biblioteca dos cinco é feature NOVA, não migração — e a lei 0 (*""não temos que recriar nada""*) não a cobre."
07-lancadores,Detectar QUAL jogo está aberto agora,IGUAL,read_last_run_marker,PRESENTE,src/hefesto_dualsense4unix/interface/pacotes/a07_lancadores.py,src/hefesto_dualsense4unix/app/actions/daemon_actions.py:1677 · src/hefesto_dualsense4unix/app/actions/daemon_actions.py:1736,src/hefesto_dualsense4unix/interface/pacotes/a07_lancadores.py:1138 · src/hefesto_dualsense4unix/interface/pacotes/a07_lancadores.py:1171 · src/hefesto_dualsense4unix/interface/pacotes/a07_lancadores.py:1187 · src/hefesto_dualsense4unix/interface/pacotes/a07_lancadores.py:505 · src/hefesto_dualsense4unix/interface/pacotes/a07_lancadores.py:1196,"Escada de TRÊS evidências, da mais forte para a mais tolerante: `launch_session_appid()` (marker do wrapper + pid vivo, imune a alt-tab), `window_detect_last_class` do state_full, e o marker `last_run` cru — que alcança o jogo JÁ FECHADO.","`a_escada_do_jogo` responde com as TRÊS evidências da GTK, na mesma ordem: `launch_env.launch_session_appid()`, a `window_detect_last_class` do estado traduzida pelo `extract_steam_appid` do lembrete, e o marker `last_run` cru — que alcança o jogo JÁ FECHADO. Cada degrau no seu `try`, e o `detectar` tem frase própria para o jogo que já fechou.","03/09/2026 — A DÍVIDA FECHOU, e esta linha tinha sido reescrita HOJE afirmando o contrário (*""o HTML exige que o jogo esteja rodando ENQUANTO ela clica na janela do Hefesto""*). Deixou de ser verdade no mesmo dia: `a_escada_do_jogo` traz os três degraus, inclusive o terceiro, que é exatamente o caso que a GTK documenta — *""o jogo não funcionou, ela fechou, e só então veio reclamar""* (daemon_actions.py:1689). O `sinal` foi para `read_last_run_marker`, o degrau que faltava e o único que prova a escada INTEIRA; `_o_jogo_em_foco` sozinho passava com dois degraus. || A diferença que resta é de custo, e é a favor do HTML: o degrau 2 da GTK é uma chamada de IPC (`daemon_state_full()`), e aqui o `state` já chegou pelo `Contexto`."
07-lancadores,"""Procurar de novo"" — reler o disco na hora",SO_NO_HTML,SEM_LEITURA_DE_COR,PRESENTE,src/hefesto_dualsense4unix/interface/pacotes/a07_lancadores.py,src/hefesto_dualsense4unix/app/actions/carona_do_wrapper.py:360 · src/hefesto_dualsense4unix/app/actions/launch_wrapper_dialog.py:380,src/hefesto_dualsense4unix/interface/pacotes/a07_lancadores.py:474 · src/hefesto_dualsense4unix/interface/pacotes/a07_lancadores.py:198 · src/hefesto_dualsense4unix/interface/pacotes/a07_lancadores.py:202 · src/hefesto_dualsense4unix/interface/paginas/07-lancadores.html:895,NÃO faz. A releitura só acontece de carona num gesto de perfil ou quando um appid inédito entra em foco; não há botão de reler.,"Gesto `procurar` no topo do quadro: invalida o cache da vigia e relê BLOQUEANDO na thread do gesto, devolvendo a aba repintada no mesmo clique.","Ganho pequeno mas com razão medida: sem o retorno no clique, o botão dependeria do próximo tique com o TTL vencido e ela veria a tela igual por até 20 s — o botão que responde calado. MEDIDO AGORA: a releitura completa custa 64,6 ms, então o clique responde na hora."
07-lancadores,"""Deixar tudo pronto"" — Steam Input + wrapper com UM consentimento",IGUAL,format_steam_ready_result,PRESENTE,src/hefesto_dualsense4unix/interface/pacotes/a07_lancadores.py,src/hefesto_dualsense4unix/app/actions/daemon_actions.py:1586 · src/hefesto_dualsense4unix/app/actions/daemon_actions.py:1596 · src/hefesto_dualsense4unix/app/actions/daemon_actions.py:1618 · src/hefesto_dualsense4unix/gui/main.glade:2913,src/hefesto_dualsense4unix/interface/pacotes/a07_lancadores.py:2202 · src/hefesto_dualsense4unix/interface/pacotes/a07_lancadores.py:1057 · src/hefesto_dualsense4unix/interface/desenho_dos_lancadores.py:648,"Encadeia `disable_steam_input.sh --apply-quiet` e `apply_wrapper_to_all_games` DENTRO de uma única janela de `with_steam_closed`, e mede os jogos com Steam Input antes de mexer. Um consentimento só, porque é a única consequência que ela sente.","Gesto `deixar-tudo-pronto`: mede os jogos DENTRO da janela e antes do script (ordem do dono, D-33), roda o script e aplica o atalho a todos — numa janela só de `with_steam_closed`. A frase do consentimento é `DaemonActionsMixin._STEAM_READY_CORPO`, palavra por palavra, com régua que compara com o dono. Só nasce quando os DOIS lados têm trabalho.","É o botão que existe porque ela pediu com estas palavras: *""tem jogos que precisamos ativar entrada steam, outros que temos que colocar comandos de inicialização — é uma confusão real""* (gui/main.glade:2893). Ele esconde a ESCOLHA entre os dois mecanismos, que é a parte que confunde. Nota: a decisão registrada em interface/paginas/07-lancadores.html:1043 diz que os botões de Steam da Sistema FICAM na Sistema — então esta falta é da aba 09, não da 07; mas ela é da ÁREA de lançadores e nenhuma aba a cobre hoje. || FECHADA em 06/09/2026. A nota da linha dizia que ""esta falta é da aba 09, não da 07"" — CADUCOU pela decisão dela `D-0609-STEAM-DIVIDIDO`. E O SINAL MUDOU DE FORMA: era `_build_steam_ready_confirm_dialog`, nome de método do mixin da janela, que o lado HTML nunca escreveria — por isso a régua NÃO acusou esta linha, e ela teria ficado FALTA_NO_HTML com a dívida fechada, sem nada acusar. É a mesma armadilha das quatro linhas da 04 nesta leva."
07-lancadores,"""Este jogo não funciona"" — marcar o jogo na allowlist do Steam Input",IGUAL,add_appid_to_steam_input_allowlist,PRESENTE,src/hefesto_dualsense4unix/interface/pacotes/a07_lancadores.py,src/hefesto_dualsense4unix/app/actions/daemon_actions.py:1717 · src/hefesto_dualsense4unix/app/actions/daemon_actions.py:1770 · src/hefesto_dualsense4unix/gui/main.glade:2961 · src/hefesto_dualsense4unix/gui/main.glade:2468,src/hefesto_dualsense4unix/interface/pacotes/a07_lancadores.py:2160 · src/hefesto_dualsense4unix/interface/pacotes/a07_lancadores.py:2266 · src/hefesto_dualsense4unix/interface/desenho_dos_lancadores.py:645,"Acha o appid pela escada de três evidências, escreve na allowlist do Steam Input (`add_appid_to_steam_input_allowlist`), e recarrega o `launch_env` para a marca VALER agora, sem reiniciar nada. Sem diálogo, porque é reversível.","O gesto `este-jogo-nao-funciona` acha o appid pela MESMA escada de três evidências (`a_escada_do_jogo`), escreve com `add_appid_to_steam_input_allowlist` e manda `launch_env.refresh` ao serviço para a marca valer agora. Sem diálogo, porque é reversível. A recusa sem jogo é a frase do dono (`format_game_broken_result`).","É a cura de um sintoma que ela mediu no aparelho (o controle dobrado dentro do jogo) e o único gesto por-jogo que a GTK oferece para ele. O HTML não tem nem a marca nem a caixinha que a desfaz — e o `relancar.EXIGEM_RELANCAR` lista `steam_input_do_jogo` como mudança que só vale na próxima abertura (app/actions/relancar.py:78), o que significa que migrar isto sem o diálogo de relançar reabriria o ""Jogador 3"" fantasma. || FECHADA em 06/09/2026 pela STEAM-INPUT-01, decisão dela `D-0609-STEAM-DIVIDIDO`. É a PRIMEIRA vez que a aba 07 fala com o serviço: `PONTE`/`METODOS` eram vazios com a razão medida ao lado, e a razão caducou para este gesto. A prova é o ARQUIVO — a régua lê a lista de volta pelo `parse_steam_input_allowlist`, não por substring."
07-lancadores,"""Fixar a versão que funciona"" — travar o Proton validado",DIFERENTE,on_proton_lock,PRESENTE,LADO-HTML,src/hefesto_dualsense4unix/app/actions/daemon_actions.py:1793 · src/hefesto_dualsense4unix/gui/main.glade:3029,src/hefesto_dualsense4unix/interface/paginas/09-sistema.html:1207 · src/hefesto_dualsense4unix/interface/pacotes/a09_sistema.py:645,"Botão que deixa todos os jogos na versão de Proton que o Hefesto validou, pedindo a Steam fechada e fazendo backup antes.","O BOTÃO EXISTE E ESTÁ MORTO. A página 09 traz `data-gesto=""refazer-proton""`, mas nenhum gesto com esse nome é registrado — o a09 declara os sete que não são IPC e este é um deles.","03/09/2026 — A DÍVIDA FECHOU e o dado envelheceu no mesmo minuto: o símbolo `on_proton_lock` APARECEU no lado HTML, posto pela leva do gap. DIFERENTE, e NÃO `IGUAL`, de propósito: o símbolo existir prova que o HTML passou a fazer algo, não que ele faça o MESMO que a GTK. Chamar de IGUAL sem medir seria a maquiagem que esta régua existe para impedir — remeça a feature e reescreva a linha. || Pior que faltar: o botão está na tela dela e não faz nada. O piloto só liga clique a `[data-gesto]` que EXISTA no registro (hefesto_vivo.py:469 e :626), então o clique some em silêncio. E ele está em `hefesto_vivo.PERIGOSOS` (:777), o que quer dizer que a régua automática nem o clica — ninguém descobre que ele está morto por régua."
07-lancadores,"""Tirar a sobreposição Vulkan"" — a camada implícita por jogo",DIFERENTE,on_camadas_engasgo,PRESENTE,LADO-HTML,src/hefesto_dualsense4unix/app/actions/emulation_actions.py:2086 · src/hefesto_dualsense4unix/app/actions/emulation_actions.py:2122 · src/hefesto_dualsense4unix/app/actions/emulation_actions.py:2131 · src/hefesto_dualsense4unix/app/actions/emulation_actions.py:2172 · src/hefesto_dualsense4unix/gui/main.glade:3067,src/hefesto_dualsense4unix/interface/paginas/09-sistema.html:1304 · src/hefesto_dualsense4unix/interface/pacotes/a09_sistema.py:1800,"Faz o censo das camadas no `system.reg`, MOSTRA o relatório antes de agir, guarda cópia do arquivo e devolve pelo mesmo lugar. A sobreposição da Steam e os medidores ficam.","O BOTÃO EXISTE E ESTÁ MORTO — `data-gesto=""procurar-camadas""` sem gesto registrado.","03/09/2026 — A DÍVIDA FECHOU e o dado envelheceu no mesmo minuto: o símbolo `on_camadas_engasgo` APARECEU no lado HTML, posto pela leva do gap. DIFERENTE, e NÃO `IGUAL`, de propósito: o símbolo existir prova que o HTML passou a fazer algo, não que ele faça o MESMO que a GTK. Chamar de IGUAL sem medir seria a maquiagem que esta régua existe para impedir — remeça a feature e reescreva a linha. || Mesmo defeito de forma do Proton, e o rótulo é a QUEIXA dela — *""o Sackboy engasga""*. O relatório-antes-de-agir é a parte cara desta feature e é o que o HTML precisará reproduzir; não é um clique que se liga numa linha. || 05/09/2026 — O RÓTULO É O MESMO NOS DOIS LADOS, e quem o escolheu foi ela: *""o procurar sobreposição de novo deveria ser Corrigir Sobreposição do Vulkan, não?""*. Entrou ""Tirar a sobreposição Vulkan"" na GTK (`main.glade:3062`) e na página (`09-sistema.html:1304`); o verbo ""corrigir"" NÃO entrou, porque prometeria a cura de engasgo que o A/B de 23/08 derrubou (p99 +4,19 ms/min com a camada desligada contra +2,35 com ela ligada). O rótulo até aqui era a QUEIXA dela — *""o Sackboy engasga""* — e o que caducou foi a premissa, não a regra: quem procura pela palavra ""Vulkan"" é a dona da palavra. || PEDE REMEDIÇÃO — 06/09/2026. Esta célula diz `html_faz = ""O BOTÃO EXISTE E ESTÁ MORTO""`, e ele não está mais: o `procurar-camadas` ganhou dono na SISTEMA-STEAM-01 e foi clicado no produto vivo, mostrando o censo real do disco dela. O fecho é da PARIDADE-REMEDIR-01, que mede as duas metades da célula antes de escrever o veredito."
07-lancadores,Steam Input: conferir se está ligado e desligar,IGUAL,format_steam_input_result,PRESENTE,src/hefesto_dualsense4unix/interface/pacotes/a07_lancadores.py,src/hefesto_dualsense4unix/app/actions/emulation_actions.py:1905 · src/hefesto_dualsense4unix/app/actions/emulation_actions.py:1909 · src/hefesto_dualsense4unix/app/actions/emulation_actions.py:1957 · src/hefesto_dualsense4unix/app/actions/emulation_actions.py:1999 · src/hefesto_dualsense4unix/gui/main.glade:3569 · src/hefesto_dualsense4unix/gui/main.glade:3576,src/hefesto_dualsense4unix/interface/pacotes/a07_lancadores.py:2099 · src/hefesto_dualsense4unix/interface/pacotes/a07_lancadores.py:415 · src/hefesto_dualsense4unix/interface/pacotes/a07_lancadores.py:2075 · src/hefesto_dualsense4unix/interface/desenho_dos_lancadores.py:642,"Dois botões na aba Emulação: `check` lê o estado (incluindo os appids ligados e a exceção) e `disable` desliga, pedindo consentimento para fechar a Steam por ~20 s. Com jogo aberto, não faz nada.","O ESTADO é pintado (a `_Vigia` relê a cada 20 s e o ""Procurar de novo"" a invalida no clique), com a frase do dono `markup_status_steam_input` traduzida de Pango para HTML — um `foreground=` não pinta nada no WebKit. O DESLIGAR é gesto, com a mesma ordem de portões do dono: jogo aberto recusa; Steam aberta pede consentimento em dois cliques; Steam fechada aplica. O veredito é a RELEITURA do vdf.","A dívida está DECLARADA no HTML, o que é o comportamento certo desta casa — mas continua sendo dívida: na GTK ela desliga o Steam Input pela janela, no HTML não. E a razão declarada (""não é IPC"") não é impeditivo: o HTML já chama `integrations/` direto em sete gestos da aba 07, sem passar pelo daemon (a07_lancadores.py:653-654, `PONTE` e `METODOS` vazios). || FECHADA em 06/09/2026. O ""conferir"" deixou de ser botão de propósito: na janela velha ele existe porque a etiqueta não se atualiza sozinha; aqui a vigia relê. O `modo-steam` da aba Jogar continua `SEM_DONO` e a razão dele MUDOU — não é ""não há IPC"", é ""o dono do assunto é a 07"". O sinal velho era `on_emulation_steam_input_disable`, nome de método do mixin da janela."
07-lancadores,"""Consertar problemas conhecidos"" (áudio do controle + Steam Input, sem senha)",DIFERENTE,on_storm_fix_safe,PRESENTE,LADO-HTML,src/hefesto_dualsense4unix/app/actions/daemon_actions.py:1218 · src/hefesto_dualsense4unix/gui/main.glade:3001,src/hefesto_dualsense4unix/interface/paginas/09-sistema.html:1206 · src/hefesto_dualsense4unix/interface/pacotes/a09_sistema.py:644,"Roda os consertos que não pedem senha e NUNCA fecham a Steam: ajusta o áudio do controle e, só com a Steam fechada, desliga o Steam Input — com ela aberta, AVISA que adiou em vez de fingir que aplicou.","O BOTÃO EXISTE E ESTÁ MORTO — `data-gesto=""refazer-consertos""` sem gesto registrado.","03/09/2026 — A DÍVIDA FECHOU e o dado envelheceu no mesmo minuto: o símbolo `on_storm_fix_safe` APARECEU no lado HTML, posto pela leva do gap. DIFERENTE, e NÃO `IGUAL`, de propósito: o símbolo existir prova que o HTML passou a fazer algo, não que ele faça o MESMO que a GTK. Chamar de IGUAL sem medir seria a maquiagem que esta régua existe para impedir — remeça a feature e reescreva a linha. || Terceiro botão morto da mesma página, e o único dos três que NÃO está em `hefesto_vivo.PERIGOSOS` — ou seja, a régua de gesto O CLICA e ele responde calado. Um botão que a régua clica e que não faz nada é verde sobre botão morto, que é o defeito que esta casa nomeou no `--prova-gesto` do microfone."
07-lancadores,"Botões ""Abrir o lançador"" e ""Criar perfil para um jogo""",SO_NO_HTML,acao_html,PRESENTE,src/hefesto_dualsense4unix/interface/desenho_dos_lancadores.py,src/hefesto_dualsense4unix/gui/main.glade · src/hefesto_dualsense4unix/app/actions/profiles_actions.py,src/hefesto_dualsense4unix/interface/desenho_dos_lancadores.py:642 · src/hefesto_dualsense4unix/interface/desenho_dos_lancadores.py:743 · src/hefesto_dualsense4unix/interface/desenho_dos_lancadores.py:211 · src/hefesto_dualsense4unix/interface/pacotes/a07_lancadores.py:130,"NÃO existem. A GTK não abre lançador nenhum, e criar perfil é da aba Perfis.","Emite os seis ""Abrir o lançador"" e o ""Criar perfil para um jogo"" SEM `data-gesto` — desenho puro. As duas faltas estão declaradas em `SEM_DONO` com a razão.","Só no HTML, e de propósito — está registrado aqui para ninguém ""consertar"" de duas formas erradas: (a) removendo, porque a permanência do botão nos três estados do cartão é DECISÃO DELA de 02/09 (desenho_dos_lancadores.py:730-741); (b) ligando a um `xdg-open` por conta própria, porque a regra da casa é que o que não tem dono não vira botão que finge. Hoje o clique some em silêncio: o piloto só liga `[data-gesto]` (hefesto_vivo.py:469)."
07-lancadores,A frase de recusa que NOMEIA o jogo e diz o que vai acontecer,IGUAL,frase_do_aviso,PRESENTE,src/hefesto_dualsense4unix/interface/pacotes/a07_lancadores.py,src/hefesto_dualsense4unix/app/actions/carona_do_wrapper.py:319 · src/hefesto_dualsense4unix/app/actions/carona_do_wrapper.py:404,src/hefesto_dualsense4unix/interface/pacotes/a07_lancadores.py:377 · src/hefesto_dualsense4unix/interface/pacotes/a07_lancadores.py:507 · src/hefesto_dualsense4unix/interface/desenho_dos_lancadores.py:665,"Usa `sentinela_do_wrapper.frase_do_aviso(censo)` no toast do rodapé, uma vez por episódio — enquanto o conjunto de faltantes não mudar, salvar de novo não repete.","Usa a MESMA `frase_do_aviso` em dois lugares: no corpo do cartão da Steam quando há faltantes, e como texto do `RuntimeError` que vira tarja de 30 s quando o Consertar é adiado.","Mesma função, mesmo texto, e nenhum dos dois lados o redigita — o que é o ponto (a07:220: digitar a frase aqui seria a segunda cópia de um fato que já tem dono). MEDIDO AGORA, e é a mesma string nos dois: *""1 jogo perdeu as Opções de Inicialização do Hefesto na Steam: PRAGMATA (appid 3357650)… Posso repor agora, preservando as opções que você já tinha na linha.""* A diferença é só de duração: toast na GTK, tarja de 30 s no HTML (hefesto_vivo.py:99)."
07-lancadores,Manter o disco FORA da thread da janela,IGUAL,carona_do_wrapper._carona_em_curso,PRESENTE,src/hefesto_dualsense4unix/interface/pacotes/a07_lancadores.py,src/hefesto_dualsense4unix/app/actions/carona_do_wrapper.py:238 · src/hefesto_dualsense4unix/app/actions/carona_do_wrapper.py:350 · src/hefesto_dualsense4unix/app/actions/launch_wrapper_dialog.py:380,src/hefesto_dualsense4unix/interface/pacotes/a07_lancadores.py:167 · src/hefesto_dualsense4unix/interface/pacotes/a07_lancadores.py:178 · src/hefesto_dualsense4unix/interface/pacotes/a07_lancadores.py:202,"Thread dedicada para a carona (não o executor compartilhado, para não prender o worker que serve `profile.switch`), e `run_in_thread` para a leitura do vdf do lembrete. Uma passada por vez (`_carona_em_curso`).","A `_Vigia` nunca bloqueia: `agora()` devolve o que tem (ou `None` na primeira volta) e dispara uma thread quando o TTL vence; uma leitura por vez, pelo mesmo motivo. Os gestos rodam em thread do piloto.","Caminho diferente, contrato idêntico, e as duas docstrings citam a mesma razão (a07:156 aponta explicitamente para `carona_do_wrapper._carona_em_curso`). MEDIDO AGORA: `_onde_estao_os_lancadores` 0,9 ms e a leitura completa 64,6 ms — as duas fora do tique de 500 ms, como a GTK faz fora do tique de 2 Hz."
07-lancadores,Backup do `localconfig.vdf` antes de escrever,IGUAL,apply_wrapper_to_all_games,PRESENTE,src/hefesto_dualsense4unix/interface/pacotes/a07_lancadores.py,src/hefesto_dualsense4unix/integrations/steam_launch_options.py:596 · src/hefesto_dualsense4unix/app/actions/daemon_actions.py:1390,src/hefesto_dualsense4unix/interface/pacotes/a07_lancadores.py:504 · src/hefesto_dualsense4unix/integrations/sentinela_do_wrapper.py:481 · src/hefesto_dualsense4unix/integrations/steam_launch_options.py:574,"Deixa `.bak.hefesto-launch-<ts>` ao lado de cada vdf tocado, e o diálogo de confirmação promete isso por escrito.","Idem — o Consertar desce pelo MESMO `apply_wrapper_to_all_games`, então o backup sai igual.","Um motor só, dois chamadores — não há como divergir. A diferença que sobra não é o backup: é que a GTK PROMETE o backup na tela antes de agir e o HTML não diz nada antes de escrever (ver a linha do reparo por gesto explícito)."
07-lancadores,O reparo do HTML de fato repõe a linha no vdf DELA?,NAO_DA_PARA_SABER,voltar-a-perguntar,PRESENTE,src/hefesto_dualsense4unix/interface/pacotes/a07_lancadores.py,src/hefesto_dualsense4unix/app/actions/daemon_actions.py:1478 · src/hefesto_dualsense4unix/app/actions/carona_do_wrapper.py:300,src/hefesto_dualsense4unix/interface/pacotes/a07_lancadores.py:487,"Provado em produção — é o caminho que ela usa há meses, e o `wrapper-visto.json` é a memória que o alimenta.","Li o caminho inteiro (a07:504 → sentinela:448 → slo:574) e ele é o MESMO motor da GTK, com os mesmos portões. Mas NÃO cliquei.","Faltou o clique, e a razão é dura: `consertar` escreve no `localconfig.vdf` REAL dela, e ele NÃO está em `hefesto_vivo.PERIGOSOS` (:775) — nem a régua automática me protegeria, e ela clicaria na biblioteca dela para provar que sabe clicar. || 03/09/2026: os caminhos desta aba que escrevem em disco passaram de quatro a CINCO, e o quinto não tem clique — a `_VigiaDaSteam` repõe num tique de fundo. Ela só arma depois de um `Consertar` RECUSADO por ela, e nunca sob a suíte (`carona_do_wrapper.ligada()`), mas isso reforça o achado em vez de aliviá-lo: os quatro gestos (`consertar`, `tirar-daqui`, `voltar-a-usar`, `voltar-a-perguntar`) continuam fora da lista de PERIGOSOS, e agora um deles arma um escritor de fundo."
08-conexoes,"Exame da mesa — quantas conferências rodam, e quando",DIFERENTE,vizinhanca_das_portas,PRESENTE,src/hefesto_dualsense4unix/interface/pacotes/a08_conexoes.py,src/hefesto_dualsense4unix/app/actions/config/secao_exame.py:1023 · src/hefesto_dualsense4unix/app/app.py:1180 · src/hefesto_dualsense4unix/integrations/exame_da_mesa.py:631,src/hefesto_dualsense4unix/interface/pacotes/a08_conexoes.py:338 · src/hefesto_dualsense4unix/interface/pacotes/a08_conexoes.py:1637,"Ao ENTRAR na aba Configurações e no botão, roda o exame COMPLETO: as cinco conferências (energia_do_radio, energia_das_portas, pareamentos, suporte_ao_controle, vizinhanca_das_portas) mais as ordens de serviço, numa thread, e desenha as cinco linhas.",O tique de 500 ms roda só TRÊS conferências — as que não forkam processo. `pareamentos` (busctl) e `vizinhanca_das_portas` só entram depois de ela clicar em Examinar Portas. Abrir a aba não dispara exame nenhum.,"MEDIDO nesta bancada em 03/09: `_conferencias()` devolve 3 itens (energia_do_radio, energia_das_portas, suporte_ao_controle) e `exame_da_mesa.exame()` devolve 5. A página tem CINCO blocos `data-campo=""exame""`; o piloto distribui a lista por ordem e escreve `''` no que sobra (hefesto_vivo.py:407), então DUAS das cinco linhas do Check-up nascem VAZIAS — com o ⊘ e o `?` ainda desenhados — até ela clicar no botão. Na GTK as cinco estão lá desde a entrada na aba."
08-conexoes,Selo/veredito GLOBAL do Check-up,IGUAL,"data-campo=""veredito""",PRESENTE,LADO-HTML,src/hefesto_dualsense4unix/app/actions/config/secao_exame.py:843 · src/hefesto_dualsense4unix/integrations/exame_da_mesa.py:695,src/hefesto_dualsense4unix/interface/pacotes/a08_conexoes.py:801 · src/hefesto_dualsense4unix/interface/aba08.py:1512 · mockup/08-conexoes.html:2077,"Um selo no topo da seção com o glifo, a cor do estado MAIS GRAVE (`exame_da_mesa.veredito` sobre os itens não calados) e a frase de `ordens_da_mesa.cabecalho()`, que conta quanta coisa foi conferida.","Uma linha no TOPO do Check-up, acima das duas colunas, com a frase de `ordens_da_mesa.cabecalho()` e a cor do estado mais grave — `secao_exame.o_mais_grave` sobre `exame_da_mesa.veredito()` dos itens que ela NÃO calou. A cor entra por um interruptor invisível por estado (`ENDERECO_DO_VEREDITO`), porque o alvo `classe` do piloto acende UMA classe por elemento.","FECHOU em 04/09/2026 — **S-09, decisão D-16 dela**: *""Uma linha de veredito no topo.""*, *""Na cor do pior achado.""* Os dois lados perguntam aos MESMOS dois donos, e nenhuma frase nasce na tela. Medido na bancada dela com os dois DualSense no cabo: o arquivo do desenho diz `1 mudança recomendada` e a TELA mostra `2 mudanças recomendadas`, em laranja — o produto escreveu. || A DIFERENÇA QUE SOBRA É DECISÃO DELA, não gap: a GTK põe um `[Ver]` no cabeçalho para as ordens caladas, e ela tirou os quatro botões do Check-up em 31/08. Isso já é a linha 'Reabrir uma ordem ignorada', que continua aberta. || DECIDIDO em 04/09/2026 — No cabeçalho, ao lado de ""Examinado"". É a D-16. Onde está escrito: `docs/process/2026-09-04-O-PO-DECIDE-as-54-e-os-sete-conflitos.md` §2 `08[01]`, sobre a pergunta [01] de `docs/process/sprints/2026-09-04-DECISOES-DELA-08-conexoes.md`. Não espera mais palavra dela."
08-conexoes,Palavra do selo por linha (CERTO / AJUSTAR / NOTA),IGUAL,SELO_DO_ESTADO,PRESENTE,src/hefesto_dualsense4unix/interface/pacotes/a08_conexoes.py,src/hefesto_dualsense4unix/app/actions/config/secao_exame.py:1138 · src/hefesto_dualsense4unix/gui/aba_conexoes.py:684,src/hefesto_dualsense4unix/interface/pacotes/a08_conexoes.py:401 · src/hefesto_dualsense4unix/interface/pacotes/a08_conexoes.py:943,"Traduz os quatro estados do `Item` em glifo+cor por linha da grade, com o mapa da camada de tela.","Lê o MESMO `SELO_DO_ESTADO` e emite a palavra por linha, na lista `selo`.","É literalmente o mesmo dicionário, importado de `gui/aba_conexoes.SELO_DO_ESTADO` pelos dois lados. Inclusive a NOTA do `nao_sei` chega igual."
08-conexoes,A QUARTA cor do selo — `problema` não pode parecer `atencao`,IGUAL,.selo.grave,PRESENTE,LADO-HTML,src/hefesto_dualsense4unix/app/actions/config/secao_exame.py:677 · src/hefesto_dualsense4unix/app/actions/config/secao_exame.py:767,src/hefesto_dualsense4unix/interface/pacotes/a08_conexoes.py:833 · src/hefesto_dualsense4unix/interface/aba08.py:802 · src/hefesto_dualsense4unix/interface/aba08.py:810 · src/hefesto_dualsense4unix/interface/paginas/08-conexoes.html:1557,`COR[ESTADO_PROBLEMA]` é distinta de `COR[ESTADO_ATENCAO]` — as quatro têm cor própria na grade e nos cards.,"As QUATRO cores existem e são distintas: `ENDERECO_DO_ESTADO` dá um endereço por estado (`selo-certo`, `selo-atencao`, `selo-estado`, `selo-nao-sei`) porque o alvo `classe` acende UMA classe por elemento, e `problema` fica na própria pílula com a regra `.selo.grave` — o VERMELHO, separado do laranja de `atencao`. Medido na página publicada: 6 `data-hef-quando=""problema""` e 6 `data-hef-quando=""atencao""`.","FATO DERRUBADO em 04/09/2026: a página publicada tem **5** `data-campo=""selo-estado""`, **20** `data-hef-alvo=""classe""` e **6** `data-hef-quando=""problema""`, e é byte-idêntica ao `mockup/08-conexoes.html`. A contagem de 0 e 0 valia antes da publicação da madrugada. **VEREDITO A REMEDIR:** o `sinal` é `COR[ESTADO_ATENCAO]`, símbolo da GTK — o portão não enxerga esta dívida fechar pelo endereço de tela. Medir o ATO. A frase que segue descrevia o defeito enquanto ele existia: `problema` e `atencao` caíam na MESMA pílula laranja na tela dela — o defeito que a decisão de 02/09 (""o que está quebrado agora não pode parecer igual ao que só podia estar melhor"") mandou fechar. A cura está escrita e não está na tela. [noqa-acento: os literais sem acento nesta linha são CÓDIGO — o valor do atributo, o nome da função ou a chave do estado. Acentuá-los quebraria o casamento com o fonte.] || O BALDE PUBLICAR ESTÁ VAZIO — medido em 04/09/2026 com `scripts/check_o_desenho_aprovado.py`: ""o produto já tem 13 · o produto está atrás 0"". As treze páginas foram publicadas na madrugada; esta linha não espera mais o `--publicar` dela. || FECHADA em 06/09/2026 pela PARIDADE-REMEDIR-01, que é o que a própria célula pedia (""VEREDITO A REMEDIR … Medir o ATO""). O sinal deixa de ser `COR[ESTADO_ATENCAO]` — símbolo da GTK, que o portão nunca veria chegar — e passa a ser a regra de estilo que PINTA a quarta cor no lado HTML: se ela sair, a régua reprova. IGUAL: os dois lados dão cor própria a `problema` e não deixam ele parecer `atencao`, que era a decisão de 02/09."
08-conexoes,O texto de cada linha do exame,DIFERENTE,html_do_exame,PRESENTE,src/hefesto_dualsense4unix/interface/pacotes/a08_conexoes.py,src/hefesto_dualsense4unix/app/actions/config/secao_exame.py:619 · src/hefesto_dualsense4unix/app/actions/config/secao_exame.py:1177,src/hefesto_dualsense4unix/interface/pacotes/a08_conexoes.py:986 · src/hefesto_dualsense4unix/interface/pacotes/a08_conexoes.py:544,"A linha da grade mostra o `Item.rotulo` — o NOME da conferência —, com o `porque` e a cura escondidos no tooltip.",A linha mostra o `Item.porque` — a MEDIÇÃO em uma frase; o rótulo vira a primeira metade do `?`.,"São escolhas opostas sobre o mesmo dado, e a do HTML é a que o dono manda (`gui/aba_conexoes.html_do_exame`: ""o texto é o `porque` […] nunca o rótulo""). DIFERENTE-para-melhor no HTML; a GTK continua mostrando o nome do exame onde o desenho promete o achado."
08-conexoes,O `?` de cada linha (por que importa + o que fazer),DIFERENTE,set_tooltip_text,PRESENTE,src/hefesto_dualsense4unix/interface/pacotes/a08_conexoes.py,src/hefesto_dualsense4unix/app/actions/config/secao_exame.py:327 · src/hefesto_dualsense4unix/app/actions/config/secao_exame.py:767,src/hefesto_dualsense4unix/interface/pacotes/a08_conexoes.py:428 · src/hefesto_dualsense4unix/interface/pacotes/a08_conexoes.py:992,"O tooltip da linha traz TRÊS metades — o `DICAS_DAS_LINHAS`, o `Item.porque` e o `PREFIXO_DA_CURA`+`cura` —, e ALÉM disso a cura de conferência ganha um CARD visível na zona de cima.","O `?` traz DUAS metades (a dica da regra e a cura), porque a linha já mostra a medição. Não há card de cura: a cura só existe no hover.","A dica em si é equivalente e vem das mesmas constantes. O que diverge é o CARD DE CURA: a GTK o criou em 25/08 exatamente porque ""a cura de quatro das cinco conferências chegava à tela SÓ dentro de um `set_tooltip_text`"" — e é nesse estado que o HTML está hoje. Quem não passar o mouse não descobre o que fazer. || DECIDIDO em 04/09/2026 — Cartão de cura na coluna da direita. Onde está escrito: `docs/process/2026-09-04-O-PO-DECIDE-as-54-e-os-sete-conflitos.md` §2 `08[03]`, sobre a pergunta [03] de `docs/process/sprints/2026-09-04-DECISOES-DELA-08-conexoes.md`. Não espera mais palavra dela."
08-conexoes,"O carimbo ""Examinado há …""",DIFERENTE,frase_de_quando,PRESENTE,src/hefesto_dualsense4unix/interface/pacotes/a08_conexoes.py,src/hefesto_dualsense4unix/app/actions/config/secao_exame.py:311 · src/hefesto_dualsense4unix/app/actions/config/secao_exame.py:1023,src/hefesto_dualsense4unix/interface/pacotes/a08_conexoes.py:490 · src/hefesto_dualsense4unix/interface/pacotes/a08_conexoes.py:1699 · src/hefesto_dualsense4unix/interface/paginas/08-conexoes.html:1492,Escreve `frase_de_quando(idade)` a partir do `time.time()` do último exame — e esse exame acontece toda vez que ela entra na aba.,"Escreve ""Examinado "" + a MESMA `frase_de_quando`, mas o relógio (`_QUANDO_O_EXAME`) só anda no botão Examinar Portas; antes do primeiro clique responde ""agora mesmo"".","Mesma frase, relógio diferente — e ele mede coisas diferentes: na GTK a idade é do exame de CINCO linhas; no HTML é a do exame COMPLETO, enquanto as três linhas que a tela mostra são refeitas a cada 500 ms. O ""agora mesmo"" inicial é honesto sobre as três, e cala sobre as duas que não rodaram."
08-conexoes,Card de ORDEM DE SERVIÇO (o imperativo e as três linhas com selo de procedência),DIFERENTE,_desenhar_o_que_fazer,PRESENTE,LADO-HTML,src/hefesto_dualsense4unix/app/actions/config/secao_exame.py:677 · src/hefesto_dualsense4unix/app/actions/config/secao_exame.py:789,src/hefesto_dualsense4unix/interface/paginas/08-conexoes.html:1534 · src/hefesto_dualsense4unix/gui/aba_conexoes.py:711,"Desenha um card por ordem: o imperativo em negrito, as TRÊS linhas de `ROTULOS_DA_ORDEM` (""O que eu vi aqui"", ""Por que importa"", ""Ganho esperado"") cada uma com o selo de procedência, e os dois botões.","A coluna direita do Check-up (`.col-ordem`) é HTML fixo do mockup: ""Mova o adaptador Bluetooth da Entrada 3 para a Entrada 9"", com receita e ganho cravados. Nenhum pacote a repinta.","03/09/2026 — A DÍVIDA FECHOU e o dado envelheceu no mesmo minuto: o símbolo `_desenhar_o_que_fazer` APARECEU no lado HTML, posto pela leva do gap. DIFERENTE, e NÃO `IGUAL`, de propósito: o símbolo existir prova que o HTML passou a fazer algo, não que ele faça o MESMO que a GTK. Chamar de IGUAL sem medir seria a maquiagem que esta régua existe para impedir — remeça a feature e reescreva a linha. || Conferi os `blocos` que o pacote troca: só `.mm-faces` e `.mm-lista` (a08_conexoes.py:938). `html_da_ordem` só tem um chamador — `aba_conexoes.pintura:935` —, e `pintura()` só é chamada por `interface/conexoes_vivas.py:327`, que é o piloto de bancada de UMA aba, não o produto (`interface.sh` → `run.sh --gui` → `hefesto_vivo.py`). Na tela dela, a ordem de serviço é uma frase de exemplo apresentada como diagnóstico da máquina dela. || DECIDIDO em 04/09/2026 — Só nas frases que não foram medidas aqui. Onde está escrito: `docs/process/2026-09-04-O-PO-DECIDE-as-54-e-os-sete-conflitos.md` §2 `08[04]`, sobre a pergunta [04] de `docs/process/sprints/2026-09-04-DECISOES-DELA-08-conexoes.md`. Não espera mais palavra dela. || DECIDIDO em 04/09/2026 — Um ""+N"" no fim de cada lista. A diferença entre não mostrar e esconder. Onde está escrito: `docs/process/2026-09-04-O-PO-DECIDE-as-54-e-os-sete-conflitos.md` §2 `08[07]`, sobre a pergunta [07] de `docs/process/sprints/2026-09-04-DECISOES-DELA-08-conexoes.md`. Não espera mais palavra dela."
08-conexoes,"Botão ""Já movi — reexaminar"" (comparar o arranjo de antes com o de agora)",FALTA_NO_HTML,FRASE_DA_RESPOSTA,AUSENTE,LADO-HTML,src/hefesto_dualsense4unix/app/actions/config/secao_exame.py:730 · src/hefesto_dualsense4unix/app/actions/config/secao_exame.py:931 · src/hefesto_dualsense4unix/app/actions/config/secao_exame.py:941,src/hefesto_dualsense4unix/interface/paginas/08-conexoes.html:1557,"Refaz o exame e compara o arranjo, respondendo uma das quatro frases de `FRASE_DA_RESPOSTA`; a resposta FICA na tela até o exame seguinte.","Não existe. A página tem só ""Examinar Portas"", e ele não compara nada — só refaz.","`ordens_da_mesa.resposta_ao_ja_movi` existe e é chamada só pela GTK. O HTML não tem gesto para ela — não está sequer em `SEM_GESTO`, porque o botão não está no desenho. || SAI DO BALDE DESENHO em 04/09/2026, sem virar pergunta: Ela já decidiu em 31/08: *""não faz sentido termos o examinar e o reexaminar""*. A régua o marca como falta porque só sabe comparar com a janela antiga. Registrado em `docs/process/sprints/2026-09-04-DECISOES-DELA-08-conexoes.md`, seção 'Não são decisão dela'. || CONFERIDA em 06/09/2026 pela PARIDADE-REMEDIR-01 e MANTIDA como FALTA_NO_HTML: a `CONEXOES-LIGAR-TUDO-01` mediu os dezesseis itens da 08 e este não fechou. Continua sendo escolha dela de 31/08 (*""não faz sentido termos o examinar e o reexaminar""*), e não dívida a pagar — mas o HTML não faz o ato, então DIFERENTE seria afirmar o que a tela não tem."
08-conexoes,⊘ Ignorar uma ordem de serviço,DIFERENTE,ordens_dispensadas,PRESENTE,src/hefesto_dualsense4unix/interface/pacotes/a08_conexoes.py,src/hefesto_dualsense4unix/app/actions/config/secao_exame.py:959 · src/hefesto_dualsense4unix/app/actions/config/secao_exame.py:977,src/hefesto_dualsense4unix/interface/pacotes/a08_conexoes.py:1702 · src/hefesto_dualsense4unix/interface/paginas/08-conexoes.html:1503 · src/hefesto_dualsense4unix/interface/paginas/08-conexoes.html:1509 · src/hefesto_dualsense4unix/interface/paginas/08-conexoes.html:1515 · src/hefesto_dualsense4unix/interface/paginas/08-conexoes.html:1521 · src/hefesto_dualsense4unix/interface/paginas/08-conexoes.html:1527,"O card de ordem traz `[Ignorar]`, que ACUMULA a dispensa em `host._maquina_pendente` chaveada pelo ARRANJO; quem grava é o ""Aplicar"" do rodapé. A dispensa também some do veredito do topo.","Todas as cinco linhas do Check-up têm o ⊘. Ele grava `machine_declare` NA HORA, recusa dizendo quando a linha é uma conferência, e entra em `_DISPENSADAS` para calar já no tique seguinte.","O dado gravado é o mesmo (`ordens_dispensadas[chave] = {quando, arranjo}`), mas: (a) o HTML grava no clique, a GTK espera o ""Aplicar""; (b) na GTK o ⊘ só existe em ORDEM, no HTML ele está em toda linha e as conferências recusam com frase; (c) a dispensa do HTML não muda selo de topo nenhum, porque não há selo de topo."
08-conexoes,"Reabrir uma ordem ignorada (""Ver as ordens ignoradas"")",DIFERENTE,_ordem_calada,PRESENTE,src/hefesto_dualsense4unix/interface/pacotes/a08_conexoes.py,src/hefesto_dualsense4unix/app/actions/config/secao_exame.py:547 · src/hefesto_dualsense4unix/app/actions/config/secao_exame.py:883 · src/hefesto_dualsense4unix/app/actions/config/secao_exame.py:1009,src/hefesto_dualsense4unix/interface/pacotes/a08_conexoes.py:4624 · src/hefesto_dualsense4unix/interface/pacotes/a08_conexoes.py:4693 · src/hefesto_dualsense4unix/interface/pacotes/a08_conexoes.py:939,"O selo do topo ganha um botão `[Ver quais]` quando há ordens caladas, e ele revela os cards dispensados (sem os dois botões).","O ⊘ virou INTERRUPTOR em 06/09/2026 (decisão 08-Q5 dela): a ordem calada continua na lista, em cinza, e o MESMO botão a traz de volta. Desfazer é gravar `arranjo=""""` — `machine.declare` não tem verbo de remoção —, e um arranjo vazio não casa com arranjo nenhum, logo a ordem volta a falar.","`ordens_da_mesa.ordens_caladas` tem chamador só na GTK. O próprio desenho registra que a saída é decisão dela — mas hoje o ⊘ do HTML é uma porta sem volta. || DECIDIDO em 04/09/2026 — A linha fica na lista, apagada, e o mesmo ⊘ desfaz. Onde está escrito: `docs/process/2026-09-04-O-PO-DECIDE-as-54-e-os-sete-conflitos.md` §2 `08[05]`, sobre a pergunta [05] de `docs/process/sprints/2026-09-04-DECISOES-DELA-08-conexoes.md`. Não espera mais palavra dela. || REMEDIDA em 06/09/2026 pela PARIDADE-REMEDIR-01, com o endereço lido no código. A frase ""uma ordem dispensada só volta se o arranjo dos cabos mudar"" caiu no mesmo dia. DIFERENTE e não IGUAL porque as superfícies são as que ela escolheu: a GTK põe um `[Ver quais]` no selo do topo e REVELA os cards dispensados; aqui a linha nunca sai da lista — fica apagada, e o mesmo ⊘ desfaz."
08-conexoes,Ambiguidade fina das ordens (quem é quem no barramento),FALTA_NO_HTML,identidades(leitura.censo),AUSENTE,LADO-HTML,src/hefesto_dualsense4unix/app/actions/config/secao_exame.py:913 · src/hefesto_dualsense4unix/app/actions/config/secao_exame.py:1078,src/hefesto_dualsense4unix/interface/pacotes/a08_conexoes.py:1677,Passa `identidades(leitura.censo)` para o card e desambigua a ordem quando dois aparelhos iguais poderiam ser o alvo.,Nada. `examinar-portas` chama `exame_da_mesa.exame(...)` e guarda os itens crus em `_EXTRAS`; `identidades` não é chamada.,"Grep em `interface/` não acha uma chamada a `identidades`. Com dois adaptadores do mesmo modelo — que é a bancada dela, medido: três `2357:*` — a ordem do HTML pode nomear o errado. || REMEDIDA em 06/09/2026 pela PARIDADE-REMEDIR-01 com a medição da `CONEXOES-LIGAR-TUDO-01`, e A PREMISSA DESTA LINHA CAIU por duas vias: (1) o cartão nomeia o alvo por `ordem.alvo.caminho`, o endereço de barramento (`3-1.2`), que é único por aparelho por construção — ele não tem como nomear o errado; (2) `ambigua` tem UM consumidor em toda a árvore, `ordens_da_mesa.resposta_ao_ja_movi:911`, que é a resposta do botão ""Já movi — reexaminar"", e esse botão ela mandou tirar em 31/08. Continua FALTA_NO_HTML porque a GTK ainda desambigua e o HTML não, mas é dívida CONDICIONAL: ela volta com o ""Já movi"", e aí a cura é uma linha. || VEREDITO REMEDIDO em 06/09/2026 pela PARIDADE-CRUZA-O-MAPA-01, e ele NÃO MUDA — o que muda é a RAZÃO, e ela passou a ser medida em vez de suposta. Rodei o desenhista do cartão do HTML com uma `Ordem` de verdade (`a08_conexoes._card_da_ordem`, alvo `Identidade(vid=2357, pid=0604, caminho=3-1.2, ambigua=True)`): COM `destino` o cartão imprime `<span class=""caixa"">3-1.2</span>` — o endereço de barramento chega à tela e nomeia o aparelho sem ambiguidade possível, porque `caminho` é único por construção; SEM `destino` a receita inteira não sai e NADA no cartão diz qual dos três `2357:0604` é o alvo. E o próprio dono escreve que nas DUAS ordens desta máquina o `destino` é vazio (`a08_conexoes.py:1285-1289`). Então a resposta NÃO chega à tela hoje, e por `D-0609-ADIAMENTO-NAO-E-REMOCAO` (*""se a resposta não chega à tela, é FALTA""*) a linha continua `FALTA_NO_HTML`. O que sai daqui é a frase 'a ordem do HTML pode nomear o errado', que é FALSA; o que entra é 'o HTML só nomeia o alvo quando a ordem tem destino, e as desta máquina não têm'. A dívida segue CONDICIONAL: `ambigua` tem UM consumidor em toda a árvore (`ordens_da_mesa.py:928`, dentro de `resposta_ao_ja_movi`), cujo único chamador é `secao_exame.py:954` — o botão 'Já movi', que ela mandou tirar em 31/08 e que é a linha 269 desta planilha."
08-conexoes,Tabela de adaptadores Bluetooth (Nome · Adaptador · Onde está),IGUAL,_onde_esta_o_adaptador,PRESENTE,src/hefesto_dualsense4unix/interface/pacotes/a08_conexoes.py,src/hefesto_dualsense4unix/app/actions/config/secao_mesa.py:1004 · src/hefesto_dualsense4unix/app/actions/config/secao_mesa.py:2037,src/hefesto_dualsense4unix/interface/pacotes/a08_conexoes.py:1612 · src/hefesto_dualsense4unix/interface/aba08.py:3143 · mockup/08-conexoes.html:2918,"Desenha a tabela a partir de `mesa_de_radio.ler_a_mesa()`, com a coluna Nome só quando o BlueZ respondeu, `_nome_do_adaptador` na coluna do meio e `_onde_esta_o_adaptador` (que já fala o número do mapa dela) na terceira. Sem adaptador, escreve a frase em vez de uma tabela vazia.","`_html_dos_adaptadores` troca a tabela INTEIRA (alvo `html`) a partir de `mesa_de_radio.ler_a_mesa().adaptadores`: o nome vem do `Dongle.nome` do BlueZ, a coluna do meio de `secao_mesa._nome_do_adaptador` (VID:PID, nunca `hciN`) e a terceira de `secao_mesa._onde_esta_o_adaptador`, que já fala o número do mapa dela. Diz frases DIFERENTES para 'não consegui ler' e 'não há nenhum'.","FECHOU em 04/09/2026. A linha dizia que a tabela era HTML fixo do mockup — era, e a medição continua valendo como registro: `ler_a_mesa()` acha TRÊS adaptadores nesta máquina e a tela mostrava DOIS, de uma bancada de exemplo. Fotografado hoje na tela viva: as três linhas, com os três nomes que ela deu no BlueZ, os três `2357:0604` e as três posições reais (uma na traseira, duas em hub). || O `Renomear` da GTK não vira diferença: aqui o gesto é duplo clique no nome (decisão dela, 31/08), e a capacidade de ESCREVER o alias é a linha própria 'Dar nome a um adaptador'."
08-conexoes,Dar nome a um adaptador (o alias do BlueZ),IGUAL,renomear_o_dongle,PRESENTE,src/hefesto_dualsense4unix/interface/pacotes/a08_conexoes.py,src/hefesto_dualsense4unix/app/actions/config/secao_mesa.py:1079 · src/hefesto_dualsense4unix/app/actions/config/secao_mesa.py:1683 · src/hefesto_dualsense4unix/app/actions/config/secao_mesa.py:1688,src/hefesto_dualsense4unix/interface/pacotes/a08_conexoes.py:3809 · src/hefesto_dualsense4unix/interface/pacotes/a08_conexoes.py:3826 · src/hefesto_dualsense4unix/interface/hefesto_vivo.py:906,"Campo livre por adaptador; sair do campo ou dar Enter escreve o `org.bluez.Adapter1.Alias` NA HORA, comparando antes para não reescrever à toa, e preservando o prefixo `Nintendo` que segura o Pro Controller.","a célula do apelido é `contenteditable`; ao perder o foco o piloto manda o gesto `renomear-adaptador`, que grava o `Alias` no BlueZ com a costura do prefixo Nintendo e RECUSA nome igual (escrita à toa num barramento de sistema derrubaria o prefixo que segura o Pro)","CONTINUA ABERTA, e o sinal mudou em 04/09/2026 para não dar falso fechamento: a leva de hoje passou a LER o alias (`apelido_do_dongle.ler_os_dongles`), e o nome do `org.bluez.Adapter1.Alias` entrou no código do lado HTML só como citação. Ler não é escrever. O sinal agora é `renomear_o_dongle`, que é a função que GRAVA, e ela não existe no lado HTML: o `contenteditable` da célula não tem gesto. || A LIÇÃO: um sinal que casa com prosa fecha dívida no papel. || FECHADA em 04/09/2026, e em DUAS metades por DUAS posses. A ONDA2-08 entregou o motor e o endereço na página, e AVISOU que a dívida fechava só pela metade: o ouvinte único do piloto escutava `click` e `change`, e um `contenteditable` NÃO DISPARA NENHUM DOS DOIS ao perder o foco — o gesto estava de pé, completo e testado, e nunca era acionado. A frente relatou em vez de fiar (o piloto estava no `nao_toca` dela) e quem integra fechou no mesmo dia, com a terceira porta do ouvinte (`blur`, em captura, porque `blur` não borbulha). **Sem o aviso dela, esta linha teria sido lançada como fechada com o botão morto** — que é o defeito de 29/08 de volta."
08-conexoes,O hub em comum acima de todos os adaptadores,IGUAL,_frase_do_hub_em_comum,PRESENTE,src/hefesto_dualsense4unix/interface/pacotes/a08_conexoes.py,src/hefesto_dualsense4unix/app/actions/config/secao_mesa.py:1544 · src/hefesto_dualsense4unix/app/actions/config/secao_mesa.py:1966,src/hefesto_dualsense4unix/interface/pacotes/a08_conexoes.py:3256 · src/hefesto_dualsense4unix/interface/aba08.py:1,"Uma linha de três frases (fato, por quê, conselho) quando `censo_do_barramento.hub_em_comum` acha um hub acima de TODOS os adaptadores; some inteira quando não há.","`_frase_do_hub` chama `secao_mesa._frase_do_hub_em_comum(mesa, censo, entradas)` e escreve as três frases (fato · por quê · conselho) numa linha de ressalva, separadas por `<br>`. Some inteira quando o dono cala.","`hub_em_comum` é o achado que a coluna ""Em hub"" levanta e não responde — a GTK o costurou em 26/08 justamente por ser a casa sabendo e o produto não fazendo. No HTML ele voltou ao estado anterior. || FECHOU em 06/09/2026 (CONEXOES-LIGAR-TUDO-01). Os dois lados chamam a MESMA função do mesmo dono. A regra opcional do conselho é dele: só nasce com buraco livre alcançável em OUTRA controladora. Medido nesta bancada: os três adaptadores estão em `usb1/1-4`, `usb3/3-1/3-1.2` e `usb3/3-1/3-1.4` — não há hub acima dos três, e a linha CALA (0 px, medido no WebKit)."
08-conexoes,As contagens do gabinete (o que o firmware diz × o que o kernel conta),IGUAL,_linhas_do_gabinete,PRESENTE,src/hefesto_dualsense4unix/interface/pacotes/a08_conexoes.py,src/hefesto_dualsense4unix/app/actions/config/secao_mesa.py:1574 · src/hefesto_dualsense4unix/app/actions/config/secao_mesa.py:1930,src/hefesto_dualsense4unix/interface/pacotes/a08_conexoes.py:3289 · src/hefesto_dualsense4unix/interface/aba08.py:1,"Publica as duas contagens LADO A LADO quando divergem, mais a pergunta pendente, a partir do `gabinete.json` que o install grava — e nunca escolhe uma.","`_frases_do_gabinete` chama `secao_mesa._linhas_do_gabinete(gabinete)` e escreve as contagens LADO A LADO mais a pergunta pendente. Nunca escolhe uma. Sem `gabinete.json`, silêncio.","Grep por `gabinete` / `contagens_declaradas` em `interface/pacotes/` não acha chamador. Sem isso, o mapa do HTML desenha um gabinete sem dizer quantos buracos ele deveria ter. || FECHOU em 06/09/2026. O dono é o mesmo dos dois lados, e a regra que importa é dele — o produto não escolhe entre o firmware e o kernel. Medido nesta bancada: a BIOS conta 5 entradas USB, o barramento conta 15 buracos, e a terceira frase é a pergunta que só ela responde."
08-conexoes,Medidor de rádio / Desempenho (turnos por adaptador),DIFERENTE,"data-campo=""regua-do-radio""",PRESENTE,LADO-HTML,src/hefesto_dualsense4unix/app/actions/config/secao_mesa.py:1306 · src/hefesto_dualsense4unix/app/actions/config/secao_mesa.py:1341 · src/hefesto_dualsense4unix/app/actions/config/secao_mesa.py:1323,src/hefesto_dualsense4unix/interface/pacotes/a08_conexoes.py:2204 · src/hefesto_dualsense4unix/interface/pacotes/a08_conexoes.py:2340 · mockup/08-conexoes.html:2982,"Uma barra por adaptador, com o rótulo pelo apelido, a trilha de duas fatias (input e áudio), a PALAVRA (Folgada/…) em duas cores e o SELO DE PROCEDÊNCIA. Quando o daemon não respondeu, mostra ""não sei"" em vez de zero — a guarda existe por medição de 23/08.","Uma pista por ADAPTADOR de `ler_a_mesa().adaptadores`, na ordem da tabela, com o nome do BlueZ; a fatia de cada controle na cor do plástico, a tampa do microfone quando a ponte SUBIU (`bt_mic.uniqs`) e as vagas tracejadas de quem está no cabo. Adaptador sem ninguém vira a pista vazia do desenho ('Nenhum controle neste rádio · 0 de 1.600').","A MEDIÇÃO ANTERIOR CADUCOU DUAS VEZES. Ela dizia que as `.pista` eram HTML fixo com larguras cravadas — o bloco inteiro ganhou endereço em 03/09 — e que o produto não sabia enumerar adaptadores, o que era o caminho errado: `radio_da_mesa` não sabe, mas `mesa_de_radio.ler_a_mesa()` sabe, e é a mesma leitura que esta aba já fazia para os rádios vizinhos. Fotografado em 04/09 na bancada dela: TRÊS pistas nomeadas, uma por adaptador, contra UMA sem nome antes. || O QUE AINDA DIFERE: a GTK põe o SELO DE PROCEDÊNCIA em cada medidor e diz 'não sei' quando o daemon não respondeu; aqui a palavra da ocupação vem do dono (`radio_da_mesa.palavra_da_ocupacao`) e o selo não existe — ele é a quarta decisão dela desta aba."
08-conexoes,Rádios vizinhos — o nome do aparelho,IGUAL,vizinho-nome,PRESENTE,src/hefesto_dualsense4unix/interface/pacotes/a08_conexoes.py,src/hefesto_dualsense4unix/app/actions/config/secao_mesa.py:1132,src/hefesto_dualsense4unix/interface/pacotes/a08_conexoes.py:874 · src/hefesto_dualsense4unix/interface/pacotes/a08_conexoes.py:996 · src/hefesto_dualsense4unix/interface/paginas/08-conexoes.html:2506,"Coluna ""Aparelho"" com o `vid:pid` em fonte mono, porque é o nome que o produto tem.","Pinta `vizinho-nome` com o mesmo `vid:pid`, lido de `ler_a_mesa()`.","Os dois usam a mesma chave e pela mesma razão escrita. O desenho mostra ""Intel AX211 (banda 2,4)"" como exemplo, mas o produto sobrescreve com o `vid:pid` real — verifiquei rodando: `3554:fa09`, `25a7:fa07`, `046d:08e5`, `2357:012d`."
08-conexoes,"Rádios vizinhos — a coluna ""O que é"" com o degrau LIDO PELO KERNEL",DIFERENTE,GRAU_LIDO,PRESENTE,src/hefesto_dualsense4unix/interface/pacotes/a08_conexoes.py,src/hefesto_dualsense4unix/app/actions/config/secao_mesa.py:1167 · src/hefesto_dualsense4unix/app/actions/config/secao_mesa.py:1211 · src/hefesto_dualsense4unix/app/actions/config/secao_mesa.py:1245,src/hefesto_dualsense4unix/interface/pacotes/a08_conexoes.py:289 · src/hefesto_dualsense4unix/interface/pacotes/a08_conexoes.py:295 · src/hefesto_dualsense4unix/interface/pacotes/a08_conexoes.py:318 · src/hefesto_dualsense4unix/interface/pacotes/a08_conexoes.py:2238 · src/hefesto_dualsense4unix/interface/aba08.py:423 · mockup/08-conexoes.html:2788,"Três degraus de precedência: (1) o que ELA respondeu, com o selo `(você disse)` e um botão ""Corrigir""; (2) o que o KERNEL leu (`censo_do_barramento`, grau `lido`), com o selo `(lido)` e ""Corrigir""; (3) só quando ninguém sabe, o seletor aberto com o `▲`.","Dois degraus dos três: pergunta ao `censo_do_barramento` (o mesmo dono da GTK) e, quando o grau é `lido`, a PRIMEIRA opção do `<select>` deixa de ser ""— O que é? —"" e passa a carregar a palavra do kernel ainda como pergunta — ""— Teclado? —"". A resposta dela continua vencendo o kernel. Não há selo `(lido)` nem botão ""Corrigir"": são caixas novas na cena aprovada, logo desenho dela.","FECHOU A METADE QUE NÃO É DESENHO — 03/09/2026, e a régua é a TELA. ANTES, medido no DOM vivo com o daemon ligado: os QUATRO `<select>` diziam ""— O que é? —"", e TRÊS deles o kernel já tinha classificado (`3554:fa09`=Teclado/lido, `25a7:fa07`=Mouse/lido, `046d:08e5`=Câmera/lido; só `2357:012d` é classe `ff`, grau desconhecido). DEPOIS: ""— Teclado? —"", ""— Mouse? —"", ""— Webcam? —"" e ""— O que é? —"" — 4 perguntas viraram 3 sugestões + 1 pergunta. || A SUGESTÃO NÃO É TRADUÇÃO, e a diferença é decisão DELA: perguntada se a ""Câmera"" do kernel é a ""Webcam"" da lista, respondeu *""Depende do aparelho. Nem toda 'Câmera' do kernel é a webcam que você quer marcar. A tela pode SUGERIR e deixar você confirmar, em vez de decidir sozinha.""* Por isso a palavra sai vestida de pergunta (a moldura é LIDA de `RESPOSTAS_DO_VIZINHO[0]`, não digitada) e o gesto converte a sugestão em `tipo: None` — o `maquina.json` NÃO recebe palavra que ela não disse. Provado na bancada: cliquei a sugestão do `046d:08e5`, o piloto respondeu `[gesto] vizinho-o-que-e → aplicado` e o `maquina.json` dela ficou com o MESMO md5. || O QUE AINDA DIFERE, e é desenho dela: o selo `(lido)`, a dica ""O próprio aparelho informou ao sistema o que ele é"" e o botão ""Corrigir"" da GTK (`secao_mesa._celula_respondida`) são três caixas a mais por linha. E a borda CIANO de ""o produto não sabe"" continua CRAVADA no desenho — medido: os quatro rádios estão sem resposta e só DOIS aparecem em ciano; a cura move a classe do `<select>` para a `.viz` e troca uma regra de CSS, que o `check_o_desenho_aprovado` lê como desenho."
08-conexoes,Rádios vizinhos — gravar a resposta dela,DIFERENTE,vizinho-o-que-e,PRESENTE,src/hefesto_dualsense4unix/interface/pacotes/a08_conexoes.py,src/hefesto_dualsense4unix/app/actions/config/secao_mesa.py:1486 · src/hefesto_dualsense4unix/app/actions/config/secao_mesa.py:1504,src/hefesto_dualsense4unix/interface/pacotes/a08_conexoes.py:1595 · src/hefesto_dualsense4unix/interface/paginas/08-conexoes.html:2506,"O seletor de sete botões grava `mesa.radios[vid:pid].tipo` no rascunho (`_acumular`), e o ""Aplicar"" do rodapé escreve no `maquina.json`.","O `<select>` dispara `vizinho-o-que-e`, que traduz o rótulo pelo `_TIPOS_DE_RADIO` do produto e manda `machine_declare` NA HORA; recusa dizendo um rótulo fora da lista e converte ""Não sei"" em `None`.","Mesmo destino e mesma tradução, mas o HTML aplica no clique (decisão dela de 01/09) e a GTK espera o ""Aplicar"". E há um teto de tela: o desenho tem QUATRO blocos de vizinho e o `_slot` recusa fora da faixa (a08_conexoes.py:1359) — nesta bancada há exatamente 4, mas um quinto rádio espetado ficaria invisível, e o HTML não tem ""+N"" (a GTK desenha uma linha por rádio, sem teto). || DECIDIDO em 04/09/2026 — JÁ FOI — §3. Onde está escrito: `docs/process/2026-09-04-O-PO-DECIDE-as-54-e-os-sete-conflitos.md` §2 `08[02]`, sobre a pergunta [02] de `docs/process/sprints/2026-09-04-DECISOES-DELA-08-conexoes.md`. Não espera mais palavra dela. || DECIDIDO em 04/09/2026 — Um ""+N"" no fim de cada lista. A diferença entre não mostrar e esconder. Onde está escrito: `docs/process/2026-09-04-O-PO-DECIDE-as-54-e-os-sete-conflitos.md` §2 `08[07]`, sobre a pergunta [07] de `docs/process/sprints/2026-09-04-DECISOES-DELA-08-conexoes.md`. Não espera mais palavra dela."
08-conexoes,"Rádios vizinhos — a coluna ""Onde"" e o aviso de vizinhança",IGUAL,_avisos_de_vizinhanca,PRESENTE,src/hefesto_dualsense4unix/interface/pacotes/a08_conexoes.py,src/hefesto_dualsense4unix/app/actions/config/secao_mesa.py:1119 · src/hefesto_dualsense4unix/app/actions/config/secao_mesa.py:2202 · src/hefesto_dualsense4unix/app/actions/config/secao_mesa.py:2226,src/hefesto_dualsense4unix/interface/pacotes/a08_conexoes.py:1669 · src/hefesto_dualsense4unix/interface/pacotes/a08_conexoes.py:1702 · src/hefesto_dualsense4unix/interface/aba08.py:1634 · mockup/08-conexoes.html:2936,"Terceira coluna com `_onde_esta_o_radio` (que já fala o número do mapa dela) e, quando `_avisos_de_vizinhanca` acusa, a célula em alerta com a dica dizendo por quê.","Cada bloco `.viz` ganhou uma terceira linha com `secao_mesa._onde_esta_o_radio` — o painel (ou o número do mapa dela) mais o aviso de vizinhança colado. O amarelo vem de um `<i class=""vaviso"">` irmão anterior, com alvo `classe` booleano sobre a DICA: rádio que `_avisos_de_vizinhanca` não acusou recebe vazio e não acende.","FECHOU em 04/09/2026. Os dois donos são os da GTK, e o segundo garante UM aviso por par — *""são dois aparelhos e UM problema, e marcar os dois leria como dois""*. Medido e fotografado na bancada dela: dos três rádios vizinhos, o `3554:fa09` diz **'Não sei · vizinho do adaptador 3'** em laranja e os outros dois calam. É o mesmo fato que a linha do Check-up chama de 'dois rádios em entradas vizinhas' — e que ali não dizia qual."
08-conexoes,As duas perguntas da sala (altura da antena · linha de visada) — GRAVAR,DIFERENTE,vizinhanca_das_portas,PRESENTE,src/hefesto_dualsense4unix/interface/pacotes/a08_conexoes.py,src/hefesto_dualsense4unix/app/actions/config/secao_mesa.py:626 · src/hefesto_dualsense4unix/app/actions/config/secao_mesa.py:1467 · src/hefesto_dualsense4unix/app/actions/config/secao_mesa.py:1504,src/hefesto_dualsense4unix/interface/pacotes/a08_conexoes.py:1263 · src/hefesto_dualsense4unix/interface/pacotes/a08_conexoes.py:1287 · src/hefesto_dualsense4unix/interface/paginas/08-conexoes.html:2663 · src/hefesto_dualsense4unix/interface/paginas/08-conexoes.html:2667,"`SegmentedSelector` com três respostas; o clique acumula em `host._maquina_pendente` e o ""Aplicar"" do rodapé grava.","Dois gestos separados (`sala-altura`, `sala-visada`) que validam o valor e mandam `machine_declare` parcial na hora — separados de propósito, para responder uma não apagar a outra.","Mesmo campo, mesma validação (`acima`/`abaixo`/`None`), mesmo consumidor (`vizinhanca_das_portas`). A diferença é imediato × diferido, e é decisão dela. O HTML ainda ganha por mandar declaração PARCIAL — a fusão sob lock do daemon não apaga o par."
08-conexoes,As duas perguntas da sala — MOSTRAR o que já está declarado,DIFERENTE,_mesa_em_vigor(),PRESENTE,LADO-HTML,src/hefesto_dualsense4unix/app/actions/config/secao_mesa.py:671,src/hefesto_dualsense4unix/interface/pacotes/a08_conexoes.py:926 · src/hefesto_dualsense4unix/interface/paginas/08-conexoes.html:2663 · src/hefesto_dualsense4unix/interface/paginas/08-conexoes.html:2667,"Pré-seleciona o botão do valor gravado ANTES de ligar o `changed`, lendo `_mesa_em_vigor()` (disco + rascunho).","Nada. O `pacote()` não emite `sala-altura` nem `sala-visada`, e a classe `on` dos botões é a que o mockup cravou.","03/09/2026 — A DÍVIDA FECHOU e o dado envelheceu no mesmo minuto: o símbolo `_mesa_em_vigor()` APARECEU no lado HTML, posto pela leva do gap. DIFERENTE, e NÃO `IGUAL`, de propósito: o símbolo existir prova que o HTML passou a fazer algo, não que ele faça o MESMO que a GTK. Chamar de IGUAL sem medir seria a maquiagem que esta régua existe para impedir — remeça a feature e reescreva a linha. || MEDIDO no `maquina.json` dela em 03/09: `altura_da_antena='acima'` e `linha_de_visada='com_gente'`. Na página, o ""Sim"" da ALTURA está `class=""on""` por coincidência do mockup, e os TRÊS botões da VISADA estão com `class=""""` — a tela diz que ela não respondeu uma pergunta que ela respondeu. Ela clica de novo achando que o primeiro clique se perdeu."
08-conexoes,"Mapa do gabinete — faces, entradas e o veredito de cada quadrado",IGUAL,gui/aba_conexoes.html_do_mapa,PRESENTE,src/hefesto_dualsense4unix/interface/pacotes/a08_conexoes.py,src/hefesto_dualsense4unix/app/widgets/mapa_da_mesa.py:637 · src/hefesto_dualsense4unix/app/widgets/mapa_da_mesa.py:679 · src/hefesto_dualsense4unix/app/widgets/mapa_da_mesa.py:390,src/hefesto_dualsense4unix/interface/pacotes/a08_conexoes.py:636 · src/hefesto_dualsense4unix/interface/pacotes/a08_conexoes.py:938 · src/hefesto_dualsense4unix/gui/aba_conexoes.py:1022,"Janela própria que desenha as faces do `MapaDaMesa` dela, um quadrado por entrada, com o que está dentro e o veredito de `arranjo_da_mesa.julgar`, mais o estado vazio com frase.","O pacote troca o bloco `.mm-faces` inteiro pelo `gui/aba_conexoes.html_do_mapa`, alimentado pela MESMA `LogicaDoMapa`, pelo MESMO `veredito_do_quadrado` e com o MESMO `ROTULO_SEM_FACE` no vazio.","Rodei `_html_do_mapa()` contra o disco dela: `faces=[]`, e a saída é a frase de estado vazio do produto (`ROTULO_SEM_FACE`), byte a byte a mesma que a GTK escreve. Motor, rótulos e dicas vêm todos de `mapa_da_mesa`."
08-conexoes,"Mapa do gabinete — os seis gestos (escolher, colocar, tirar, nova entrada, nova extensão, nova face)",DIFERENTE,machine_declare,PRESENTE,src/hefesto_dualsense4unix/interface/pacotes/a08_conexoes.py,src/hefesto_dualsense4unix/app/widgets/mapa_da_mesa.py:746 · src/hefesto_dualsense4unix/app/widgets/mapa_da_mesa.py:784 · src/hefesto_dualsense4unix/app/widgets/mapa_da_mesa.py:796,src/hefesto_dualsense4unix/interface/pacotes/a08_conexoes.py:1792 · src/hefesto_dualsense4unix/interface/pacotes/a08_conexoes.py:1818 · src/hefesto_dualsense4unix/interface/pacotes/a08_conexoes.py:1845 · src/hefesto_dualsense4unix/interface/pacotes/a08_conexoes.py:1861 · src/hefesto_dualsense4unix/interface/pacotes/a08_conexoes.py:1877 · src/hefesto_dualsense4unix/interface/pacotes/a08_conexoes.py:1896 · src/hefesto_dualsense4unix/interface/pacotes/a08_conexoes.py:1775,"Os mesmos seis, sobre a mesma `LogicaDoMapa`, mas ACUMULANDO no rascunho: fechar a janela chama `_acumular`, e o ""Aplicar"" do rodapé grava.","Os mesmos seis gestos, sobre a mesma `LogicaDoMapa`, mandando o rascunho INTEIRO por `machine_declare` a cada clique.","Mesma camada, mesmos efeitos sobre o documento. A diferença é o momento de gravar (clique × Aplicar) e uma trava a menos: a GTK também tem `LogicaDoMapa.tirar_face` (:336) e nenhum dos dois lados desenhou botão para ela — logo isso não conta contra o HTML. O que conta é o rodapé do HTML dizer ""O desenho vale quando você clicar em Aplicar"" (paginas/08-conexoes.html:2680) quando ele já valeu no clique: a frase da tela contradiz o gesto. || DECIDIDO em 04/09/2026 — Trocar pela verdade. Onde está escrito: `docs/process/2026-09-04-O-PO-DECIDE-as-54-e-os-sete-conflitos.md` §2 `08[08]`, sobre a pergunta [08] de `docs/process/sprints/2026-09-04-DECISOES-DELA-08-conexoes.md`. Não espera mais palavra dela."
08-conexoes,Confissão do desenho (o que o mapa NÃO consegue conferir),IGUAL,confissao_do_desenho,PRESENTE,src/hefesto_dualsense4unix/interface/pacotes/a08_conexoes.py,src/hefesto_dualsense4unix/app/widgets/mapa_da_mesa.py:605 · src/hefesto_dualsense4unix/app/widgets/mapa_da_mesa.py:411,src/hefesto_dualsense4unix/interface/pacotes/a08_conexoes.py:1076 · src/hefesto_dualsense4unix/interface/pacotes/a08_conexoes.py:2002 · mockup/08-conexoes.html:2987,"Redesenha, a cada mudança, as linhas de `confissao_do_desenho(bancada)` — o que o desenho não alcança, escrito e nunca calado.","`_confissao_do_mapa` chama o MESMO `mapa_da_mesa.confissao_do_desenho` sobre a bancada DELA e emite três campos: a conta por extenso no `<b>`, os itens no `title` e o interruptor `confissao-nada`, que apaga a linha quando não há o que confessar.","03/09/2026 — FECHADA por esta frente, e medida na mesa dela: a linha dizia ""três coisas"" (a conta da CENA) e a bancada dela tem UMA lacuna (`especie`). Ela mora FORA do bloco `.mm-faces` que o pacote troca inteiro, e por isso ninguém nunca a repintava. Agora as frases, a ordem e a regra do sumiço saem todas do dono. A ÚNICA diferença de superfície é decisão dela de 29/08 — os itens vivem no `title` em vez de em linhas no corpo (""A CONFISSÃO SAIU DO CORPO E VIROU DICA""), e a conta continua de graça, sem hover. Provado no WebKit: `scripts/ensaios/a_linha_fechada_da_08_no_webkit.py` lê `uma coisa` com selo de visita do piloto."
08-conexoes,"""Acrescentar hub"" (novo-hub)",SO_NO_HTML,"data-gesto=""novo-hub""",PRESENTE,src/hefesto_dualsense4unix/interface/paginas/08-conexoes.html,src/hefesto_dualsense4unix/app/widgets/mapa_da_mesa.py:180,src/hefesto_dualsense4unix/interface/pacotes/a08_conexoes.py:1126 · src/hefesto_dualsense4unix/interface/paginas/08-conexoes.html:2654,Não existe. `LogicaDoMapa` não tem `acrescentar_hub` — um hub de bancada não é entrada do gabinete.,"O botão existe no desenho, com `data-gesto=""novo-hub""`, e está declarado em `SEM_GESTO` com a razão: não há dono, e o `title` promete uma pergunta que a tela não tem onde fazer.","É oferta que a GTK nunca fez, e é oferta SEM dono — o piloto imprime `[gesto sem dono]` no clique. Não é ganho: registro aqui para ninguém ""consertar"" pendurando-o no `acrescentar_extensao`, que criaria filha numa entrada que ela não escolheu."
08-conexoes,"Cerimônia ""Mapear Entrada a Entrada"" (calibrar as entradas, inclusive as VAZIAS)",FALTA_NO_HTML,confirmar_entrada_nova,AUSENTE,LADO-HTML,src/hefesto_dualsense4unix/app/widgets/calibrar_entradas.py:460 · src/hefesto_dualsense4unix/app/widgets/calibrar_entradas.py:643 · src/hefesto_dualsense4unix/app/widgets/calibrar_entradas.py:656 · src/hefesto_dualsense4unix/app/widgets/calibrar_entradas.py:679 · src/hefesto_dualsense4unix/app/widgets/calibrar_entradas.py:784 · src/hefesto_dualsense4unix/app/actions/config/secao_mesa.py:1602,src/hefesto_dualsense4unix/interface/paginas/08-conexoes.html:2686,"Janela inteira de 1.153 linhas com as duas fases (sentada e em pé), a pergunta única por hub, o pulso de vibração, o veredito confirmado pelo sysfs (nunca pela mão), `[Não alcanço]` como saída de primeira classe, e gravação A CADA RESPOSTA direto no disco — funciona com o Hefesto desligado.","Três telas estáticas do mockup (`#mapear-entrada-a-entrada`, `-fim`, `-em-pe`) navegadas por âncora `href=""#...""`. ZERO `data-gesto` em qualquer uma delas.","Contei os `data-gesto` das três telas: nenhum. Todos os botões são `<a href=""#"">`, inclusive ""Vou mostrar agora"", ""Não alcanço"" e ""Já chega por hoje"". É a maior feature inteira que a GTK tem e o HTML não tem — e é a única porta para o produto aprender a entrada VAZIA, que é metade do mapa dela. || CONFERIDA em 06/09/2026 pela PARIDADE-REMEDIR-01 e MANTIDA: contei de novo os `data-gesto` das três telas na página publicada (`#mapear-entrada-a-entrada`, `-fim` e `-em-pe`) — ZERO, e zero `data-hef` também. A decisão de 06/09 sobre ela é de PRAZO, não de escopo: a 24 HORAS a põe explicitamente FORA das 24 horas (§10), e a mesma seção diz que o resto dos FALTA ""fica na régua, que é onde fila mora""."
08-conexoes,"Alvo de saída (""só este"" / ""Todos"") — ESCREVER",IGUAL,_indice,PRESENTE,src/hefesto_dualsense4unix/interface/pacotes/a08_conexoes.py,src/hefesto_dualsense4unix/app/actions/status_actions.py:2441 · src/hefesto_dualsense4unix/app/actions/status_actions.py:1568,src/hefesto_dualsense4unix/interface/pacotes/a08_conexoes.py:1212 · src/hefesto_dualsense4unix/interface/pacotes/a08_conexoes.py:1246 · src/hefesto_dualsense4unix/interface/paginas/08-conexoes.html:1610 · src/hefesto_dualsense4unix/interface/paginas/08-conexoes.html:1623,Fita de chips que chama `controller.target.set` com o `index` da enumeração (ou `None` para broadcast).,"As etiquetas do acordeão disparam `alvo` (com o `index` resolvido por `_indice`, que recusa dizendo quando não há posição) e a seta dispara `todos` (`index=None`).","Mesmo método IPC, mesma semântica do `None`, e o HTML ainda recusa dizendo em vez de mirar o 0 quando o daemon não publicou `index` — a GTK ordena por identidade e carrega o `index` pelo mesmo motivo."
08-conexoes,Alvo de saída — LER DE VOLTA qual é o alvo agora,IGUAL,output_target_index,PRESENTE,src/hefesto_dualsense4unix/interface/pacotes/a08_conexoes.py,src/hefesto_dualsense4unix/app/actions/status_actions.py:2316 · src/hefesto_dualsense4unix/app/actions/status_actions.py:1867,src/hefesto_dualsense4unix/interface/pacotes/a08_conexoes.py:3057 · src/hefesto_dualsense4unix/interface/pacotes/a08_conexoes.py:3103 · src/hefesto_dualsense4unix/interface/aba08.py:1,"Lê `state[""output_target_index""]` a cada tique e marca o chip certo, cobrindo troca de alvo por CLI, applet ou boot.","`_pref_do_alvo` traduz `output_target_index` (posição em `controllers`) para o `pref` do desenho (posição na mesa ordenada por identidade), pela ponte do `uniq`, e `_alvo_de_saida` marca o rádio do acordeão pelo alvo `marcado`. `index: null` marca o ""todos""; um índice que o estado não traduz não marca NADA.","Grep por `output_target_index` em `interface/` só acha o dublê JSON. O gesto escreve e a tela nunca confere: ela clica ""só este"" no P2, o daemon obedece, e no tique seguinte a tela continua apontando o P1. O próprio `alvo()` documenta metade disso (a fita), mas a outra metade — o acordeão — também não lê. || FECHOU em 06/09/2026. A cura alcança as DUAS metades da queixa com um endereço só: o destaque do chip da FITA vem das regras `body:has(#gc-pN:checked)` do gerador, não do `.on` que o piloto escreve — o docstring do gesto `alvo` afirmava o contrário e foi substituído. Medido no WebKit: com o alvo no `index: 0` a tela marca `gc-p2` e acende o chip `P2`; o serviço troca para `index: 1` e sem um clique a tela passa a `gc-p1` e ao chip `P1`."
08-conexoes,"Microfone por controle (a ponte, não o mudo) — gravar",DIFERENTE,machine_declare,PRESENTE,src/hefesto_dualsense4unix/interface/pacotes/a08_conexoes.py,src/hefesto_dualsense4unix/app/actions/config/secao_controles.py:553 · src/hefesto_dualsense4unix/app/actions/config/secao_controles.py:1098,src/hefesto_dualsense4unix/interface/pacotes/a08_conexoes.py:1380 · src/hefesto_dualsense4unix/interface/pacotes/a08_conexoes.py:917 · src/hefesto_dualsense4unix/interface/paginas/08-conexoes.html:2012,"Interruptor por card que acumula em `host._maquina_pendente` e grava `controles[chave].microfone` no ""Aplicar"" do rodapé; desligar grava `None`, nunca `False`.","`<select>` Ligado/Desligado que manda `machine_declare` na hora, com a mesma chave de doze hexa e o mesmo `None` no desligar; e relê a declaração para o tique seguinte pintar o que ela escolheu.","Mesmo campo, mesma regra do `None`, e o HTML tem uma coisa a mais: ele PINTA o estado declarado (`mic-existe`), então o segundo clique não parece o primeiro. A divergência é o momento de gravar, e ela é decisão dela."
08-conexoes,Microfone — a trava no cabo e sem endereço,DIFERENTE,DICA_MIC_NO_CABO,PRESENTE,src/hefesto_dualsense4unix/interface/pacotes/a08_conexoes.py,src/hefesto_dualsense4unix/app/actions/config/secao_controles.py:520 · src/hefesto_dualsense4unix/app/actions/config/secao_controles.py:537,src/hefesto_dualsense4unix/interface/pacotes/a08_conexoes.py:1308 · src/hefesto_dualsense4unix/interface/pacotes/a08_conexoes.py:1958 · mockup/08-conexoes.html:2072,"`pode_ligar_o_mic` apaga o interruptor em QUATRO condições (não adotado, no cabo, sem uniq, sem endereço) e `dica_do_microfone` dá uma frase DIFERENTE para cada motivo — ""no cabo não faz falta"" × ""sem endereço não tem onde guardar"".","O `<select>` continua sempre ativo e recusando depois do clique. O que mudou é o RESUMO da linha fechada: `mic-existe` no `<b>` (a declaração de verdade, não a palavra do desenho) e `mic-caminho` no alvo `html` (""pelo cabo · Placa do controle"" × ""pelo rádio · Pela ponte""), pelo dono único `caminho_do_microfone`, que o gerador também chama.","03/09/2026 — a linha fechada parou de mentir, e a trava NÃO. Medido na mesa dela no mesmo dia: o `maquina.json` diz que a ponte deste controle está DESLIGADA e a tela dizia ""Microfone Ligado""; o WebKit agora lê ""Desligado"" com selo de visita. Continua DIFERENTE porque o AVISO segue faltando: `DICA_MIC_NO_CABO` existe no produto e o `title` do resumo é o da CENA — pintá-lo pediria um segundo elemento, já que o alvo é um por nó. E a recusa por falta de endereço chega DEPOIS do clique, onde a GTK a mostra antes, no botão apagado. || DECIDIDO em 04/09/2026 — JÁ FOI — §3. Onde está escrito: `docs/process/2026-09-04-O-PO-DECIDE-as-54-e-os-sete-conflitos.md` §2 `08[02]`, sobre a pergunta [02] de `docs/process/sprints/2026-09-04-DECISOES-DELA-08-conexoes.md`. Não espera mais palavra dela. || DECIDIDO em 04/09/2026 — Apaga, e o motivo vira um `?` ao lado. D-03, com o texto vindo do produto e nunca do desenho. Onde está escrito: `docs/process/2026-09-04-O-PO-DECIDE-as-54-e-os-sete-conflitos.md` §2 `08[06]`, sobre a pergunta [06] de `docs/process/sprints/2026-09-04-DECISOES-DELA-08-conexoes.md`. Não espera mais palavra dela."
08-conexoes,Microfone — quanto ele custa de rádio (a frase da capacidade),IGUAL,frase_da_capacidade_do_mic,PRESENTE,src/hefesto_dualsense4unix/interface/pacotes/a08_conexoes.py,src/hefesto_dualsense4unix/app/actions/config/secao_controles.py:484 · src/hefesto_dualsense4unix/app/actions/config/secao_controles.py:709,src/hefesto_dualsense4unix/interface/pacotes/a08_conexoes.py:1848 · mockup/08-conexoes.html:2204,"Uma frase por seção, DERIVADA das constantes de `radio_da_mesa` (`frase_da_capacidade_do_mic`), dizendo os relatórios por segundo e as fatias do adaptador — nunca digitada.","`dica_do_microfone` compõe a rota (fato de protocolo) com `secao_controles.frase_da_capacidade_do_mic()`, que deriva os quatro números das constantes do medidor. Pelo cabo não há conta a fazer, e a frase diz isso em vez de escrever '0 turnos'.","FECHOU em 04/09/2026. Os números conferiam com `radio_da_mesa` — e eram a segunda grafia, que é exatamente o que `frase_da_capacidade_do_mic` existe para impedir. A mordida está no teste: multiplicar `HZ_AUDIO_COM_MIC` por três muda a frase da tela. || E o `title` deixou de congelar junto: ele ganhou `data-campo=""mic-dica""` com alvo `atributo`, então segue o transporte VIVO em vez do transporte da cena."
08-conexoes,Escopo do botão físico do microfone (só ele × o computador inteiro),SO_NO_HTML,"data-campo=""mic-escopo""",PRESENTE,LADO-HTML,src/hefesto_dualsense4unix/app/draft_config.py:206 · src/hefesto_dualsense4unix/app/draft_config.py:222,src/hefesto_dualsense4unix/interface/pacotes/a08_conexoes.py:1997 · mockup/08-conexoes.html:2514,"Não oferece. O valor é UM por máquina (`mic_button_toggles_system`) e, medido em `draft_config.py:206`, NENHUMA superfície da GTK o escreve.","Deixou de ser ESCOLHA e virou LEITURA: a linha diz o que o botão físico faz, lido de `state['mic_button_toggles_system']` — um valor por MÁQUINA num endereço por máquina. As duas falas são as duas opções do `<select>` que saiu; nenhuma palavra nova.","A CONTRADIÇÃO MORREU em 04/09/2026, e não por alguém achar como ligar o gesto: **a pergunta é que estava errada**. A tela oferecia por CONTROLE um valor que o produto guarda por MÁQUINA. A D-12 dela — *""o botão é pra ligar o microfone e ele ser ouvido no canal específico dele""* — mais *""o botão do Controle sempre controla a interface""* (30/08) fazem disso UM ato só: não há duas rotas com dois comportamentos a escolher. || É a mesma doutrina que já tirou desta aba a chavinha 'pelo cabo / pelo rádio', com a razão escrita na legenda: *""ela oferecia uma escolha que o transporte já tinha feito""*. || O `SEM_GESTO` do pacote guardou a entrada até a publicação, e ela saiu com o `--publicar` do mesmo dia: enquanto a página que ela usa ainda desenhava o `<select>`, tirá-la faria o clique deixar de produzir até a recusa — a forma calada do mesmo defeito."
08-conexoes,"""A luz não acende"" — derrubar o controle do rádio",IGUAL,gesto_de_reconexao,PRESENTE,src/hefesto_dualsense4unix/interface/pacotes/a08_conexoes.py,src/hefesto_dualsense4unix/app/actions/config/secao_controles.py:1280 · src/hefesto_dualsense4unix/app/actions/config/secao_controles.py:1444,src/hefesto_dualsense4unix/interface/pacotes/a08_conexoes.py:1919 · src/hefesto_dualsense4unix/interface/pacotes/a08_conexoes.py:1959 · src/hefesto_dualsense4unix/interface/paginas/08-conexoes.html:2447,"Chama `gesto_de_reconexao.desconectar` (Disconnect do BlueZ por D-Bus), fora da thread da janela, e trata `desconectou`+`ja_estava_fora` como sucesso.","O gesto `luz-nao-acende` chama exatamente o mesmo `gesto_de_reconexao.desconectar(uniq)`, na thread do gesto, e levanta com a frase do módulo quando `caiu` é falso.","Mesma função do produto, mesma leitura dos quatro desfechos, mesmo endereço mascarado. O ato em si é igual — o que difere é tudo o que vem DEPOIS dele (ver os dois itens seguintes)."
08-conexoes,"""A luz não acende"" — a espera pelo PS, a contagem e o Cancelar",IGUAL,frase_da_procura,PRESENTE,LADO-HTML,src/hefesto_dualsense4unix/app/actions/config/secao_controles.py:340 · src/hefesto_dualsense4unix/app/actions/config/secao_controles.py:1182 · src/hefesto_dualsense4unix/app/actions/config/secao_controles.py:1310 · src/hefesto_dualsense4unix/app/actions/config/secao_controles.py:1338 · src/hefesto_dualsense4unix/app/actions/config/secao_controles.py:1352 · src/hefesto_dualsense4unix/app/actions/config/secao_controles.py:221,src/hefesto_dualsense4unix/interface/pacotes/a08_conexoes.py:2648 · src/hefesto_dualsense4unix/interface/pacotes/a08_conexoes.py:2662 · src/hefesto_dualsense4unix/interface/pacotes/a08_conexoes.py:2666,"Máquina de dois estados: o clique entra na espera, mostra ""▲ aperte PS"", conta os segundos (`frase_da_procura`), oferece `[Cancelar]`, esconde os irmãos do card e, no fim, deixa um RECADO que sobrevive à espera (""Não voltou em Ns. Ele continua pareado…"").","A MESMA máquina de dois estados, e é literalmente a mesma: a interface nova reusa `secao_controles.EsperaPeloPS` em vez de reescrevê-la — o clique entra na espera, a tela mostra ""▲ aperte PS"", conta os segundos pela mesma `frase_da_procura`, o botão vira `[Cancelar]`, e o recado do fim SOBREVIVE ao fim da espera, que é o ""não voltou"" que o ELO-MUDO-01 nomeou. O relógio é monotônico: mexer na hora do sistema no meio não faz a contagem pular.","FECHOU em 06/09/2026, pela CONEXOES-A-LUZ-QUE-NAO-ACENDE-01. Era FALTA_NO_HTML e o desenho já PROMETIA — o `title` do botão dizia ""Enquanto ele espera o PS, o mesmo botão vira 'Cancelar'"" (paginas/08-conexoes.html:2447), e a tela entregava silêncio. A dívida custou pouco porque a espera tinha dono do lado GTK e ele não sabia de Gtk: reuso inteiro, zero máquina nova."
08-conexoes,"""A luz não acende"" — a RAZÃO de a cura ser oferecida",DIFERENTE,frase_do_nascimento,PRESENTE,src/hefesto_dualsense4unix/interface/pacotes/a08_conexoes.py,src/hefesto_dualsense4unix/app/actions/config/secao_controles.py:243 · src/hefesto_dualsense4unix/app/actions/config/secao_controles.py:1230,src/hefesto_dualsense4unix/interface/pacotes/a08_conexoes.py:1922 · mockup/08-conexoes.html:2527,"Logo abaixo do botão, a frase do carimbo de nascimento do daemon (`frase_do_nascimento`), e SÓ quando a conexão foi condenada — ausência, `limpa` e `nao_sei` calam.","`dica_da_luz` junta a dica do botão com a razão do carimbo de nascimento e escreve as duas no `title` do botão, pelo alvo `atributo`. A regra do dono é respeitada inteira: só a condenação fala — ausência, `limpa` e `nao_sei` calam.","A METADE DO DADO FECHOU em 04/09/2026; o que difere é a SUPERFÍCIE. A GTK escreve a razão numa linha visível abaixo do botão; aqui ela entra no hover, junto com o que o botão faz. || POR QUE NO HOVER: cada elemento da tela tem UM `data-campo`, e o botão gastou o dele na classe até hoje — a trava mudou para um `<i>` irmão e o botão ficou com a dica. Uma linha visível é decisão dela (é a D-02, a linha de ressalva), e não escolha de quem implementa."
08-conexoes,"""A luz não acende"" — a trava no cabo",DIFERENTE,"este controle está no cabo, e no cabo a barra de luz não depende",PRESENTE,src/hefesto_dualsense4unix/interface/pacotes/a08_conexoes.py,src/hefesto_dualsense4unix/app/actions/config/secao_controles.py:271 · src/hefesto_dualsense4unix/app/actions/config/secao_controles.py:285 · src/hefesto_dualsense4unix/app/actions/config/secao_controles.py:1223,src/hefesto_dualsense4unix/interface/pacotes/a08_conexoes.py:1342 · src/hefesto_dualsense4unix/interface/pacotes/a08_conexoes.py:1963 · mockup/08-conexoes.html:2395,"`pode_derrubar` apaga o botão quando o controle está no cabo (ou não é adotado, ou não tem uniq), e `dica_do_botao` diz POR QUE está apagado.","O botão nasce com `data-campo=""luz-trava""` no alvo `classe`: o pacote emite `cabo`/`radio` pelo transporte VIVO e a classe `apagado` acende no cabo, ANTES do clique. O gesto continua recusando com a frase do produto para quem chegar lá.","03/09/2026 — metade FECHADA por esta frente. A trava do CABO agora é dado: medido no WebKit com o controle dela no cabo, o botão sai `apagado` com selo de visita do piloto, onde antes a classe era a que o mockup desenhou. Continua DIFERENTE por duas coisas medidas: (a) `pode_derrubar` tem TRÊS condições (adotado, não-cabo, uniq) e a pintura lê só o transporte; (b) o `title` do botão é o da CENA e não segue o transporte — um elemento tem UM `data-hef-alvo`, e a classe é o que ela vê sem hover. Achado que sobra e não é deste arquivo: o lugar VAZIO recebe travessão nesse campo (`pacotes/__init__.py:323`), e no alvo `classe` o travessão APAGA a classe do desenho — o botão do lugar vazio fica aceso. || DECIDIDO em 04/09/2026 — JÁ FOI — §3. Onde está escrito: `docs/process/2026-09-04-O-PO-DECIDE-as-54-e-os-sete-conflitos.md` §2 `08[02]`, sobre a pergunta [02] de `docs/process/sprints/2026-09-04-DECISOES-DELA-08-conexoes.md`. Não espera mais palavra dela. || DECIDIDO em 04/09/2026 — Apaga, e o motivo vira um `?` ao lado. D-03, com o texto vindo do produto e nunca do desenho. Onde está escrito: `docs/process/2026-09-04-O-PO-DECIDE-as-54-e-os-sete-conflitos.md` §2 `08[06]`, sobre a pergunta [06] de `docs/process/sprints/2026-09-04-DECISOES-DELA-08-conexoes.md`. Não espera mais palavra dela."
08-conexoes,Aviso da mesa suja (outro programa segurando o nó do controle),IGUAL,_pergunta_da_mesa(),PRESENTE,src/hefesto_dualsense4unix/interface/pacotes/a08_conexoes.py,src/hefesto_dualsense4unix/app/actions/config/secao_controles.py:194 · src/hefesto_dualsense4unix/app/actions/config/secao_controles.py:285 · src/hefesto_dualsense4unix/app/actions/config/secao_controles.py:1451 · src/hefesto_dualsense4unix/app/actions/config/secao_controles.py:1267,src/hefesto_dualsense4unix/interface/pacotes/a08_conexoes.py:218 · src/hefesto_dualsense4unix/interface/pacotes/a08_conexoes.py:1922,"Sonda `_pergunta_da_mesa()` e, quando dá positivo, ANEXA `AVISO_DA_MESA_SUJA` à dica do botão da luz — sem substituir o que o botão faz, e sem acender alarme quando a sonda não pôde responder.",`_mesa_suja()` sonda `secao_controles._pergunta_da_mesa()` com cache de 2 s (a varredura de `/proc/<pid>/fd` não cabe num tique de 500 ms) e `dica_da_luz` ANEXA `AVISO_DA_MESA_SUJA` à dica do botão — nunca no lugar dela. O `None` da sonda NÃO vira aviso.,"FECHOU em 04/09/2026, pelo mesmo dono e com a mesma regra dos dois: anexar e não substituir (*""a pessoa continua precisando saber o que o botão faz""*), e o terceiro estado calado (*""alarme sem medição atrás ensina a ignorar alarme""*). Custo medido com a Steam fechada: 67 ms na primeira sonda e 0,0 ms nas seguintes — a lista de PIDs já tem cache de 5 s no produto (`escritor_cru.VALIDADE_DO_VEREDITO_S`)."
08-conexoes,Teto da vibração por controle,DIFERENTE,profile.switch,PRESENTE,src/hefesto_dualsense4unix/interface/pacotes/a08_conexoes.py,src/hefesto_dualsense4unix/app/actions/rumble_actions.py:905 · src/hefesto_dualsense4unix/app/draft_config.py:1193,src/hefesto_dualsense4unix/interface/pacotes/a08_conexoes.py:1518 · src/hefesto_dualsense4unix/interface/pacotes/a08_conexoes.py:776 · src/hefesto_dualsense4unix/gui/aba_conexoes.py:401 · src/hefesto_dualsense4unix/gui/aba_conexoes.py:422 · src/hefesto_dualsense4unix/interface/paginas/08-conexoes.html:2024,"A aba Rumble grava `controllers[uniq].rumble` com QUATRO políticas (economia, balanceado, max, auto) mais `custom_mult`, no alvo de edição escolhido, e limpa o override quando ele iguala o global.","Um `<select>` de TRÊS rótulos: ""Segue o global"" (apaga a seção), ""30% da força"" (grava `economia`) e ""Sem teto"", que LEVANTA com a razão medida. Grava no perfil ativo e dispara `profile.switch`.","Um campo com o mesmo nome e alcance menor: 1 das 4 políticas gravável, sem `custom_mult`, e uma das três opções da tela recusa por não ter tradução honesta. Em compensação o HTML DECLARA o que não sabe mostrar (`sem_dono`, a08:826) e pinta a dica do que está valendo (`teto-explica`) — a GTK não tem esse `?`. É estreitamento com honestidade, não regressão calada."
08-conexoes,Bateria de cada controle na linha do acordeão,DIFERENTE,"data-campo=""bateria""",PRESENTE,mockup/08-conexoes.html,src/hefesto_dualsense4unix/app/actions/status_actions.py:956 · src/hefesto_dualsense4unix/app/actions/status_actions.py:995,src/hefesto_dualsense4unix/interface/pacotes/a08_conexoes.py:1385 · src/hefesto_dualsense4unix/interface/pacotes/a08_conexoes.py:1925 · mockup/08-conexoes.html:2073,"Lê `battery_pct` com a guarda de ""quem está na mesa"" e escreve na barra e no rótulo; sem fonte, escreve ""— %"" em vez de um número herdado.","A linha fechada tem `data-campo=""bateria""` e o pacote escreve nele o `Controle.texto_da_bateria` do dono — com o TRAVESSÃO quando ninguém leu, nunca um número herdado.","03/09/2026 — REMEDIDA por esta frente, e o que a linha dizia caducou: ela afirmava que ""a página não tem endereço"" e que ""a bateria é sempre 100% e 64%"". Tem endereço, e o WebKit lê `85%` — o valor do aparelho dela. Fica DIFERENTE, e não IGUAL, por uma coisa que o desenho desta aba não tem: a GTK escreve na BARRA e no rótulo (`_set_battery_text`), e aqui só há o número. Quem tem a barra é a aba Controles, para onde a dica desta manda. || SAI DO BALDE DESENHO em 04/09/2026, sem virar pergunta: A linha já lê a bateria do aparelho. O que falta é a BARRA, e o desenho já a mandou para a aba Controles — a dica da linha diz isso com todas as letras. Registrado em `docs/process/sprints/2026-09-04-DECISOES-DELA-08-conexoes.md`, seção 'Não são decisão dela'."
08-conexoes,Transporte (cabo/rádio) de cada controle na linha do acordeão,DIFERENTE,"data-campo=""nome"" data-hef-alvo=""html""",PRESENTE,mockup/08-conexoes.html,src/hefesto_dualsense4unix/app/actions/status_actions.py:2690 · src/hefesto_dualsense4unix/app/actions/status_actions.py:2740,src/hefesto_dualsense4unix/interface/pacotes/a08_conexoes.py:1257 · src/hefesto_dualsense4unix/interface/pacotes/a08_conexoes.py:1931 · mockup/08-conexoes.html:2069,"Compõe o cabeçalho com o transporte de cada conectado, o primário em negrito, a partir de `controllers[].transport`.","O transporte é a ÚLTIMA metade do rótulo da linha (`rotulo_do_controle`: marca • player • plástico • transporte), pintado no `data-campo=""nome""` a cada tique com o `via` da mesa viva.","03/09/2026 — REMEDIDA por esta frente. A linha dizia que a página não tinha endereço para `via` e que a linha fechada mostrava o ""· USB"" do mockup. O endereço existe desde a `IDENTIDADE-VEM-DE-CIMA-01`: medido no WebKit com a mesa dela, a linha lê `Sony • Player 1 • White • USB` — o transporte é do daemon. DIFERENTE porque a GTK compõe o cabeçalho com o transporte de TODOS os conectados e põe o primário em negrito; aqui cada linha diz o seu, e não há negrito de primário. A chave `via` continua sendo emitida sem endereço próprio, e é redundante com o rótulo — quem for limpar, olhe as duas juntas. || SAI DO BALDE DESENHO em 04/09/2026, sem virar pergunta: Já lê o daemon. O que resta é forma de tela, não escolha dela: a janela antiga junta todos num cabeçalho porque não tem acordeão; aqui cada controle diz o seu. Registrado em `docs/process/sprints/2026-09-04-DECISOES-DELA-08-conexoes.md`, seção 'Não são decisão dela'."
08-conexoes,Contagem do topo da janela (N controles: X USB · Y BT),IGUAL,mesa_viva.texto_da_contagem,PRESENTE,src/hefesto_dualsense4unix/interface/pacotes/__init__.py,src/hefesto_dualsense4unix/app/actions/status_actions.py:2696 · src/hefesto_dualsense4unix/app/mesa.py,src/hefesto_dualsense4unix/interface/pacotes/__init__.py:675 · src/hefesto_dualsense4unix/interface/mesa_viva.py:335 · src/hefesto_dualsense4unix/interface/paginas/08-conexoes.html:1400,"`texto_de_contagem` mais os transportes, no `header_connection`, com o gate na lista `controllers` publicada.",O `topo()` comum às dez abas pinta `conta` e `conta-b` de `mesa_viva.texto_da_contagem`.,"Contagem viva dos dois lados, pelas duas metades do mesmo texto. É o único número de mesa desta aba que o HTML de fato escreve."
08-conexoes,"Contagem da seção Gestão de Controles (""N na mesa · X no cabo · Y no rádio"")",DIFERENTE,"""conta-gestao""",PRESENTE,src/hefesto_dualsense4unix/interface/pacotes/a08_conexoes.py,src/hefesto_dualsense4unix/app/actions/status_actions.py:2676 · src/hefesto_dualsense4unix/app/actions/status_actions.py:2316,src/hefesto_dualsense4unix/interface/pacotes/a08_conexoes.py:1282 · src/hefesto_dualsense4unix/interface/pacotes/a08_conexoes.py:2012 · mockup/08-conexoes.html:2055,"A contagem por transporte é derivada e viva em toda superfície que a mostra (`contagem_de_controles`, dono único em `app/mesa.py`).","O `<span class=""conta"">` tem `data-campo=""conta-gestao""` e recebe `gui.aba_conexoes.texto_da_contagem` a cada tique, com o separador do desenho posto por `html_da_conta`.","03/09/2026 — REMEDIDA por esta frente. A linha dizia ""texto fixo, sem `data-campo`"": com um controle na mesa, o pacote emite `1 na mesa • 1 no cabo • 0 no rádio`. DIFERENTE, e a razão é um achado: os dois lados contam por DONOS DIFERENTES — a GTK usa `app/mesa.contagem_de_controles` e a camada de tela desta aba tem a sua (`gui/aba_conexoes.texto_da_contagem:302`, que refaz a conta a partir de `Controle.pelo_radio`). Duas grafias da mesma contagem divergem no primeiro caso de borda; unificá-las é trabalho de quem for dono do `gui/aba_conexoes.py`."
08-conexoes,"Controles EXTERNOS (8BitDo, Pro Controller, Xbox) na lista da mesa",DIFERENTE,nintendo_bt_warning,PRESENTE,LADO-HTML,src/hefesto_dualsense4unix/app/actions/config/secao_controles.py:777 · src/hefesto_dualsense4unix/app/actions/external_controllers.py:1,src/hefesto_dualsense4unix/interface/pacotes/a08_conexoes.py:1 · src/hefesto_dualsense4unix/interface/hefesto_vivo.py:1 · src/hefesto_dualsense4unix/interface/aba08.py:1,"Depois do `state_full`, pede `controller.list {external: true}` e desenha um card por controle que o Hefesto VÊ e não adota, com o tipo traduzido e o aviso da armadilha do `hid-nintendo`.","uma linha por controle que o Hefesto VÊ e não adota, embaixo do acordeão da Gestão de Controles, com o mesmo nome e o mesmo transporte da aba 01 e com o aviso da armadilha do `hid-nintendo` quando ele se aplica.","Grep por `controller.list` em `interface/pacotes/` não acha uma chamada. Uma aba chamada Conexões que não lista metade dos controles conectados é o buraco mais visível deste inventário para quem tem um 8BitDo ou um Pro na mesa. || CONFERIDA em 06/09/2026 pela PARIDADE-REMEDIR-01 e MANTIDA, com a decisão dela ao lado: `D-0609-EXTERNOS-DEPOIS` — *""Materializa as sprints. mas o foco do programa hoje é fazer os 4 dualsense funcionar seja via bt ou cabo""*. A `EXTERNOS-01` está escrita e espera a bancada dos quatro. É adiamento com data, não cancelamento: a linha continua sendo dívida. || REMEDIDA E REESCRITA em 06/09/2026 pela EXTERNOS-01, e o portão `paridade-gtk-html` foi quem cobrou: o sinal desta linha APARECEU no lado HTML, e ele manda medir de novo em vez de afrouxar a régua. A dívida fechou pela metade que faltava — **ninguém perguntava**. Agora o piloto pergunta `controller.list {external: true}` no tique LENTO, em thread e com teto próprio (`hefesto_vivo._talvez_ler_os_externos`, 4 s entre leituras e 3 s de espera — os DOIS números são os da janela antiga, `HomeActionsMixin.EXTERNOS_THROTTLE_S` e o `timeout_s` dela), e a lista viaja em campo PRÓPRIO do `pacotes.Contexto` (`externos`), **nunca dentro de `conectados`**: um externo não tem assento, e somá-lo ali faria o cabeçalho contar jogador que não existe, a fita oferecer um alvo que nenhum gesto alcança e `apagar_os_lugares_sem_dono` disputar um cartão que não é dele. || O VEREDITO É `DIFERENTE` E NÃO `IGUAL`, e a diferença é medida, não estilo — ver `html_faz`. || NADA DE TEXTO NOVO: as três frases vêm dos donos na janela antiga (`_format_external_title`, `_format_external_subtitle`, `external_controllers.nintendo_bt_warning`), que é o que impede as duas abas de discordarem sobre o mesmo aparelho. || SEM APARELHO NA BANCADA: não havia Pro nem 8BitDo na mesa em 06/09 (`/sys/bus/hid/devices` só com `054C:0CE6` e `054C:0DF2`), então a prova de APARELHO fica para a MESA-DE-QUATRO-01. O que se mediu foi o caminho inteiro do payload até o HTML, com dublê do `controller.list` e DOZE mordidas — `tests/unit/test_a_interface_ve_os_controles_que_o_hefesto_so_ve.py`. || O BLOCO SÓ ALCANÇA A TELA DELA DEPOIS DE ELA PUBLICAR: o endereço nasce na BANCADA (`mockup/`), e `interface/paginas/` é `nao_toca:` desta sprint. Até lá o pacote emite e o `querySelector` cai no vazio — nada regride. || O SINAL MUDOU DE `hid-nintendo` PARA `nintendo_bt_warning`, e é um aperto, não um afrouxamento: `hid-nintendo` é um nome de driver que casa em PROSA — um comentário bastava para a régua dar por fechada uma dívida viva —, e `nintendo_bt_warning` é a FUNÇÃO que o pacote chama. A régua passa a medir o ato. || A DIFERENÇA QUE SOBRA: a GTK desenha um CARD por externo; aqui é uma LINHA, e fora do acordeão `.gc` de propósito — cada `.gc-item` tem `data-controle`, um rádio de alvo de saída do daemon e um corpo que abre, e um externo não tem assento, não é alvo de saída de nada e não tem o que abrir."
08-conexoes,"Aviso ""controle ligado que o sistema não entregou ao Hefesto""",IGUAL,texto_de_controle_nao_adotado,PRESENTE,src/hefesto_dualsense4unix/interface/pacotes/a08_conexoes.py,src/hefesto_dualsense4unix/app/actions/status_actions.py:170 · src/hefesto_dualsense4unix/app/actions/status_actions.py:3128,src/hefesto_dualsense4unix/interface/pacotes/a08_conexoes.py:3142 · src/hefesto_dualsense4unix/interface/aba08.py:1,"Banner com texto de três partes (o que houve, que o produto tenta sozinho e em quanto tempo, e a saída manual), aceso a partir de `controles_sem_driver`; apaga com daemon sem resposta.","`_frase_do_sem_driver` devolve a frase do dono, com as três partes obrigatórias (o que houve · que o produto tenta sozinho e em quanto tempo · a saída manual), numa linha de ressalva que some quando não há órfão.","Grep por `sem_driver`/`sem-driver` nas dez páginas publicadas: zero. É emissão morta em dois níveis. O defeito que esse banner cura — dois DualSense ligados e a janela mostrando um, sem uma pista do porquê — volta inteiro no HTML. || FECHOU em 06/09/2026, e o que estava aqui era pior do que ""falta"": o pacote emitia `""sem_driver"": st.get(""controles_sem_driver"")` — um `dict` que `pacotes.normalizar` descarta antes da tela — para um endereço que página nenhuma tinha. Emissão morta em DOIS níveis, substituída pela frase do dono. Medido no WebKit: 34 px com dois órfãos, 0 px sem nenhum."
08-conexoes,Aviso do Bluetooth nativo frágil,IGUAL,texto_native_bt_fragil,PRESENTE,src/hefesto_dualsense4unix/interface/pacotes/a08_conexoes.py,src/hefesto_dualsense4unix/app/actions/home_actions.py:522,src/hefesto_dualsense4unix/interface/pacotes/a08_conexoes.py:3169 · src/hefesto_dualsense4unix/interface/aba08.py:1,"A aba Início acende o aviso com os NÚMEROS dos controles frágeis, a partir de `native_bt_fragil_controles`.","`_frase_do_radio_fragil` acende pelo booleano `native_bt_fragil` e nomeia os controles com `home_actions.controles_bt_frageis`. Lista vazia com o booleano aceso é ""não sei quais"": o aviso acende SEM nomes, que é a regra escrita no dono.","Mesma prova dos outros três campos por controle: `fragil` não está entre os 13 `data-campo` da página. É um dos poucos sinais que o produto tem sobre a QUALIDADE do rádio de um controle, e nesta aba ele não chega à tela. || FECHOU em 06/09/2026. O `sinal` velho (`data-campo=""fragil""`) apontava para a outra cura possível — um marcador POR CONTROLE —, e ela diria QUAL sem dizer O QUE FAZER. A frase do dono diz as duas coisas, e é a mesma que a aba Início acende. Medido no WebKit: 17 px com um frágil, 0 px sem."
08-conexoes,Ocupação de rádio por adaptador (quem está em qual dongle),IGUAL,adaptador_por_uniq,PRESENTE,src/hefesto_dualsense4unix/interface/pacotes/a08_conexoes.py,src/hefesto_dualsense4unix/app/actions/config/secao_mesa.py:1323 · src/hefesto_dualsense4unix/app/actions/config/secao_mesa.py:1341,src/hefesto_dualsense4unix/interface/pacotes/a08_conexoes.py:2204 · src/hefesto_dualsense4unix/interface/pacotes/a08_conexoes.py:2153,"Calcula `ocupacao_por_adaptador` com a ponte de mic considerada e a usa para o rótulo, a barra e o selo de cada medidor — mais o ""não sei"" quando a varredura falha.","`adaptador_por_uniq` agrupa os controles do rádio pelo `HID_PHYS`, e o `Dongle` do BlueZ casa esse endereço com o `hciN` da varredura e com o nome dela — as duas chaves da MESMA leitura. A ponte de microfone entra pelo `bt_mic.uniqs` do `state_full`, que é a mesma fonte que `ocupacao_por_adaptador` usa.","FECHOU em 04/09/2026. A linha dizia que a chave `adaptadores` morria no normalizador (morre mesmo — é `dict`) e que faltava endereço; o caminho que chega à tela é OUTRO, o bloco `regua-do-radio` inteiro. E a segunda metade da queixa — *""o HTML não passa `com_ponte_de_mic`""* — está curada por construção: `_da_mesa_para_a_regua` marca a ponte por `uniq` a partir de `bt_mic.uniqs`, que é a ponte que SUBIU, não a pedida."
08-conexoes,"Onde a declaração da mesa é gravada — o ""Aplicar"" do rodapé",DIFERENTE,machine_declare,PRESENTE,src/hefesto_dualsense4unix/interface/pacotes/a08_conexoes.py,src/hefesto_dualsense4unix/app/actions/config/secao_mesa.py:1504 · src/hefesto_dualsense4unix/app/actions/config/secao_mesa.py:651 · src/hefesto_dualsense4unix/app/widgets/mapa_da_mesa.py:796,src/hefesto_dualsense4unix/interface/pacotes/a08_conexoes.py:1191 · src/hefesto_dualsense4unix/interface/pacotes/a08_conexoes.py:1775 · src/hefesto_dualsense4unix/interface/paginas/08-conexoes.html:2605,"As declarações da aba Configurações (altura, visada, tipo do rádio, microfone, dispensa de ordem, mapa) acumulam em `host._maquina_pendente` e o ""Aplicar"" do rodapé grava tudo de uma vez; a frase `QUANDO_VALE` está pendurada em cada widget que acumula.","Todo gesto grava na hora, por `machine_declare` — decisão dela de 01/09: ""clicar já aplica"". O rodapé continua com ""Aplicar"", com o `title` do produto.","É decisão dela, e o HTML está certo em segui-la. O que sobra de dívida é a TELA não ter acompanhado: a popup do mapa ainda diz ""O desenho vale quando você clicar em Aplicar, na barra de baixo da janela"" (paginas/08-conexoes.html:2680) sobre gestos que já gravaram. Uma frase que contradiz o comportamento é pior que nenhuma. || DECIDIDO em 04/09/2026 — Trocar pela verdade. Onde está escrito: `docs/process/2026-09-04-O-PO-DECIDE-as-54-e-os-sete-conflitos.md` §2 `08[08]`, sobre a pergunta [08] de `docs/process/sprints/2026-09-04-DECISOES-DELA-08-conexoes.md`. Não espera mais palavra dela."
09-sistema,"Estado do serviço — ""O Hefesto está"" / ""O serviço está""",DIFERENTE,status = str(_matriz()._daemon_status()),PRESENTE,src/hefesto_dualsense4unix/interface/pacotes/a09_sistema.py,src/hefesto_dualsense4unix/app/actions/daemon_actions.py:2488 · src/hefesto_dualsense4unix/app/actions/daemon_actions.py:1943 · src/hefesto_dualsense4unix/app/actions/daemon_actions.py:2536 · src/hefesto_dualsense4unix/gui/main.glade:2731,src/hefesto_dualsense4unix/interface/pacotes/a09_sistema.py:659 · src/hefesto_dualsense4unix/interface/pacotes/a09_sistema.py:679 · src/hefesto_dualsense4unix/interface/pacotes/a09_sistema.py:785 · src/hefesto_dualsense4unix/interface/paginas/09-sistema.html:1061,"Cruza TRÊS fontes (`systemctl is-active`, `systemctl is-enabled`, `is_alive(pid)` do pid-file) e devolve QUATRO estados: online_systemd, online_avulso, iniciando, offline. Cada um tem texto, cor e dica próprios.","`_status_do_daemon` pede a matriz de TRÊS fontes à PRÓPRIA janela antiga — `DaemonActionsMixin` é um mixin e instancia sem widget nenhum (`_matriz()`) —, e os QUATRO estados atravessam até o valor, a classe e o glifo da linha. Com o `state_full` na mão e a matriz dizendo `offline`, desempata para `online_avulso`: o daemon respondeu, logo está de pé.","REBAIXADO DE IGUAL EM 03/09/2026, por um conferente adversário, e a razão é de LEITURA: o valor e o glifo atravessam, mas DUAS das quatro coisas que o `gtk_faz` promete não chegam. (a) A CLASSE — `hefesto-estado-cls` é ÓRFÃO no `casamento.py`: o pacote emite e a página não tem onde. (b) A DICA — `paginas/09-sistema.html` traz `title=""Ligado""` CRAVADO do desenho, e o pintor só escreve `title` onde há `data-hef-alvo=""atributo""` com `data-hef-atributo=""title""`, que nesta linha não existe. E a dica não é detalhe: o valor sai TRUNCADO na tela (""Ligado, em modo i…""), então ela é a única maneira de ler a frase inteira — e ela diz outra coisa. Mesmo defeito em `hefesto-ambiente` e `hefesto-troca-de-perfil`. Volta a IGUAL quando os dois endereços existirem. || MEDIDO em 03/09/2026, com o daemon vivo e a janela aberta oculta: `_status_do_daemon` devolveu `online_systemd` e a tela escreveu `Ligado`, `✓`, `ok`. E medido nos quatro pela régua nova (`test_a_09_sistema_fecha_a_paridade.test_cada_estado_da_matriz_chega_ao_valor_da_tela`), que não digita um texto sequer: ela lê `aba_sistema._ESTADO_DO_HEFESTO` e exige que o pacote devolva o que ELE diz. MORDIDA: troquei a leitura da matriz por `""online_systemd""` fixo — reprovaram 6 casos, três deles nomeando o texto que veio no lugar."
09-sistema,"Botão ""Ligar o Hefesto"" (start do serviço)",DIFERENTE,def ativar_o_servico(),PRESENTE,src/hefesto_dualsense4unix/interface/pacotes/a09_sistema.py,src/hefesto_dualsense4unix/app/actions/daemon_actions.py:2228 · src/hefesto_dualsense4unix/gui/main.glade:2764,src/hefesto_dualsense4unix/interface/pacotes/a09_sistema.py · src/hefesto_dualsense4unix/interface/pacotes/a01_jogar.py,"`systemctl --user start` em thread worker, com `reset-failed` antes para não bater no StartLimitBurst; desarma o `_user_stopped_daemon` para o autostart voltar a valer.","EXISTE desde 03/09/2026, e não como botão novo: o ""Parar o serviço"" passou a ter DUAS caras e diz ""Ativar o serviço"" quando o serviço está parado, ligando em UM clique. Antes de mandar `start` ele consulta os TRÊS portões de `ensure_daemon_running` (unit instalada · já ativo · daemon avulso vivo) e desarma o `_user_stopped_daemon`. A aba Jogar chama o MESMO ato no interruptor ""Ligado"".","DECISÃO DELA, 03/09/2026: *""Adiciona essa função extra quando clicar em ligar. E em sistema um específico pra parar o Daemon E Ativar o Daemon (sendo que em jogar também consegue isso).""* É UM controle para os dois atos, e não um par: o portão de altura do gerador (`interface/aba09.py`) reprova um quinto botão nessa coluna, porque as duas colunas irmãs da faixa acabam no mesmo y — um botão a mais abriria os 38px de vão que ela reclamou em 31/08. DIFERENTE e não IGUAL: a GTK tem dois botões que ficam cinza por estado e dá recibo em toast; aqui é um botão que troca de palavra, e o recibo do `start` ainda não existe."
09-sistema,"Botão ""Parar o serviço"" / ""Desligar o Hefesto""",DIFERENTE,"@gesto(""09-sistema.html"", DESLIGAR, grava=""_systemctl"")",PRESENTE,src/hefesto_dualsense4unix/interface/pacotes/a09_sistema.py,src/hefesto_dualsense4unix/app/actions/daemon_actions.py:2234 · src/hefesto_dualsense4unix/gui/main.glade:2777,src/hefesto_dualsense4unix/interface/pacotes/a09_sistema.py · src/hefesto_dualsense4unix/interface/paginas/09-sistema.html:1073,`systemctl --user stop` em worker; arma `_user_stopped_daemon` NO SUCESSO (não no clique) para o `ensure_daemon_running` não ressuscitar o daemon na próxima abertura da janela; dá recibo na barra de estado.,"PEDE DOIS CLIQUES e então manda `systemctl --user stop` pela janela antiga, armando o `_user_stopped_daemon` NO SUCESSO — o `_systemctl` levanta com o `stderr` junto quando o `rc != 0`, então a trava só é armada quando o desligamento pegou. O primeiro clique troca o rótulo por ""Confirma?""; o segundo só vale se trouxer essa palavra, e dentro de `a07_lancadores.SEGUNDOS_PARA_CONFIRMAR`. Quem repõe o rótulo é o tique.","FECHOU EM 03/09/2026, e o que faltava era a CONFIRMAÇÃO — o `title` promete ""Pergunta antes, dizendo o que se perde"", e ligar sem essa peça seria pior que o botão morto. Ela escolheu a forma (*""Dois cliques, como na Lançadores""*) e a palavra (*""Confirma?""*, entre três). O canal é o `blocos:` do piloto endereçado por `[data-gesto=""desligar""]` — o endereço que o desenho JÁ tem —, e por isso a cura alcança a página publicada sem publicar nada. DIFERENTE e não IGUAL: a GTK pergunta em diálogo e dá recibo em toast; aqui a pergunta é o próprio botão e não há recibo do `stop`."
09-sistema,"Botão ""Reiniciar o serviço""",IGUAL,"@gesto(""09-sistema.html"", ""reiniciar"", grava=""_systemctl"")",PRESENTE,src/hefesto_dualsense4unix/interface/pacotes/a09_sistema.py,src/hefesto_dualsense4unix/app/actions/daemon_actions.py:2277 · src/hefesto_dualsense4unix/gui/main.glade:2804,src/hefesto_dualsense4unix/interface/pacotes/a09_sistema.py:1531 · src/hefesto_dualsense4unix/interface/pacotes/a09_sistema.py:1460 · src/hefesto_dualsense4unix/interface/paginas/09-sistema.html:1071,"`systemctl --user restart` em worker, com toast ""Reiniciando o Hefesto…"" → ""Hefesto reiniciado."", diálogo NÃO-bloqueante em caso de falha, e refresh da aba ao terminar. Tem regra de sensibilidade própria.","O gesto existe e não reimplementa nada: `_systemctl(""restart"")` chama o `_invoke_systemctl` DA JANELA ANTIGA, com o `reset-failed` antes (o mesmo que ela faz para não bater no StartLimitBurst) e a recusa saindo das frases dela (`_SYSTEMCTL_FAIL_MSG`). A trava vem de `aba_sistema.travas()`; o `_LENTO.clear()` faz a aba reler na hora em vez de esperar os 2 s da faixa lenta.","MEDIDO: o símbolo que promovia esta linha a DIFERENTE em 03/09 (`on_daemon_service_restart`) estava num COMENTÁRIO deste pacote, não numa chamada — a regra 6 desta régua lê o texto do arquivo e não distingue palavra de ato. O sinal passa a ser o decorador, que só existe quando o gesto tem dono. O que NÃO é igual é o recibo de sucesso, e ele tem linha própria (""Recibo do gesto""): a GTK escreve ""Reiniciando o Hefesto…"" → ""Hefesto reiniciado."" na barra de estado; aqui o sucesso é mudo e só a recusa fala."
09-sistema,"Botão ""Atualizar""",DIFERENTE,daemon.reload,PRESENTE,src/hefesto_dualsense4unix/interface/pacotes/a09_sistema.py,src/hefesto_dualsense4unix/app/actions/daemon_actions.py:2267 · src/hefesto_dualsense4unix/gui/main.glade:2790,src/hefesto_dualsense4unix/interface/pacotes/a09_sistema.py:1347 · src/hefesto_dualsense4unix/interface/paginas/09-sistema.html:1072 · src/hefesto_dualsense4unix/daemon/ipc_handlers.py:4751,"Relê a ABA: `_refresh_daemon_view_async` (status + is-enabled + `systemctl status`), `_refresh_storm_diag` (o exame), `_refresh_window_detect_diag` (a linha da troca de perfil) e recalcula a sensibilidade do Reiniciar. Não toca no daemon.","Chama o IPC `daemon.reload` (9,5 s medidos no daemon dela em 01/09) e, desde 03/09, zera `_LENTO` DEPOIS do retorno — que é a metade que o botão de mesmo nome faz na janela antiga: reler a aba. Sem isso a tela ficava com as cinco leituras caras de ANTES do reload por até 2 s.","Continuam sendo dois trabalhos com o mesmo rótulo, e a metade que fechou foi a da RELEITURA: a GTK relê a aba e garante não mexer em nada; este botão também manda o daemon reaplicar a configuração e rematerializar as envs de launch. E o `title` do botão AINDA diz ""Relê tudo o que esta aba mostra. Não muda nada."" — a segunda frase é falsa, e trocá-la é texto de tela, logo decisão dela. || DECIDIDO em 04/09/2026 — O nome vira o trabalho: ""Reaplicar ajustes"". A metade barata já roda sozinha a cada 2 s. Onde está escrito: `docs/process/2026-09-04-O-PO-DECIDE-as-54-e-os-sete-conflitos.md` §2 `09[01]`, sobre a pergunta [01] de `docs/process/sprints/2026-09-04-DECISOES-DELA-09-sistema.md`. Não espera mais palavra dela. || DECIDIDO em 04/09/2026 — O botão diz que está trabalhando — ""Reaplicando…"". Fala DURANTE a espera, no lugar exato do clique. Onde está escrito: `docs/process/2026-09-04-O-PO-DECIDE-as-54-e-os-sete-conflitos.md` §2 `09[03]`, sobre a pergunta [03] de `docs/process/sprints/2026-09-04-DECISOES-DELA-09-sistema.md`. Não espera mais palavra dela."
09-sistema,"Botão ""Corrigir modo de execução"" (migrar para systemd)",DIFERENTE,corrigir_modo,PRESENTE,src/hefesto_dualsense4unix/interface/pacotes/a09_sistema.py,src/hefesto_dualsense4unix/app/actions/daemon_actions.py:2452 · src/hefesto_dualsense4unix/app/actions/daemon_actions.py:1968 · src/hefesto_dualsense4unix/gui/main.glade:2811,src/hefesto_dualsense4unix/interface/pacotes/a09_sistema.py:2473 · src/hefesto_dualsense4unix/interface/pacotes/a09_sistema.py:2438,"Aparece SÓ quando o estado é `online_avulso`. Lê o pid do daemon avulso, manda SIGTERM, sobe a unit pelo systemd e repinta a aba, com recibo em português nos dois desfechos.","O gesto `corrigir-modo` (`corrigir_modo:2473`), nascido em 06/09/2026. Faz os três tempos na ordem da janela antiga e não reescreve nenhum: lê o pid por `_matriz()._read_daemon_pid()`, pede ao avulso que saia e ESPERA (`_o_avulso_saiu:2438`, que consulta o `is_alive` do produto), e sobe a unit por `ativar_o_servico` — o dono único do ato de ligar. As duas frases de recibo são do dono, palavra por palavra (`daemon_actions.MIGRAR_DEU_CERTO` e `MIGRAR_NAO_DEU`).","FATO DERRUBADO EM 03/09/2026, e a linha volta a FALTA_NO_HTML: ela tinha sido promovida a DIFERENTE porque o símbolo `_aplicar_sensibilidade_ligar_desligar` ""apareceu no lado HTML"" — e ele aparece em `a09_sistema.py:1251`, DENTRO DE UM DOCSTRING que cita a cura da janela antiga. A régua leu a palavra e contou como ato. O par do defeito ""Estado do serviço"" continua aberto pela metade que sobra: o HTML já RECONHECE `online_avulso` (a linha acima fechou), mas não oferece a saída — quem cair no modo avulso é avisado e não tem botão de conserto. O handler é `daemon_actions.on_daemon_migrate_to_systemd:2409`; o botão aparece só naquele estado, e um botão que nasce e some é desenho — decisão dela. || CONFERIDA em 06/09/2026 pela PARIDADE-REMEDIR-01 e MANTIDA: os onze `@gesto(""09-sistema.html"", …)` de `a09_sistema.py` foram lidos um a um e nenhum é este. || A DÍVIDA FECHOU EM 06/09/2026 (SISTEMA-OS-QUATRO-QUE-FALTAM-01), e a linha vira DIFERENTE — medida em 06/09 pela A-CURA-DOS-DOIS-PORTOES-01. A frase acima *""nenhum dos onze @gesto é este""* caducou no mesmo dia em que foi escrita: o décimo segundo é. || AS DUAS TELAS DIFEREM EM TRÊS PONTOS MEDIDOS, e por isso não é IGUAL: a janela manda SIGTERM e NÃO espera, enquanto o gesto espera o avulso sair e RECUSA dizendo se ele não sair (o terceiro portão de `ativar_o_servico` recusa subir a unit enquanto o avulso vive — BUG-MULTI-INSTANCE-01); a janela confia na visibilidade do botão para o estado, e o gesto confere `online_avulso` ele mesmo; a janela responde por toast em thread, o gesto por `recado` e `RuntimeError`. || E O SINAL MUDOU DE SÍMBOLO, pela terceira vez nesta linha e agora com a causa curada. Ele era `on_daemon_migrate_to_systemd`, e esse nome aparece em `a09_sistema.py` só DENTRO DE DOIS DOCSTRINGS que contam de onde o gesto veio — a mesma leitura de palavra que já derrubou esta linha em 03/09. O sinal passa a ser `corrigir_modo`, que é uma `def`: o que a régua confere agora é o ATO existir, não o nome do invólucro GTK ser soletrado. O invólucro não podia mesmo viajar — ele recebe `Gtk.Button` e responde por `GLib.idle_add`. Ver `donos-de-comportamento.csv:47`, a mesma feature do outro lado."
09-sistema,"Chave ""Ligar junto com o computador"" — LEITURA do estado",IGUAL,"fora[""hefesto-autostart""] = auto",PRESENTE,src/hefesto_dualsense4unix/interface/pacotes/a09_sistema.py,src/hefesto_dualsense4unix/app/actions/daemon_actions.py:1955 · src/hefesto_dualsense4unix/app/actions/daemon_actions.py:2532 · src/hefesto_dualsense4unix/gui/main.glade:2743,src/hefesto_dualsense4unix/interface/pacotes/a09_sistema.py:1091 · src/hefesto_dualsense4unix/interface/pacotes/a09_sistema.py:297 · src/hefesto_dualsense4unix/interface/paginas/09-sistema.html:1065 · src/hefesto_dualsense4unix/interface/paginas/09-sistema.html:1066,"Lê `systemctl --user is-enabled <unit>` a cada refresh da aba e põe o `Gtk.Switch` em `enabled`, com um guard para o `set_active` não disparar o handler.","`_autostart()` lê `systemctl --user is-enabled` da unit que vem de `utils.identidade` (nunca digitada), na faixa lenta de 2 s; `aba_sistema.autostart_ligado` traduz para `True`/`False`/`None`, e o pacote escreve nos DOIS endereços da página: a chave (alvo `classe`) e o glifo. O `None` apaga a chave e sai com `◆`, porque ""não consegui perguntar ao systemd"" não é ""ligado"".","MEDIDO em 03/09/2026 contra o daemon vivo: `is-enabled` = `enabled` e o pacote emitiu `hefesto-autostart=True`, `hefesto-autostart-g='✓'`. A régua nova percorre os três desfechos e cobra que `False` e `None` sejam distinguíveis pelo glifo — porque os dois apagam a chave. MORDIDA: apaguei a linha de emissão; reprovou com `KeyError: 'hefesto-autostart'` nos três."
09-sistema,"Chave ""Ligar junto com o computador"" — AÇÃO (enable/disable)",IGUAL,"@gesto(""09-sistema.html"", ""autostart"", grava=""_systemctl"")",PRESENTE,src/hefesto_dualsense4unix/interface/pacotes/a09_sistema.py,src/hefesto_dualsense4unix/app/actions/daemon_actions.py:2398,src/hefesto_dualsense4unix/interface/pacotes/a09_sistema.py:1497 · src/hefesto_dualsense4unix/interface/pacotes/a09_sistema.py:1460 · src/hefesto_dualsense4unix/interface/paginas/09-sistema.html:1066,"`systemctl --user enable|disable <unit>` em worker, com o guard para não reentrar quando o refresh mexe no switch.","O clique lê `is-enabled` pelo MESMO caminho que pinta a chave e manda o contrário, por `_invoke_systemctl` da janela antiga. Com `is-enabled` ilegível ele RECUSA em vez de adivinhar — um `enable` sobre ""não sei"" tem metade de chance de desfazer a escolha dela.","MEDIDO: o símbolo que promovia esta linha (`on_daemon_autostart_toggled`) está num COMENTÁRIO em `a09_sistema.py:1407`, não numa chamada. O sinal passa a ser o decorador. O gesto está em `hefesto_vivo.PERIGOSOS`, então a prova automática NUNCA o clica — quem o mede é `test_a_09_sistema_sai_do_desenho`, com o `_invoke_systemctl` dublado."
09-sistema,Botão cinza por estado (o que não tem trabalho a fazer),DIFERENTE,_tela.travas(_leitura(ctx)),PRESENTE,src/hefesto_dualsense4unix/interface/pacotes/a09_sistema.py,src/hefesto_dualsense4unix/app/actions/daemon_actions.py:1991 · src/hefesto_dualsense4unix/app/actions/daemon_actions.py:2210,src/hefesto_dualsense4unix/interface/pacotes/a09_sistema.py:1265 · src/hefesto_dualsense4unix/interface/pacotes/a09_sistema.py:1236 · src/hefesto_dualsense4unix/interface/pacotes/a09_sistema.py:1297 · src/hefesto_dualsense4unix/gui/aba_sistema.py:581,"`_aplicar_sensibilidade_ligar_desligar` cinza ""Ligar"" com o daemon de pé e ""Desligar"" com ele parado; o Reiniciar tem regra própria. A razão está escrita: o clique inútil dispara `systemctl` de verdade, volta `rc=0`, e a tela confirma um trabalho que não houve.","A conta é a mesma — `aba_sistema.travas()`, com o motivo em português —, e o que muda é o QUE SE FAZ com ela: a GTK apaga o botão, esta tela deixa clicar e RECUSA DIZENDO o motivo. Três dos quatro gestos desta página que `travas()` cobre já a consultam (`retomar`, `reiniciar`, `ver-plugins`); o quarto (`ver-detalhes`) diverge de propósito e a razão está declarada em `TRAVA_QUE_NAO_VALE_AQUI`.","DIFERENTE e não IGUAL porque a metade do DESENHO não existe: a folha desta página tem `.seg button:disabled` e nada para `.btn`, então não há estado apagado a acender — inventá-lo mudaria o que ela aprovou. O `desligar` fica de fora por outro motivo: ele não tem dono nenhum (ver `SEM_CONFIRMACAO`). MEDIDO: com o serviço desligado, `ver-plugins` recusa com a frase do produto e não fala com o daemon; MORDIDA — apaguei o `_trava` do gesto e a régua reprovou nomeando a chamada que vazou. || DECIDIDO em 04/09/2026 — Apagado e ainda assim responde. É a única forma que diz o porquê sem exigir o rato, e é a D-03 com a resposta ao clique por cima. Onde está escrito: `docs/process/2026-09-04-O-PO-DECIDE-as-54-e-os-sete-conflitos.md` §2 `09[02]`, sobre a pergunta [02] de `docs/process/sprints/2026-09-04-DECISOES-DELA-09-sistema.md`. Não espera mais palavra dela."
09-sistema,"Botão ""Retomar"" (sair da pausa)",SO_NO_HTML,"p.chamar(""daemon.resume"")",PRESENTE,src/hefesto_dualsense4unix/interface/pacotes/a09_sistema.py,src/hefesto_dualsense4unix/cli/app.py:419,src/hefesto_dualsense4unix/interface/pacotes/a09_sistema.py:440 · src/hefesto_dualsense4unix/interface/paginas/09-sistema.html:1070,"Nada — não existe. `daemon.resume` tem UM chamador em todo o `src/`, e é a CLI (`cli/app.py:421`). A pausa fica gravada em disco e sobrevive a desligar o computador; até hoje só o terminal saía dela.","Gesto ligado: `p.chamar(""daemon.resume"")`, em thread, pelo mesmo `_safe_call` do resto do produto.","Ganho real: a interface nova é a PRIMEIRA tela do produto a tirar o daemon da pausa. Não remover. A ressalva é a de cima (o botão não fica cinza quando não há pausa), que é defeito de outra linha, não deste gesto."
09-sistema,"Linha ""Pausado"" (state_full.paused)",SO_NO_HTML,"data-campo=""hefesto-troca-de-perfil""",PRESENTE,src/hefesto_dualsense4unix/interface/paginas/09-sistema.html,src/hefesto_dualsense4unix/app/actions/home_actions.py:237 · src/hefesto_dualsense4unix/app/actions/emulation_actions.py:1500 · src/hefesto_dualsense4unix/daemon/ipc_handlers.py:2140,src/hefesto_dualsense4unix/gui/aba_sistema.py:290 · src/hefesto_dualsense4unix/interface/paginas/09-sistema.html:1062,"Nada nesta aba. `state_full[""paused""]` é publicado desde sempre, e os únicos leitores em `app/` são a aba Início e a Emulação — a aba Sistema nunca o leu.","Mostra a linha com o valor curto, o selo e a dica que explica que a pausa sobrevive a desligar o computador. Medido agora: ""Não"", selo `ok`.","Não é dívida — é ganho. E o texto foi escrito de propósito para não deixar ""Pausado: Sim"" ler como estado do momento (a pessoa desligaria o computador esperando que passasse)."
09-sistema,"Linha ""Como ele enxerga a janela"" (o mecanismo do display)",SO_NO_HTML,"data-campo=""hefesto-troca-de-perfil""",PRESENTE,src/hefesto_dualsense4unix/interface/paginas/09-sistema.html,src/hefesto_dualsense4unix/app/actions/ambiente_na_tela.py:76,src/hefesto_dualsense4unix/interface/pacotes/a09_sistema.py:281 · src/hefesto_dualsense4unix/gui/aba_sistema.py:330 · src/hefesto_dualsense4unix/interface/paginas/09-sistema.html:1064,Nada. `ambiente_na_tela.descrever_display_grafico` tem ZERO chamadores em `app/` — é a cura escrita e nunca ligada que esta casa chama de A-CASA-SABE-E-O-PRODUTO-NAO-FAZ.,"Chama a função e escreve o predicado dela na linha, com a frase inteira na dica. Medido agora: ""Sem ver nada agora (sem_foco_x)"".","O HTML LIGOU uma promessa que a GTK tinha escrito e nunca chamado. Registrado para ninguém ""limpar"" removendo."
09-sistema,"Linha ""Trocar de perfil ao abrir o jogo"" (detector de janela)",IGUAL,"data-campo=""hefesto-troca-de-perfil""",PRESENTE,src/hefesto_dualsense4unix/interface/paginas/09-sistema.html,src/hefesto_dualsense4unix/app/actions/daemon_actions.py:1174 · src/hefesto_dualsense4unix/app/actions/daemon_actions.py:123 · src/hefesto_dualsense4unix/gui/main.glade:2883,src/hefesto_dualsense4unix/interface/pacotes/a09_sistema.py:280 · src/hefesto_dualsense4unix/gui/aba_sistema.py:319 · src/hefesto_dualsense4unix/gui/aba_sistema.py:195 · src/hefesto_dualsense4unix/interface/paginas/09-sistema.html:1063,"`descrever_deteccao_de_janela(state)` pintada como markup Pango num `Gtk.Label`, relida ao entrar na aba porque o detector cega e volta a ver conforme a janela em foco.","Chama A MESMA função, tira o markup do Pango, põe a frase longa na dica e escreve na linha o valor curto (Ligado / Sem ver a janela agora / Não funciona neste sistema), derivado dos mesmos três campos do `state`. Medido agora: ""Sem ver a janela agora"", selo `warn`.","Mesma fonte, mesma função, e o HTML só reorganiza a mesma informação (valor curto na coluna, sentença inteira no hover). E é MELHOR num ponto: a GTK repinta só ao entrar na aba, o HTML repinta a cada 500 ms — o detector muda de estado conforme o foco, e a foto do bootstrap envelhece."
09-sistema,Recibo do gesto (barra de estado / toast),DIFERENTE,classList.add('hef-deu-certo'),PRESENTE,LADO-HTML,src/hefesto_dualsense4unix/app/actions/daemon_actions.py:2298 · src/hefesto_dualsense4unix/app/actions/daemon_actions.py:1227 · src/hefesto_dualsense4unix/app/actions/daemon_actions.py:1586 · src/hefesto_dualsense4unix/app/actions/daemon_actions.py:1898 · src/hefesto_dualsense4unix/app/actions/daemon_actions.py:2084 · src/hefesto_dualsense4unix/app/actions/daemon_actions.py:2662,src/hefesto_dualsense4unix/interface/hefesto_vivo.py:1064 · src/hefesto_dualsense4unix/interface/hefesto_vivo.py:2632 · src/hefesto_dualsense4unix/interface/folha_da_casa.py:113,"Quase toda ação escreve na barra de estado da aba: ""Reiniciando o Hefesto…"", ""Hefesto reiniciado."", ""Aplicando correções (não pede senha)…"", ""Deixando tudo pronto…"", ""Verificando o Proton pinado…"", ""Olhando os jogos instalados…"", e o resultado final com o que rodou e o que faltou.","Todo gesto que volta sem levantar pisca em verde o campo que ela clicou, por 1,5 s (`hefesto_vivo.voltouDoVoo(n, certo)`, decisão dela na 03-Q4, com a regra em `folha_da_casa.FOLHA_DA_CASA`); o `certo` vem do `finally` do piloto, que é quem sabe qual dos três desfechos aconteceu, e o default é `False` para a recusa nunca piscar verde. O que traz notícia fala no cartão; a recusa vira recado.","CONTINUA ABERTA, e o inventário mudou: `retomar`, `atualizar`, `autostart` e `reiniciar` agem de verdade e o SUCESSO é mudo — a recusa fala, o acerto não. O `atualizar` ainda demora 9,5 s sem uma palavra, e agora relê a aba no fim (o que se vê são os valores mudando, não um recibo). A cura é uma primitiva de recado no piloto (`interface/hefesto_vivo.py`), que é território de outra frente. || REMEDIDA em 06/09/2026 pela PARIDADE-REMEDIR-02, com a medição da SISTEMA-OS-QUATRO-QUE-FALTAM-01 no WebKit. ""O SUCESSO é mudo"" caiu: ele pisca. `DIFERENTE` e não `IGUAL` porque a resposta é de outro tamanho — a GTK NOMEIA o que aconteceu (""Hefesto reiniciado."", ""Verificando o Proton pinado…"") e a piscada diz apenas QUE aconteceu; o `atualizar` continua levando 9,5 s sem uma palavra pelo caminho. A primitiva de recado com texto no piloto continua sendo dívida, e é a linha 323 que a carrega."
09-sistema,Reconciliação do estado da aba (quando a tela é relida),DIFERENTE,TIQUE_MS,PRESENTE,src/hefesto_dualsense4unix/interface/hefesto_vivo.py,src/hefesto_dualsense4unix/app/actions/daemon_actions.py:2255,src/hefesto_dualsense4unix/interface/hefesto_vivo.py:80 · src/hefesto_dualsense4unix/interface/pacotes/a09_sistema.py:114 · src/hefesto_dualsense4unix/interface/pacotes/a09_sistema.py:710 · src/hefesto_dualsense4unix/interface/pacotes/a09_sistema.py:1351,Relê ao ENTRAR na aba (`_refresh_daemon_tab_on_show`) e depois de cada botão. Fora disso a aba fica com a foto do último refresh.,"Tique de 500 ms repinta tudo; as CINCO leituras caras (o estado do serviço, `is-enabled`, o exame, o perfil da mesa e o `systemctl status` do painel) ficam numa faixa lenta de 2 s, com a releitura em THREAD para não travar o laço do GTK. Os gestos que mexem no serviço zeram o cache e a aba relê na hora.","DIFERENTE para melhor, e vale registrar para ninguém ""consertar"" pondo um botão de refresh no lugar. A dívida que esta linha nomeava — *""o que a faixa lenta lê não chega à tela""* — FECHOU em 03/09: `autostart`, o perfil da mesa e o painel em repouso atravessam até o pixel, e as três linhas acima registram cada uma. O que sobra é a cor da linha de estado (`SEM_ALVO_NA_PAGINA`), que espera um alvo novo no piloto."
09-sistema,Perfil de Bateria — escolher um dos três (Tudo ligado / Bateria longa / Eu escolho),DIFERENTE,machine_declare,PRESENTE,src/hefesto_dualsense4unix/interface/pacotes/a09_sistema.py,src/hefesto_dualsense4unix/app/actions/config/secao_orcamento.py:425 · src/hefesto_dualsense4unix/app/actions/config/secao_orcamento.py:471 · src/hefesto_dualsense4unix/app/actions/footer_actions.py:353 · src/hefesto_dualsense4unix/app/actions/config/secoes.py:25,src/hefesto_dualsense4unix/interface/pacotes/a09_sistema.py:513 · src/hefesto_dualsense4unix/interface/pacotes/a09_sistema.py:495 · src/hefesto_dualsense4unix/interface/paginas/09-sistema.html:1098,"Um `SegmentedSelector` deitado que NÃO manda IPC: acumula a escolha em `host._maquina_pendente` e acende a marca ""há escolhas por aplicar"" no rodapé. Quem grava é o ""Aplicar"" do rodapé. E ele mora na aba CONFIGURAÇÕES (seção ""Desempenho""), não na aba Sistema.","Três `<button>` na própria aba Sistema. O clique grava NA HORA: `machine_declare({""orcamento"": {""teto"": TETO_POR_PERFIL[escolha]}})`, o mesmo caminho que o ""Aplicar"" do rodapé usa, e o daemon rebinda o `maquina.json` sem reiniciar nada. Recusa com o motivo quando a ponte devolve `(False, motivo)`.","Três diferenças, e as três são deliberadas ou medidas: (a) MOMENTO — a GTK acumula e espera o ""Aplicar""; o HTML vale agora, por decisão dela de 01/09 (""clicar na cor já deveria aplicar""); (b) LUGAR — a GTK põe isto na aba Configurações, o HTML na Sistema; (c) o `""Eu escolho""` grava `None` PRESENTE (sobrescreve) e não a ausência da chave — igual dos dois lados, e isso está provado no contrato (a09_sistema.py:676). A divergência de momento é a que vale nomear: o mesmo clique tem consequências diferentes nas duas telas."
09-sistema,Perfil de Bateria — qual dos três está aceso,IGUAL,"fora[""bateria-perfil""] = perfil_da_bateria",PRESENTE,src/hefesto_dualsense4unix/interface/pacotes/a09_sistema.py,src/hefesto_dualsense4unix/app/actions/config/secao_orcamento.py:452 · src/hefesto_dualsense4unix/app/actions/config/secao_orcamento.py:359,src/hefesto_dualsense4unix/interface/pacotes/a09_sistema.py:1106 · src/hefesto_dualsense4unix/interface/pacotes/a09_sistema.py:611 · src/hefesto_dualsense4unix/interface/paginas/09-sistema.html:1098,"Lê `perfil_na_tela(host)` (o `orcamento.teto` do `maquina.json`, com o pendente na frente) e afunda o botão certo; se ninguém declarou, não afunda nenhum.","A faixa lenta lê `secao_orcamento.perfil_na_tela()` — o `orcamento.teto` do `maquina.json` — e o pacote emite a CHAVE do produto (`tudo_ligado`, `bateria_longa`, `eu_escolho`), não o rótulo. Quem compara é o `data-hef-quando` de cada botão, que o gerador escreve do mesmo `PERFIS`; o alvo `classe` acende um e apaga os irmãos sem lista de irmãos. `None` — ninguém escolheu — apaga os três.","MEDIDO em 03/09/2026 contra o disco dela: `perfil_na_tela()` = `tudo_ligado` e o pacote emitiu `bateria-perfil='tudo_ligado'`; a foto da janela oculta mostra ""Tudo ligado"" aceso. A régua nova grava CADA um dos três no disco pelo caminho do produto e exige que a tela acompanhe — não digita chave nenhuma. MORDIDA: apaguei a emissão; reprovou com `KeyError`."
09-sistema,"Perfil de Bateria — ""O que ele impõe"" (o teto que vale hoje)",SO_NO_HTML,TETO_POR_PERFIL,PRESENTE,src/hefesto_dualsense4unix/interface/paginas/09-sistema.html,src/hefesto_dualsense4unix/app/actions/config/secao_orcamento.py:505 · src/hefesto_dualsense4unix/app/actions/config/secao_orcamento.py:372 · src/hefesto_dualsense4unix/app/actions/config/secao_orcamento.py:386,src/hefesto_dualsense4unix/gui/aba_sistema.py:418 · src/hefesto_dualsense4unix/gui/aba_sistema.py:400 · src/hefesto_dualsense4unix/interface/paginas/09-sistema.html:1099,"Não tem esta linha. O que existe é a tabela de consequências, célula a célula por perfil e por linha do teto.","Uma linha de estado derivada: `teto_do_orcamento(TETO_POR_PERFIL[perfil])` → ""Vibração em 30% da força"" ou ""Nada é limitado"". Nenhum número digitado na tela. Medido agora: ""Nada é limitado"".","Resposta curta a uma pergunta que a GTK só responde lendo uma tabela de 5×3. Este campo PINTA (medido: `bateria-impoe = 'Nada é limitado'`), diferente dos dois de cima."
09-sistema,"Perfil de Bateria — ""Vale para"" (quantos controles o teto alcança)",SO_NO_HTML,"data-campo=""bateria-vale-para""",PRESENTE,src/hefesto_dualsense4unix/interface/paginas/09-sistema.html,src/hefesto_dualsense4unix/app/actions/config/secao_orcamento.py:447,src/hefesto_dualsense4unix/gui/aba_sistema.py:378 · src/hefesto_dualsense4unix/gui/aba_sistema.py:369 · src/hefesto_dualsense4unix/interface/paginas/09-sistema.html:1100,"A frase `QUANDO_VALE` anexada à DICA de cada um dos três botões — hover, não coluna. Sem número de controles.","Linha de estado com o número REAL, contado do `state_full[""controllers""]`, e com os três casos escritos (nenhum / um / N). Medido agora: ""Os 2 controles"".","O desenho tinha quatro controles congelados e o campo passou a contar a mesa de verdade. É o campo que o próprio docstring do pacote diz ser ""a linha que mais erra"" — e hoje ele acerta."
09-sistema,Perfil de Bateria — a tabela de consequências (o que cada perfil faz com cada coisa),DIFERENTE,"data-campo=""bateria-frase""",PRESENTE,mockup/09-sistema.html,src/hefesto_dualsense4unix/app/actions/config/secao_orcamento.py:505 · src/hefesto_dualsense4unix/app/actions/config/secao_orcamento.py:180 · src/hefesto_dualsense4unix/app/actions/config/secao_orcamento.py:267,mockup/09-sistema.html:1275 · src/hefesto_dualsense4unix/interface/pacotes/a09_sistema.py:713 · src/hefesto_dualsense4unix/interface/aba09.py:246,"Uma `Gtk.Grid` com as cinco `LINHAS_DO_TETO` × os três perfis: o que é, de onde vem, e a célula por perfil; as linhas sem ponto de aplicação ganham uma célula que atravessa as três colunas.","As DUAS linhas de estado do Perfil de Bateria passaram a ser VIVAS, lidas do dono e não digitadas — o endereço `data-campo=""bateria-frase""` e o segundo, que se DERIVA dele como `-razao` e `-g` já fazem nesta aba.","MEDIDO em 03/09/2026: `frase_do_teto()` devolve *""Bateria longa é o único que põe teto — 30% da força — e alcança Vibração e nada mais. Gatilhos, Barra de luz, Microfone por rádio e Giroscópio não têm por onde ser limitados.""* — e nenhuma parte dela chega ao pixel. O BLOQUEIO É DE UM NOME, e ele mora fora desta aba: `aba_sistema.ENDERECOS` tem UM endereço (`bateria-frase`) para DUAS linhas, e `aba09._id()` recusa — com razão — endereço que o contrato do produto não conheça. Falta uma segunda chave lá (`bateria-sem-teto`), que é a camada do produto e território de outra frente; com ela, o gerador e o pacote fecham num commit. || REMEDIDA em 06/09/2026 (SISTEMA-STEAM-01): a dívida fechou pela METADE, e o veredito honesto é DIFERENTE. A janela tem uma `Gtk.Grid` de 5 linhas × 3 perfis; o HTML tem 2 linhas × o perfil escolhido, e a tabela cheia não cabe nos 154 px do bloco (o portão do gerador exige que ele acabe no mesmo `y` do irmão) — logo a tabela inteira é decisão de desenho DELA, não dívida. **E a frase ""Falta uma segunda chave lá (`bateria-sem-teto`)"" CADUCOU: não falta.** O segundo endereço se deriva, e está em produção — o bloqueio que esta célula declarava era evitável."
09-sistema,Perfil de Bateria — a conta de slots por adaptador de rádio,FALTA_NO_HTML,_ContaDeSlots,AUSENTE,LADO-HTML,src/hefesto_dualsense4unix/app/actions/config/secao_orcamento.py:585 · src/hefesto_dualsense4unix/app/actions/config/secao_orcamento.py:621,src/hefesto_dualsense4unix/interface/paginas/09-sistema.html,"Um bloco vivo (`_ContaDeSlots`) que pergunta `daemon.state_full` por `call_async` e responde ""cabe o que eu quero fazer?"" por adaptador, com plano de rádio e apelidos.",Nada nesta página.,"Faltando de fato — mas a atribuição é discutível: o assunto é rádio/adaptador, e provavelmente é território da aba 08 (Conexões), não da 09. Registro aqui porque na GTK ele mora na MESMA seção (""Desempenho"") de onde vieram os três botões do Perfil de Bateria, então quem migrar a seção pela metade vai deixá-lo para trás sem perceber. || CONFERIDA em 06/09/2026 pela PARIDADE-REMEDIR-01 e MANTIDA — e agora ela é dívida DECIDIDA: `D-0609-MESA-E-PALAVRA-NAO-FEATURE`, palavra dela, diz que *""mesa"" é PALAVRA banida na tela, não feature* e que **a tabela e a conta de slots ENTRAM**, com palavras simples. A `SISTEMA-STEAM-01` entregou a metade das duas linhas de estado (linha 329); a conta de slots por adaptador não nasceu."
09-sistema,Exame do sistema — as seis verificações do storm_report,IGUAL,"data-campo=""exame-lista""",PRESENTE,src/hefesto_dualsense4unix/interface/paginas/09-sistema.html,src/hefesto_dualsense4unix/app/actions/daemon_actions.py:1109 · src/hefesto_dualsense4unix/app/actions/daemon_actions.py:1128 · src/hefesto_dualsense4unix/gui/main.glade:2836 · src/hefesto_dualsense4unix/integrations/storm_doctor.py:755,src/hefesto_dualsense4unix/interface/pacotes/a09_sistema.py:206 · src/hefesto_dualsense4unix/interface/pacotes/a09_sistema.py:382 · src/hefesto_dualsense4unix/gui/aba_sistema.py:534 · src/hefesto_dualsense4unix/gui/aba_sistema.py:515 · src/hefesto_dualsense4unix/interface/paginas/09-sistema.html:1139,"`storm_doctor.storm_report(controles_no_cabo=…)` em worker, e pinta as linhas num `Gtk.Label` com markup Pango colorido por tag ([ OK ] verde, [WARN] laranja, [INFO] cinza).","A MESMA chamada, com o mesmo denominador, e as linhas viram HTML em duas colunas com selo, glifo e frase — a mesma marcação que o piloto de aba já montava.","Mesma função, mesmos parâmetros, mesmos seis checks, e a tradução de veredito→selo trata as chaves com colchete que o produto realmente devolve (""[ OK ]"", ""[WARN]"") — não uma tabela ingênua com ""OK"". Medido agora: seis linhas, nenhum aviso, primeira delas ""cura do travamento do USB ATIVA""."
09-sistema,"Exame — o achado ""guarda do Steam Input""",IGUAL,_daemon.medir_guarda_do_steam_input(),PRESENTE,src/hefesto_dualsense4unix/interface/pacotes/a09_sistema.py,src/hefesto_dualsense4unix/app/actions/daemon_actions.py:1136 · src/hefesto_dualsense4unix/app/actions/daemon_actions.py:735,src/hefesto_dualsense4unix/interface/pacotes/a09_sistema.py:359 · src/hefesto_dualsense4unix/interface/pacotes/a09_sistema.py:320 · src/hefesto_dualsense4unix/interface/paginas/09-sistema.html:1139,"Depois do `storm_report`, acrescenta `medir_guarda_do_steam_input()` à lista quando ela devolve algo — o vigia morto vira achado deste cartão, e só quando está morto (decisão dela, 22/08/2026).","`_achados()` acrescenta o vigia morto ao `storm_report`, sob `try` próprio para que uma Steam meio instalada não apague as seis linhas já prontas. Custa 2,8 ms, medidos — entra na faixa lenta sem pesar.","MEDIDO em 03/09/2026 contra a mesa dela: as duas funções devolvem `None` hoje (é assim que a GTK também se comporta com a máquina sã), e o exame sai com seis linhas dos dois lados. A régua nova injeta um achado e cobra que ele apareça na lista — porque a diferença só se vê no dia do problema, que é o dia em que ela precisa ver. MORDIDA: apaguei o `linhas.append(vigia)`; reprovou. Segunda MORDIDA: tirei o `try` próprio e a exceção subiu, provando que o guarda protege as seis linhas."
09-sistema,"Exame — o achado ""prontuário dos jogos""",IGUAL,interpretar_prontuario_dos_jogos,PRESENTE,src/hefesto_dualsense4unix/interface/pacotes/a09_sistema.py,src/hefesto_dualsense4unix/app/actions/daemon_actions.py:1145 · src/hefesto_dualsense4unix/app/actions/daemon_actions.py:807,src/hefesto_dualsense4unix/interface/pacotes/a09_sistema.py:444 · src/hefesto_dualsense4unix/interface/pacotes/a09_sistema.py:409 · src/hefesto_dualsense4unix/interface/paginas/09-sistema.html:1139,Mesmo molde: acrescenta `medir_prontuario_dos_jogos()` quando há divergência entre os manifestos da Steam e os perfis do disco. Roda dentro do worker porque leva ~1 s.,"Mesma fonte da janela antiga, e o RELÓGIO é diferente por medição: ele leva **12–18 ms** nesta máquina (a GTK dizia ~1 s), então não roda no tique nem na faixa lenta — vai a uma thread própria a cada 5 min, e o exame publica a última resposta. Na primeira visita a linha não existe e aparece sozinha no tique seguinte.","MEDIDO: pôr os 7 s dentro da faixa lenta custou **13.676 ms de mediana por tique** e a aba pintou ZERO valores em 8 segundos — está no relato da frente. A régua nova prova que a pergunta sai numa THREAD (a chamada está dentro de `threading.Thread(...)`, lido na árvore) — e NÃO mede o relógio: um conferente adversário trocou a thread por chamada direta em 03/09/2026 e os 19 testes ficaram VERDES. A medição dos 13.676 ms é do relato, não do teste; quem quiser cobrar o tempo tem de escrever a régua que falta e que o achado, quando volta, entra na lista. || O SINAL MUDOU DE NOME em 06/09/2026 porque a PORTA mudou: `interpretar_prontuario_dos_jogos`. O veredito continua IGUAL — a feature é a mesma, e ficou 380x mais barata. MEDIDO: o tique máximo da aba 09 era de **1.341 ms** num teto de 100, e virou **18,6 ms**. E a causa escrita no código estava errada: culpava o disco, e o custo estava dentro do `t_ipc`, num socket que o serviço responde em 1 ms. É o GIL — os 7 s eram Python puro abrindo milhares de arquivos, e a thread principal ficava na fila atrás dele. Os 7 s eram o `examinar=True` do censo, que o único campo lido por esta tela não encosta."
09-sistema,"Exame — a contagem ""N linhas · nenhum aviso""",SO_NO_HTML,"data-campo=""exame-contagem""",PRESENTE,src/hefesto_dualsense4unix/interface/paginas/09-sistema.html,src/hefesto_dualsense4unix/gui/main.glade:2830 · src/hefesto_dualsense4unix/gui/main.glade:2824,src/hefesto_dualsense4unix/gui/aba_sistema.py:534 · src/hefesto_dualsense4unix/interface/pacotes/a09_sistema.py:415 · src/hefesto_dualsense4unix/interface/paginas/09-sistema.html:1134,"Nada. O cartão tem o título ""Saúde do sistema"" e a lista; não há contagem.","Conta as linhas e os avisos a partir da própria lista, com plural correto, e o `·` volta com a classe do desenho. Medido agora: ""6 linhas · nenhum aviso"".","Ganho, e derivado — o ""8"" que o desenho tinha congelado seria falso na primeira máquina sem oito achados, e a função devolve o número real. Registrado para ninguém trocar por literal."
09-sistema,Exame — o denominador honesto do check de áudio (controles no cabo),IGUAL,controles_no_cabo,PRESENTE,src/hefesto_dualsense4unix/interface/pacotes/a09_sistema.py,src/hefesto_dualsense4unix/app/actions/daemon_actions.py:1122,src/hefesto_dualsense4unix/interface/pacotes/a09_sistema.py:219,"Lê `daemon_state_full()` e passa `storm_doctor.controles_no_cabo(state)` para o `storm_report`, com `None` quando o daemon está calado (aí o check volta a responder só presente/ausente).","Passa `_exame.controles_no_cabo(ctx.state)` — o `state` que o tique já tem na mão, sem um segundo IPC.","Mesma função, mesma semântica de `None`. O HTML é mais barato (reaproveita o `state` do tique em vez de pedir outro `state_full`), mas o resultado é o mesmo."
09-sistema,"Steam — ""Deixar tudo pronto""",DIFERENTE,with_steam_closed,PRESENTE,src/hefesto_dualsense4unix/interface/pacotes/a07_lancadores.py,src/hefesto_dualsense4unix/app/actions/daemon_actions.py:1586 · src/hefesto_dualsense4unix/app/actions/daemon_actions.py:1602 · src/hefesto_dualsense4unix/app/actions/daemon_actions.py:1608 · src/hefesto_dualsense4unix/gui/main.glade:2913,src/hefesto_dualsense4unix/interface/pacotes/a07_lancadores.py:1204 · src/hefesto_dualsense4unix/interface/pacotes/a07_lancadores.py:1147,"Pede consentimento num diálogo temado e não-bloqueante, e então encadeia as duas correções DENTRO de uma única janela de Steam fechada (`with_steam_closed`), com o script em `--apply-quiet` lá dentro. Recibo em cada passo.","A interface nova GANHOU um caminho para `with_steam_closed`, e ele está na aba Lançadores, não nesta: `fechar_a_steam_e_repor` fecha a Steam, repõe o atalho de inicialização e a reabre — uma vez cada, pelo motor do produto. O consentimento é em DOIS CLIQUES (o primeiro arma e troca o rótulo do botão), porque o `with_steam_closed` exige que quem chama tenha perguntado antes.","DIFERENTE, e as diferenças são duas: (a) LUGAR — na GTK este botão mora na aba Sistema e na interface nova o caminho está na Lançadores; (b) ESCOPO — a GTK encadeia AS DUAS correções (`disable_steam_input.sh --apply-quiet` e o wrapper) dentro de uma janela de Steam fechada, e a nova repõe só o atalho. O que esta linha deixa de herança é o PADRÃO: a confirmação em dois cliques existe, está em produção e foi decidida — é a peça que os cinco gestos mortos desta aba esperam."
09-sistema,"Steam — ""Este jogo não funciona""",DIFERENTE,add_appid_to_steam_input_allowlist,PRESENTE,src/hefesto_dualsense4unix/interface/pacotes/a07_lancadores.py,src/hefesto_dualsense4unix/app/actions/daemon_actions.py:1717 · src/hefesto_dualsense4unix/gui/main.glade:2961,src/hefesto_dualsense4unix/interface/pacotes/a07_lancadores.py:2161 · src/hefesto_dualsense4unix/interface/pacotes/a07_lancadores.py:2193 · src/hefesto_dualsense4unix/interface/desenho_dos_lancadores.py:663,"Descobre o appid do jogo ativo e o acrescenta à allowlist do Steam Input, com nota; sem diálogo de propósito (é reversível e não fecha nada). Recibo com o resultado e o appid.","EXISTE, e na aba 07 (Lançadores) — não nesta: o botão ""Este jogo não funciona"" no cartão da Steam marca o jogo na lista de exceções do Steam Input pelo dono (`steam_launch_options.add_appid_to_steam_input_allowlist`), com a nota ""marcado pela tela"".","Este é o botão de emergência para o jogo que ignora os controles — e a única outra saída documentada é a caixinha do editor de perfil (aba Perfis), que só DESFAZ a marca. Sem ele, na interface nova não há como MARCAR. || REMEDIDA em 06/09/2026 pela PARIDADE-REMEDIR-01. A `STEAM-INPUT-01` construiu o botão e a régua o acusou fechando; o que muda aqui é o ENDEREÇO na tela, e é decisão dela: `D-0609-STEAM-DIVIDIDO` — *Steam Input e a lista de exceções ficam na aba 07; ""Consertar"", ""Restaurar de fábrica"" e ""Aplicar aos jogos"" ficam na 09*. DIFERENTE pela mesma razão das linhas 336 e 339 desta aba: o ato existe, noutra aba, por decisão de onde o assunto mora."
09-sistema,"Steam — ""Consertar problemas conhecidos"" / ""Refazer os consertos automáticos""",IGUAL,fix_wireplumber_default_source,PRESENTE,src/hefesto_dualsense4unix/interface/pacotes/a09_sistema.py,src/hefesto_dualsense4unix/app/actions/daemon_actions.py:1218 · src/hefesto_dualsense4unix/gui/main.glade:2987,src/hefesto_dualsense4unix/interface/paginas/09-sistema.html:1206,"Roda `scripts/disable_steam_input.sh --apply-quiet` e `scripts/fix_wireplumber_default_source.sh --install` em worker, mede os jogos com Steam Input ANTES (depois os appids já foram zerados), e o recibo DIZ quando adiou em vez de anunciar ""aplicado"" sobre um no-op.","O botão TEM DONO desde 06/09/2026 e foi clicado no produto vivo: os dois lados rodam os mesmos dois scripts, medem os jogos ANTES e usam o mesmo `format_fix_safe_result`. O desenho é de dois cliques, como o rótulo promete: o primeiro mede e mostra no painel (read-only por desenho), o segundo age.","O `title` do botão promete o trabalho inteiro (""arruma o áudio dos 2 controles, desliga o Steam Input onde ele atrapalha e põe a linha de inicialização nos jogos instalados, com cópia de segurança"") e o clique não chama nada. A promessa mais detalhada da página é a que menos acontece. || FECHOU em 06/09/2026 (SISTEMA-STEAM-01). O `html_faz` dizia ""Botão presente, sem dono. Clique morto."" — deixou de ser verdade. A diferença que sobra é o canal do recibo (toast na janela, painel de registro aqui), e ela não muda o ato. `SEM_MOTOR` foi de três para um: a razão que segurava os dois descrevia o HANDLER, não o ATO."
09-sistema,"Steam — ""Copiar opções para os jogos"" (a linha de inicialização)",DIFERENTE,Gtk.Clipboard,PRESENTE,src/hefesto_dualsense4unix/interface/pacotes/a07_lancadores.py,src/hefesto_dualsense4unix/app/actions/daemon_actions.py:1318 · src/hefesto_dualsense4unix/app/actions/daemon_actions.py:1280 · src/hefesto_dualsense4unix/gui/main.glade:3014,src/hefesto_dualsense4unix/interface/pacotes/a07_lancadores.py:1638 · src/hefesto_dualsense4unix/interface/pacotes/a07_lancadores.py:1661,"Compõe a string do wrapper `hefesto-launch` (constante, por decisão medida) e a copia para a área de transferência, com dica de onde colar.","existe, e na aba 07 (Lançadores) — não na 09, por decisão de onde o assunto mora","FATO DERRUBADO EM 03/09/2026, e a linha volta a FALTA_NO_HTML: ela tinha sido promovida a DIFERENTE porque `hefesto-launch` ""apareceu no lado HTML"" — e as duas ocorrências em `a10_perfis.py` (:246 e :1366) são PROSA explicando por que o wrapper importa. A régua leu a palavra e contou como ato. Note que a dica do botão ""Modo Xbox 360"" da própria GTK manda a pessoa usar este botão pelo nome (`gui/main.glade:3429`); na interface nova esse ponteiro aponta para o vazio. || REMEDIDA em 04/09/2026: DIFERENTE, e a diferença é de LUGAR. A feature existe e funciona; ela mudou de aba por decisão. Marcar FALTA_NO_HTML diria que o produto não faz, e diria errado. O `sinal_escopo` era `LADO-HTML` e casou com a aba 07 — a mesma fraqueza que a frente da aba 03 achou hoje na linha 130: um sinal sem escopo dá o veredito certo pelo motivo errado. Estreitado."
09-sistema,"Steam — ""Aplicar aos jogos da Steam""",FALTA_NO_HTML,_build_steam_apply_confirm_dialog,AUSENTE,LADO-HTML,src/hefesto_dualsense4unix/app/actions/daemon_actions.py:1360 · src/hefesto_dualsense4unix/app/actions/daemon_actions.py:1373 · src/hefesto_dualsense4unix/gui/main.glade:3021,,"Diálogo de confirmação temado e não-bloqueante, e então aplica o wrapper a TODOS os jogos instalados preservando as opções existentes, com backup ao lado de cada arquivo, pedindo permissão para fechar a Steam por ~20 s se ela estiver aberta.",Nada — nem botão.,"É a metade que APLICA o que o ""Copiar"" só entrega na área de transferência. Os dois faltam juntos, e sem os dois a interface nova não tem caminho nenhum para o wrapper de launch. || CONFERIDA em 06/09/2026 pela PARIDADE-REMEDIR-01 e MANTIDA: continua sem botão e sem gesto. E agora ela tem ENDEREÇO decidido — `D-0609-STEAM-DIVIDIDO` põe ""Aplicar aos jogos"" nesta aba, a 09. || O GESTO FECHOU E O BOTÃO NÃO CHEGOU — 06/09/2026, SISTEMA-OS-QUATRO-QUE-FALTAM-01, conferida pela PARIDADE-REMEDIR-02. O gesto `aplicar-aos-jogos` existe (`interface/pacotes/a09_sistema.py:2533`, `grava=""with_steam_closed""`, dois cliques de consentimento) e o item está no gerador (`interface/aba09.py:1256`) — mas o botão sai só em `mockup/09-sistema.html` e ZERO em `interface/paginas/09-sistema.html`. O próprio pacote declara isso em `:2184` (*""só existe no desenho de hoje, porque publicar é ato dela""*). Continua `FALTA_NO_HTML` até o `--publicar 09`; as irmãs 315 e 343 já fecharam porque os botões delas estão publicados."
09-sistema,"Proton — ""Fixar a versão que funciona"" / ""Refazer a fixação do Proton""",DIFERENTE,lock_proton_for_all_games,PRESENTE,src/hefesto_dualsense4unix/interface/pacotes/a09_sistema.py,src/hefesto_dualsense4unix/app/actions/daemon_actions.py:1793 · src/hefesto_dualsense4unix/app/actions/daemon_actions.py:1806 · src/hefesto_dualsense4unix/app/actions/daemon_actions.py:1851 · src/hefesto_dualsense4unix/gui/main.glade:3028,src/hefesto_dualsense4unix/interface/pacotes/a09_sistema.py · src/hefesto_dualsense4unix/interface/paginas/09-sistema.html:1207,"Diálogo de confirmação (o `config.vdf` é arquivo global da Steam), e então `proton_pin.lock_proton_for_all_games` em worker, com import lazy e `getattr` defensivo (instalação sem o módulo recusa apontando o install.sh, nunca `AttributeError`), recusa com a Steam aberta e backup antes.","Dois cliques e então o MESMO motor da GTK: `proton_pin.lock_proton_for_all_games`, com o import lazy e o `getattr` defensivo do contrato da lane (instalação sem o módulo recusa apontando o instalador), a recusa com a Steam aberta e a frase de volta de `format_proton_lock_result`. O recibo entra no painel ""Detalhes técnicos"", que é onde esta aba já escreve o que os botões respondem.","FECHOU EM 03/09/2026. O que o segurava era a confirmação, e o motor NUNCA foi o handler: `on_proton_lock:1793` é o diálogo e o toast em volta de `lock_proton_for_all_games`. DIFERENTE e não IGUAL por duas coisas: a pergunta é o botão em vez de um diálogo, e o recibo vai ao painel em vez de um toast."
09-sistema,"Camadas Vulkan — ""Tirar a sobreposição Vulkan"", o mesmo rótulo nos dois lados",DIFERENTE,def procurar_camadas,PRESENTE,src/hefesto_dualsense4unix/interface/pacotes/a09_sistema.py,src/hefesto_dualsense4unix/app/actions/emulation_actions.py:2086 · src/hefesto_dualsense4unix/app/actions/emulation_actions.py:2122 · src/hefesto_dualsense4unix/app/actions/emulation_actions.py:2131 · src/hefesto_dualsense4unix/gui/main.glade:3061,src/hefesto_dualsense4unix/interface/pacotes/a09_sistema.py:2635 · src/hefesto_dualsense4unix/interface/pacotes/a09_sistema.py:2636 · src/hefesto_dualsense4unix/interface/paginas/09-sistema.html:1304,"Censo do `system.reg` de cada prefixo em worker (~1 s), e um diálogo que MOSTRA o que achou antes de mexer; os botões seguem o que existe (""Tirar"" só com camada ligada, ""Devolver"" só com camada que nós desligamos), com cópia do arquivo.","O botão TEM DONO desde 06/09/2026 e o motor é o da janela antiga, chamado e não copiado: `camadas_vulkan.censo`, `pastas_compatdata` e `curar_todos`, com as duas frases puras do mesmo módulo. São TRÊS tempos em dois cliques — o primeiro escreve o censo no painel de registro (read-only) e o segundo age em todos os prefixos, com recusa se houver jogo aberto.","E aqui há um risco de segunda ordem que a própria casa já escreveu: o handler mora na aba que MORRE (Emulação). `gui/aba_sistema.py:91-93` avisa que quem desmontar a Emulação leva o handler junto sem perceber, e o achado ""Nenhuma sobreposição"" perde o motor no mesmo commit. || REMEDIDA em 06/09/2026 pela PARIDADE-REMEDIR-01, com o endereço lido no código: ""Botão presente, sem dono. Clique morto"" caiu. DIFERENTE e não IGUAL porque o DESENHO do consentimento é outro: a GTK abre um diálogo com DOIS botões nomeados (Tirar e Devolver, cada um só quando cabe) e aqui há UM botão cujo segundo clique decide a direção pelo censo — sem nada a tirar e nada a devolver, ele mostra e não arma."
09-sistema,"""Restaurar de fábrica"" (devolver o meu_perfil ao asset original)",DIFERENTE,_meu_perfil_asset,PRESENTE,src/hefesto_dualsense4unix/interface/pacotes/a09_sistema.py,src/hefesto_dualsense4unix/app/actions/footer_actions.py:1477 · src/hefesto_dualsense4unix/gui/main.glade:4269 · src/hefesto_dualsense4unix/app/gui_dialogs.py:696,src/hefesto_dualsense4unix/interface/pacotes/a09_sistema.py:2581 · src/hefesto_dualsense4unix/interface/pacotes/a09_sistema.py:2632,"Confirma num diálogo (`gui_dialogs.confirm_restore_default`), copia o asset para o `profiles_dir`, adota como perfil ativo, recarrega o `DraftConfig` e dispara refresh de todas as abas — trocando draft e NOME como unidade, para o ""Salvar Perfil"" seguinte não sobrescrever o perfil anterior.","O gesto `restaurar-de-fabrica` (`restaurar_de_fabrica:2581`) ganhou dono em 06/09/2026 e `SEM_MOTOR` ficou VAZIA. Localiza o preset pelo dono (`_rodape._meu_perfil_asset():2632`), valida com `Profile.model_validate`, força o nome para `NOME_DO_PADRAO` e grava pelos três tempos de `pacotes.perfil.gravar_e_reaplicar` (disco, reaplicar, `launch_env.refresh`), com `era=` o perfil que está valendo para o `profile.switch` sair. Pergunta antes, pelos dois cliques (`_confirmado`), e as duas frases são do dono (`footer_actions.frase_do_preset_ausente` e `frase_do_restauro`).","FATO DERRUBADO EM 03/09/2026, e a linha volta a FALTA_NO_HTML: ela tinha sido promovida a DIFERENTE porque `gui_dialogs.confirm_restore_default` ""apareceu no lado HTML"" — e ele aparece em `a09_sistema.py:1521`, dentro da STRING que declara por que este gesto continua sem dono. A régua leu a palavra e contou como ato. É o gesto mais destrutivo da página e o que menos acontece; o caminho existe (a aba Lançadores confirma em dois cliques desde 03/09) e adotá-lo aqui muda o rótulo de um botão que ela aprovou — decisão dela. || CONFERIDA em 06/09/2026 pela PARIDADE-REMEDIR-01 e MANTIDA: `restaurar-de-fabrica` é o ÚNICO nome que sobra em `a09_sistema.SEM_MOTOR` (eram três até 06/09), e a razão escrita lá não é mais o motor — é a rede de segurança: um gesto que chame `save_profile` restaura o `meu_perfil` DELA quando a régua de clique o acionar. `D-0609-STEAM-DIVIDIDO` confirma que ele mora nesta aba. || A DÍVIDA FECHOU EM 06/09/2026 (SISTEMA-OS-QUATRO-QUE-FALTAM-01), e a linha vira DIFERENTE — medida em 06/09 pela A-CURA-DOS-DOIS-PORTOES-01. A rede de segurança que a segurava passou a morar no decorador (ONDA3-GESTO-DECLARA-01): o gesto declara `grava=""gravar_e_reaplicar""`, `pacotes.perigosos()` o recebe derivado, e a prova botão a botão nunca o clica. || O SINAL FICA `_meu_perfil_asset` E TROCA DE LADO — de AUSENTE para PRESENTE. Desta vez ele APARECE DE VERDADE, em código: `_rodape._meu_perfil_asset()` na linha 2632, uma chamada, não a palavra dentro da string que em 03/09 derrubou esta linha. É o sinal certo a vigiar: se ele sumir de `a09_sistema.py`, ou o botão morreu ou alguém redigitou o localizador do preset. || DIFERENTE, e não IGUAL: a janela pergunta por diálogo modal (`gui_dialogs.confirm_restore_default`) e faz refresh de todas as abas; aqui a pergunta são os dois cliques da D-03 dela, e não há abas velhas a repintar."
09-sistema,"""Ver os plugins carregados""",SO_NO_HTML,_handle_plugin_list,PRESENTE,src/hefesto_dualsense4unix/interface/pacotes/a09_sistema.py,src/hefesto_dualsense4unix/gui/aba_sistema.py:95 · src/hefesto_dualsense4unix/daemon/ipc_server.py:184 · src/hefesto_dualsense4unix/cli/cmd_plugin.py,src/hefesto_dualsense4unix/interface/pacotes/a09_sistema.py:561 · src/hefesto_dualsense4unix/interface/paginas/09-sistema.html:1220 · src/hefesto_dualsense4unix/interface/paginas/09-sistema.html:682,Nada. O daemon atende `plugin.list` e `plugin.reload` desde sempre; o único chamador em `src/` é a CLI. Não há botão no produto GTK.,"Relê e DEPOIS lista, nesta ordem, e escreve o resultado no painel de registro; quando não há plugins, diz por quê (subsistema desligado × ligado e vazio), separando os dois casos que o `_handle_plugin_list` devolve iguais.","Ganho — a interface nova é a primeira tela do produto a alcançar os plugins. Registrado para não ser removido como ""botão órfão""; o `SEM_DONO` do módulo (a09_sistema.py:76-78) ainda o descreve como sem dono, o que hoje é fato desatualizado do lado HTML."
09-sistema,"""Ver detalhes"" — as últimas 80 linhas do registro técnico",DIFERENTE,aba_sistema,PRESENTE,src/hefesto_dualsense4unix/interface/pacotes/a09_sistema.py,src/hefesto_dualsense4unix/app/actions/daemon_actions.py:2387 · src/hefesto_dualsense4unix/app/actions/daemon_actions.py:2767 · src/hefesto_dualsense4unix/gui/main.glade:2797,src/hefesto_dualsense4unix/interface/pacotes/a09_sistema.py:596 · src/hefesto_dualsense4unix/interface/pacotes/a09_sistema.py:133 · src/hefesto_dualsense4unix/interface/paginas/09-sistema.html:1221,"`journalctl --user -u <unit> -n 80 --no-pager`, timeout 5 s, em worker, com placeholder ""Consultando logs..."" e `(sem saída)` quando volta vazio. SEM `--output cat`: cada linha vem com data, host e `unidade[pid]:` na frente.","O mesmo comando COM `--output cat` e timeout 8 s; a unit vem de `utils.identidade`, nunca digitada; quando não há saída, mostra o `stderr` do `journalctl` (o motivo de verdade) em vez de um texto inventado; e guarda o pedido em `_PAINEL` para o tique de 500 ms não repintar por cima meio segundo depois.","DIFERENTE para melhor, e por medida: sem `--output cat` o prefixo ocupa 62 colunas antes da primeira letra da mensagem, e no painel de 110 px a mensagem sai pela direita (fotografado em 01/09). A afirmação de `gui/aba_sistema.py:97-99` — de que a GTK mostraria `systemctl status` em vez do registro — está ERRADA quanto a este botão: a GTK também roda `journalctl`. O que ela mostra em REPOUSO é que é o `systemctl status` (feature seguinte)."
09-sistema,"Painel ""Detalhes técnicos"" em repouso (sem ninguém clicar)",IGUAL,fora[REGISTRO] = _no_painel(repouso),PRESENTE,src/hefesto_dualsense4unix/interface/pacotes/a09_sistema.py,src/hefesto_dualsense4unix/app/actions/daemon_actions.py:1970 · src/hefesto_dualsense4unix/app/actions/daemon_actions.py:2549 · src/hefesto_dualsense4unix/gui/main.glade:3087,src/hefesto_dualsense4unix/interface/pacotes/a09_sistema.py:1107 · src/hefesto_dualsense4unix/interface/pacotes/a09_sistema.py:562 · src/hefesto_dualsense4unix/interface/pacotes/a09_sistema.py:234 · src/hefesto_dualsense4unix/interface/paginas/09-sistema.html:1225,"O `Gtk.TextView` fica sempre com a saída de `systemctl status <unit>`, reescrita a cada refresh da aba e depois de cada botão.","O painel em repouso traz o `systemctl status <unit>` — o MESMO texto da janela antiga, pedido ao método dela (`_systemctl_status_text`) e não recomposto aqui —, e depois dele a identidade de fábrica de cada controle vivo. O último ""Ver …"" tem precedência: `_PAINEL` guarda o pedido para o tique de 500 ms não repintar por cima meio segundo depois.","MEDIDO em 03/09/2026 com a janela aberta oculta: o painel mostrou três linhas de `systemctl status` e o bloco ""Identidade de fábrica"" ao fim — está na foto desta frente. A nota de `aba_sistema.SEM_FONTE` que segurava o traço está CADUCA e o próprio código a contradiz: ela dizia que não havia método de IPC para o registro, e o repouso nunca precisou de IPC. ORDEM MEDIDA: o painel tem 110 px e rola para o FIM, então a identidade vai por último — com ela no começo, a foto mostrou seis linhas de journal e nenhuma da identidade. MORDIDA: fiz `_repouso_do_painel` devolver """"; a régua reprovou dizendo que o painel voltou ao traço."
09-sistema,Diálogo de confirmação antes de ação destrutiva,DIFERENTE,"CONFIRMA = ""Confirma?""",PRESENTE,src/hefesto_dualsense4unix/interface/pacotes/a09_sistema.py,src/hefesto_dualsense4unix/app/actions/daemon_actions.py:1806 · src/hefesto_dualsense4unix/app/actions/daemon_actions.py:1373 · src/hefesto_dualsense4unix/app/actions/daemon_actions.py:1590 · src/hefesto_dualsense4unix/app/actions/emulation_actions.py:2131 · src/hefesto_dualsense4unix/app/gui_dialogs.py:696 · src/hefesto_dualsense4unix/app/actions/daemon_actions.py:2359,src/hefesto_dualsense4unix/interface/pacotes/a09_sistema.py · src/hefesto_dualsense4unix/interface/pacotes/a07_lancadores.py,"Todo botão que mexe em arquivo de outro dono ou derruba o serviço pergunta primeiro, em diálogo temado e NÃO-bloqueante (`connect(""response"")`, nunca `run()`, porque `run()` bloqueia o mainloop e engole até o SIGTERM): Proton, Aplicar aos jogos, Deixar tudo pronto, camadas, restaurar de fábrica.","Pergunta no PRÓPRIO BOTÃO, em dois cliques: o primeiro arma e troca o rótulo por ""Confirma?""; o segundo só vale se trouxer essa palavra — que só existe no botão já armado — e dentro da janela de tempo. Os dois guardas são independentes, e é o que impede a prova automática de agir clicando o que o DOM tinha. Quem repõe o rótulo quando o prazo passa é o tique.","FECHOU EM 03/09/2026, com a escolha dela: *""Dois cliques, como na Lançadores""*, e a palavra **""Confirma?""** entre três. A forma é a que a `07-lancadores` já rodava em produção; o que muda é o CANAL, e por mecanismo: lá o valor viaja num `data-v` porque aquela aba remonta o cartão a cada pintura, e esta página é estática — aqui o valor que só existe no botão armado é o RÓTULO, que o ouvinte do piloto já manda em `o[""texto""]`. Sobram TRÊS botões desta página sem quem os atenda, e o que os segura NÃO é mais a confirmação: é o MOTOR, declarado em `a09_sistema.SEM_MOTOR` — o ato mora dentro de um handler da janela GTK que fala com a janela."
10-perfis,"A lista de perfis: nome · prioridade · ""Quando usar""",IGUAL,perfis_web._linhas_da_lista,PRESENTE,src/hefesto_dualsense4unix/interface/pacotes/a10_perfis.py,src/hefesto_dualsense4unix/app/actions/profiles_actions.py:3797 · src/hefesto_dualsense4unix/app/actions/profiles_actions.py:1373,src/hefesto_dualsense4unix/interface/pacotes/a10_perfis.py:448 · src/hefesto_dualsense4unix/app/actions/perfis_web.py:394 · src/hefesto_dualsense4unix/interface/paginas/10-perfis.html:1089,"`Gtk.TreeView` com três colunas visíveis, alimentado por `_populate_profiles_store` a partir de `load_all_profiles()` em thread; a 3ª coluna sai de `rotulo_quando_usar(profile, profiles, active)`.","O `<tbody data-hef=""perfis.lista"">` é trocado INTEIRO por `blocos` a cada tique; as linhas saem de `perfis_web._linhas_da_lista`, que chama a MESMA `rotulo_quando_usar`.","Mesma função pura dos dois lados — não é reimplementação, é import (`perfis_web.py:80-71`). Medido vivo com `pacote()`: 33 linhas para os 33 perfis do disco, contra as 14 que o desenho cravava. O desenho cravou 14 porque 14 cabiam na figura; o `blocos` desfaz esse teto."
10-perfis,A ordem da lista: o perfil ativo primeiro,IGUAL,perfis_web._linhas_da_lista,PRESENTE,LADO-HTML,src/hefesto_dualsense4unix/app/actions/profiles_actions.py:664 · src/hefesto_dualsense4unix/app/actions/profiles_actions.py:3836 · src/hefesto_dualsense4unix/app/actions/profiles_actions.py:3908,src/hefesto_dualsense4unix/app/actions/perfis_web.py:419,"Itera `ordem_de_exibicao(profiles, active)` no `append`, e `_levar_o_ativo_para_o_topo` reordena in-place quando ela ativa outro sem recarregar o disco.","`perfis_web._linhas_da_lista` itera `ordem_de_exibicao(perfis, ativo)`; a lista inteira é remontada a cada tique de 500 ms, então não precisa de reorder in-place.","A mesma função pura, e com a mesma disciplina: os dois passam a lista na ORDEM DE CARGA (não a reordenada) para `rotulo_quando_usar`/`explicacao_da_disputa`, porque a ordem de carga é o terceiro termo do desempate. Medido vivo: `meu_perfil` (o ativo) veio em primeiro nos dois vetores emitidos."
10-perfis,O realce do perfil ativo: cor e negrito,IGUAL,_linha_da_lista,PRESENTE,src/hefesto_dualsense4unix/interface/pacotes/a10_perfis.py,src/hefesto_dualsense4unix/app/actions/profiles_actions.py:459 · src/hefesto_dualsense4unix/app/actions/profiles_actions.py:466 · src/hefesto_dualsense4unix/app/actions/profiles_actions.py:3839 · src/hefesto_dualsense4unix/app/actions/profiles_actions.py:3852,src/hefesto_dualsense4unix/interface/pacotes/a10_perfis.py:437 · src/hefesto_dualsense4unix/interface/paginas/10-perfis.html:704,"Peso 700 na coluna 3 e uma `Pango.AttrList` com `#50fa7b` na coluna 5, aplicada às TRÊS colunas visíveis (`attributes=5`). `AttrList` e não `foreground=` porque o GTK3 descarta o `foreground` da linha SELECIONADA — e a selecionada é justamente a do ativo.","A `<tr>` nasce com `class=""ativo""` vinda do `blocos`; o CSS da página faz `.tab tr.ativo td{color:var(--green);font-weight:600}` e uma barra de 3px à esquerda.","Mesma cor (`--green:#50fa7b`, `10-perfis.html:34`) e mesmo negrito. E o HTML resolve pelo `blocos` o que o pintor não alcança: nenhum dos cinco alvos do `escrever()` liga uma CLASSE, então sem o `blocos` a classe `ativo` ficaria para sempre na PRIMEIRA linha do desenho — acertando por acidente e mentindo inteiro quando não há ativo nenhum."
10-perfis,A dica da disputa (por que este perfil vence),IGUAL,perfis_web._linhas_da_lista,PRESENTE,src/hefesto_dualsense4unix/interface/pacotes/a10_perfis.py,src/hefesto_dualsense4unix/app/actions/profiles_actions.py:403 · src/hefesto_dualsense4unix/app/actions/profiles_actions.py:1397 · src/hefesto_dualsense4unix/app/actions/profiles_actions.py:3897,src/hefesto_dualsense4unix/interface/pacotes/a10_perfis.py:437 · src/hefesto_dualsense4unix/app/actions/perfis_web.py:435,"Coluna 4 do store, invisível, ligada por `tree.set_tooltip_column(4)`; o texto sai de `explicacao_da_disputa(profile, profiles, active)` e é recalculado também no `_mark_active_profile_row` (trocar de ativo troca o incumbente, que é o terceiro termo do desempate).","O `title=` da `<tr>`, com o MESMO texto: `perfis_web._linhas_da_lista` já chamava `explicacao_da_disputa` a cada tique — o valor morria no dicionário até o `blocos` abrir a porta.","Mesma função. Confirmado vivo: o `title` da linha do `meu_perfil` veio com os dois parágrafos completos (""2 perfis dizem 'Sempre'… Hoje quem vence é 'meu_perfil' (prioridade 1). O desempate, nesta ordem: …""). O `_atr` escapa MENOS que o `html.escape` de propósito — escapar `'` e `\n` fazia o `<tbody>` ser reescrito 17 vezes por tique para sempre."
10-perfis,A lista vazia diz o que fazer para ter o primeiro perfil,SO_NO_HTML,LISTA_VAZIA,PRESENTE,src/hefesto_dualsense4unix/interface/pacotes/a10_perfis.py,src/hefesto_dualsense4unix/app/actions/profiles_actions.py:3797,src/hefesto_dualsense4unix/interface/pacotes/a10_perfis.py:512 · src/hefesto_dualsense4unix/app/actions/perfis_web.py:241,NADA. Zero perfis é um `GtkTreeView` com o cabeçalho sozinho — não há texto de estado vazio em lugar nenhum da aba.,"Uma `<tr class=""vazia"">` com a frase `LISTA_VAZIA`: ""Nenhum perfil no disco ainda. Ajuste o que quiser nas outras abas e clique em 'Salvar Perfil' no rodapé — o primeiro perfil nasce daí.""","É ganho, e é o estado da usuária recém-instalada. A frase diz o quê, por quê e o que fazer — o padrão da casa —, e aponta para o botão que de fato cria o primeiro perfil. Não remover ao 'consertar' a tabela."
10-perfis,"O contador ""N perfis"" ao lado do título",SO_NO_HTML,"data-hef=""perfis.conta""",PRESENTE,src/hefesto_dualsense4unix/interface/paginas/10-perfis.html,src/hefesto_dualsense4unix/gui/main.glade:2128,src/hefesto_dualsense4unix/interface/paginas/10-perfis.html:1076 · src/hefesto_dualsense4unix/app/actions/perfis_web.py:270 · src/hefesto_dualsense4unix/interface/pacotes/a10_perfis.py:743,NADA. Não há rótulo de contagem na aba Perfis — os ids do glade vão de `profiles_left_box` a `profile_save_button` e nenhum é contador.,"`<span data-hef=""perfis.conta"">`, alimentado por `perfis_web._texto_da_conta` — que sabe dizer ""1 perfil"" no singular.",Medido vivo: `perfis.conta = '33 perfis'`. Ganho pequeno e real — é o número que denunciou a mentira das 14 linhas em 02/09 (o contador dizia 33 e a tabela mostrava 14).
10-perfis,"Quem responde ""qual perfil está valendo agora""",DIFERENTE,perfil_que_esta_valendo(ctx.state),PRESENTE,src/hefesto_dualsense4unix/interface/pacotes/a10_perfis.py,src/hefesto_dualsense4unix/app/actions/profiles_actions.py:500 · src/hefesto_dualsense4unix/app/actions/profiles_actions.py:1476 · src/hefesto_dualsense4unix/app/actions/profiles_actions.py:3838 · src/hefesto_dualsense4unix/app/actions/profiles_actions.py:574,src/hefesto_dualsense4unix/interface/pacotes/a10_perfis.py:523 · src/hefesto_dualsense4unix/interface/pacotes/a10_perfis.py:722,"`_active_profile_hint`, semeado no boot por `perfil_que_ela_ativou()` (o marcador em disco, via `resolve_boot_profile`) e atualizado pelo gesto de Ativar. O nome vai CRU para o `==` do realce — um marcador órfão (perfil renomeado ou apagado por fora) continua sendo exibido como ativo.","`_valendo()` chama o dono do §P1 (`perfil_que_esta_valendo(ctx.state)` — daemon primeiro, marcador em disco depois) e AINDA resolve o nome contra os perfis do disco por `find_by_slug`; sem casar com ninguém, vira `""""` e a lista não acende linha nenhuma.","O HTML faz MAIS e melhor: o `find_by_slug` fecha a divergência de ter dois vereditos na mesma tela (o realce compara por `==` em `perfis_web.py:435`, as guardas comparam por `mesmo_slug`) e derruba o marcador órfão. A GTK não tem esse degrau. Medido hoje: o daemon respondeu `meu_perfil`, então os dois lados concordam agora — a divergência aparece com o daemon calado ou com o marcador em caixa diferente (""sackboy"" no marcador, ""Sackboy"" no disco)."
10-perfis,Selecionar um perfil (clicar na linha abre o editor),DIFERENTE,CAMPOS_QUE_ELA_DIGITA,PRESENTE,src/hefesto_dualsense4unix/interface/pacotes/a10_perfis.py,src/hefesto_dualsense4unix/app/actions/profiles_actions.py:2984 · src/hefesto_dualsense4unix/app/actions/profiles_actions.py:1909 · src/hefesto_dualsense4unix/app/actions/profiles_actions.py:3952,src/hefesto_dualsense4unix/interface/pacotes/a10_perfis.py:864 · src/hefesto_dualsense4unix/interface/pacotes/a10_perfis.py:274 · src/hefesto_dualsense4unix/interface/pacotes/a10_perfis.py:271,"`on_profile_selection_changed` → `_populate_editor`, mas com um PORTÃO no meio: se a seleção foi movida pelo código e há trabalho não salvo (`_ha_trabalho_no_editor`), o editor NÃO é repintado — a lista se move sozinha em três caminhos e arrastava o alvo do Salvar junto.","O gesto `selecionar` grava o nome num módulo (`_ESCOLHIDO`) e nada mais; não fala com o daemon. O editor repinta no tique seguinte — exceto `editor.nome` e `editor.jogo`, que só se repintam quando o perfil ABERTO muda (`_uma_vez_so`), senão a pintura apagaria o que ela está digitando na segunda tecla.","A GTK protege trabalho não salvo porque TEM trabalho não salvo (o editor é um rascunho até o Salvar). O HTML não tem rascunho — cada campo grava no ato —, então o portão não faz falta pelo mesmo motivo; mas a guarda `_uma_vez_so` que ele pôs no lugar é FRÁGIL de outra forma: ela é por TEMPO (buraco de 2 s no tique = 'a página foi embora e voltou'), não por gesto. Sair da aba e voltar em menos de dois segundos deixa os dois campos com o valor velho até ela trocar de perfil."
10-perfis,Ativar o perfil escolhido,DIFERENTE,p.profile_switch(nome),PRESENTE,src/hefesto_dualsense4unix/interface/pacotes/a10_perfis.py,src/hefesto_dualsense4unix/app/actions/profiles_actions.py:3202,src/hefesto_dualsense4unix/interface/pacotes/a10_perfis.py:899 · src/hefesto_dualsense4unix/app/ipc_bridge.py:271,"`call_async(""profile.switch"", timeout=PROFILE_SWITCH_TIMEOUT_S)` — assíncrono porque o handler leva ~1,2 s medidos no journal dela e o teto de leitura de 250 ms fazia TODA ativação cair no caminho de falha.","`p.profile_switch(nome)` (o mesmo `ipc_bridge.profile_switch`, com o mesmo timeout), levantando `RuntimeError` quando ele devolve `False`. Roda em thread do piloto, então não congela a janela.","O núcleo é o mesmo método e a mesma ponte. O que difere é o DEPOIS: a GTK faz mais quatro coisas no sucesso (relatório de seções no toast, marcar a linha, ressincronizar a seleção, refazer as abas) e mais uma fora do callback (a carona do wrapper). O HTML faz só a troca. Cada uma dessas quatro está listada como feature própria abaixo. || DECIDIDO em 04/09/2026 — A tira ganha uma segunda linha. A metade que avisa está no fim da frase. Onde está escrito: `docs/process/2026-09-04-O-PO-DECIDE-as-54-e-os-sete-conflitos.md` §2 `10[05]`, sobre a pergunta [05] de `docs/process/sprints/2026-09-04-DECISOES-DELA-10-perfis.md`. Não espera mais palavra dela."
10-perfis,Ativar: o desfecho diz o que NÃO entrou (relatório de seções),IGUAL,mensagem_de_ativacao,PRESENTE,src/hefesto_dualsense4unix/interface/pacotes/a10_perfis.py,src/hefesto_dualsense4unix/app/actions/profiles_actions.py:862 · src/hefesto_dualsense4unix/app/actions/profiles_actions.py:836 · src/hefesto_dualsense4unix/app/actions/profiles_actions.py:3237,src/hefesto_dualsense4unix/interface/pacotes/a10_perfis.py:1347 · src/hefesto_dualsense4unix/interface/pacotes/a10_perfis.py:1360 · src/hefesto_dualsense4unix/interface/pacotes/a10_perfis.py:1368 · src/hefesto_dualsense4unix/interface/paginas/10-perfis.html:1144,"O toast sai de `mensagem_de_ativacao(name, result)`, que lê o campo `secoes` do corpo da resposta do daemon — a diferença entre ""ativado"" e ""ativado, menos o que o lock manual descartou"" (ATIVAR-NAO-MENTE-01).","Pede o CORPO e não o booleano: `p.resultado(""profile.switch"", name=…)` traz o `secoes` que o daemon montou, e a frase sai de `mensagem_de_ativacao(nome, corpo)` — a MESMA função da janela estável. Ela chega à tela pela tira `perfis.desfecho`.","REMEDIDO em 03/09/2026, como a régua mandou. A dívida fechou: o ELO-MUDO-01 era `ipc_bridge.profile_switch` estreitar para `bool` um corpo montado com cuidado, e o gesto passou a pedir o corpo pela ponte (`ponte.resultado`, com o MESMO teto de 3 s do `PROFILE_SWITCH_TIMEOUT_S`). A função que decide a frase é uma só nos dois lados; o que muda é o veículo — toast lá, tira aqui —, e isso é a forma da interface nova, não uma segunda verdade."
10-perfis,"Ativar: as outras abas passam a mostrar o perfil ativado, na hora",DIFERENTE,nome_do_ativo,PRESENTE,src/hefesto_dualsense4unix/interface/pacotes/perfil.py,src/hefesto_dualsense4unix/app/actions/profiles_actions.py:3248 · src/hefesto_dualsense4unix/app/actions/profiles_actions.py:3283 · src/hefesto_dualsense4unix/app/actions/profiles_actions.py:574,src/hefesto_dualsense4unix/interface/pacotes/perfil.py:93 · src/hefesto_dualsense4unix/interface/pacotes/perfil.py:140,"`_refazer_as_abas_apos_ativar` → `_bootstrap_draft_async` (ou `_refresh_all_tabs`). Com edição pendente nas outras abas, PERGUNTA por diálogo (`confirm_discard_pending_edits`) e o default é MANTER o que ela não salvou.","As outras abas relêem o perfil do DISCO a cada tique, e o nome passou a vir do DONO: `pacotes/perfil.nome_do_ativo` pergunta a `perfil_que_esta_valendo` (o daemon primeiro, o marcador em disco depois) em vez de ler `state[""active_profile""]` cru. Cobre as dez abas — a 03, a 04, a 05, a 06, a 08, a 10 e o chip do topo. Não pergunta sobre trabalho pendente, e não há o que perguntar: aqui o clique já grava.","Esta cura nasceu de uma queixa literal dela em 05/08: *""o perfil que eu ativei não aplica imediatamente as features das abas""*. Na interface nova o efeito é atenuado porque a ação é imediata (não há rascunho a perder), mas as abas que leem o PERFIL do disco — gatilhos, brilho, atalhos — continuam mostrando o perfil anterior até o próximo tique que releia disco, e nenhum tique o faz. || REMEDIDO em 06/09/2026 pela PARIDADE-REMEDIR-01, com o texto da PERFIL-MODO-01 e os endereços RELIDOS na costura: **a causa que esta linha supunha estava errada.** Os tiques SEMPRE reliam o disco; o que faltava era o NOME chegar. Com o daemon respondendo `active_profile: null` — o caso vivo da máquina dela — `perfil.ativo(None)` devolvia `{}`, e gatilho, brilho e atalhos viravam travessão em TODA aba, ativando ou não. DIFERENTE e não IGUAL porque a GTK faz uma coisa a mais: PERGUNTA por diálogo antes de descartar edição pendente (`confirm_discard_pending_edits`). Os dois chamadores que a sprint relatou fora do alcance dela — `a05_vibracao.py` (a guarda decidia antes do dono) e o chip do topo em `pacotes/__init__.py` — foram curados na costura, no mesmo dia."
10-perfis,Ativar: a carona do wrapper da Steam,DIFERENTE,carona.passada,PRESENTE,src/hefesto_dualsense4unix/interface/pacotes/a10_perfis.py,src/hefesto_dualsense4unix/app/actions/profiles_actions.py:3232 · src/hefesto_dualsense4unix/app/actions/carona_do_wrapper.py,src/hefesto_dualsense4unix/interface/pacotes/a10_perfis.py:238 · src/hefesto_dualsense4unix/interface/pacotes/a10_perfis.py:278 · src/hefesto_dualsense4unix/interface/pacotes/a10_perfis.py:1368,"`self.pegar_carona_no_gesto(GESTO_APLICAR)` — fora do callback de sucesso, de propósito: o wrapper da Steam não depende de o daemon ter respondido, e com o Hefesto parado o defeito continua lá esperando o próximo jogo.","`_com_a_carona(frase)` chama `carona_do_wrapper.passada(completa=True)` no mesmo gesto de Ativar, atrás do MESMO portão `carona.ligada()` da janela estável, e junta a notícia à frase do desfecho. Roda direto (sem segunda thread: o gesto já está em worker) e NUNCA levanta — a carona é efeito de um gesto que já deu certo.","REMEDIDO em 03/09/2026: a metade principal fechou — a Steam volta a receber o `hefesto-launch` no gesto de Ativar, que é o pedido literal dela (*""nem precisa ter um botão na gui, mas ele se auto corrigir ao clicarmos em aplicar ou salvar o perfil""*). DIFERENTE e não IGUAL porque DUAS peças do mixin não vieram, e as duas são comportamento: (a) a VIGIA de 45 s, que repergunta 'a Steam já fechou?' até o reparo caber — sem ela, um reparo adiado no HTML espera o próximo gesto dela em vez de acontecer sozinho; (b) o `_carona_ja_avisado`, que impede o mesmo aviso a cada gesto. As duas dependem do `GLib.timeout_add` da janela e são território do piloto, não deste pacote — está escrito no docstring de `_com_a_carona`. A vigia tem linha própria na aba 07. || A TIRA PASSOU A DIZER A METADE CURTA em 06/09/2026 — decisão 10-Q5 dela. `ResultadoDaCarona.frase_curta` e `sentinela_do_wrapper.frase_do_aviso_curta` são segunda FORMA, não troca: a janela GTK (`_carona_toast`) e o corpo do cartão da Steam (`a07_lancadores.noticia`) continuam recebendo a frase INTEIRA, e há régua cobrando isso. MEDIDO: a tira comporta 413 caracteres (bissecção no Chrome), e o que estoura não é o comprimento da frase — é o NÚMERO DE JOGOS, porque `lista_de_jogos` não tem teto. A forma longa cabe até DOIS jogos; a curta, até CINCO."
10-perfis,Ativar: recusar reativar o perfil que já está valendo,SO_NO_HTML,mesmo_slug,PRESENTE,src/hefesto_dualsense4unix/interface/pacotes/a10_perfis.py,src/hefesto_dualsense4unix/app/actions/profiles_actions.py:3202,src/hefesto_dualsense4unix/interface/pacotes/a10_perfis.py:940,"NADA — clicar em Ativar sobre o perfil ativo manda `profile.switch` de novo, o daemon reaplica o mesmo arquivo, e o toast diz ""ativado"".","Recusa dizendo, comparando por `mesmo_slug` (não por `==`, para ""Navegação""/""Navegacao"" não escaparem): ""'X' já é o perfil que está valendo. Escolha outro na lista da esquerda… reativar o mesmo não muda nada, e dizer 'aplicado' seria mentira.""","Ganho, e nasceu de uma acusação errada: o mapa de 02/09 pôs `ativar` entre os DEZESSEIS que ""dizem aplicado sem mudar nada"". O fato estava certo e a causa errada — a régua o clicava sem `selecionar` antes, então ele trocava para o perfil que já valia. A guarda transforma um não-evento silencioso numa recusa que explica. Não remover."
10-perfis,Novo perfil,DIFERENTE,launch_env.refresh,PRESENTE,src/hefesto_dualsense4unix/interface/pacotes/a10_perfis.py,src/hefesto_dualsense4unix/app/actions/profiles_actions.py:3016,src/hefesto_dualsense4unix/interface/pacotes/a10_perfis.py:1327 · src/hefesto_dualsense4unix/interface/pacotes/a10_perfis.py:1059 · src/hefesto_dualsense4unix/interface/pacotes/a10_perfis.py:1046 · src/hefesto_dualsense4unix/interface/pacotes/perfil.py:153,"PREENCHE O EDITOR e não grava: nome ""Novo perfil"", prioridade 0, ""Aplica a"" em Qualquer, os três campos crus limpos, modo sem opinião, avançado desligado, fotografia do editor esquecida. Toast: ""Novo perfil: edite e clique Salvar"". O arquivo só nasce no Salvar.","GRAVA NO DISCO na hora: `Profile(name=_nome_livre(""Novo perfil"", todos), match=regra)` → `save_profile` → reaplica se for o ativo → `launch_env.refresh`. O `_ESCOLHIDO` vira o nome novo e o editor abre nele no tique seguinte. NÃO é ativado.","A GTK cria um RASCUNHO; o HTML cria um ARQUIVO. É a decisão dela de 01/09 (ação imediata) aplicada a um botão destrutivo-por-acumulação: clicar ""Novo"" cinco vezes deixa cinco arquivos no disco dela (`Novo perfil`, `Novo perfil 2`…), enquanto na GTK cinco cliques não deixam nada. O `_nome_livre` colide por SLUG e não por nome à vista, o que está certo — dois nomes que só diferem no acento caem no mesmo `.json`."
10-perfis,Novo perfil de jogo nasce com prioridade acima dos catch-all,IGUAL,_prioridade_acima_dos_catch_all,PRESENTE,src/hefesto_dualsense4unix/interface/pacotes/a10_perfis.py,src/hefesto_dualsense4unix/app/actions/profiles_actions.py:4172 · src/hefesto_dualsense4unix/app/actions/profiles_actions.py:3131,src/hefesto_dualsense4unix/interface/pacotes/a10_perfis.py:2066 · src/hefesto_dualsense4unix/interface/pacotes/a10_perfis.py:2069,"`_prioridade_acima_dos_catch_all()`: lê o cache, acha a maior prioridade entre os perfis `e_catch_all` e soma 10 (`_FOLGA_ACIMA_DO_CATCH_ALL`), com teto em 200. O toast diz o número e por quê.","Chama a FUNÇÃO DA JANELA — `ProfilesActionsMixin._prioridade_acima_dos_catch_all` — passando um objeto que só tem o `_profiles_cache` (o método não lê mais nada: sem Gtk, sem widget). O desfecho diz o número e por quê: 'Perfil criado: X · prioridade N, acima dos que valem sempre'.","REMEDIDO em 03/09/2026: PERFIL-NASCE-CERTO-01 fechou, e fechou pelo caminho certo — a conta tem UM dono. Copiar `max(catch-all) + 10` para o pacote deixaria o teto (`PRIORIDADE_MAXIMA`), a folga (`_FOLGA_ACIMA_DO_CATCH_ALL`) e a regra do que É catch-all (`Profile.e_catch_all`) com dois donos. O fato que envelheceu: estava escrito que a conta *'mora num mixin GTK que depende de widget'* — não depende, e era só isso que faltava."
10-perfis,Duplicar,DIFERENTE,_build_profile_from_editor,PRESENTE,src/hefesto_dualsense4unix/interface/pacotes/a10_perfis.py,src/hefesto_dualsense4unix/app/actions/profiles_actions.py:3144,src/hefesto_dualsense4unix/interface/pacotes/a10_perfis.py:1364,"Guarda o perfil-fonte em `_duplicate_source`, marca `_new_profile = False`, zera o alvo do Salvar e escreve ""<nome atual> (cópia)"" no campo Nome. Toast: ""Editor preenchido com cópia completa; ajuste o nome e Salvar"". Não grava.","`prof.model_copy(update={""name"": _nome_livre(f""{prof.name} (cópia)"", todos)})` → grava no disco na hora → `_ESCOLHIDO` vira a cópia. Não ativa.","Mesma diferença do ""Novo"": rascunho contra arquivo. Os dois copiam o perfil INTEIRO (o `model_copy` do pydantic e o `_duplicate_source` do `_build_profile_from_editor` levam gatilhos, luz, vibração, máscara e overrides por controle) — o BUG-DUPLICATE-NO-CONFIG-COPY-01 está fechado dos dois lados. O HTML acrescenta o sufixo numérico (""(cópia) 2""), sem o qual duplicar duas vezes gravaria a segunda por cima da primeira; a GTK deixa isso para o diálogo de sobrescrita do Salvar."
10-perfis,Duplicar: a cópia NÃO herda o carimbo de ponte,IGUAL,carimbo_que_o_save_leva,PRESENTE,src/hefesto_dualsense4unix/interface/pacotes/a10_perfis.py,src/hefesto_dualsense4unix/app/actions/profiles_actions.py:4438 · src/hefesto_dualsense4unix/app/actions/profiles_actions.py:4441 · src/hefesto_dualsense4unix/app/actions/profile_writer.py:57,src/hefesto_dualsense4unix/interface/pacotes/a10_perfis.py:2119 · src/hefesto_dualsense4unix/interface/pacotes/a10_perfis.py:2128,"`estreia = _new_profile or _duplicate_source is not None` corta o degrau 2 de `carimbo_que_o_save_leva`, e o degrau 1 (o disco, pelo nome novo) devolve `None`. A cópia nasce SEM carimbo.","`carimbo_que_o_save_leva(find_by_slug(copia, todos), None)` decide o `ponte` da cópia, e o `model_copy` grava o que ele devolver. Com o nome novo livre em disco e sem rascunho, ele devolve `None` — a cópia nasce SEM carimbo, como na janela estável.","REMEDIDO em 03/09/2026: a dívida fechou e fechou pelo dono. O `model_copy` levava o `ponte` junto, e o cenário do estrago é o gesto seguinte ao duplicar — repontar a cópia para OUTRO jogo faria `pontes_confirmadas()` publicar uma ponte que ninguém provou naquele appid. A regra não foi reescrita no pacote: quem decide é `profile_writer.carimbo_que_o_save_leva`, o mesmo que o rodapé e a GTK consultam — se a escada mudar, os três mudam juntos."
10-perfis,Remover perfil,DIFERENTE,SEGUNDOS_PARA_CONFIRMAR,PRESENTE,src/hefesto_dualsense4unix/interface/pacotes/a10_perfis.py,src/hefesto_dualsense4unix/app/actions/profiles_actions.py:3162,src/hefesto_dualsense4unix/interface/pacotes/a10_perfis.py:1397 · src/hefesto_dualsense4unix/interface/pacotes/a10_perfis.py:629 · src/hefesto_dualsense4unix/interface/pacotes/a10_perfis.py:140 · src/hefesto_dualsense4unix/interface/paginas/10-perfis.html:1111,"Diálogo GTK modal `gui_dialogs.confirm_delete_profile`, com o aviso do §P7 quando o alvo é o que está valendo. Depois: `delete_profile`, recarrega a lista, toast ""Perfil removido: X"", `launch_env.refresh`. NÃO zera `_alvo_do_salvar` — de propósito, medido arrancando a cura.","Sem diálogo (os gestos rodam em thread e GTK só aceita diálogo no laço principal). O primeiro clique ARMA e levanta; o RÓTULO DO BOTÃO vira ""Remover 'X'? Clique de novo"" no tique seguinte e o segundo clique, dentro de 8 s, apaga. Depois: `delete_profile` + `launch_env.refresh`.","Os dois perguntam antes, por caminhos diferentes, e o do HTML tem duas propriedades que o diálogo não tem: prazo (8 s — um armamento sem prazo é armadilha) e ALVO (o armamento é por perfil; trocar de linha devolve o rótulo a ""Remover"", senão o botão anunciaria um perfil e o clique armaria outro). O que o HTML perde é a modalidade — o rótulo pode passar despercebido de um jeito que um diálogo modal não passa."
10-perfis,Remover o perfil que está VALENDO agora,DIFERENTE,from_simple_choice,PRESENTE,src/hefesto_dualsense4unix/interface/pacotes/a10_perfis.py,src/hefesto_dualsense4unix/app/actions/profiles_actions.py:3178 · src/hefesto_dualsense4unix/app/actions/profiles_actions.py:633,src/hefesto_dualsense4unix/interface/pacotes/a10_perfis.py:1440,"PERMITE, mas o diálogo carrega o aviso de três parágrafos `frase_da_remocao_do_perfil_ativo`: o que já está no controle não se desfaz, e o marcador em disco vai apontar para um arquivo que não existe mais.","RECUSA. Chama a MESMA função do produto e, se ela falar, levanta `ValueError` com aquele texto — o perfil não é apagado.","A GTK avisa e deixa; o HTML avisa e barra. Os dois usam a mesma frase (o HTML tinha uma SEGUNDA verdade escrita à mão e ela foi arrancada em 02/09, LEI 0). A recusa é mais segura e menos livre: a vontade dela na GTK sempre prevalece, e aqui não prevalece. Vale registrar como escolha, não como defeito — mas ela não tem, no HTML, caminho nenhum para apagar o perfil ativo sem antes ativar outro."
10-perfis,Recarregar a lista,IGUAL,Lista recarregada,PRESENTE,src/hefesto_dualsense4unix/interface/pacotes/a10_perfis.py,src/hefesto_dualsense4unix/app/actions/profiles_actions.py:3319 · src/hefesto_dualsense4unix/app/actions/profiles_actions.py:3772,src/hefesto_dualsense4unix/interface/pacotes/a10_perfis.py:2222 · src/hefesto_dualsense4unix/interface/pacotes/a10_perfis.py:2266 · src/hefesto_dualsense4unix/interface/paginas/10-perfis.html:1421,"`on_profile_reload` → `_reload_profiles_store()` (disco em thread, pintura pela idle_add) + toast ""Lista recarregada"".","`@gesto(""10-perfis.html"", ""recarregar"")` relê o disco chamando `pacote()` e devolve a carga INTEIRA — a lista, a contagem e o editor —, pintada no ato. A frase é a da janela estável, palavra por palavra: 'Lista recarregada', mais o número de perfis.","REMEDIDO em 03/09/2026: ele era um BOTÃO MORTO com aparência de vivo — o `data-hef-gesto` estava na página desde 31/08 e não havia `@gesto`; o piloto imprimia `[gesto sem dono]` no stdout de quem lançou a janela. A razão de deixá-lo sem dono caiu pela metade que faltava: a premissa (*'a lista já é relida a cada 500 ms'*) está certa e a conclusão não segue — a janela estável tem o MESMO botão sobre uma lista que ela também mantém em cache. O trabalho dele não é a leitura, é DIZER que leu."
10-perfis,"O botão ""Salvar este perfil"" da aba",FALTA_NO_HTML,on_profile_save,AUSENTE,LADO-HTML,src/hefesto_dualsense4unix/app/actions/profiles_actions.py:3359,src/hefesto_dualsense4unix/interface/paginas/10-perfis.html:1464 · src/hefesto_dualsense4unix/interface/pacotes/rodape.py:121,"`on_profile_save`: monta o `Profile` do editor, roda cinco guardas de diálogo, grava, reconcilia o rascunho, recarrega a lista, reaplica se for o ativo (`profile.switch` assíncrono), avisa o `launch_env` e pega a carona do wrapper.","NÃO EXISTE na aba. O rodapé tem ""Salvar Perfil"" (`.r-salvar`, ligado por CLASSE pelo piloto), mas ele grava o perfil ATIVO a partir do que está valendo no daemon — não o perfil aberto no editor.","Os dois ""Salvar"" da GTK miram alvos DIFERENTES e a própria casa escreveu isso (BOTÃO-QUE-NÃO-MENTE-01, glade:2668): este grava o perfil do editor, o do rodapé grava o rascunho no perfil que as abas editam. No HTML sobrou só o segundo. Consequência medida: com o editor aberto em ""Pragmata"" e `active_profile` = ""meu_perfil"", clicar Salvar no rodapé grava no `meu_perfil`. O HTML compensa com ação imediata por campo — mas a prioridade, que não tem gesto, fica sem NENHUM caminho de escrita. || SINAL REAPONTADO em 06/09/2026 (`GTK-3`): ele era `profile_save_button`, o id do botão no `gui/main.glade`, e o XML foi apagado por decisão dela (D-0609-GTK-LEVA-INTEIRA). Um sinal que não existe em lugar nenhum nunca APARECE, e a linha deixaria de morder — é a regra 7 deste portão. O sinal passa a ser `on_profile_save`, a função do MOTOR que carrega a feature e que fica: no dia em que o HTML a chamar, a dívida fechou e o portão reprova para o CSV ser remedido. || CONFERIDA em 06/09/2026 pela PARIDADE-REMEDIR-01 e MANTIDA: não há gesto `@gesto(""10-perfis.html"", …)` de salvar o perfil DO EDITOR; o único ""Salvar"" continua sendo o do rodapé (`rodape.py:359`), que grava o perfil ATIVO."
10-perfis,As cinco perguntas do Salvar (as guardas contra perda silenciosa),DIFERENTE,_pergunta_antes_de_rebaixar,PRESENTE,src/hefesto_dualsense4unix/interface/pacotes/a10_perfis.py,src/hefesto_dualsense4unix/app/actions/profiles_actions.py:3351 · src/hefesto_dualsense4unix/app/actions/profiles_actions.py:3376 · src/hefesto_dualsense4unix/app/actions/profiles_actions.py:3396 · src/hefesto_dualsense4unix/app/actions/profiles_actions.py:3435 · src/hefesto_dualsense4unix/app/actions/profiles_actions.py:3452 · src/hefesto_dualsense4unix/app/actions/profiles_actions.py:704 · src/hefesto_dualsense4unix/app/actions/profiles_actions.py:731,src/hefesto_dualsense4unix/interface/pacotes/a10_perfis.py:1519 · src/hefesto_dualsense4unix/interface/pacotes/a10_perfis.py:1775 · src/hefesto_dualsense4unix/interface/pacotes/a10_perfis.py:1728,"Cinco diálogos, cada um de um defeito medido: (1) renomear-ou-copiar quando o nome mudou (R-10); (2) sobrescrever outro perfil (BUG-PROFILE-SAVE-SILENT-OVERWRITE-01); (3) rebaixar a regra para ""Todos"" (COR-A); (4) rebaixar para ""Só manual"" (O-AVANCADO-QUE-MOSTRAVA-VAZIO-01); (5) queda de prioridade ≥10 (SALVAR-NAO-REBAIXA-02).","DUAS das cinco chegaram, com a forma desta janela (sem diálogo modal: o gesto ARMA e o segundo clique confirma, em 8 s). (3) rebaixar a regra para 'Todos' — `_pergunta_antes_de_rebaixar`, condição por condição da guarda da GTK, com a frase do `gui_dialogs.confirm_downgrade_match_to_any`; (2) sobrescrever outro perfil — `editor.nome` RECUSA por slug em vez de perguntar.","REMEDIDO em 03/09/2026: era FALTA_NO_HTML (*'Nenhuma'*) e não é mais. Das cinco: (3) foi trazida e era a única alcançável em UM clique — escolher 'Todos' num perfil de jogo gravava o catch-all calado, e o perfil que valia só no Elden Ring passava a valer para tudo; (2) virou recusa; (1) renomear-ou-copiar não se aplica — sem rascunho, o campo Nome é sempre renomear, e o antigo tem volta pelo `.historico/`; (4) rebaixar para 'Só manual' não tem caminho, porque o editor avançado não existe no HTML (linha própria); (5) queda de prioridade não tem caminho, porque a prioridade não tem gesto (linha própria). Sobra a que a forma dos gestos ainda deixa passar: o `editor.jogo` reescreve `prof.match` inteiro sem perguntar — mas agora DIZ o que gravou, na tira do desfecho."
10-perfis,O Salvar funde o que as outras abas editaram (o rascunho),FALTA_NO_HTML,_reconciliar_rascunho_com_perfil_salvo,AUSENTE,LADO-HTML,src/hefesto_dualsense4unix/app/actions/profiles_actions.py:4280 · src/hefesto_dualsense4unix/app/actions/profiles_actions.py:4188 · src/hefesto_dualsense4unix/app/actions/profiles_actions.py:4232,src/hefesto_dualsense4unix/interface/pacotes/a10_perfis.py:1140 · src/hefesto_dualsense4unix/interface/pacotes/a10_perfis.py:1204 · src/hefesto_dualsense4unix/interface/pacotes/a10_perfis.py:1256 · src/hefesto_dualsense4unix/interface/pacotes/a10_perfis.py:1315,"`_build_profile_from_editor` usa o `draft` como base quando o perfil salvo é o do rascunho (`_edita_o_perfil_do_rascunho`), reinjeta `controllers` como INSTÂNCIAS validadas (senão o `model_dump` densifica e apaga a herança por campo), e `_reconciliar_rascunho_com_perfil_salvo` reaponta o rascunho para o arquivo recém-gravado.","Nada disso existe. Cada gesto faz `load_profile(nome)` fresco, muda UM campo e grava.","Na interface nova não há `self.draft` — a decisão dela de 01/09 é ação imediata, e a cor clicada já vai ao controle. Então a fusão não faz falta pelo mesmo motivo. O que ela NÃO cobre: o que está VALENDO no aparelho e ainda não foi ao disco (a cor clicada, por exemplo) é perdido por um gesto desta aba que grave — `editor_nome` grava `load_profile(era)` + nome novo, e a cor viva não entra. O rodapé cobre isso (`_draft_do_ativo(nome, ctx)` traz a cor viva por cima do disco); os gestos desta aba, não. || CONFERIDA em 06/09/2026 pela PARIDADE-REMEDIR-01 e MANTIDA. **Mas a metade que ela cobra encolheu**: o rodapé passou a trazer do estado vivo, além da cor da barra, a política de vibração, o `passthrough`, o teto e a velocidade do mouse (`src/hefesto_dualsense4unix/interface/pacotes/rodape.py:269`). O que continua sem sobreposição é `speaker`, `audio.mic_mudo` e `sensores` por controle — e essa fila está escrita no docstring de `_draft_do_ativo`, com endereço."
10-perfis,O campo Nome / renomear o perfil,DIFERENTE,"data-hef-gesto=""editor.nome""",PRESENTE,src/hefesto_dualsense4unix/interface/paginas/10-perfis.html,src/hefesto_dualsense4unix/gui/main.glade:2307 · src/hefesto_dualsense4unix/app/actions/profiles_actions.py:3351 · src/hefesto_dualsense4unix/app/actions/profiles_actions.py:3479,src/hefesto_dualsense4unix/interface/pacotes/a10_perfis.py:1104 · src/hefesto_dualsense4unix/interface/pacotes/a10_perfis.py:1078 · src/hefesto_dualsense4unix/interface/paginas/10-perfis.html:1142,"`GtkEntry` no editor; o rename acontece no Salvar, com o diálogo do R-10 perguntando ""renomear ou copiar?"". Renomear é MOVER: grava o novo e só então apaga o antigo, e migra o marcador do perfil ativo se for o caso.","`<input data-hef-gesto=""editor.nome"" data-hef-alvo=""valor"">`: no evento `change`, renomeia NA HORA — `save_profile` do nome novo e `delete_profile` do antigo, nessa ordem. Recusa nome vazio e nome que já é de outro perfil por slug. O `_so_mudou` ignora `click` (clicar dentro do campo manda o valor que já estava lá).","A GTK PERGUNTA (renomear ou copiar?); o HTML decide por ela que é renomear. Os dois usam a mesma dupla `save_profile`+`delete_profile` na mesma ordem segura, e o antigo tem volta nos dois (o `delete_profile` arquiva em `.historico/<slug>/` antes do `unlink`). O que o HTML não faz é migrar o marcador do perfil ativo quando renomeia o ativo — a GTK o faz por `profile.switch` de migração (`precisa_reaplicar` inclui `ativo_antes == renomeando_de`, :3495), e o `gravar_e_reaplicar` do HTML também compara com o `era` (pacotes/perfil.py:183). Este ponto é IGUAL; a diferença é só o diálogo."
10-perfis,Renomear não grava por cima de outro perfil (identidade por SLUG),IGUAL,load_all_profiles(),PRESENTE,src/hefesto_dualsense4unix/interface/pacotes/a10_perfis.py,src/hefesto_dualsense4unix/app/actions/profiles_actions.py:3344 · src/hefesto_dualsense4unix/app/actions/profiles_actions.py:3374,src/hefesto_dualsense4unix/interface/pacotes/a10_perfis.py:1148,"`find_by_slug` responde ""quem vou sobrescrever?"" desde o R-10 — comparar nome de exibição fazia ""Navegacao"" substituir `navegacao.json` sem aviso.","`slugify(outro.name) == slugify(novo)` num laço sobre `load_all_profiles()`, recusando dizendo: ""já existe um perfil chamado 'X'. Escolha outro nome — gravar este por cima apagaria o dele.""","Mesma lição, mesma unidade de identidade (o slug é o que vira nome de arquivo em `loader.save_profile`). A GTK pergunta e o HTML recusa, mas a PERGUNTA que os dois fazem — ""este nome já é de outro arquivo?"" — é a mesma e é respondida do mesmo jeito. Nenhum dos dois deixa passar calado."
10-perfis,Mudar a prioridade do perfil,DIFERENTE,"data-hef-gesto=""editor.prioridade""",PRESENTE,mockup/10-perfis.html,src/hefesto_dualsense4unix/gui/main.glade:2330 · src/hefesto_dualsense4unix/gui/main.glade:71 · src/hefesto_dualsense4unix/app/actions/profiles_actions.py:4081,mockup/10-perfis.html:1270 · src/hefesto_dualsense4unix/interface/pacotes/a10_perfis.py:1787 · src/hefesto_dualsense4unix/interface/aba10.py:301,"`GtkScale` arrastável de 0 a 200, passo 5, com marcas em 0/100/200 e o valor à direita; o gesto é marcado (`_on_prioridade_tocada`) para a guarda SALVAR-NAO-REBAIXA saber que ela mexeu.","Um `<input type=range>` transparente DENTRO do trilho do desenho, com `min`/`max` de `profiles/schema.PRIORIDADE_MINIMA/MAXIMA` e `step=1`. O `change` grava direto no perfil (não há Salvar nesta aba, decisão dela de 01/09), e a resposta do gesto repinta a barra e o número na hora, sem esperar o tique de 500 ms.","FECHOU EM 03/09/2026, por decisão dela: *""Slider, como você pediu""*, reconfirmando o *""prioridade é slicer""* de 27/08. Era o único campo do editor sem NENHUM caminho de escrita. O que continua DIFERENTE são duas coisas medidas: a GTK arma a guarda SALVAR-NAO-REBAIXA no gesto sobre a escala (`_on_prioridade_tocada`) porque lá o Salvar é um botão à parte — aqui cada campo grava sozinho e não há rascunho a proteger; e o passo da GTK é 5 contra 1 daqui. MEDIDO EM 04/09/2026, e a frase anterior (""o desenho espera o `--publicar` dela, declarado em `mockup/DIVERGENCIAS.md`"") CAIU nas duas metades: a página publicada traz `<input type=""range"" ... data-hef-gesto=""editor.prioridade"">` e é byte-idêntica ao `mockup/10-perfis.html`; e o `DIVERGENCIAS.md` não declara aba nenhuma em trabalho. || O BALDE PUBLICAR ESTÁ VAZIO — medido em 04/09/2026 com `scripts/check_o_desenho_aprovado.py`: ""o produto já tem 13 · o produto está atrás 0"". As treze páginas foram publicadas na madrugada; esta linha não espera mais o `--publicar` dela."
10-perfis,Mostrar a prioridade (a barra e o número),DIFERENTE,"data-hef-alvo=""largura""",PRESENTE,src/hefesto_dualsense4unix/interface/pacotes/a10_perfis.py,src/hefesto_dualsense4unix/gui/main.glade:2330,src/hefesto_dualsense4unix/interface/pacotes/a10_perfis.py:1144 · src/hefesto_dualsense4unix/app/actions/perfis_web.py:370 · src/hefesto_dualsense4unix/interface/paginas/10-perfis.html:1162,"O próprio `GtkScale` mostra: a posição do manípulo e o valor numérico à direita (`draw-value=True`, `value-pos=right`).","Barra pintada por largura (`data-hef-alvo=""largura""`, `pct = prioridade*100/PRIORIDADE_MAXIMA`) mais o número cru ao lado, e desde 03/09 um terceiro endereço — `editor.prioridade.escolha` — que leva o número cru ao punho do slider. O achatamento tira o `%` do valor do produto antes de escrever, senão o `escrever()` faria `width: 45%%` — CSS inválido, barra travada no desenho e contador somando +1 por tique.","A GTK mostra a prioridade contra a escala INTEIRA (0-200) e o HTML contra o mesmo teto — os dois usam `PRIORIDADE_MAXIMA`. Onde eles divergem é na terceira peça: a `editor.prioridade.dica` está em `NAO_PINTAVEIS` porque o `<span>` alvo tem DOIS filhos-elemento (o trilho e o número) e um `textContent` os apagaria. Resultado medido: a tela mostra hoje o `title=` estático do desenho, que não é nem a frase velha nem a nova que ela aprovou (""Quando dois perfis servem ao mesmo tempo, o de número maior entra.""). O valor existe e não chega. E o punho tem de pintar UMA VEZ por perfil (`CAMPOS_QUE_ELA_DIGITA`): repintá-lo a cada tique o devolveria ao número do disco no meio do arrasto dela. || DECIDIDO em 04/09/2026 — A frase dela entra no desenho — e vão as DUAS, a dela primeiro, seguida da explicação do Universal em zero, que o texto de hoje tem e o dela não. Onde está escrito: `docs/process/2026-09-04-O-PO-DECIDE-as-54-e-os-sete-conflitos.md` §2 `10[03]`, sobre a pergunta [03] de `docs/process/sprints/2026-09-04-DECISOES-DELA-10-perfis.md`. Não espera mais palavra dela."
10-perfis,"""Aplica a"" / ""Funciona em"": os presets oferecidos",DIFERENTE,AMBIENTE_DO_PRESET,PRESENTE,src/hefesto_dualsense4unix/interface/pacotes/a10_perfis.py,src/hefesto_dualsense4unix/app/actions/profiles_actions.py:130 · src/hefesto_dualsense4unix/app/actions/profiles_actions.py:82 · src/hefesto_dualsense4unix/app/actions/profiles_actions.py:1408,src/hefesto_dualsense4unix/interface/paginas/10-perfis.html:1168 · src/hefesto_dualsense4unix/app/actions/perfis_web.py:217 · src/hefesto_dualsense4unix/interface/pacotes/a10_perfis.py:1043,"SETE: Qualquer · Steam · Navegador · Terminal · Editor · Jogo · Jogo da Steam, em `SegmentedSelector` (sem popup, imune ao bug do cosmic-comp com combo).","CINCO no `<select>`: Todos · Steam · Estilo de Jogo · Jogo · Jogo da Steam. Quatro têm preset atrás (`AMBIENTE_DO_PRESET`); ""Estilo de Jogo"" não tem nenhum e o gesto RECUSA dizendo.","Faltam três presets reais (browser/terminal/editor) e sobra uma opção sem motor. Os três que faltam NÃO viram ""Todos"" — caem no estado travado com a regra do disco intacta (`_ambiente_do_perfil`, perfis_web.py:303), o que é a resposta certa. Mas o efeito prático é que um perfil de navegador não pode ser editado por esta tela, nem nasce por ela. A recusa do ""Estilo de Jogo"" é o que impede o pior: `from_simple_choice` devolve `MatchAny()` para chave desconhecida SEM RECLAMAR (`simple_match.py:247`), então escolhê-lo gravaria um catch-all por cima da regra do jogo dela, em silêncio."
10-perfis,O perfil cuja regra a tela não sabe mostrar (a válvula do R-12),DIFERENTE,editor.ambiente.travado,PRESENTE,src/hefesto_dualsense4unix/interface/pacotes/a10_perfis.py,src/hefesto_dualsense4unix/app/actions/profiles_actions.py:4010,src/hefesto_dualsense4unix/interface/pacotes/a10_perfis.py:1206 · src/hefesto_dualsense4unix/interface/pacotes/a10_perfis.py:1259 · src/hefesto_dualsense4unix/interface/pacotes/a10_perfis.py:233 · src/hefesto_dualsense4unix/app/actions/perfis_web.py:303 · src/hefesto_dualsense4unix/app/actions/perfis_web.py:232,`_populate_editor` força o modo AVANÇADO quando `detect_simple_preset` devolve `None` — os três campos crus aparecem preenchidos e ela pode editar a regra real.,"O produto devolve `ambiente=None`, `ambiente_travado=True` e uma frase explicando; os dois gestos do editor consultam `_editor_de(prof)[""ambiente_travado""]` antes de gravar e RECUSAM. Mas a frase (`editor.ambiente.recado`) e a marca de travado (`editor.ambiente.travado`) NÃO TÊM ENDEREÇO na página — estão declaradas em `SEM_ENDERECO`.","A GTK dá uma SAÍDA (a página avançada); o HTML dá um BLOQUEIO — e o bloqueio é mudo até ela clicar. O `<select>` fica visualmente idêntico a um destravado; só ao tentar mudar é que a tarja aparece. Medido: sete dos nove perfis de fábrica caem neste estado (cinco casam por `window_title_regex`, dois por lista de `window_class`), então é o caso COMUM e não a exceção. A recusa está certa (aceitar seria o R-12: substituir uma regra fina por ""Todos""); o que falta é a tela dizer antes. || DECIDIDO em 04/09/2026 — Cadeado no campo, frase no hover. Onde está escrito: `docs/process/2026-09-04-O-PO-DECIDE-as-54-e-os-sete-conflitos.md` §2 `10[01]`, sobre a pergunta [01] de `docs/process/sprints/2026-09-04-DECISOES-DELA-10-perfis.md`. Não espera mais palavra dela."
10-perfis,O campo do jogo (o programa ou o número da Steam),DIFERENTE,"data-hef-gesto=""editor.jogo""",PRESENTE,src/hefesto_dualsense4unix/interface/paginas/10-perfis.html,src/hefesto_dualsense4unix/gui/main.glade:2403 · src/hefesto_dualsense4unix/app/actions/profiles_actions.py:2602 · src/hefesto_dualsense4unix/app/actions/profiles_actions.py:2094,src/hefesto_dualsense4unix/interface/pacotes/a10_perfis.py:1220 · src/hefesto_dualsense4unix/interface/paginas/10-perfis.html:1179,"`GtkEntry` que aparece só em ""Jogo""/""Jogo da Steam"", com placeholder e tooltip trocados por escolha; endereço da loja colado vira o appid no próprio campo (`_colar_virou_numero`); o valor é lido no Salvar.","`<input data-hef-gesto=""editor.jogo"">` sempre visível; no `change`, grava a regra INTEIRA na hora e move o seletor junto — `normalize_appid` decide entre ""Jogo"" e ""Jogo da Steam"", mas só quando o seletor não estava numa das duas (a escolha dela manda).","O HTML desfaz um IMPASSE que a GTK não tem: com o perfil em ""Todos"", escolher ""Jogo"" recusava por falta de nome e digitar o nome recusava por o seletor estar em ""Todos"" — os dois caminhos fechados. Gravar a regra inteira resolve. O que ele perde: o campo fica visível mesmo quando não tem efeito (em ""Todos""/""Steam"" o texto seria descartado por `from_simple_choice` — na GTK o campo some), e um endereço da loja colado é normalizado DENTRO da regra mas o `<input>` continua mostrando a URL até ela trocar de perfil (o campo é `CAMPOS_QUE_ELA_DIGITA`, só repintado quando o perfil aberto muda). || DECIDIDO em 04/09/2026 — Só a tira, e o campo se corrige — o endereço colado vira o número na frente dela. Onde está escrito: `docs/process/2026-09-04-O-PO-DECIDE-as-54-e-os-sete-conflitos.md` §2 `10[04]`, sobre a pergunta [04] de `docs/process/sprints/2026-09-04-DECISOES-DELA-10-perfis.md`. Não espera mais palavra dela."
10-perfis,A lista suspensa com os jogos DESTA máquina,DIFERENTE,editor.jogo.lista,PRESENTE,src/hefesto_dualsense4unix/interface/pacotes/a10_perfis.py,src/hefesto_dualsense4unix/app/actions/profiles_actions.py:2495 · src/hefesto_dualsense4unix/app/actions/profiles_actions.py:2542 · src/hefesto_dualsense4unix/app/actions/profiles_actions.py:2585,src/hefesto_dualsense4unix/interface/pacotes/a10_perfis.py:1120 · src/hefesto_dualsense4unix/interface/pacotes/a10_perfis.py:912 · mockup/10-perfis.html,"`Gtk.EntryCompletion` sobre o campo do jogo, alimentado por `catalogo_de_jogos()` lido em thread (33 `.acf` em duas bibliotecas + 150 `.desktop`, ~10 ms nesta máquina). Coluna 0 = o rótulo que ela lê (""Sea of Stars (appid 851100)""), coluna 1 = o appid, que é o que o campo grava.","`<datalist>` no campo do jogo, enchido pelo `blocos` com `catalogo_de_jogos()`: o `value` é o appid (o que o campo grava) e o `label` é ""Nome (appid N)"" (o que ela lê) — a MESMA divisão das duas colunas do `Gtk.EntryCompletion`. Teto de 500 entradas, e o campo continua aceitando texto livre.","JOGO-QUE-SE-DIZ-01 existe porque o campo pedia o número cru — *o único dado que ninguém tem em mãos*. Sem a completação, criar um perfil de jogo pelo HTML exige ela saber o appid de cor ou ir buscá-lo na loja. O botão ""Detectar"" cobre metade disso (só com o jogo em foco, e só da Steam); a completação cobre o resto, inclusive jogo fechado. || REMEDIDO em 06/09/2026 pela PARIDADE-REMEDIR-01, com o texto da PERFIL-MODO-01 e os endereços RELIDOS na costura: DIFERENTE e não IGUAL porque a mecânica é outra. A GTK filtra por `match_func` a cada tecla — casa por PEDAÇO do nome e por começo do número (`jogos_locais.casa_com_o_que_ela_digitou`) —, e o `<datalist>` usa o filtro do próprio navegador, que casa por PREFIXO. A escolha do `<datalist>` sobre um `<select>` é o enunciado dela: uma lista que recusa o que ela sabe que existe é pior que campo livre. Medido no WebKitGTK 2.52: `input.list` resolve e as opções chegam. Espera o `--publicar 10`."
10-perfis,"A frase ""jogo reconhecido"" e o carimbo de ponte ao lado do campo",DIFERENTE,"data-hef=""editor.jogo.rotulo""",PRESENTE,mockup/10-perfis.html,src/hefesto_dualsense4unix/gui/main.glade:2427 · src/hefesto_dualsense4unix/app/actions/profiles_actions.py:2632 · src/hefesto_dualsense4unix/app/actions/profiles_actions.py:983,mockup/10-perfis.html:1661 · src/hefesto_dualsense4unix/interface/pacotes/a10_perfis.py:1487 · src/hefesto_dualsense4unix/interface/aba10.py:1268,"O rótulo `profile_jogo_reconhecido` mostra o nome do jogo daquele número (`frase_do_campo_do_jogo`, em ciano quando reconhece e em laranja de alerta quando não) e, embaixo em itálico, o carimbo `frase_da_ponte_confirmada` — qual ponte já funcionou naquele appid.","O rótulo NASCEU — decisão 10-Q4 dela, 06/09/2026. Três `<span>` à direita do campo, dois endereços (`editor.jogo.rotulo` acende e escreve, `editor.jogo.alerta` pinta), alimentados a cada tique por `_jogo_reconhecido`, que devolve `(frase, é_alerta)` da MESMA função pura da janela estável. Na BANCADA: os dois endereços estão em `ESPERANDO_A_PUBLICACAO` até o `--publicar 10` dela. O carimbo de ponte continua sem superfície nenhuma.","A METADE DO NOME DO JOGO CHEGOU — 03/09/2026 —, e não ao lado do campo: o `editor.jogo` e o `detectar` passaram a devolver o nome na tira do desfecho (`_jogo_reconhecido`, a10_perfis.py:1571), pela MESMA função pura da janela estável — `jogos_locais.frase_do_campo_do_jogo`, com as mesmas quatro respostas. MEDIDO no WebKit vivo: digitar `1599660` devolve 'Sackboy: A Big Adventure'. CONTINUA FALTANDO, e por isso a linha segue FALTA_NO_HTML: (a) o RÓTULO ao lado do campo, que responde enquanto ela digita e não só depois de gravar — é endereço novo na página, decisão de desenho dela; (b) o carimbo de ponte, que não tem superfície nenhuma na interface nova. O número sozinho continua mudo ATÉ o `change`; depois dele, não. || DECIDIDO em 04/09/2026 — Só a tira, e o campo se corrige — o endereço colado vira o número na frente dela. Onde está escrito: `docs/process/2026-09-04-O-PO-DECIDE-as-54-e-os-sete-conflitos.md` §2 `10[04]`, sobre a pergunta [04] de `docs/process/sprints/2026-09-04-DECISOES-DELA-10-perfis.md`. Não espera mais palavra dela. || SUBSTITUÍDA em 06/09/2026 pela decisão 10-Q4 dela — *""Rótulo ao lado, ao vivo""*. A decisão de 04/09 (""Só a tira, e o campo se corrige"") NÃO foi desfeita: o campo continua se corrigindo e a tira continua dizendo o nome. O que ela acrescentou é o RÓTULO. DIFERENTE e não IGUAL por DUAS peças: (a) o ""ao vivo"" tecla a tecla precisa de uma QUARTA porta de escuta no piloto (`input`, com endereço PRÓPRIO e de leitura — as três de hoje despacham pelo `data-hef-gesto`, que aqui GRAVA NO DISCO); até lá o rótulo acerta em todo tique em que ela não está digitando; (b) o carimbo de ponte, que a resposta dela não endereça. A guarda da quarta porta já existe: `_so_mudou` virou lista de PERMITIDOS em 06/09, e `input` nasce barrado (`test_o_campo_do_jogo_nao_grava_por_tecla`). || O SINAL DESTA LINHA MUDOU NA COSTURA, 06/09/2026: ela carregava `frase_da_ponte_confirmada`, que é o símbolo do CARIMBO e continua ausente do lado HTML de propósito — mas um veredito DIFERENTE espera o sinal PRESENTE, e as duas coisas juntas não podem ser verdade. O sinal passou a ser o endereço de tela do que NASCEU (`data-hef=""editor.jogo.rotulo""`, na bancada); a ausência do carimbo é o que faz esta linha ser DIFERENTE e não IGUAL, e está escrita acima. É a mesma armadilha das quatro linhas da 04 nesta leva: o nome da função da janela não é sinal do lado HTML."
10-perfis,Preservar o campo invisível ao trocar a regra (ESCONDER-EM-VEZ-DE-SAIR-01),IGUAL,from_simple_choice,PRESENTE,src/hefesto_dualsense4unix/interface/pacotes/a10_perfis.py,src/hefesto_dualsense4unix/app/actions/profiles_actions.py:4315 · src/hefesto_dualsense4unix/app/actions/profiles_actions.py:4133 · src/hefesto_dualsense4unix/profiles/simple_match.py:203,src/hefesto_dualsense4unix/interface/pacotes/a10_perfis.py:1218 · src/hefesto_dualsense4unix/interface/pacotes/a10_perfis.py:1272 · src/hefesto_dualsense4unix/interface/pacotes/a10_perfis.py:1324,"`from_simple_choice(..., regra_do_disco=self._regra_do_disco_ao_salvar(name))` — o `process_name` do MESMO jogo, que ela nunca viu na tela, sobrevive ao round-trip do editor simples em vez de evaporar.","`from_simple_choice(chave, ..., regra_do_disco=prof.match)` nos três gestos que mexem na regra — e o `prof` vem de um `load_profile(nome)` feito no instante do clique, então é o disco de AGORA.","Mesma função, mesmo parâmetro, mesma intenção. E o HTML é marginalmente mais fresco: a GTK usa a FOTOGRAFIA tirada quando o perfil abriu (`_regra_do_disco`) e só cai no disco quando não há fotografia; o HTML lê o arquivo no clique. Nenhum dos dois apaga o que a tela não mostra."
10-perfis,O editor avançado: window_class · título da janela · nome do programa,FALTA_NO_HTML,_mostrar_a_regra_nos_campos_crus,AUSENTE,LADO-HTML,src/hefesto_dualsense4unix/gui/main.glade:2537 · src/hefesto_dualsense4unix/app/actions/profiles_actions.py:2006 · src/hefesto_dualsense4unix/app/actions/profiles_actions.py:3691,src/hefesto_dualsense4unix/interface/paginas/10-perfis.html,"Um `GtkStack` com a página ""avancado"", um switch que persiste a preferência, e `_mostrar_a_regra_nos_campos_crus` para que ligar o avançado depois do perfil aberto mostre a regra REAL (antes mostrava os três campos em branco — duas fotos dela às 04:34 de 10/08).","NÃO EXISTE. A página não tem campo para `window_class`, `window_title_regex` nem `process_name`.","É a única porta do produto para escrever uma regra fina pela janela — e a única forma de gravar `MatchManual` (""só ativa na mão"", R-12 item 3: os três campos vazios). Sem ela, o perfil de regra complexa é read-only no HTML e a frase da válvula manda usar a linha de comando. Isso vale para SETE dos nove perfis de fábrica. || DECIDIDO em 04/09/2026 — A tela avisa e para por aí. O editor avançado é motor, e volta como sprint quando houver razão medida. Onde está escrito: `docs/process/2026-09-04-O-PO-DECIDE-as-54-e-os-sete-conflitos.md` §2 `10[02]`, sobre a pergunta [02] de `docs/process/sprints/2026-09-04-DECISOES-DELA-10-perfis.md`. Não espera mais palavra dela. || CONFERIDA em 06/09/2026 pela PARIDADE-REMEDIR-01 e MANTIDA: `window_class`, `window_title_regex` e `process_name` continuam sem campo em `10-perfis.html` — as únicas ocorrências no lado HTML são PROSA (o texto da aba 07 e docstrings da a10). A 24 HORAS põe o ""editor avançado de regra"" (10-Q2) FORA das 24 horas (§10), e a mesma seção diz que o resto dos FALTA fica na régua, que é onde a fila mora."
10-perfis,O aviso de que o `process_name` não casa nesta máquina (PROCESSO-CEGO-01),FALTA_NO_HTML,texto_do_processo_que_nao_casa,AUSENTE,LADO-HTML,src/hefesto_dualsense4unix/gui/main.glade:2603 · src/hefesto_dualsense4unix/app/actions/profiles_actions.py:2050 · src/hefesto_dualsense4unix/app/actions/profiles_actions.py:1105,,"`_atualizar_aviso_do_processo` pergunta o `daemon.state_full` e escreve em laranja o que `texto_do_processo_que_nao_casa` decidir — refeito toda vez que ela abre a página avançada, porque o backend da cascata Wayland MIGRA em runtime (portal → wlrctl → null).",NADA.,"Sem a página avançada, o HTML nem tem onde pôr o aviso — a ausência é consequência da anterior. Fica registrada separada porque o dia em que o avançado migrar, este aviso é uma peça própria e é fácil de esquecer: ele é o que impede a tela de mostrar um campo que nunca vai casar naquele backend. || CONFERIDA em 06/09/2026 pela PARIDADE-REMEDIR-01 e MANTIDA: é consequência da anterior, e a anterior está adiada por decisão de prazo."
10-perfis,"""Exigência invisível"": o que o perfil exige e a página não mostra",IGUAL,_exigencia_para_esta_tela,PRESENTE,src/hefesto_dualsense4unix/interface/pacotes/a10_perfis.py,src/hefesto_dualsense4unix/gui/main.glade:2512 · src/hefesto_dualsense4unix/app/actions/profiles_actions.py:2214,src/hefesto_dualsense4unix/interface/pacotes/a10_perfis.py:585 · src/hefesto_dualsense4unix/interface/pacotes/a10_perfis.py:623 · src/hefesto_dualsense4unix/interface/aba10.py,"O rótulo `profile_exigencia_invisivel` lê `exigencia_invisivel(self._regra_do_disco)` e diz, em amarelo, que o perfil tem também um `process_name` que o editor simples não mostra — o `matches` é AND, então o campo invisível é o que decidia.","o ponto de alerta mostra, no hover, o que o perfil exige e a página não mostra — com a frase reescrita PARA ESTA TELA (a do produto nomeia o 'Modo avançado', que é peça da janela GTK)","A-REGRA-QUE-A-TELA-NAO-MOSTRA-01 nasceu de uma foto dela: o editor mostrava ""Jogo da Steam · 3357650"" e o arquivo tinha também `process_name: [""PRAGMATA.exe""]`; o perfil não entrava sozinho, e o que ficava valendo era outro — medido seis vezes em dois minutos, com ela jogando. O HTML preserva o campo invisível (feature acima) e NÃO diz que ele existe: a tela afirma uma regra que não é a regra, que é exatamente o defeito que este rótulo curou. || DECIDIDO em 04/09/2026 — Cadeado no campo, frase no hover. Onde está escrito: `docs/process/2026-09-04-O-PO-DECIDE-as-54-e-os-sete-conflitos.md` §2 `10[01]`, sobre a pergunta [01] de `docs/process/sprints/2026-09-04-DECISOES-DELA-10-perfis.md`. Não espera mais palavra dela. || FECHADA em 04/09/2026 pela ONDA2-10, e MEDIDA em vez de aceita: o portão notou o símbolo `_sincronizar_exigencia_invisivel` num COMENTÁRIO, e a frente avisou que quem lançasse devia medir a EMISSÃO. Medido: `editor.jogo.exigencia` sai em `aba10.py` (2 vezes) e **ZERO vezes em `paginas/10-perfis.html`** — como TODA a entrega desta leva, ela está na BANCADA e não no publicado. Ver a nota de topo de `docs/process/2026-09-03-O-TERCEIRO-NUMERO-a-paridade-com-a-gtk.md`."
10-perfis,"A seção ""Modo"" do perfil (o que ATIVAR este perfil liga)",FALTA_NO_HTML,_mode_section_from_editor,AUSENTE,LADO-HTML,src/hefesto_dualsense4unix/gui/main.glade:2640 · src/hefesto_dualsense4unix/app/actions/profiles_actions.py:1481 · src/hefesto_dualsense4unix/app/actions/profiles_actions.py:147 · src/hefesto_dualsense4unix/app/actions/profiles_actions.py:1733 · src/hefesto_dualsense4unix/app/actions/profiles_actions.py:1777,src/hefesto_dualsense4unix/interface/pacotes/perfil.py:453 · src/hefesto_dualsense4unix/app/actions/perfis_web.py:504 · src/hefesto_dualsense4unix/interface/pacotes/a10_perfis.py:565,"Frame próprio com quatro escolhas — Não mexer no modo · Controlar o PC · Jogar pelo Hefesto · Conexão Nativa (Sony) —, e com ""Jogar pelo Hefesto"" abre a linha da máscara (""O jogo vê o controle como:""). ""none"" REMOVE a seção `mode` do perfil salvo; máscara sem botão marcado grava `None` (""mantém a atual""), nunca ""xbox"".","NADA ESCREVE A SEÇÃO DE UM PERFIL QUE NÃO ESTÁ ATIVO. O quadro «Modo» existiu no editor de Perfis de 06/09 a 11/09/2026 e saiu por ordem dela (""em perfis ainda aparece modo. Isso deve aparecer só na aba jogar""); o gesto `editor_modo` saiu com ele, e `editor.modo` passou a ser declarado em `a10_perfis.SEM_ENDERECO`. O que sobrou é a aba Jogar, por `interface/pacotes/perfil.gravar_o_modo_no_ativo`, e ela tem DOIS limites medidos: escreve só no perfil que `nome_do_ativo(state)` resolve (o que está VALENDO), e os quatro gestos que a chamam passam gamepad/native/desktop, nunca ""none"" — logo «Não mexer no modo» não é alcançável para um perfil que já tem seção. O pacote continua PUBLICANDO o valor como id (`_pacote_do_editor`), porque o dado continua no disco: o que falta é escrita, não leitura.","É a maior ausência isolada da aba, e NÃO é coberta pela aba Jogar: a `a01_jogar` troca o modo e a máscara VIVOS da máquina (`gamepad.emulation.set`, `native.mode.set`); a seção `mode` do PERFIL é o que ativar aquele perfil vai ligar depois, e mora no `.json`. Sem ela, um perfil criado ou editado pelo HTML não pode dizer ""quando eu entrar, ligue o modo jogo com máscara DualSense"" — o campo simplesmente não é alcançável, e o valor do disco sobrevive só por herança (ninguém escreve nele). || REMEDIDO em 06/09/2026 pela PARIDADE-REMEDIR-01, com o texto da PERFIL-MODO-01 e os endereços RELIDOS na costura: DIFERENTE e não IGUAL, e a diferença é de FORMA e de ESCOPO. FORMA: lá é um `SegmentedSelector` numa fileira; aqui os quatro botões repartem a coluna e o rótulo quebra em duas linhas — medido, os quatro rótulos numa fileira somam 563px e a coluna tem 412. ESCOPO: a janela GTK abre a linha da máscara (""O jogo vê o controle como:"") junto com ""Jogar pelo Hefesto"", e este quadro não a tem — decisão de escopo da PERFIL-MODO-01, com o valor do disco atravessando intacto. As duas frases do modo não nascem, por decisão dela (10-Q6). O SINAL trocou pelo símbolo do lado HTML — o gesto `editor_modo`, que é quem faz o ato: `_mode_section_from_editor` é nome de função da GTK e aparece do lado HTML só em PROSA, numa docstring que nomeia o gêmeo — é a armadilha que a `D-0609-O-SINAL-DA-PARIDADE-NAO-E-PROSA` nomeia. O desenho espera o `--publicar 10`, que é ato dela. || REMEDIDA em 11/09/2026 pela PERFIS-A-TELA-01, e o veredito CAIU de DIFERENTE para FALTA_NO_HTML: o quadro saiu da tela por ordem dela e nenhuma outra o substituiu. A frase de cima — ""é a maior ausência isolada da aba, e NÃO é coberta pela aba Jogar"" — voltou a valer, agora com o alcance medido: a Jogar cobre o perfil ATIVO e só as três escolhas que ligam algo. O SINAL trocou junto, e por necessidade: `editor_modo` era símbolo do lado HTML e sobrevive hoje SÓ como lápide em comentário (`a10_perfis.py:2509`) — um sinal PRESENTE que `ocorre` acharia na PROSA daria verde sobre a tela vazia, que é a armadilha `D-0609-O-SINAL-DA-PARIDADE-NAO-E-PROSA`. O sinal agora é o símbolo da GTK (`_mode_section_from_editor`), cobrado AUSENTE do lado HTML por `usa`, que não conta comentário nem docstring: quando alguém devolver a escrita ao lado HTML chamando o dono, esta linha reprova e é remedida. O custo desta falta está declarado no docstring de `gravar_o_modo_no_ativo`; na TELA ele não aparece, por decisão dela de 07/09/2026 (*""o layout não informa os nossos defeitos""*)."
10-perfis,O preço da máscara (o que o Xbox custa),FALTA_NO_HTML,texto_do_preco_da_mascara(flavor),AUSENTE,LADO-HTML,src/hefesto_dualsense4unix/app/actions/profiles_actions.py:256 · src/hefesto_dualsense4unix/app/actions/profiles_actions.py:1553 · src/hefesto_dualsense4unix/app/actions/profiles_actions.py:1530,src/hefesto_dualsense4unix/interface/paginas/10-perfis.html,"Uma etiqueta visível embaixo dos botões de máscara, com `texto_do_preco_da_mascara(flavor)`, mais o tooltip por opção (`texto_do_custo_da_mascara`) — pedido literal dela: *""ao deixar o mouse sobre a opção Xbox, ele falaria que o Xbox não tem tais features""*. Teto de 64 caracteres por linha, medido: sem ele a frase comia 370px da coluna ""Perfis salvos"".",NADA nesta aba.,"Consequência da ausência da seção Modo, mas é peça própria e com dona: a frase é reuso de uma função pura que já vivia na aba Início, e ela pediu esse texto por escrito. Quem for construir o Modo no HTML tem de trazê-la junto, não reescrevê-la. || DECIDIDO em 04/09/2026 — Preço no hover, aviso do rádio em linha — como ela pediu por escrito. Espera o quadro Modo existir, e ele é a maior ausência isolada do inventário. Onde está escrito: `docs/process/2026-09-04-O-PO-DECIDE-as-54-e-os-sete-conflitos.md` §2 `10[06]`, sobre a pergunta [06] de `docs/process/sprints/2026-09-04-DECISOES-DELA-10-perfis.md`. Não espera mais palavra dela. || DECISÃO DELA, 05/09/2026 (10-Q6): a frase NÃO entra na aba 10 — *""É pra tudo funcionar independente do modo, mascarou forma de conexão. Essas frases devem sumir.""* Esta linha deixa de ser dívida de TEXTO e passa a ser dívida de MECANISMO: o Hefesto constrói o mecanismo em vez de descrever a limitação (A MÁSCARA NÃO CUSTA FEATURE). Não se apaga — apagar faria a próxima pessoa reabrir a pergunta em três semanas. Fechada na costura da ONDA A de 06/09 pelo coordenador, que é o dono do CSV nesta leva (ONDA5-10-03, Passo 3). || CONFERIDA em 06/09/2026 pela PARIDADE-REMEDIR-01 e MANTIDA como FALTA_NO_HTML, **contra a leitura que a promoveria a DIFERENTE**: a 24 HORAS põe ""o custo da máscara antes do clique (10-Q6)"" na §10, *O QUE NÃO ENTRA NAS 24 HORAS*, e fecha a mesma seção dizendo que *""o resto dos FALTA fica na régua, que é onde fila mora""*. A própria célula já dizia que a dívida trocou de natureza (de TEXTO para MECANISMO), não que deixou de existir. O que a medição acrescenta é que o lado HTML **proíbe a frase em código**: `src/hefesto_dualsense4unix/interface/aba10.py:1964` recusa a geração se o quadro Modo voltar a descrever o que se perde."
10-perfis,O aviso de rádio frágil quando ela escolhe o Modo Nativo,FALTA_NO_HTML,frase_do_radio_fragil_no_modo,AUSENTE,LADO-HTML,src/hefesto_dualsense4unix/app/actions/profiles_actions.py:162 · src/hefesto_dualsense4unix/app/actions/profiles_actions.py:1634 · src/hefesto_dualsense4unix/app/actions/profiles_actions.py:1667,,"Um rótulo em laranja dentro da seção Modo, sincronizado nos três caminhos (montagem, gesto dela e populate), alimentado por `frase_do_radio_fragil_no_modo(kind, state)` com o estado do daemon buscado por gesto.",NADA.,"§P8. O Modo Nativo é o único que depende do rádio aguentar, e o aviso é o que separa ""você escolheu"" de ""você escolheu e vai dar errado neste aparelho"". Terceira consequência da seção Modo ausente — listada em separado porque tem função pura própria e régua própria, e some do inventário se ficar embutida na anterior. || DECIDIDO em 04/09/2026 — Preço no hover, aviso do rádio em linha — como ela pediu por escrito. Espera o quadro Modo existir, e ele é a maior ausência isolada do inventário. Onde está escrito: `docs/process/2026-09-04-O-PO-DECIDE-as-54-e-os-sete-conflitos.md` §2 `10[06]`, sobre a pergunta [06] de `docs/process/sprints/2026-09-04-DECISOES-DELA-10-perfis.md`. Não espera mais palavra dela. || DECISÃO DELA, 05/09/2026 (10-Q6): a frase NÃO entra na aba 10 — *""É pra tudo funcionar independente do modo, mascarou forma de conexão. Essas frases devem sumir.""* Esta linha deixa de ser dívida de TEXTO e passa a ser dívida de MECANISMO: o Hefesto constrói o mecanismo em vez de descrever a limitação (A MÁSCARA NÃO CUSTA FEATURE). Não se apaga — apagar faria a próxima pessoa reabrir a pergunta em três semanas. Fechada na costura da ONDA A de 06/09 pelo coordenador, que é o dono do CSV nesta leva (ONDA5-10-03, Passo 3). || CONFERIDA em 06/09/2026 pela PARIDADE-REMEDIR-01 e MANTIDA como FALTA_NO_HTML, pela mesma razão da linha 385 — e com a mesma guarda em código (`src/hefesto_dualsense4unix/interface/aba10.py:1964`, o termo proibido `'rádio'` no quadro Modo)."
10-perfis,"A caixinha ""tirar este jogo do Steam Input"" e a lista dos outros marcados",FALTA_NO_HTML,on_profile_steam_input_toggled,AUSENTE,LADO-HTML,src/hefesto_dualsense4unix/gui/main.glade:2462 · src/hefesto_dualsense4unix/app/actions/profiles_actions.py:2730 · src/hefesto_dualsense4unix/app/actions/profiles_actions.py:2324 · src/hefesto_dualsense4unix/app/actions/profiles_actions.py:2431,src/hefesto_dualsense4unix/interface/paginas/10-perfis.html,"`GtkCheckButton` que aparece com ""Jogo da Steam"" escolhido, sincronizada com o arquivo da allowlist (com guard para o `set_active` não reescrever a lista dela), mais uma grade com os OUTROS jogos marcados — nome, número e um botão ""Tirar"" por linha.","NADA — nem a caixinha, nem a lista.","A-LISTA-QUE-FALTAVA-01 é decisão dela de 22/08 e fechou uma assimetria medida: marcar um jogo era um clique (o botão da aba Sistema) e desmarcar era uma viagem ao terminal, um jogo por vez, sem nunca ver os outros. No HTML a assimetria volta inteira — não há nem o marcar nem o desmarcar nesta aba. Vale conferir se a aba Sistema do HTML tem o ""Este jogo não funciona""; se tiver, o HTML repete exatamente o estado de antes de 22/08. || REMEDIDA em 06/09/2026 pela PARIDADE-REMEDIR-01, e continua FALTA_NO_HTML: a pergunta que a célula deixava (*""vale conferir se a aba Sistema do HTML tem o 'Este jogo não funciona'""*) está RESPONDIDA — ele existe, e na aba 07 (`src/hefesto_dualsense4unix/interface/pacotes/a07_lancadores.py:2161`, `D-0609-STEAM-DIVIDIDO`). Mas o que fechou foi só o MARCAR de um jogo; a caixinha ligada ao jogo DESTE perfil e a lista dos outros marcados com o ""Tirar"" por linha não existem em lugar nenhum, e são as duas metades que a A-LISTA-QUE-FALTAVA-01 curou. A assimetria de antes de 22/08 encolheu; não morreu. || VEREDITO REMEDIDO em 06/09/2026 pela PARIDADE-CRUZA-O-MAPA-01, e ele NÃO MUDA: continua `FALTA_NO_HTML`, agora com a metade que faltava MEDIDA por leitura desta árvore. O produto tem as DUAS pontas em `integrations/steam_launch_options.py` — `add_appid_to_steam_input_allowlist` e `remove_appid_from_steam_input_allowlist` — e `interface/` chama SÓ a primeira, uma vez, em `a07_lancadores.py:2161` (o gesto 'Este jogo não funciona'). A segunda tem ZERO chamadores em `interface/`. A assimetria que a A-LISTA-QUE-FALTAVA-01 curou em 22/08 está de volta na metade exata: marcar é um clique e desmarcar não existe na interface nova — nem a caixinha ligada ao jogo DESTE perfil, nem a lista dos outros marcados com o 'Tirar' por linha. E não há transporte no meio: a lista é arquivo nosso, e o mapa de canais não tem célula para ela."
10-perfis,"""Detectar"": pegar o jogo em foco e montar a regra",SO_NO_HTML,"perfis_web.DONOS_DOS_GESTOS[""detectar""]",PRESENTE,src/hefesto_dualsense4unix/interface/pacotes/a10_perfis.py,src/hefesto_dualsense4unix/app/actions/profiles_actions.py:3070 · src/hefesto_dualsense4unix/app/actions/profiles_actions.py:3088,src/hefesto_dualsense4unix/interface/pacotes/a10_perfis.py:1274 · src/hefesto_dualsense4unix/interface/paginas/10-perfis.html:1181,"Não é botão. É automático e SÓ no perfil novo: `_nascer_com_o_jogo_em_foco` pergunta o `daemon.state_full` e `_aplicar_nascimento_com_jogo` age com três guardas estreitas (só perfil novo, só com ""Aplica a"" ainda em Qualquer, só com o campo vazio).","Botão explícito ""Detectar"", que age sobre o perfil ABERTO a qualquer momento: lê `window_detect_last_class` (e o `current_class` como segunda opção), tira o appid por `steam_appid_from_wm_class` e grava a regra. Sem jogo da Steam em foco, RECUSA dizendo qual classe está vendo.","A GTK só sabe fazer isso no nascimento de um perfil; o HTML dá o gesto para qualquer perfil, a qualquer hora. E ele destravou uma afirmação errada do próprio produto: `perfis_web.DONOS_DOS_GESTOS[""detectar""]` dizia que *""o IPC NÃO PUBLICA o título nem a classe""* — medido contra o daemon, das 49 chaves do `state_full` SETE são de detecção de janela e duas são a classe. Só o TÍTULO não é publicado. A metade que continua faltando é o jogo de FORA da Steam: o detector entrega uma `wm_class` e o produto só sabe guardá-la como `MatchCriteria(window_class=…)`, que é regra que este editor não sabe mostrar — o gesto recusa em vez de empurrar o perfil dela para fora da tela."
10-perfis,"""Voltar à de ontem"": desfazer a última gravação do perfil (o histórico)",SO_NO_HTML,restaurar_do_historico(nome),PRESENTE,src/hefesto_dualsense4unix/interface/pacotes/a10_perfis.py,src/hefesto_dualsense4unix/profiles/loader.py:1453 · src/hefesto_dualsense4unix/profiles/loader.py:1213 · src/hefesto_dualsense4unix/cli/cmd_profile.py:243 · src/hefesto_dualsense4unix/cli/cmd_profile.py:282,src/hefesto_dualsense4unix/interface/pacotes/a10_perfis.py:955 · src/hefesto_dualsense4unix/interface/paginas/10-perfis.html:1420,NADA. `save_profile` arquiva a versão anterior em `profiles/.historico/<slug>/` desde o PERFIL-SEM-RASTRO-01 e `restaurar_do_historico` a devolve byte a byte — mas o ÚNICO chamador era `hefesto-dualsense4unix profile restore` na linha de comando.,"Botão ""Voltar à de ontem"": `restaurar_do_historico(nome)` + `profile.switch` (só se o restaurado for o que está valendo, comparado por slug) + `launch_env.refresh`. Sem versão guardada, o `FileNotFoundError` vira tarja na tela.","O motor existia há semanas e nunca teve tela — `perfis_web.DONOS_DOS_GESTOS` escreve isso com todas as letras: *""O MOTOR EXISTE E NUNCA TEVE TELA""*, com `HISTORICO_MAX_VERSOES = 10`. É ganho puro. E ele não pede confirmação por uma razão medida: a própria restauração ARQUIVA a versão atual antes de substituí-la, então restaurar por engano também tem volta. Não remover."
10-perfis,"A tabela ""Ajuste próprio"": o que cada controle guarda só dele neste perfil (o perfil por controle)",SO_NO_HTML,_secoes_do_controle,PRESENTE,src/hefesto_dualsense4unix/interface/pacotes/a10_perfis.py,src/hefesto_dualsense4unix/app/actions/profiles_actions.py:4396 · src/hefesto_dualsense4unix/app/actions/perfis_web.py,src/hefesto_dualsense4unix/app/actions/perfis_web.py:436 · src/hefesto_dualsense4unix/app/actions/perfis_web.py:423 · src/hefesto_dualsense4unix/app/actions/perfis_web.py:267 · src/hefesto_dualsense4unix/interface/pacotes/a10_perfis.py:820 · src/hefesto_dualsense4unix/interface/paginas/10-perfis.html:1212,"NADA na aba Perfis. Os overrides por controle são ESCRITOS pelas outras abas (`draft.controllers[uniq].leds`, `.triggers`…) e o `_build_profile_from_editor` os preserva, mas nenhuma tela da GTK mostra QUAIS controles têm ajuste próprio neste perfil.","Uma linha por controle PRESENTE, com o nome curto (`P1 • Cosmic Red • USB`), o ID do rádio formatado e quatro marcadores (luz · gatilhos · vibração · alto-falante) dizendo o que aquele controle guarda de próprio.","Ganho, e é a resposta a uma pergunta que a GTK nunca soube responder: ""este perfil trata os meus dois controles igual?"". Medido vivo com os dois controles dela na mesa: `guarda.id = ['14:3A:9A:00:00:AB', 'A0:FA:9C:00:00:F0']`, `perfis.com-ajuste = '0 de 2 controles com ajuste próprio neste perfil'`. **COM UM DEFEITO, e ele é do pintor:** `guarda.secao` está em `NAO_PINTAVEIS` porque o alvo é um `<span>` com um SVG dentro e `textContent` o apagaria — então os quatro ícones verde/cinza de cada linha são os do MOCKUP, não os do perfil dela. A tabela diz os nomes certos e as cores erradas. A cura pedida é um alvo `classe` no `hefesto_vivo.py`, fora do território desta aba."
10-perfis,"""N de M controles com ajuste próprio neste perfil""",SO_NO_HTML,"data-hef=""perfis.com-ajuste""",PRESENTE,src/hefesto_dualsense4unix/interface/paginas/10-perfis.html,src/hefesto_dualsense4unix/app/actions/perfis_web.py:276,src/hefesto_dualsense4unix/app/actions/perfis_web.py:275 · src/hefesto_dualsense4unix/interface/pacotes/a10_perfis.py:744 · src/hefesto_dualsense4unix/interface/paginas/10-perfis.html:1077,NADA.,"`<span data-hef=""perfis.com-ajuste"">`, de `_texto_do_ajuste(com_ajuste, len(mesa))`. Sem mesa devolve o travessão (""— controles com ajuste próprio""), porque o total é a quantidade de controles PRESENTES e ninguém a sabe com o daemon parado.","Ganho. E o travessão é a disciplina certa: ""não sei"" e ""zero"" são fatos diferentes, e `pacote_da_aba` separa até ""mesa vazia"" (`GUARDA_SEM_MESA`) de ""Hefesto desligado"" (`GUARDA_SEM_DAEMON`), que dizem coisas diferentes."
10-perfis,Editar o override por controle a partir desta aba,IGUAL,"data-hef=""guarda.linhas""",PRESENTE,src/hefesto_dualsense4unix/interface/paginas/10-perfis.html,src/hefesto_dualsense4unix/app/actions/triggers_actions.py:385 · src/hefesto_dualsense4unix/app/actions/lightbar_actions.py:454,src/hefesto_dualsense4unix/interface/paginas/10-perfis.html:1212,"NADA. Quem escreve `Profile.controllers[uniq]` são as abas Gatilhos/Luz/Vibração, pelo seletor ""só este controle"".",NADA. A tabela é só leitura — as `<td>` da guarda não têm `data-hef-gesto` nenhum.,"Nenhum dos dois permite. Registrado de propósito para que ninguém leia a tabela nova do HTML como ""o HTML ganhou edição por controle"" — ele ganhou a VISÃO, não a edição. E para que ninguém abra uma frente para ""portar"" da GTK uma feature que a GTK também não tem."
10-perfis,"""Estilo de Jogo"" (o segundo seletor do editor)",SO_NO_HTML,"data-hef-gesto=""editor.estilo""",PRESENTE,src/hefesto_dualsense4unix/interface/paginas/10-perfis.html,src/hefesto_dualsense4unix/app/actions/perfis_web.py:161,src/hefesto_dualsense4unix/interface/paginas/10-perfis.html:1255 · src/hefesto_dualsense4unix/interface/pacotes/a10_perfis.py:2020 · src/hefesto_dualsense4unix/profiles/estilos_de_jogo.py:100,"NADA. Não há campo em `profiles/schema.Profile`, não há widget no `main.glade` e não há preset em `SIMPLE_MATCH_PRESETS`. Os seis de gênero em `assets/profiles_default/` são PERFIS, não estilos.","Um `<select>` de quinze opções cujos rótulos saem de `profiles/estilos_de_jogo.ESTILOS`. Escolher APLICA a receita inteira no perfil: o modo do gatilho nos dois lados (com os parâmetros de `trigger_specs.PRESETS`, nunca digitados), o degrau de `rumble.policy`, e uma cor por unidade em `controllers[uniq].leds` — de `cor_da_unidade(estilo, jogador)`. ""Personalizado"" não mexe em nada, e diz isso.","GANHOU MOTOR EM 03/09/2026, por decisão dela (*""Construir o motor""*), com o alcance que ela escolheu: gatilho + vibração + luz. Continua SO_NO_HTML porque a GTK não tem widget equivalente. O CAMPO NÃO GUARDA O NOME DO ESTILO, e isso é projeto e não falta: o estilo é um verbo — resolve os três ajustes e sai de cena —, então `perfis_web` segue emitindo `estilo: None` e o `<select>` volta ao travessão depois do clique. A LEI DA COR É DELA: *""nenhuma cor dos controles nunca pode ser a mesma, mesmo no mesmo perfil e estilo de jogo""*, e é por isso que o estilo escolhe uma FAMÍLIA e nunca escreve em `leds` global."
10-perfis,"Reaplicar no controle depois de gravar, e avisar a antecipação de lançamento",IGUAL,"chamar(""launch_env.refresh"")",PRESENTE,src/hefesto_dualsense4unix/interface/pacotes/perfil.py,src/hefesto_dualsense4unix/app/actions/profiles_actions.py:3495 · src/hefesto_dualsense4unix/app/actions/profiles_actions.py:3613 · src/hefesto_dualsense4unix/app/ipc_bridge.py:256,src/hefesto_dualsense4unix/interface/pacotes/perfil.py:153 · src/hefesto_dualsense4unix/interface/pacotes/a10_perfis.py:1046,"Três tempos: `save_profile`, depois `profile.switch` assíncrono quando o perfil gravado é o ativo (`ativo_antes == profile.name or == renomeando_de`, lido de `ipc_bridge.active_profile_name()`), depois `launch_env.refresh`. O daemon NÃO relê JSON de perfil por conta própria (PERFIL-SAVE-APPLY-01).","Os mesmos três tempos, na mesma ordem, num lugar só: `perfil.gravar_e_reaplicar` — `save_profile(origem=""interface-nova"")`, `profile_switch` se `mesmo_slug(active_profile, era or prof.name)`, e `chamar(""launch_env.refresh"")`.","Mesma sequência, mesma fonte para ""quem é o ativo"" (os dois leem `state_full.active_profile` — a GTK por `active_profile_name()`, o HTML por `ctx.state[""active_profile""]`), e a mesma comparação por SLUG que o R-10 exige. A ordem também bate: reaplicar primeiro, avisar depois — invertida, o refresh leria o perfil que ainda não valia. Medido hoje: `active_profile` = ""meu_perfil"", então os dois reaplicariam nos mesmos casos."
10-perfis,O desfecho na tela: o que aconteceu depois do clique,IGUAL,perfis.desfecho,PRESENTE,src/hefesto_dualsense4unix/interface/pacotes/a10_perfis.py,src/hefesto_dualsense4unix/app/actions/profiles_actions.py:4579 · src/hefesto_dualsense4unix/app/actions/profiles_actions.py:4559 · src/hefesto_dualsense4unix/app/actions/profiles_actions.py:881,src/hefesto_dualsense4unix/interface/pacotes/a10_perfis.py:285 · src/hefesto_dualsense4unix/interface/pacotes/a10_perfis.py:1728 · src/hefesto_dualsense4unix/interface/pacotes/a10_perfis.py:1939 · src/hefesto_dualsense4unix/interface/pacotes/a10_perfis.py:2000 · src/hefesto_dualsense4unix/interface/pacotes/a10_perfis.py:1432 · src/hefesto_dualsense4unix/interface/pacotes/a10_perfis.py:2218 · src/hefesto_dualsense4unix/interface/paginas/10-perfis.html:1144 · src/hefesto_dualsense4unix/interface/hefesto_vivo.py:1408,"Toast no rodapé da janela (`_toast_profile` → `_status_toast(""profiles"", msg)`), tanto no sucesso (""Perfil removido: X"", ""Lista recarregada"", `mensagem_do_salvar`) quanto na falha, com `_humanize_profile_error` traduzindo o dump do pydantic para frase de gente.","Os dois lados falam. A RECUSA vira tarja de 30 s (`_recusou_dizendo`); o SUCESSO vira a tira `perfis.desfecho`, pelo mesmo prazo. Os NOVE gestos que gravam no disco devolvem `_dizer(frase)` — o piloto pinta no ato (`_deu_certo` → `window.__hef.pintar`) e o tique seguinte reescreve o mesmo valor.","FECHOU EM 03/09/2026, e a metade que faltava eram CINCO gestos: `editor.nome`, `editor.jogo`, `detectar` e `voltar-a-de-ontem` gravavam no disco dela e devolviam `None`; o `remover` falava por `_anotar`, que só chega à tela no tique seguinte (até 500 ms). MEDIDO no WebKit vivo, com a pasta de perfis desviada (`scripts/ensaios/a_tira_do_desfecho_acende_na_aba_perfis.py`): ANTES da cura a tira ficava em `—`, apagada, nos quatro; DEPOIS ela acende com a frase, e o piloto passa a imprimir `aplicado, e a resposta foi para a tela`. AS FRASES SÃO DO PRODUTO, nunca escritas aqui: `mensagem_do_salvar` para o renomear (a mesma do rodapé da GTK), `_match_label` para a regra (a mesma da coluna 'Quando usar'), a da CLI para o restaurar, e `Perfil removido: X` palavra por palavra do `_toast_profile`. A DIFERENÇA DE FORMA fica e é menor: lá é toast de rodapé, aqui é tira sob o título da aba — o mesmo prazo de 30 s da tarja de recusa, para não haver dois contratos no mesmo canto."
10-perfis,Exportar o perfil para um arquivo,SO_NO_HTML,rodape.py,PRESENTE,LADO-HTML,src/hefesto_dualsense4unix/app/actions/footer_actions.py · src/hefesto_dualsense4unix/gui/main.glade,src/hefesto_dualsense4unix/interface/pacotes/rodape.py:148 · src/hefesto_dualsense4unix/interface/paginas/10-perfis.html:1466,"NÃO EXISTE. Zero ocorrências de ""export"" em `app/actions/footer_actions.py` e em `gui/main.glade`; o rodapé da GTK tem `btn_footer_apply`, `btn_footer_import` e `btn_footer_save_profile`, e mais nenhum.","Botão ""Exportar"" no rodapé: copia o `.json` do disco BYTE A BYTE para onde ela escolher no seletor do sistema (injetado pelo piloto), com sugestão `~/hefesto-<perfil>.json`.","Feature nova de verdade — o botão veio do desenho e o produto nunca a teve, e o próprio `rodape.py` recusa chamá-la de ""ligação"" porque isso esconderia trabalho. Copiar o arquivo em vez de reserializar é a escolha certa: o que ela leva para outra máquina é byte a byte o que está aqui, sem o pydantic normalizar campos e mudar o arquivo sem ninguém pedir."
10-perfis,Importar um perfil de um arquivo,DIFERENTE,Profile.model_validate,PRESENTE,src/hefesto_dualsense4unix/interface/pacotes/rodape.py,src/hefesto_dualsense4unix/app/actions/footer_actions.py:1343,src/hefesto_dualsense4unix/interface/pacotes/rodape.py:186 · src/hefesto_dualsense4unix/interface/paginas/10-perfis.html:1465,"`on_import_profile`: `Gtk.FileChooserDialog` modal, valida por `Profile.model_validate`, copia para a pasta de perfis e ""resolve conflito de nome se necessário"".","O seletor vem INJETADO pelo piloto (o WebView não abre `FileChooserDialog`); valida com o MESMO `Profile.model_validate`; e no conflito de nome NÃO sobrescreve — o novo entra como `<slug>-2.json`, `-3`…","Mesma validação e mesma pasta. A diferença é o conflito: a GTK diz ""resolve conflito de nome se necessário"" sem dizer como; o HTML declara a regra e a escreve — sufixo numérico, nunca sobrescrever. ""Perder um perfil dela por um clique de importação é o estrago que esta linha impede"" (palavras do próprio módulo). É o HTML sendo mais explícito, sobre um comportamento da GTK que eu não consegui decidir só lendo `on_import_profile:1343`."
